Age,Number of Dependents,Latitude,Longitude,Population,Number of Referrals,Tenure in Months,Avg Monthly Long Distance Charges,Avg Monthly GB Download,Monthly Charge,Total Charges,Total Refunds,Total Extra Data Charges,Total Long Distance Charges,Satisfaction Score,Gender_Male,Under 30_Yes,Senior Citizen_Yes,Married_Yes,Dependents_Yes,Referred a Friend_Yes,Offer_Offer A,Offer_Offer B,Offer_Offer C,Offer_Offer D,Offer_Offer E,Phone Service_Yes,Multiple Lines_Yes,Internet Service_Yes,Internet Type_DSL,Internet Type_Fiber Optic,Internet Type_No Internet Service,Online Security_Yes,Online Backup_Yes,Device Protection Plan_Yes,Premium Tech Support_Yes,Streaming TV_Yes,Streaming Movies_Yes,Streaming Music_Yes,Unlimited Data_Yes,Contract_One Year,Contract_Two Year,Paperless Billing_Yes,Payment Method_Credit Card,Payment Method_Mailed Check,Churn Label,Cluster
79,0,32.85723,-117.209774,34902,1,11,29.54,0,19.95,214.75,0.0,0,324.94,1,1,0,1,1,0,1,0,0,0,0,0,1,0,0,0,0,1,0,0,0,0,0,0,0,0,0,0,0,0,1,1,1
74,0,35.215731,-119.57013,626,0,8,27.95,0,19.65,164.3,0.0,0,223.6,2,0,0,1,0,0,0,0,0,0,0,0,1,0,0,0,0,1,0,0,0,0,0,0,0,0,0,0,0,0,0,1,1
70,0,38.567594,-121.437507,15975,0,1,22.92,0,19.45,19.45,0.0,0,22.92,1,0,0,1,0,0,0,0,0,0,0,0,1,0,0,0,0,1,0,0,0,0,0,0,0,0,0,0,1,0,0,1,1
69,0,34.956577,-119.750142,798,0,1,19.87,0,20.05,20.05,0.0,0,19.87,1,1,0,1,0,0,0,0,0,0,0,1,1,0,0,0,0,1,0,0,0,0,0,0,0,0,0,0,0,1,0,1,1
80,0,34.758699,-120.275839,1328,1,1,22.86,0,20.85,20.85,0.0,0,22.86,3,0,0,1,1,0,1,0,0,0,0,1,1,0,0,0,0,1,0,0,0,0,0,0,0,0,0,0,1,1,0,1,1
66,0,33.719221,-118.073596,1107,7,71,30.72,0,23.95,1756.2,0.0,0,2181.12,3,1,0,1,1,0,1,1,0,0,0,0,1,1,0,0,0,1,0,0,0,0,0,0,0,0,0,1,0,0,0,0,1
71,0,34.459322,-117.629729,4280,0,17,24.15,0,20.65,330.6,0.0,0,410.55,4,0,0,1,0,0,0,0,0,0,1,0,1,0,0,0,0,1,0,0,0,0,0,0,0,0,1,0,0,0,1,0,1
65,0,36.464635,-119.094348,8870,0,22,34.39,0,20.05,417.0,0.0,0,756.58,3,0,0,1,0,0,0,0,0,0,0,0,1,0,0,0,0,1,0,0,0,0,0,0,0,0,1,0,1,1,0,0,1
70,0,34.70434,-120.02609,1317,1,9,1.66,0,21.25,204.55,0.0,0,14.94,4,1,0,1,1,0,1,0,0,0,0,0,1,0,0,0,0,1,0,0,0,0,0,0,0,0,1,0,1,1,0,0,1
65,0,37.140104,-119.657092,173,0,5,30.14,0,20.05,94.15,0.0,0,150.7,5,1,0,1,0,0,0,0,0,0,0,1,1,0,0,0,0,1,0,0,0,0,0,0,0,0,1,0,0,0,0,0,1
65,0,37.349546,-122.134356,18486,0,26,29.88,0,19.3,504.2,9.49,0,776.88,5,1,0,1,0,0,0,0,0,1,0,0,1,0,0,0,0,1,0,0,0,0,0,0,0,0,1,0,0,1,0,0,1
69,0,38.421458,-122.365048,2873,2,23,45.83,0,20.75,485.2,37.64,0,1054.09,5,1,0,1,1,0,1,0,0,0,0,0,1,0,0,0,0,1,0,0,0,0,0,0,0,0,1,0,1,0,0,0,1
73,0,37.954089,-121.329761,16357,8,14,45.76,0,19.65,228.65,0.0,0,640.64,5,1,0,1,1,0,1,0,0,0,0,0,1,0,0,0,0,1,0,0,0,0,0,0,0,0,1,0,0,1,0,0,1
67,0,38.550722,-121.457314,14966,0,6,2.03,0,19.5,106.8,0.0,0,12.18,3,0,0,1,0,0,0,0,0,0,0,1,1,0,0,0,0,1,0,0,0,0,0,0,0,0,0,1,0,0,0,0,1
77,0,34.015217,-118.109962,62425,0,72,28.99,0,25.0,1802.55,28.93,0,2087.28,5,1,0,1,1,0,0,0,0,0,0,0,1,1,0,0,0,1,0,0,0,0,0,0,0,0,0,1,1,0,0,0,1
66,0,34.269449,-118.768471,64802,0,72,2.37,0,25.1,1789.9,0.0,0,170.64,5,1,0,1,0,0,0,1,0,0,0,0,1,1,0,0,0,1,0,0,0,0,0,0,0,0,0,1,1,1,0,0,1
79,0,37.375816,-119.739935,1968,0,50,31.43,0,25.2,1306.3,0.0,0,1571.5,3,0,0,1,1,0,0,0,0,0,0,0,1,1,0,0,0,1,0,0,0,0,0,0,0,0,1,0,0,0,0,0,1
68,0,36.545353,-119.338535,306,5,61,19.14,0,25.0,1501.75,0.0,0,1167.54,3,1,0,1,1,0,1,0,0,0,0,0,1,1,0,0,0,1,0,0,0,0,0,0,0,0,0,1,0,0,0,0,1
65,0,36.624338,-121.615669,13027,5,72,8.68,0,24.3,1778.7,0.0,0,624.96,5,0,0,1,1,0,1,1,0,0,0,0,1,1,0,0,0,1,0,0,0,0,0,0,0,0,0,1,0,0,0,0,1
80,0,37.654436,-122.426468,60599,0,2,7.03,0,19.2,37.2,0.0,0,14.06,5,1,0,1,0,0,0,0,0,0,0,0,1,0,0,0,0,1,0,0,0,0,0,0,0,0,0,1,0,0,0,0,1
65,0,37.787186,-122.14633,24518,0,4,41.98,0,20.05,91.45,0.0,0,167.92,5,0,0,1,0,0,0,0,0,0,0,0,1,0,0,0,0,1,0,0,0,0,0,0,0,0,0,1,0,1,0,0,1
78,0,38.681651,-122.130569,262,0,24,18.39,0,20.3,459.95,0.0,0,441.36,5,0,0,1,0,0,0,0,0,0,0,0,1,0,0,0,0,1,0,0,0,0,0,0,0,0,0,1,1,1,0,0,1
73,0,38.349195,-121.902943,171,0,67,14.69,0,25.1,1672.15,0.0,0,984.23,3,1,0,1,0,0,0,0,0,0,0,0,1,1,0,0,0,1,0,0,0,0,0,0,0,0,0,1,0,1,0,0,1
73,1,38.660442,-121.346321,20993,8,68,35.14,0,19.5,1193.55,0.0,0,2389.52,3,1,0,1,1,1,1,0,0,0,0,0,1,0,0,0,0,1,0,0,0,0,0,0,0,0,1,0,0,0,0,0,1
65,0,34.035849,-118.503508,11509,7,67,49.94,0,20.05,1263.05,43.66,0,3345.98,5,0,0,1,1,0,1,0,0,0,0,0,1,0,0,0,0,1,0,0,0,0,0,0,0,0,0,1,1,0,0,0,1
67,0,34.502432,-118.41459,40077,0,51,3.11,0,25.0,1260.7,0.0,0,158.61,4,1,0,1,0,0,0,0,0,0,0,0,1,1,0,0,0,1,0,0,0,0,0,0,0,0,1,0,0,0,0,0,1
79,0,33.25283,-116.986079,14575,0,71,4.75,0,24.65,1766.75,0.0,0,337.25,3,1,0,1,0,0,0,1,0,0,0,0,1,1,0,0,0,1,0,0,0,0,0,0,0,0,0,1,1,1,0,0,1
73,0,33.17494,-117.242761,62036,2,70,15.9,0,19.55,1462.05,0.0,0,1113.0,3,0,0,1,1,0,1,1,0,0,0,0,1,0,0,0,0,1,0,0,0,0,0,0,0,0,0,1,1,1,0,0,1
76,0,33.667145,-117.732135,6301,0,64,29.43,0,25.65,1740.8,0.0,0,1883.52,5,1,0,1,1,0,0,0,0,0,0,0,1,1,0,0,0,1,0,0,0,0,0,0,0,0,0,1,0,1,0,0,1
69,0,36.878709,-119.7645,45087,0,71,22.19,0,24.85,1901.0,0.0,0,1575.49,5,1,0,1,1,0,0,1,0,0,0,0,1,1,0,0,0,1,0,0,0,0,0,0,0,0,0,1,0,0,0,0,1
79,0,35.930782,-121.189757,254,0,32,25.89,0,19.8,587.7,0.0,0,828.48,4,1,0,1,0,0,0,0,0,0,0,0,1,0,0,0,0,1,0,0,0,0,0,0,0,0,1,0,0,1,0,0,1
79,0,38.749466,-121.184196,20675,0,64,4.99,0,20.05,1198.05,0.0,0,319.36,4,1,0,1,0,0,0,0,0,0,0,0,1,0,0,0,0,1,0,0,0,0,0,0,0,0,0,1,1,0,0,0,1
77,1,38.445939,-121.496855,9063,5,71,32.12,0,19.8,1388.45,0.0,0,2280.52,4,1,0,1,1,1,1,0,0,0,0,0,1,0,0,0,0,1,0,0,0,0,0,0,0,0,0,1,0,1,0,0,1
67,0,40.946785,-121.719489,4552,0,69,20.62,0,20.3,1356.3,0.0,0,1422.78,3,1,0,1,0,0,0,0,0,0,0,0,1,0,0,0,0,1,0,0,0,0,0,0,0,0,0,1,0,1,0,0,1
79,0,39.786755,-120.445626,4236,5,45,44.91,0,24.7,1174.35,0.0,0,2020.95,4,1,0,1,1,0,1,0,0,0,0,0,1,1,0,0,0,1,0,0,0,0,0,0,0,0,1,0,0,1,0,0,1
69,0,34.078991,-118.263804,73686,5,22,15.27,0,25.6,548.8,0.0,0,335.94,4,0,0,1,1,0,1,0,0,0,1,0,1,1,0,0,0,1,0,0,0,0,0,0,0,0,1,0,0,0,0,0,1
79,0,33.936291,-118.332639,27778,1,53,19.03,0,25.1,1275.6,0.0,0,1008.59,3,0,0,1,1,0,1,0,0,0,0,0,1,1,0,0,0,1,0,0,0,0,0,0,0,0,0,1,0,1,0,0,1
73,0,33.840399,-118.353714,41979,0,33,3.15,0,24.9,847.8,0.0,0,103.95,4,1,0,1,0,0,0,0,0,1,0,0,1,1,0,0,0,1,0,0,0,0,0,0,0,0,1,0,1,0,0,0,1
79,0,32.730264,-116.950963,7863,3,9,22.79,0,19.85,183.15,0.0,0,205.11,3,1,0,1,1,0,1,0,0,0,0,0,1,0,0,0,0,1,0,0,0,0,0,0,0,0,1,0,0,1,0,0,1
79,0,33.782955,-118.026456,15878,0,21,23.23,0,20.5,429.55,0.0,0,487.83,4,1,0,1,0,0,0,0,0,0,0,0,1,0,0,0,0,1,0,0,0,0,0,0,0,0,1,0,0,0,0,0,1
80,0,37.04584,-118.397236,13309,0,72,26.01,0,25.4,1809.35,0.0,0,1872.72,3,1,0,1,0,0,0,1,0,0,0,0,1,1,0,0,0,1,0,0,0,0,0,0,0,0,0,1,0,0,0,0,1
65,0,36.5276,-119.865999,5446,0,38,4.09,0,20.2,735.9,0.0,0,155.42,3,0,0,1,0,0,0,0,0,0,0,0,1,0,0,0,0,1,0,0,0,0,0,0,0,0,0,1,0,0,1,0,1
79,0,37.027663,-119.69056,1125,8,28,25.57,0,25.7,734.6,0.0,0,715.96,4,0,0,1,1,0,1,0,0,0,0,0,1,1,0,0,0,1,0,0,0,0,0,0,0,0,0,0,0,0,1,0,1
74,0,37.794487,-122.42227,56330,4,44,1.89,0,19.35,847.25,0.0,0,83.16,5,1,0,1,1,0,1,0,0,0,0,0,1,0,0,0,0,1,0,0,0,0,0,0,0,0,0,1,1,1,0,0,1
80,0,37.774633,-122.274434,58555,3,71,37.25,0,25.45,1789.65,0.0,0,2644.75,5,1,0,1,1,0,1,1,0,0,0,0,1,1,0,0,0,1,0,0,0,0,0,0,0,0,0,1,0,1,0,0,1
66,0,37.942551,-122.491642,6448,0,51,47.46,0,19.6,967.9,0.0,0,2420.46,5,0,0,1,0,0,0,0,0,0,0,0,1,0,0,0,0,1,0,0,0,0,0,0,0,0,0,1,0,1,0,0,1
77,0,37.03889,-121.528955,49968,1,37,25.35,0,19.6,727.8,0.0,0,937.95,4,0,0,1,1,0,1,0,0,0,0,0,1,0,0,0,0,1,0,0,0,0,0,0,0,0,1,0,0,0,1,0,1
69,1,37.277592,-121.986477,13481,9,64,37.09,0,24.4,1548.65,0.0,0,2373.76,3,1,0,1,1,1,1,0,0,0,0,0,1,1,0,0,0,1,0,0,0,0,0,0,0,0,0,1,1,0,0,0,1
68,0,37.750778,-121.13238,12646,3,54,23.94,0,18.95,1031.1,0.0,0,1292.76,4,0,0,1,1,0,1,0,0,0,0,0,1,0,0,0,0,1,0,0,0,0,0,0,0,0,0,1,1,0,1,0,1
77,0,40.913192,-123.06597,734,0,18,37.53,0,20.35,369.6,0.0,0,675.54,4,0,0,1,0,0,0,0,0,0,1,0,1,0,0,0,0,1,0,0,0,0,0,0,0,0,1,0,0,0,0,0,1
70,0,33.936291,-118.332639,27778,9,72,8.48,0,25.7,1937.4,0.0,0,610.5600000000001,3,0,0,1,1,0,1,0,0,0,0,0,1,1,0,0,0,1,0,0,0,0,0,0,0,0,0,1,1,1,0,0,1
66,0,33.384345,-117.072619,1831,0,68,10.48,0,20.0,1396.0,0.0,0,712.64,5,1,0,1,0,0,0,1,0,0,0,0,1,0,0,0,0,1,0,0,0,0,0,0,0,0,0,1,1,1,0,0,1
29,0,34.066303,-118.435479,44150,0,1,33.58,0,20.15,20.15,0.0,0,33.58,1,1,1,0,0,0,0,0,0,0,0,0,1,0,0,0,0,1,0,0,0,0,0,0,0,0,0,0,0,1,0,1,1
30,0,33.956445,-118.358634,37527,0,5,34.26,0,21.05,113.85,0.0,0,171.29999999999998,3,1,0,0,0,0,0,0,0,0,0,1,1,0,0,0,0,1,0,0,0,0,0,0,0,0,0,0,0,1,0,1,1
51,0,34.057256,-117.667677,54254,0,59,26.63,0,19.35,1099.6,14.22,0,1571.1699999999998,3,1,0,0,0,0,0,0,0,0,0,0,1,0,0,0,0,1,0,0,0,0,0,0,0,0,0,1,0,1,0,1,1
59,0,32.85723,-117.209774,34902,0,1,36.63,0,19.9,19.9,0.0,0,36.63,3,0,0,0,0,0,0,0,0,0,0,1,1,0,0,0,0,1,0,0,0,0,0,0,0,0,0,0,1,1,0,1,1
52,0,32.85723,-117.209774,34902,0,1,14.17,0,19.6,19.6,0.0,0,14.17,1,1,0,0,0,0,0,0,0,0,0,1,1,0,0,0,0,1,0,0,0,0,0,0,0,0,0,0,1,1,0,1,1
22,0,34.667815,-117.536183,18980,3,61,46.27,0,19.4,1182.55,0.0,0,2822.4700000000003,3,0,1,0,1,0,1,0,0,0,0,0,1,0,0,0,0,1,0,0,0,0,0,0,0,0,0,0,1,1,0,1,1
48,0,33.830209,-117.906099,68802,1,12,19.48,0,19.0,233.55,0.0,0,233.76,1,0,0,0,1,0,1,0,0,0,1,0,1,0,0,0,0,1,0,0,0,0,0,0,0,0,0,0,0,1,0,1,1
27,0,34.110124,-119.100972,25634,0,7,16.04,0,20.0,137.6,0.0,0,112.28,3,0,1,0,0,0,0,0,0,0,0,1,1,0,0,0,0,1,0,0,0,0,0,0,0,0,0,0,0,0,0,1,1
40,0,36.217864,-120.080117,6918,2,2,15.14,0,19.85,35.9,0.0,0,30.28,3,1,0,0,1,0,1,0,0,0,0,1,1,0,0,0,0,1,0,0,0,0,0,0,0,0,1,0,0,0,1,1,1
27,0,32.961064,-117.134917,47224,0,1,38.44,0,19.55,19.55,0.0,0,38.44,2,1,1,0,0,0,0,0,0,0,0,0,1,0,0,0,0,1,0,0,0,0,0,0,0,0,0,0,0,0,1,1,1
45,0,34.445239,-117.894868,1613,0,1,49.51,0,19.9,19.9,0.0,0,49.51,2,0,0,0,0,0,0,0,0,0,0,0,1,0,0,0,0,1,0,0,0,0,0,0,0,0,0,0,0,0,1,1,1
59,0,36.833002,-119.82947,36274,1,12,37.65,0,19.8,229.6,0.0,0,451.8,3,0,0,0,1,0,1,0,0,0,0,0,1,0,0,0,0,1,0,0,0,0,0,0,0,0,1,0,0,0,0,1,1
53,0,37.674002,-122.076796,60274,0,7,9.14,0,19.25,112.3,0.0,0,63.98,3,1,0,0,0,0,0,0,0,0,0,0,1,0,0,0,0,1,0,0,0,0,0,0,0,0,0,0,0,0,0,1,1
50,0,38.326215,-122.718742,7936,0,1,6.08,0,19.65,19.65,0.0,0,6.08,3,0,0,0,0,0,0,0,0,0,0,1,1,0,0,0,0,1,0,0,0,0,0,0,0,0,0,0,0,0,1,1,1
32,0,38.41935,-120.469545,2198,0,1,31.77,0,19.85,19.85,0.0,0,31.77,2,1,0,0,0,0,0,0,0,0,0,1,1,0,0,0,0,1,0,0,0,0,0,0,0,0,0,0,1,0,0,1,1
47,0,38.468893,-122.580539,25718,0,15,33.14,0,19.4,289.3,0.0,0,497.1,1,0,0,0,0,0,0,0,0,0,1,0,1,0,0,0,0,1,0,0,0,0,0,0,0,0,0,0,0,0,0,1,1
35,0,39.134075,-123.23422,30988,0,6,41.16,10,44.75,270.95,0.0,10,246.96,2,1,0,0,0,0,0,0,0,0,0,0,1,0,1,0,0,0,0,0,0,0,0,0,0,0,0,0,0,0,0,1,1
42,0,40.342928,-124.063329,82,0,1,48.96,0,19.45,19.45,0.0,0,48.96,2,1,0,0,0,0,0,0,0,0,0,1,1,0,0,0,0,1,0,0,0,0,0,0,0,0,0,0,1,1,0,1,1
34,0,40.7666,-123.80458,155,0,4,12.43,0,20.35,76.35,0.0,0,49.72,1,0,0,0,1,0,0,0,0,0,0,1,1,0,0,0,0,1,0,0,0,0,0,0,0,0,0,0,0,1,0,1,1
35,0,41.950683,-124.097094,2020,0,1,40.51,0,20.15,20.15,0.0,0,40.51,2,1,0,0,0,0,0,0,0,0,0,1,1,0,0,0,0,1,0,0,0,0,0,0,0,0,0,0,0,1,0,1,1
53,0,38.542532,-121.378826,38818,0,1,15.91,0,20.55,20.55,0.0,0,15.91,2,1,0,0,0,0,0,0,0,0,0,0,1,0,0,0,0,1,0,0,0,0,0,0,0,0,0,0,0,0,0,1,1
44,0,38.931425,-121.946081,19,1,8,46.13,0,19.75,145.0,0.0,0,369.04,3,0,0,0,1,0,1,0,0,0,0,1,1,0,0,0,0,1,0,0,0,0,0,0,0,0,1,0,1,1,0,1,1
54,0,34.074572,-118.831181,19630,0,1,32.45,0,19.5,19.5,0.0,0,32.45,2,0,0,0,0,0,0,0,0,0,0,0,1,0,0,0,0,1,0,0,0,0,0,0,0,0,0,0,0,1,0,1,1
39,0,33.801869,-117.995068,29694,0,18,8.95,0,20.15,390.85,0.0,0,161.1,3,0,0,0,0,0,0,0,0,0,1,0,1,0,0,0,0,1,0,0,0,0,0,0,0,0,1,0,0,0,0,1,1
35,0,33.887676,-118.127289,72893,0,4,37.66,0,20.35,77.5,0.0,0,150.64,3,0,0,0,0,0,0,0,0,0,0,0,1,0,0,0,0,1,0,0,0,0,0,0,0,0,0,0,0,1,0,1,1
57,0,34.182378,-118.262922,9864,0,1,12.0,0,20.05,20.05,0.0,0,12.0,2,1,0,0,0,0,0,0,0,0,0,0,1,0,0,0,0,1,0,0,0,0,0,0,0,0,0,0,0,0,0,1,1
30,0,34.207295,-118.400022,57146,1,1,16.66,0,21.0,21.0,0.0,0,16.66,2,0,0,0,1,0,1,0,0,0,0,1,1,0,0,0,0,1,0,0,0,0,0,0,0,0,0,0,1,0,0,1,1
45,0,34.102119,-117.815532,33878,1,31,30.07,0,19.55,658.95,0.0,0,932.17,3,0,0,0,1,0,1,0,0,0,0,0,1,0,0,0,0,1,0,0,0,0,0,0,0,0,0,0,1,1,0,1,1
55,0,32.578103,-117.012975,68776,0,1,13.27,0,20.2,20.2,0.0,0,13.27,1,1,0,0,0,0,0,0,0,0,0,0,1,0,0,0,0,1,0,0,0,0,0,0,0,0,0,0,1,0,1,1,1
42,0,34.559882,-115.637164,42,0,1,21.59,0,20.15,20.15,0.0,0,21.59,3,0,0,0,0,0,0,0,0,0,0,1,1,0,0,0,0,1,0,0,0,0,0,0,0,0,0,0,1,0,1,1,1
58,0,34.030915,-117.273201,52202,0,1,25.62,0,19.3,19.3,0.0,0,25.62,2,0,0,0,0,0,0,0,0,0,0,1,1,0,0,0,0,1,0,0,0,0,0,0,0,0,0,0,0,0,0,1,1
52,0,37.684694,-122.40712,3635,0,1,3.14,0,19.4,19.4,0.0,0,3.14,2,1,0,0,0,0,0,0,0,0,0,0,1,0,0,0,0,1,0,0,0,0,0,0,0,0,0,0,0,0,1,1,1
62,0,37.454924,-122.203168,6876,0,25,5.57,0,25.3,676.35,0.0,0,139.25,3,1,0,0,0,0,0,0,0,1,0,0,1,1,0,0,0,1,0,0,0,0,0,0,0,0,1,0,0,0,0,1,1
24,0,37.516791,-121.899117,46917,0,1,5.36,0,19.6,19.6,0.0,0,5.36,2,0,1,0,0,0,0,0,0,0,0,1,1,0,0,0,0,1,0,0,0,0,0,0,0,0,0,0,1,1,0,1,1
43,3,37.83726,-122.287648,24589,0,1,11.91,0,19.75,19.75,0.0,0,11.91,3,1,0,0,0,1,0,0,0,0,0,0,1,0,0,0,0,1,0,0,0,0,0,0,0,0,0,0,0,1,0,1,1
19,0,37.031404,-121.981865,8365,0,1,40.48,0,20.95,20.95,0.0,0,40.48,1,0,1,0,0,0,0,0,0,0,0,0,1,0,0,0,0,1,0,0,0,0,0,0,0,0,0,0,0,1,0,1,1
54,0,37.186141,-121.843554,37090,0,15,39.84,0,19.75,297.3,0.0,0,597.6,2,0,0,0,0,0,0,0,0,0,1,0,1,0,0,0,0,1,0,0,0,0,0,0,0,0,0,0,0,0,0,1,1
24,0,37.422961,-120.765493,10159,0,1,26.12,0,20.5,20.5,0.0,0,26.12,2,0,1,0,0,0,0,0,0,0,0,1,1,0,0,0,0,1,0,0,0,0,0,0,0,0,0,0,0,1,0,1,1
41,0,38.803731,-121.043799,1173,0,3,24.63,0,19.75,58.85,0.0,0,73.89,3,0,0,0,0,0,0,0,0,0,0,1,1,0,0,0,0,1,0,0,0,0,0,0,0,0,0,0,0,0,0,1,1
40,0,39.273096,-122.050763,7503,0,1,9.66,0,19.8,19.8,0.0,0,9.66,3,1,0,0,0,0,0,0,0,0,0,0,1,0,0,0,0,1,0,0,0,0,0,0,0,0,0,0,0,0,1,1,1
33,0,33.362575,-117.299644,42239,0,1,16.81,0,20.1,20.1,0.0,0,16.81,1,1,0,0,0,0,0,0,0,0,0,1,1,0,0,0,0,1,0,0,0,0,0,0,0,0,0,0,0,1,0,1,1
35,3,33.885811,-118.206459,51387,1,11,29.01,0,19.25,180.3,0.0,0,319.11,1,0,0,0,1,1,1,0,0,0,1,0,1,0,0,0,0,1,0,0,0,0,0,0,0,0,0,0,1,1,0,1,1
54,0,34.150354,-118.518292,27614,0,1,15.51,0,20.9,20.9,0.0,0,15.51,3,0,0,0,0,0,0,0,0,0,0,1,1,0,0,0,0,1,0,0,0,0,0,0,0,0,0,0,0,1,0,1,1
35,0,34.147149,-118.463365,22085,0,16,5.74,0,19.7,342.4,0.0,0,91.84,1,1,0,0,0,0,0,0,0,0,1,0,1,0,0,0,0,1,0,0,0,0,0,0,0,0,0,0,1,1,0,1,1
36,0,33.362575,-117.299644,42239,0,4,2.01,0,20.95,85.5,0.0,0,8.04,1,0,0,0,0,0,0,0,0,0,0,0,1,0,0,0,0,1,0,0,0,0,0,0,0,0,0,0,0,0,0,1,1
37,0,33.254497,-117.285879,46893,0,9,8.91,0,20.25,178.5,0.0,0,80.19,1,1,0,0,0,0,0,0,0,0,0,0,1,0,0,0,0,1,0,0,0,0,0,0,0,0,0,0,0,1,0,1,1
63,0,33.017518,-117.118456,20046,0,1,40.83,0,20.1,20.1,0.0,0,40.83,3,1,0,0,0,0,0,0,0,0,0,1,1,0,0,0,0,1,0,0,0,0,0,0,0,0,0,0,1,1,0,1,1
30,3,33.889605,-115.257009,964,0,20,22.78,0,19.4,374.5,0.0,0,455.6,2,1,0,0,0,1,0,0,0,0,0,0,1,0,0,0,0,1,0,0,0,0,0,0,0,0,0,0,1,0,0,1,1
60,0,33.763678,-116.429928,12465,0,2,24.71,0,20.65,38.7,0.0,0,49.42,2,0,0,0,0,0,0,0,0,0,0,1,1,0,0,0,0,1,0,0,0,0,0,0,0,0,0,0,0,0,1,1,1
56,0,34.142747,-117.300864,24644,0,2,15.79,0,19.3,28.3,0.0,0,31.58,3,1,0,0,0,0,0,0,0,0,0,0,1,0,0,0,0,1,0,0,0,0,0,0,0,0,1,0,0,1,0,1,1
41,0,34.432843,-118.730106,1459,1,3,37.61,0,20.55,51.15,0.0,0,112.83,1,1,0,0,1,0,1,0,0,0,0,1,1,0,0,0,0,1,0,0,0,0,0,0,0,0,0,0,1,1,0,1,1
61,0,36.303666,-119.825657,30419,0,25,19.75,0,24.75,692.1,0.0,0,493.75,3,0,0,0,0,0,0,0,0,1,0,0,1,1,0,0,0,1,0,0,0,0,0,0,0,0,0,1,0,1,0,1,1
21,0,35.449881,-118.841442,53481,0,1,20.26,0,24.05,24.05,0.0,0,20.26,2,1,1,0,0,0,0,0,0,0,0,0,1,1,0,0,0,1,0,0,0,0,0,0,0,0,0,0,1,0,1,1,1
47,3,34.866032,-120.536546,210,0,1,34.57,0,20.5,20.5,0.0,0,34.57,1,0,0,0,1,1,0,0,0,0,0,0,1,0,0,0,0,1,0,0,0,0,0,0,0,0,0,0,1,0,1,1,1
21,0,34.712708,-117.889656,57794,0,1,29.33,0,19.75,19.75,0.0,0,29.33,3,1,1,0,0,0,0,0,0,0,0,0,1,0,0,0,0,1,0,0,0,0,0,0,0,0,0,0,0,1,0,1,1
38,0,36.523619,-119.386868,24206,0,1,45.49,0,20.2,20.2,0.0,0,45.49,1,1,0,0,0,0,0,0,0,0,0,1,1,0,0,0,0,1,0,0,0,0,0,0,0,0,0,0,1,1,0,1,1
64,0,37.223,-119.001021,642,0,1,10.71,0,20.25,20.25,0.0,0,10.71,2,0,0,0,0,0,0,0,0,0,0,1,1,0,0,0,0,1,0,0,0,0,0,0,0,0,0,0,1,1,0,1,1
59,0,36.618337,-121.926417,15449,0,9,49.74,0,18.95,185.6,0.0,0,447.66,3,1,0,0,0,0,0,0,0,0,0,1,1,0,0,0,0,1,0,0,0,0,0,0,0,0,0,0,1,1,0,1,1
38,0,38.013825,-122.039144,36186,0,3,13.28,0,19.6,59.75,0.0,0,39.84,3,0,0,0,0,0,0,0,0,0,0,1,1,0,0,0,0,1,0,0,0,0,0,0,0,0,0,0,1,1,0,1,1
19,0,37.639215,-122.037554,72993,1,56,13.2,0,25.15,1327.15,0.0,0,739.1999999999999,3,1,1,0,1,0,1,0,1,0,0,0,1,1,0,0,0,1,0,0,0,0,0,0,0,0,0,1,1,1,0,1,1
35,0,37.943087,-122.72379,1573,0,1,34.79,0,19.1,19.1,0.0,0,34.79,2,0,0,0,0,0,0,0,0,0,0,0,1,0,0,0,0,1,0,0,0,0,0,0,0,0,0,0,1,1,0,1,1
24,0,37.974498,-121.319568,30476,0,3,25.75,0,19.85,63.75,0.0,0,77.25,1,0,1,0,0,0,0,0,0,0,0,1,1,0,0,0,0,1,0,0,0,0,0,0,0,0,0,0,0,1,0,1,1
22,0,38.128087,-121.4078,22073,0,15,45.84,0,25.4,399.6,0.0,0,687.6,1,0,1,0,0,0,0,0,0,0,1,0,1,1,0,0,0,1,0,0,0,0,0,0,0,0,0,0,1,1,0,1,1
21,0,38.192608,-120.957842,304,0,1,15.73,0,20.9,20.9,0.0,0,15.73,3,0,1,0,0,0,0,0,0,0,0,1,1,0,0,0,0,1,0,0,0,0,0,0,0,0,0,0,0,0,1,1,1
52,3,37.612612,-121.108568,30668,1,1,8.03,0,19.95,19.95,0.0,0,8.03,1,1,0,0,1,1,1,0,0,0,0,0,1,0,0,0,0,1,0,0,0,0,0,0,0,0,0,0,0,0,0,1,1
30,0,39.108252,-123.645121,383,0,1,46.77,0,20.0,20.0,0.0,0,46.77,2,1,0,0,0,0,0,0,0,0,0,0,1,0,0,0,0,1,0,0,0,0,0,0,0,0,0,0,0,0,1,1,1
54,2,40.267158,-123.805913,644,1,1,28.73,0,19.45,19.45,0.0,0,28.73,2,0,0,0,1,1,1,0,0,0,0,0,1,0,0,0,0,1,0,0,0,0,0,0,0,0,0,0,0,0,1,1,1
23,0,38.384648,-121.578701,1417,0,2,28.02,0,19.5,31.55,0.0,0,56.04,3,0,1,0,0,0,0,0,0,0,0,0,1,0,0,0,0,1,0,0,0,0,0,0,0,0,0,0,0,0,1,1,1
41,0,38.419088,-122.024568,32564,0,1,23.16,0,20.25,20.25,0.0,0,23.16,1,1,0,0,0,0,0,0,0,0,0,1,1,0,0,0,0,1,0,0,0,0,0,0,0,0,0,0,0,0,1,1,1
42,0,38.608405,-121.449942,25355,0,11,30.91,0,23.15,245.2,0.0,0,340.01,1,1,0,0,0,0,0,0,0,0,0,0,1,1,0,0,0,1,0,0,0,0,0,0,0,0,0,0,0,1,0,1,1
25,0,40.080342,-120.957805,178,1,53,37.85,0,20.8,1021.8,0.0,0,2006.05,3,0,1,0,1,0,1,0,1,0,0,0,1,0,0,0,0,1,0,0,0,0,0,0,0,0,1,0,0,0,0,1,1
62,0,39.082568,-121.55325,6439,0,53,26.21,0,19.75,1052.35,0.0,0,1389.13,3,1,0,0,0,0,0,0,1,0,0,0,1,0,0,0,0,1,0,0,0,0,0,0,0,0,0,1,0,0,0,1,1
33,0,40.559177,-120.612113,19440,0,3,15.12,0,19.8,58.15,0.0,0,45.36,1,1,0,0,0,0,0,0,0,0,0,1,1,0,0,0,0,1,0,0,0,0,0,0,0,0,0,0,1,0,1,1,1
55,1,34.076259,-118.310715,67852,1,1,3.09,0,20.15,20.15,0.0,0,3.09,2,0,0,0,1,1,1,0,0,0,0,1,1,0,0,0,0,1,0,0,0,0,0,0,0,0,0,0,1,1,0,1,1
57,0,34.052917,-118.255178,21,0,5,6.17,0,19.85,108.05,0.0,0,30.85,1,0,0,0,0,0,0,0,0,0,0,0,1,0,0,0,0,1,0,0,0,0,0,0,0,0,0,0,0,1,0,1,1
48,0,34.115192,-118.61017,5451,0,1,43.52,0,20.2,20.2,0.0,0,43.52,2,0,0,0,0,0,0,0,0,0,0,0,1,0,0,0,0,1,0,0,0,0,0,0,0,0,0,0,1,0,0,1,1
49,0,33.8681,-118.067402,51556,0,45,25.4,0,20.4,930.45,0.0,0,1143.0,3,1,0,0,0,0,0,0,1,0,0,0,1,0,0,0,0,1,0,0,0,0,0,0,0,0,1,0,1,0,0,1,1
62,3,33.75462,-118.071128,24180,0,11,33.06,0,20.1,221.35,0.0,0,363.66,2,0,0,0,0,1,0,0,0,0,1,0,1,0,0,0,0,1,0,0,0,0,0,0,0,0,0,0,0,1,0,1,1
62,0,33.819814,-118.222416,35656,0,7,48.22,0,20.05,164.85,0.0,0,337.54,2,0,0,0,0,0,0,0,0,0,0,1,1,0,0,0,0,1,0,0,0,0,0,0,0,0,0,0,0,0,1,1,1
24,0,33.998471,-117.973758,53686,1,8,11.35,0,20.15,156.25,0.0,0,90.8,3,0,1,0,1,0,1,0,0,0,0,0,1,0,0,0,0,1,0,0,0,0,0,0,0,0,0,0,0,0,0,1,1
62,0,32.787836,-117.232376,46086,1,6,31.7,0,19.5,146.3,0.0,0,190.2,3,0,0,0,1,0,1,0,0,0,0,0,1,0,0,0,0,1,0,0,0,0,0,0,0,0,0,0,0,0,0,1,1
59,3,32.898613,-117.202937,4258,1,15,31.14,0,20.0,288.05,0.0,0,467.1,1,1,0,0,1,1,1,0,0,0,0,0,1,0,0,0,0,1,0,0,0,0,0,0,0,0,0,0,1,0,0,1,1
46,1,32.886925,-117.152162,74232,4,1,45.77,0,19.9,19.9,0.0,0,45.77,1,1,0,0,1,1,1,0,0,0,0,1,1,0,0,0,0,1,0,0,0,0,0,0,0,0,0,0,0,0,1,1,1
43,0,34.122501,-117.320138,23146,0,1,17.25,0,19.65,19.65,0.0,0,17.25,2,1,0,0,0,0,0,0,0,0,0,1,1,0,0,0,0,1,0,0,0,0,0,0,0,0,0,0,0,0,1,1,1
25,2,33.930199,-117.862898,34055,1,1,37.92,0,20.55,20.55,0.0,0,37.92,3,0,1,0,1,1,1,0,0,0,0,0,1,0,0,0,0,1,0,0,0,0,0,0,0,0,0,0,0,1,0,1,1
61,0,34.420998,-119.60137,576,0,1,49.2,0,19.3,19.3,0.0,0,49.2,3,1,0,0,0,0,0,0,0,0,0,0,1,0,0,0,0,1,0,0,0,0,0,0,0,0,0,0,1,1,0,1,1
28,0,36.385818,-119.224243,4517,0,1,10.98,0,20.2,20.2,0.0,0,10.98,1,1,1,0,0,0,0,0,0,0,0,1,1,0,0,0,0,1,0,0,0,0,0,0,0,0,0,0,1,0,0,1,1
33,1,35.809921,-119.127437,2956,1,1,7.49,0,19.9,19.9,0.0,0,7.49,3,0,0,0,1,1,1,0,0,0,0,0,1,0,0,0,0,1,0,0,0,0,0,0,0,0,0,0,1,0,0,1,1
62,0,36.175255,-119.813805,1729,0,1,17.61,0,19.95,19.95,0.0,0,17.61,2,1,0,0,0,0,0,0,0,0,0,0,1,0,0,0,0,1,0,0,0,0,0,0,0,0,0,0,0,0,0,1,1
35,7,36.303793,-119.375646,44741,0,1,12.81,0,19.25,19.25,0.0,0,12.81,3,1,0,0,0,1,0,0,0,0,0,0,1,0,0,0,0,1,0,0,0,0,0,0,0,0,0,0,0,1,0,1,1
31,2,35.842889,-121.004862,1363,1,17,18.26,0,24.1,409.9,0.0,0,310.42,1,0,0,0,1,1,1,0,0,0,1,0,1,1,0,0,0,1,0,0,0,0,0,0,0,0,0,0,0,1,0,1,1
56,0,36.64545,-118.924982,273,0,1,47.26,0,20.6,20.6,0.0,0,47.26,1,1,0,0,0,0,0,0,0,0,0,1,1,0,0,0,0,1,0,0,0,0,0,0,0,0,0,0,0,1,0,1,1
31,5,36.64152,-121.622188,35739,0,2,29.81,0,19.6,35.85,0.0,0,59.62,3,0,0,0,0,1,0,0,0,0,0,0,1,0,0,0,0,1,0,0,0,0,0,0,0,0,0,0,1,0,0,1,1
34,1,37.720498,-122.443119,73117,1,5,40.05,0,25.9,135.0,0.0,0,200.25,1,1,0,0,1,1,1,0,0,0,0,1,1,1,0,0,0,1,0,0,0,0,0,0,0,0,0,0,1,0,0,1,1
45,0,37.881842,-121.848111,14239,0,1,11.25,0,20.2,20.2,0.0,0,11.25,2,1,0,0,0,0,0,0,0,0,0,1,1,0,0,0,0,1,0,0,0,0,0,0,0,0,0,0,0,1,0,1,1
21,0,38.581354,-122.296283,9423,1,33,35.31,0,24.5,740.3,35.05,0,1165.23,3,0,1,0,1,0,1,0,0,0,0,0,1,1,0,0,0,1,0,0,0,0,0,0,0,0,0,1,1,1,0,1,1
53,0,37.80821,-121.308401,10834,0,5,31.76,0,19.35,126.05,0.0,0,158.8,1,1,0,0,1,0,0,0,0,0,0,1,1,0,0,0,0,1,0,0,0,0,0,0,0,0,0,0,0,0,1,1,1
29,0,37.361987,-120.748394,12672,0,3,32.01,0,19.85,64.55,0.0,0,96.03,1,1,1,0,0,0,0,0,0,0,0,1,1,0,0,0,0,1,0,0,0,0,0,0,0,0,0,0,0,0,1,1,1
62,0,40.557314,-124.081662,1201,0,2,32.03,0,20.35,33.2,0.0,0,64.06,2,1,0,0,0,0,0,0,0,0,0,0,1,0,0,0,0,1,0,0,0,0,0,0,0,0,0,0,0,0,1,1,1
42,0,41.950683,-124.097094,2020,0,1,1.91,0,19.7,19.7,0.0,0,1.91,2,1,0,0,0,0,0,0,0,0,0,0,1,0,0,0,0,1,0,0,0,0,0,0,0,0,0,0,0,0,1,1,1
42,0,38.434138,-121.30587,38534,1,30,15.36,0,19.65,655.85,0.0,0,460.8,1,0,0,0,1,0,1,0,0,0,0,0,1,0,0,0,0,1,0,0,0,0,0,0,0,0,0,0,0,0,0,1,1
44,0,38.724322,-120.991237,3815,0,1,26.37,0,20.3,20.3,0.0,0,26.37,3,0,0,0,0,0,0,0,0,0,0,1,1,0,0,0,0,1,0,0,0,0,0,0,0,0,0,0,1,0,1,1,1
31,0,38.766036,-120.209673,183,0,1,22.12,0,20.4,20.4,0.0,0,22.12,3,0,0,0,0,0,0,0,0,0,0,1,1,0,0,0,0,1,0,0,0,0,0,0,0,0,0,0,0,0,1,1,1
53,0,40.022184,-121.062384,73,0,1,40.49,0,18.85,18.85,0.0,0,40.49,1,1,0,0,0,0,0,0,0,0,0,0,1,0,0,0,0,1,0,0,0,0,0,0,0,0,0,0,1,0,1,1,1
24,0,41.924174,-123.260788,332,0,16,21.04,0,20.25,327.45,0.0,0,336.64,1,1,1,0,0,0,0,0,0,0,1,0,1,0,0,0,0,1,0,0,0,0,0,0,0,0,0,0,0,0,0,1,1
25,0,32.898613,-117.202937,4258,0,1,4.11,0,20.1,20.1,0.0,0,4.11,1,1,1,0,0,0,0,0,0,0,0,0,1,0,0,0,0,1,0,0,0,0,0,0,0,0,0,0,1,0,1,1,1
62,0,34.153338,-118.262974,14493,0,1,48.25,0,20.2,20.2,0.0,0,48.25,1,0,0,0,0,0,0,0,0,0,0,1,1,0,0,0,0,1,0,0,0,0,0,0,0,0,0,0,1,1,0,1,1
57,0,34.162515,-118.203869,31297,0,56,2.58,0,24.9,1334.0,0.0,0,144.48000000000002,3,1,0,0,0,0,0,0,0,0,0,0,1,1,0,0,0,1,0,0,0,0,0,0,0,0,1,0,0,0,0,1,1
22,0,32.805518,-117.169052,46828,0,1,19.85,0,20.5,20.5,0.0,0,19.85,2,1,1,0,0,0,0,0,0,0,0,0,1,0,0,0,0,1,0,0,0,0,0,0,0,0,0,0,0,1,0,1,1
21,0,34.044639,-118.240413,9732,0,16,32.62,0,18.95,326.8,0.0,0,521.92,3,1,1,0,0,0,0,0,0,0,1,0,1,0,0,0,0,1,0,0,0,0,0,0,0,0,0,1,0,1,0,0,1
57,0,34.028735,-118.317236,47143,0,52,22.55,0,20.65,1022.95,0.0,0,1172.6,4,0,0,0,0,0,0,0,1,0,0,0,1,0,0,0,0,1,0,0,0,0,0,0,0,0,1,0,0,0,1,0,1
45,0,34.017697,-118.200577,47487,10,12,11.04,0,19.8,202.25,0.0,0,132.48,4,1,0,0,1,0,1,0,0,0,1,0,1,0,0,0,0,1,0,0,0,0,0,0,0,0,1,0,0,0,0,0,1
35,0,34.070291,-118.349191,32901,0,1,24.48,0,20.2,20.2,0.0,0,24.48,5,1,0,0,0,0,0,0,0,0,0,1,1,0,0,0,0,1,0,0,0,0,0,0,0,0,0,0,0,0,0,0,1
28,0,33.954017,-118.402447,39334,8,17,8.74,0,20.75,418.25,0.0,0,148.58,4,0,1,0,1,0,1,0,0,0,1,0,1,0,0,0,0,1,0,0,0,0,0,0,0,0,1,0,0,1,0,0,1
61,0,34.137411,-118.328915,21728,10,34,25.21,0,24.95,894.3,0.0,0,857.14,3,0,0,0,1,0,1,0,0,0,0,0,1,1,0,0,0,1,0,0,0,0,0,0,0,0,0,1,0,1,0,0,1
37,0,33.912246,-118.236773,29825,5,50,26.95,0,20.15,930.9,0.0,0,1347.5,4,0,0,0,1,0,1,0,1,0,0,0,1,0,0,0,0,1,0,0,0,0,0,0,0,0,0,1,0,0,0,0,1
24,0,33.956228,-118.120993,24908,3,52,5.65,0,20.4,1090.65,0.0,0,293.8,3,0,1,0,1,0,1,0,1,0,0,0,1,0,0,0,0,1,0,0,0,0,0,0,0,0,1,0,1,0,0,0,1
40,0,33.921793,-118.140588,42459,4,62,48.73,0,24.25,1424.6,0.0,0,3021.26,5,1,0,0,1,0,1,0,1,0,0,0,1,1,0,0,0,1,0,0,0,0,0,0,0,0,0,1,1,0,0,0,1
48,0,33.86532,-118.396336,18693,4,45,22.49,0,25.9,1216.6,0.0,0,1012.05,4,0,0,0,1,0,1,0,1,0,0,0,1,1,0,0,0,1,0,0,0,0,0,0,0,0,1,0,1,1,0,0,1
31,0,34.074572,-118.831181,19630,10,49,2.82,0,20.15,973.35,0.0,0,138.17999999999998,5,0,0,0,1,0,1,0,0,0,0,0,1,0,0,0,0,1,0,0,0,0,0,0,0,0,0,1,1,0,0,0,1
24,0,34.079449,-118.548306,22548,10,48,37.96,0,20.65,1057.0,0.0,0,1822.08,5,0,1,0,1,0,1,0,0,0,0,0,1,0,0,0,0,1,0,0,0,0,0,0,0,0,0,1,0,0,0,0,1
56,0,33.788208,-118.404955,24979,1,46,30.47,0,19.95,927.1,0.0,0,1401.62,5,0,0,0,1,0,1,0,0,0,0,0,1,0,0,0,0,1,0,0,0,0,0,0,0,0,0,1,1,1,0,0,1
62,0,33.975332,-118.355252,30779,0,52,28.3,0,21.0,1107.2,0.0,0,1471.6,4,1,0,0,0,0,0,0,0,0,0,0,1,0,0,0,0,1,0,0,0,0,0,0,0,0,0,1,0,0,0,0,1
19,0,33.936827,-118.359824,28680,0,1,41.1,0,20.2,20.2,0.0,0,41.1,3,1,1,0,0,0,0,0,0,0,0,1,1,0,0,0,0,1,0,0,0,0,0,0,0,0,0,0,0,1,0,0,1
38,2,33.958134,-118.330905,13779,1,1,16.44,0,19.45,19.45,0.0,0,16.44,3,0,0,0,1,1,1,0,0,0,0,1,1,0,0,0,0,1,0,0,0,0,0,0,0,0,0,0,0,0,0,0,1
38,0,33.840399,-118.353714,41979,1,72,49.5,0,19.4,1363.25,0.0,0,3564.0,5,1,0,0,1,0,1,1,0,0,0,0,1,0,0,0,0,1,0,0,0,0,0,0,0,0,0,1,0,1,0,0,1
53,0,33.845706,-118.012204,44442,0,41,31.62,0,20.65,835.15,0.0,0,1296.42,5,0,0,0,0,0,0,0,0,0,0,0,1,0,0,0,0,1,0,0,0,0,0,0,0,0,0,1,0,1,0,0,1
31,0,33.818477,-118.038307,47344,0,6,7.72,0,20.7,112.75,0.0,0,46.32,5,0,0,0,0,0,0,0,0,0,0,1,1,0,0,0,0,1,0,0,0,0,0,0,0,0,0,0,0,1,0,0,1
27,1,34.015217,-118.109962,62425,1,4,39.89,0,20.85,62.9,0.0,0,159.56,5,0,1,0,1,1,1,0,0,0,0,0,1,0,0,0,0,1,0,0,0,0,0,0,0,0,0,0,0,1,0,0,1
46,0,33.933565,-118.062611,16271,1,72,1.86,0,23.55,1723.95,0.0,0,133.92000000000002,3,1,0,0,1,0,1,1,0,0,0,0,1,1,0,0,0,1,0,0,0,0,0,0,0,0,0,1,1,0,0,0,1
45,0,33.801869,-117.995068,29694,0,1,15.77,0,19.75,19.75,0.0,0,15.77,3,1,0,0,0,0,0,0,0,0,0,0,1,0,0,0,0,1,0,0,0,0,0,0,0,0,0,0,0,1,0,0,1
42,0,33.847755,-118.112532,27563,0,43,25.53,0,25.7,1188.2,0.0,0,1097.79,4,0,0,0,0,0,0,0,0,0,0,0,1,1,0,0,0,1,0,0,0,0,0,0,0,0,0,1,1,1,0,0,1
23,0,33.830431,-118.074071,14852,1,64,36.24,0,20.2,1277.75,0.0,0,2319.36,5,0,1,0,1,0,1,0,0,0,0,0,1,0,0,0,0,1,0,0,0,0,0,0,0,0,0,1,0,1,0,0,1
58,0,33.794209,-118.317354,21065,0,57,5.71,0,19.6,1170.55,0.0,0,325.47,3,1,0,0,0,0,0,0,0,0,0,0,1,0,0,0,0,1,0,0,0,0,0,0,0,0,0,1,1,1,0,0,1
42,0,33.782068,-118.262263,53323,0,3,35.65,0,19.6,61.35,0.0,0,106.95,5,1,0,0,0,0,0,0,0,0,0,0,1,0,0,0,0,1,0,0,0,0,0,0,0,0,1,0,0,1,0,0,1
29,3,33.830099,-118.182239,31556,9,6,5.52,0,19.7,113.5,0.0,0,33.12,3,0,1,0,1,1,1,0,0,0,0,0,1,0,0,0,0,1,0,0,0,0,0,0,0,0,0,0,0,1,0,0,1
37,0,33.781086,-118.199049,63136,3,22,48.06,0,20.15,419.9,0.0,0,1057.3200000000002,5,1,0,0,1,0,1,0,0,0,0,0,1,0,0,0,0,1,0,0,0,0,0,0,0,0,1,0,0,1,0,0,1
44,0,33.797638,-118.11662,38902,0,10,32.1,0,25.7,251.6,0.0,0,321.0,5,1,0,0,0,0,0,0,0,0,0,0,1,1,0,0,0,1,0,0,0,0,0,0,0,0,0,1,0,0,0,0,1
21,0,34.145695,-117.95982,27414,7,11,1.92,0,20.6,233.9,0.0,0,21.12,3,0,1,0,1,0,1,0,0,0,0,0,1,0,0,0,0,1,0,0,0,0,0,0,0,0,1,0,0,1,0,0,1
40,0,34.234912,-118.153729,20200,3,69,30.86,0,19.9,1363.45,0.0,0,2129.34,5,1,0,0,1,0,1,1,0,0,0,0,1,0,0,0,0,1,0,0,0,0,0,0,0,0,0,1,0,1,0,0,1
59,2,34.110444,-118.156957,23984,3,16,45.54,0,20.4,321.4,0.0,0,728.64,4,0,0,0,1,1,1,0,0,0,1,0,1,0,0,0,0,1,0,0,0,0,0,0,0,0,0,0,0,0,0,0,1
61,0,34.165383,-118.123752,38460,0,32,35.97,0,20.55,654.55,0.0,0,1151.04,3,0,0,0,0,0,0,0,0,1,0,0,1,0,0,0,0,1,0,0,0,0,0,0,0,0,1,0,0,0,0,0,1
49,0,34.13946,-118.166649,10253,5,34,11.52,0,24.7,780.2,0.0,0,391.68,4,0,0,0,1,0,1,0,0,1,0,0,1,1,0,0,0,1,0,0,0,0,0,0,0,0,0,0,0,0,0,0,1
22,0,34.17051,-118.289463,23981,3,61,19.27,0,20.55,1252.0,0.0,0,1175.47,4,1,1,0,1,0,1,0,0,0,0,0,1,0,0,0,0,1,0,0,0,0,0,0,0,0,1,0,1,1,0,0,1
61,0,34.129058,-118.759788,25303,0,13,33.13,0,19.65,244.8,0.0,0,430.69000000000005,3,0,0,0,0,0,0,0,0,0,1,0,1,0,0,0,0,1,0,0,0,0,0,0,0,0,1,0,0,0,0,0,1
38,0,34.209532,-118.577563,43857,9,69,5.27,0,19.75,1375.4,0.0,0,363.63,4,0,0,0,1,0,1,1,0,0,0,0,1,0,0,0,0,1,0,0,0,0,0,0,0,0,0,1,0,0,0,0,1
33,0,34.294142,-118.603883,35325,3,59,25.57,0,19.3,1192.7,0.0,0,1508.63,3,1,0,0,1,0,1,0,1,0,0,0,1,0,0,0,0,1,0,0,0,0,0,0,0,0,0,1,0,1,0,0,1
19,3,34.172071,-118.946262,37779,1,24,1.14,0,24.1,587.4,0.0,0,27.36,3,1,1,0,1,1,1,0,0,1,0,0,1,1,0,0,0,1,0,0,0,0,0,0,0,0,0,1,1,0,0,0,1
29,1,34.236683,-118.517588,32307,0,1,7.57,0,20.75,20.75,0.0,0,7.57,5,1,1,0,0,1,0,0,0,0,0,0,1,0,0,0,0,1,0,0,0,0,0,0,0,0,0,0,0,1,0,0,1
32,2,34.43987,-118.644609,24977,0,61,15.02,0,19.75,1124.2,0.0,0,916.22,4,1,0,0,0,1,0,0,1,0,0,0,1,0,0,0,0,1,0,0,0,0,0,0,0,0,0,1,0,0,1,0,1
23,0,34.157137,-118.548511,27424,6,29,27.72,0,20.0,540.05,0.0,0,803.88,5,0,1,0,1,0,1,0,0,1,0,0,1,0,0,0,0,1,0,0,0,0,0,0,0,0,1,0,0,0,0,0,1
55,0,34.506627,-118.699048,22177,3,71,32.13,0,24.75,1836.9,0.0,0,2281.23,3,0,0,0,1,0,1,0,0,0,0,0,1,1,0,0,0,1,0,0,0,0,0,0,0,0,0,1,0,0,0,0,1
32,0,34.178483,-118.431791,40376,8,1,44.69,0,20.2,20.2,0.0,0,44.69,5,1,0,0,1,0,1,0,0,0,0,0,1,0,0,0,0,1,0,0,0,0,0,0,0,0,1,0,1,0,0,0,1
53,0,34.147149,-118.463365,22085,0,12,16.72,0,19.35,219.35,0.0,0,200.64,5,0,0,0,0,0,0,0,0,0,1,0,1,0,0,0,0,1,0,0,0,0,0,0,0,0,1,0,1,0,0,0,1
62,0,34.174215,-118.345928,29245,0,72,42.36,0,20.25,1566.9,0.0,0,3049.92,4,0,0,0,0,0,0,0,0,0,0,0,1,0,0,0,0,1,0,0,0,0,0,0,0,0,0,1,0,1,0,0,1
47,0,34.169706,-118.323548,18539,0,29,4.53,0,25.15,702.0,0.0,0,131.37,4,0,0,0,0,0,0,0,0,0,0,0,1,1,0,0,0,1,0,0,0,0,0,0,0,0,0,0,0,0,0,0,1
40,0,34.187599,-118.387125,45358,0,16,40.17,0,19.75,284.35,0.0,0,642.72,5,1,0,0,0,0,0,0,0,0,1,0,1,0,0,0,0,1,0,0,0,0,0,0,0,0,0,1,0,0,1,0,1
29,0,34.245289,-117.642503,23079,0,10,1.98,0,19.85,193.05,0.0,0,19.8,4,1,1,0,0,0,0,0,0,0,1,0,1,0,0,0,0,1,0,0,0,0,0,0,0,0,0,0,1,1,0,0,1
64,0,34.231318,-117.662032,47,0,50,47.16,0,24.9,1195.25,0.0,0,2358.0,4,1,0,0,0,0,0,0,1,0,0,0,1,1,0,0,0,1,0,0,0,0,0,0,0,0,0,1,0,0,0,0,1
30,0,34.072121,-117.698319,34447,1,71,8.21,0,24.25,1732.95,0.0,0,582.9100000000001,5,0,0,0,1,0,1,0,0,0,0,0,1,1,0,0,0,1,0,0,0,0,0,0,0,0,0,1,1,1,0,0,1
21,1,34.018354,-117.85492,45118,0,1,32.73,0,25.4,25.4,0.0,0,32.73,3,0,1,0,0,1,0,0,0,0,0,1,1,1,0,0,0,1,0,0,0,0,0,0,0,0,0,0,0,0,1,0,1
43,0,32.64164,-116.985026,12884,0,12,18.71,0,19.7,220.35,0.0,0,224.52,3,0,0,0,0,0,0,0,0,0,0,0,1,0,0,0,0,1,0,0,0,0,0,0,0,0,0,0,0,1,0,0,1
44,0,32.688506,-116.938632,2606,0,1,40.46,0,20.25,20.25,0.0,0,40.46,3,1,0,0,0,0,0,0,0,0,0,1,1,0,0,0,0,1,0,0,0,0,0,0,0,0,0,0,0,1,0,0,1
42,3,32.733564,-117.033713,24961,1,52,40.33,0,24.8,1229.1,0.0,0,2097.16,5,1,0,0,1,1,1,0,1,0,0,0,1,1,0,0,0,1,0,0,0,0,0,0,0,0,0,1,0,1,0,0,1
34,0,32.726627,-116.994608,56100,0,1,9.44,0,19.25,19.25,0.0,0,9.44,3,0,0,0,0,0,0,0,0,0,0,1,1,0,0,0,0,1,0,0,0,0,0,0,0,0,0,0,1,0,0,0,1
49,0,33.148116,-117.306043,35582,0,71,22.22,0,19.9,1355.1,42.18,0,1577.62,3,1,0,0,0,0,0,0,0,0,0,0,1,0,0,0,0,1,0,0,0,0,0,0,0,0,0,1,1,1,0,0,1
37,1,32.909873,-116.906774,42277,5,35,9.04,0,19.85,739.35,2.29,0,316.4,3,0,0,0,1,1,1,0,0,0,0,0,1,0,0,0,0,1,0,0,0,0,0,0,0,0,0,1,1,1,0,0,1
31,0,33.351059,-117.420557,98239,0,8,31.02,0,19.2,161.95,0.0,0,248.16,4,0,0,0,0,0,0,0,0,0,0,1,1,0,0,0,0,1,0,0,0,0,0,0,0,0,1,0,1,1,0,0,1
50,0,32.847336,-116.997605,53510,0,63,35.35,0,20.5,1328.15,15.62,0,2227.05,5,1,0,0,0,0,0,0,0,0,0,0,1,0,0,0,0,1,0,0,0,0,0,0,0,0,1,0,0,1,0,0,1
39,0,33.001813,-117.263628,12173,0,41,6.61,0,20.25,865.0,46.78,0,271.01,4,0,0,0,0,0,0,0,0,0,0,0,1,0,0,0,0,1,0,0,0,0,0,0,0,0,1,0,1,1,0,0,1
26,0,33.17494,-117.242761,62036,9,70,23.52,0,19.45,1303.5,14.49,0,1646.4,4,0,1,0,1,0,1,0,0,0,0,0,1,0,0,0,0,1,0,0,0,0,0,0,0,0,0,1,0,0,0,0,1
59,1,32.76501,-117.19938,24169,0,5,12.22,0,20.2,83.75,0.0,0,61.1,5,1,0,0,0,1,0,0,0,0,0,1,1,0,0,0,0,1,0,0,0,0,0,0,0,0,0,0,0,1,0,0,1
34,0,32.707892,-117.05512,66838,0,47,44.69,0,20.55,945.7,0.0,0,2100.43,4,0,0,0,0,0,0,0,0,0,0,0,1,0,0,0,0,1,0,0,0,0,0,0,0,0,0,1,1,1,0,0,1
35,0,32.68674,-117.186612,24093,0,1,22.37,0,19.15,19.15,0.0,0,22.37,5,0,0,0,0,0,0,0,0,0,0,0,1,0,0,0,0,1,0,0,0,0,0,0,0,0,0,0,0,1,0,0,1
63,0,32.898613,-117.202937,4258,2,33,34.22,0,20.6,690.25,0.0,0,1129.26,5,1,0,0,1,0,1,0,0,0,0,0,1,0,0,0,0,1,0,0,0,0,0,0,0,0,1,0,0,1,0,0,1
47,0,33.143826,-115.497485,7857,0,19,32.03,0,19.9,367.55,0.0,0,608.57,5,0,0,0,0,0,0,0,0,0,0,0,1,0,0,0,0,1,0,0,0,0,0,0,0,0,0,0,0,1,0,0,1
44,0,34.137742,-114.36514,1564,10,23,17.82,0,20.05,415.1,0.0,0,409.86,4,0,0,0,1,0,1,0,0,0,0,0,1,0,0,0,0,1,0,0,0,0,0,0,0,0,1,0,0,1,0,0,1
46,0,32.770393,-115.60915,43712,0,32,43.8,0,19.75,624.15,0.0,0,1401.6,4,0,0,0,0,0,0,0,0,0,0,0,1,0,0,0,0,1,0,0,0,0,0,0,0,0,1,0,0,0,0,0,1
52,0,32.730583,-115.501083,3535,0,11,26.85,0,20.05,237.7,0.0,0,295.35,4,0,0,0,0,0,0,0,0,0,0,0,1,0,0,0,0,1,0,0,0,0,0,0,0,0,1,0,0,1,0,0,1
62,0,34.167236,-116.281511,8141,0,20,27.11,0,19.7,419.4,0.0,0,542.2,5,1,0,0,0,0,0,0,0,0,0,0,1,0,0,0,0,1,0,0,0,0,0,0,0,0,0,1,1,1,0,0,1
39,0,33.695532,-116.310571,23971,0,72,30.44,0,19.8,1468.75,0.0,0,2191.6800000000003,3,1,0,0,0,0,0,1,0,0,0,0,1,0,0,0,0,1,0,0,0,0,0,0,0,0,0,1,1,1,0,0,1
55,0,33.694501,-116.412711,29340,9,46,35.46,0,24.45,1066.15,0.0,0,1631.16,4,0,0,0,1,0,1,0,1,0,0,0,1,1,0,0,0,1,0,0,0,0,0,0,0,0,1,0,1,0,0,0,1
27,2,33.763678,-116.429928,12465,2,40,33.44,0,24.8,1024.7,0.0,0,1337.6,5,0,1,0,1,1,1,0,1,0,0,0,1,1,0,0,0,1,0,0,0,0,0,0,0,0,0,1,1,1,0,0,1
41,3,33.28156,-115.955541,799,6,5,6.7,0,24.3,132.25,0.0,0,33.5,5,0,0,0,1,1,1,0,0,0,0,0,1,1,0,0,0,1,0,0,0,0,0,0,0,0,0,0,1,1,0,0,1
54,0,34.457829,-116.139589,14104,10,44,15.33,0,25.7,1110.5,0.0,0,674.52,3,1,0,0,1,0,1,0,1,0,0,0,1,1,0,0,0,1,0,0,0,0,0,0,0,0,1,0,0,1,0,0,1
21,0,34.424926,-117.184503,28819,1,41,35.46,0,19.75,899.45,0.0,0,1453.86,4,1,1,0,1,0,1,0,1,0,0,0,1,0,0,0,0,1,0,0,0,0,0,0,0,0,0,1,1,0,0,0,1
26,0,35.349241,-116.770281,9465,1,36,12.61,0,20.85,720.05,0.0,0,453.96,4,1,1,0,1,0,1,0,0,0,0,0,1,0,0,0,0,1,0,0,0,0,0,0,0,0,1,0,0,0,0,0,1
30,0,36.27688,-117.033326,443,10,52,5.32,0,25.05,1270.25,0.0,0,276.64,4,0,0,0,1,0,1,0,1,0,0,0,1,1,0,0,0,1,0,0,0,0,0,0,0,0,0,1,1,0,0,0,1
53,0,34.087558,-117.464096,82630,0,64,4.03,0,24.7,1642.75,0.0,0,257.92,5,0,0,0,0,0,0,0,1,0,0,0,1,1,0,0,0,1,0,0,0,0,0,0,0,0,1,0,0,0,1,0,1
20,0,34.067699,-116.903891,958,10,61,20.09,0,24.4,1417.9,0.0,0,1225.49,5,0,1,0,1,0,1,0,1,0,0,0,1,1,0,0,0,1,0,0,0,0,0,0,0,0,0,1,0,0,1,0,1
45,0,34.129677,-117.154277,48245,10,2,34.38,0,20.0,38.0,0.0,0,68.76,4,1,0,0,1,0,1,0,0,0,0,0,1,0,0,0,0,1,0,0,0,0,0,0,0,0,0,0,0,0,1,0,1
52,2,34.2565,-117.19335,9793,0,6,15.5,0,19.65,100.9,0.0,0,93.0,5,1,0,0,0,1,0,0,0,0,0,0,1,0,0,0,0,1,0,0,0,0,0,0,0,0,0,0,0,0,1,0,1
42,0,34.647959,-117.296957,909,0,44,13.45,0,19.9,868.1,0.0,0,591.8,5,0,0,0,0,0,0,0,1,0,0,0,1,0,0,0,0,1,0,0,0,0,0,0,0,0,0,1,0,0,1,0,1
48,2,34.567058,-117.362329,12083,2,11,40.76,0,19.65,225.75,0.0,0,448.36,3,1,0,0,1,1,1,0,0,0,1,0,1,0,0,0,0,1,0,0,0,0,0,0,0,0,0,1,0,1,0,0,1
31,0,33.920907,-117.489426,38446,0,1,17.81,0,20.4,20.4,0.0,0,17.81,5,1,0,0,0,0,0,0,0,0,0,0,1,0,0,0,0,1,0,0,0,0,0,0,0,0,0,0,0,0,1,0,1
41,0,33.885499,-117.324959,17147,7,70,11.71,0,19.8,1397.65,0.0,0,819.7,4,0,0,0,1,0,1,1,0,0,0,0,1,0,0,0,0,1,0,0,0,0,0,0,0,0,0,1,0,0,0,0,1
47,0,33.88274,-117.224878,22983,0,1,16.47,0,19.85,19.85,0.0,0,16.47,5,0,0,0,0,0,0,0,0,0,0,0,1,0,0,0,0,1,0,0,0,0,0,0,0,0,0,0,0,1,0,0,1
34,0,33.806708,-117.02007,4456,0,12,38.96,0,20.05,265.45,0.0,0,467.52,4,1,0,0,0,0,0,0,0,0,1,0,1,0,0,0,0,1,0,0,0,0,0,0,0,0,0,0,0,1,0,0,1
52,3,33.617108,-117.253349,19368,1,35,20.85,0,19.6,686.95,0.0,0,729.75,4,1,0,0,1,1,1,0,0,1,0,0,1,0,0,0,0,1,0,0,0,0,0,0,0,0,0,1,0,1,0,0,1
51,3,33.720359,-117.733655,2762,9,24,20.6,0,21.1,490.65,0.0,0,494.4,5,0,0,0,1,1,1,0,0,1,0,0,1,0,0,0,0,1,0,0,0,0,0,0,0,0,0,1,1,1,0,0,1
47,2,33.688546,-117.788091,27369,5,70,48.57,0,20.05,1360.25,0.0,0,3399.9,3,1,0,0,1,1,1,1,0,0,0,0,1,0,0,0,0,1,0,0,0,0,0,0,0,0,0,1,0,1,0,0,1
57,0,33.477923,-117.705314,27730,0,1,40.63,0,19.55,19.55,0.0,0,40.63,4,0,0,0,0,0,0,0,0,0,0,0,1,0,0,0,0,1,0,0,0,0,0,0,0,0,0,0,0,1,0,0,1
35,0,33.606899,-117.717854,48273,0,15,3.49,0,19.75,311.6,0.0,0,52.35,5,1,0,0,0,0,0,0,0,0,0,0,1,0,0,0,0,1,0,0,0,0,0,0,0,0,0,0,0,1,0,0,1
46,2,33.603282,-117.821841,5597,2,55,24.7,0,19.35,1153.25,0.0,0,1358.5,3,1,0,0,1,1,1,0,0,0,0,0,1,0,0,0,0,1,0,0,0,0,0,0,0,0,0,1,0,0,0,0,1
27,2,33.634626,-117.874882,28687,1,23,25.54,0,25.6,514.75,0.0,0,587.42,5,0,1,0,1,1,1,0,0,0,0,0,1,1,0,0,0,1,0,0,0,0,0,0,0,0,0,1,1,1,0,0,1
22,0,33.62251,-117.927024,22133,0,1,11.83,0,19.9,19.9,0.0,0,11.83,5,0,1,0,0,0,0,0,0,0,0,0,1,0,0,0,0,1,0,0,0,0,0,0,0,0,0,0,0,0,0,0,1
19,0,33.529047,-117.701175,62103,9,3,14.1,0,23.6,89.05,0.0,0,42.3,5,1,1,0,1,0,1,0,0,0,0,1,1,1,0,0,0,1,0,0,0,0,0,0,0,0,0,0,1,1,0,0,1
32,3,33.719869,-117.907063,91188,2,60,23.68,0,19.25,1103.25,0.0,0,1420.8,4,0,0,0,1,1,1,0,0,0,0,0,1,0,0,0,0,1,0,0,0,0,0,0,0,0,0,1,1,1,0,0,1
59,0,33.818,-117.974404,81333,0,2,9.61,0,19.65,38.8,0.0,0,19.22,4,1,0,0,0,0,0,0,0,0,0,1,1,0,0,0,0,1,0,0,0,0,0,0,0,0,0,0,1,1,0,0,1
62,1,33.850452,-117.726668,19629,1,1,28.28,0,19.0,19.0,0.0,0,28.28,4,0,0,0,1,1,1,0,0,0,0,1,1,0,0,0,0,1,0,0,0,0,0,0,0,0,0,0,1,1,0,0,1
40,0,33.930199,-117.862898,34055,0,3,15.37,0,20.0,61.7,0.0,0,46.11,3,0,0,0,0,0,0,0,0,0,0,1,1,0,0,0,0,1,0,0,0,0,0,0,0,0,0,0,1,1,0,0,1
28,0,33.868316,-117.929029,24502,1,5,5.2,0,20.1,85.1,0.0,0,26.0,3,1,1,0,1,0,1,0,0,0,0,0,1,0,0,0,0,1,0,0,0,0,0,0,0,0,1,0,0,1,0,0,1
56,0,33.786738,-117.982564,31428,1,46,18.45,0,24.9,1174.8,0.0,0,848.6999999999999,5,1,0,0,1,0,1,0,0,0,0,0,1,1,0,0,0,1,0,0,0,0,0,0,0,0,1,0,0,0,0,0,1
59,0,33.81859,-117.821288,40915,1,65,23.46,0,20.4,1414.45,0.0,0,1524.9,3,1,0,0,1,0,1,0,0,0,0,0,1,0,0,0,0,1,0,0,0,0,0,0,0,0,0,1,1,1,0,0,1
47,0,33.792791,-117.789749,37916,0,2,31.45,0,19.95,47.7,0.0,0,62.9,4,1,0,0,0,0,0,0,0,0,0,0,1,0,0,0,0,1,0,0,0,0,0,0,0,0,1,0,0,1,0,0,1
57,2,34.278697,-119.167798,27381,0,66,20.63,0,20.55,1357.1,17.14,0,1361.58,4,1,0,0,0,1,0,0,0,0,0,0,1,0,0,0,0,1,0,0,0,0,0,0,0,0,0,1,0,1,0,0,1
49,0,34.432843,-118.730106,1459,0,20,15.87,0,19.7,406.95,0.0,0,317.4,5,0,0,0,0,0,0,0,0,0,0,0,1,0,0,0,0,1,0,0,0,0,0,0,0,0,0,1,0,1,0,0,1
40,0,34.457541,-119.631072,12741,0,10,17.4,0,20.35,176.3,0.0,0,174.0,5,1,0,0,0,0,0,0,0,0,0,0,1,0,0,0,0,1,0,0,0,0,0,0,0,0,1,0,0,1,0,0,1
50,2,35.116307,-118.817644,16206,10,68,19.09,0,25.4,1620.2,9.34,0,1298.12,4,1,0,0,1,1,1,0,0,0,0,0,1,1,0,0,0,1,0,0,0,0,0,0,0,0,0,1,0,0,0,0,1
21,1,35.865795,-118.69759,226,1,15,29.55,0,25.25,394.85,0.0,0,443.25,3,0,1,0,1,1,1,0,0,0,0,0,1,1,0,0,0,1,0,0,0,0,0,0,0,0,0,0,1,0,0,0,1
37,3,34.907911,-119.234281,1526,7,35,11.75,0,20.1,655.3,38.61,0,411.25,3,1,0,0,1,1,1,0,0,0,0,0,1,0,0,0,0,1,0,0,0,0,0,0,0,0,0,1,0,1,0,0,1
64,0,36.29878,-119.201028,8644,0,17,9.84,0,24.8,475.25,37.06,0,167.28,5,0,0,0,0,0,0,0,0,0,1,0,1,1,0,0,0,1,0,0,0,0,0,0,0,0,0,0,0,1,0,0,1
56,0,36.385818,-119.224243,4517,3,37,2.15,0,20.35,697.65,45.07,0,79.55,4,1,0,0,1,0,1,0,0,0,0,0,1,0,0,0,0,1,0,0,0,0,0,0,0,0,0,0,0,0,0,0,1
23,0,35.607875,-118.466318,5564,0,1,18.15,0,20.05,20.05,0.0,0,18.15,5,1,1,0,0,0,0,0,0,0,0,0,1,0,0,0,0,1,0,0,0,0,0,0,0,0,0,0,0,1,0,0,1
33,3,36.444232,-119.718285,2900,5,57,42.14,0,19.5,1167.6,19.89,0,2401.98,3,0,0,0,1,1,1,0,1,0,0,0,1,0,0,0,0,1,0,0,0,0,0,0,0,0,0,1,0,0,0,0,1
60,0,35.666886,-119.186717,10781,6,53,11.35,0,19.85,1039.45,14.67,0,601.55,3,0,0,0,1,0,1,0,1,0,0,0,1,0,0,0,0,1,0,0,0,0,0,0,0,0,1,0,1,0,0,0,1
37,3,35.38381,-119.730885,302,3,53,33.31,0,25.55,1336.1,37.37,0,1765.43,3,1,0,0,1,1,1,0,1,0,0,0,1,1,0,0,0,1,0,0,0,0,0,0,0,0,0,1,0,1,0,0,1
49,0,34.956577,-119.750142,798,0,22,22.97,0,24.85,493.4,21.32,0,505.34,4,1,0,0,0,0,0,0,0,0,1,0,1,1,0,0,0,1,0,0,0,0,0,0,0,0,0,0,1,1,0,0,1
63,0,36.008958,-118.891593,65566,0,48,23.76,0,24.55,1203.95,36.04,0,1140.48,5,0,0,0,0,0,0,0,1,0,0,0,1,1,0,0,0,1,0,0,0,0,0,0,0,0,1,0,0,0,0,0,1
58,0,36.413433,-118.854708,2318,0,51,34.36,0,24.6,1266.4,47.91,0,1752.36,5,1,0,0,0,0,0,0,1,0,0,0,1,1,0,0,0,1,0,0,0,0,0,0,0,0,1,0,1,0,0,0,1
53,0,36.303793,-119.375646,44741,0,1,11.61,0,20.45,20.45,0.0,0,11.61,3,1,0,0,0,0,0,0,0,0,0,0,1,0,0,0,0,1,0,0,0,0,0,0,0,0,0,0,1,0,1,0,1
62,0,35.55647,-118.244914,1935,0,47,42.25,0,20.55,1013.05,0.0,0,1985.75,5,1,0,0,0,0,0,0,1,0,0,0,1,0,0,0,0,1,0,0,0,0,0,0,0,0,1,0,0,1,0,0,1
64,0,35.710244,-118.881679,88,8,1,35.24,0,20.65,20.65,0.0,0,35.24,4,0,0,0,1,0,1,0,0,0,0,0,1,0,0,0,0,1,0,0,0,0,0,0,0,0,0,0,1,1,0,0,1
30,0,35.559617,-118.925185,44915,0,2,16.7,0,20.55,33.6,0.0,0,33.4,3,0,0,0,0,0,0,0,0,0,0,0,1,0,0,0,0,1,0,0,0,0,0,0,0,0,0,0,1,0,1,0,1
23,0,35.453912,-120.69461,29539,0,58,47.9,0,24.7,1519.0,0.0,0,2778.2,4,0,1,0,0,0,0,0,1,0,0,0,1,1,0,0,0,1,0,0,0,0,0,0,0,0,0,1,1,1,0,0,1
61,0,35.842889,-121.004862,1363,2,72,34.29,0,25.4,1710.9,0.0,0,2468.88,3,1,0,0,1,0,1,1,0,0,0,0,1,1,0,0,0,1,0,0,0,0,0,0,0,0,0,1,0,1,0,0,1
22,0,35.120833,-120.61843,13106,6,2,38.41,0,20.2,34.75,0.0,0,76.82,3,1,1,0,1,0,1,0,0,0,0,0,1,0,0,0,0,1,0,0,0,0,0,0,0,0,1,0,0,1,0,0,1
24,0,34.936,-120.594655,5726,0,61,46.76,0,20.55,1305.95,0.0,0,2852.36,4,1,1,0,1,0,0,0,1,0,0,0,1,0,0,0,0,1,0,0,0,0,0,0,0,0,0,1,0,1,0,0,1
47,0,35.369553,-120.763864,10909,0,22,5.28,0,26.25,605.9,0.0,0,116.16,4,0,0,0,0,0,0,0,0,0,1,0,1,1,0,0,0,1,0,0,0,0,0,0,0,0,0,1,0,1,0,0,1
46,0,35.996008,-120.85305,670,0,5,31.78,0,20.35,92.75,0.0,0,158.9,4,1,0,0,0,0,0,0,0,0,0,0,1,0,0,0,0,1,0,0,0,0,0,0,0,0,0,0,0,1,0,0,1
23,0,35.151491,-117.927597,8316,9,61,13.35,0,24.1,1551.6,0.0,0,814.35,4,0,1,0,1,0,1,0,1,0,0,0,1,1,0,0,0,1,0,0,0,0,0,0,0,0,0,1,1,1,0,0,1
43,0,34.95703,-117.73045,2241,5,48,15.95,0,19.25,855.1,0.0,0,765.5999999999999,4,1,0,0,1,0,1,0,1,0,0,0,1,0,0,0,0,1,0,0,0,0,0,0,0,0,0,1,0,1,0,0,1
24,0,36.869584,-118.189241,734,0,10,13.16,0,20.25,202.5,0.0,0,131.6,4,1,1,0,0,0,0,0,0,0,0,0,1,0,0,0,0,1,0,0,0,0,0,0,0,0,0,1,0,1,0,0,1
50,0,37.730269,-119.055813,618,0,66,45.54,0,19.7,1253.8,0.0,0,3005.64,3,1,0,0,0,0,0,1,0,0,0,0,1,0,0,0,0,1,0,0,0,0,0,0,0,0,0,1,0,0,0,0,1
22,0,36.560498,-117.962461,71,0,3,3.12,0,19.85,57.2,0.0,0,9.36,4,0,1,0,0,0,0,0,0,0,0,0,1,0,0,0,0,1,0,0,0,0,0,0,0,0,0,0,0,1,0,0,1
37,0,34.727529,-118.153098,35109,0,1,48.14,0,20.8,20.8,0.0,0,48.14,4,1,0,0,0,0,0,0,0,0,0,1,1,0,0,0,0,1,0,0,0,0,0,0,0,0,0,0,0,1,0,0,1
30,0,34.505273,-117.955054,11198,2,65,18.07,0,19.9,1292.6,0.0,0,1174.55,4,1,0,0,1,0,1,0,1,0,0,0,1,0,0,0,0,1,0,0,0,0,0,0,0,0,0,1,0,1,0,0,1
23,0,37.550074,-118.837167,8217,0,14,36.42,0,20.4,275.7,0.0,0,509.88,5,1,1,0,0,0,0,0,0,0,1,0,1,0,0,0,0,1,0,0,0,0,0,0,0,0,1,0,0,0,0,0,1
63,0,34.613476,-118.256358,34045,0,11,44.53,0,20.45,237.3,0.0,0,489.83,4,1,0,0,0,0,0,0,0,0,1,0,1,0,0,0,0,1,0,0,0,0,0,0,0,0,0,0,1,1,0,0,1
44,0,36.497895,-119.285484,5519,8,8,17.09,0,19.85,146.6,0.0,0,136.72,5,0,0,0,1,0,1,0,0,0,0,1,1,0,0,0,0,1,0,0,0,0,0,0,0,0,0,1,1,1,0,0,1
47,7,36.785618,-120.625382,9491,6,20,36.85,0,25.55,507.4,0.0,0,737.0,4,0,0,0,1,1,1,0,0,0,1,0,1,1,0,0,0,1,0,0,0,0,0,0,0,0,0,0,1,0,0,0,1
21,3,37.483535,-119.679414,77,4,1,6.86,0,20.0,20.0,0.0,0,6.86,4,0,1,0,1,1,1,0,0,0,0,0,1,0,0,0,0,1,0,0,0,0,0,0,0,0,0,0,0,0,0,0,1
39,0,36.520537,-120.118055,152,7,39,29.56,0,23.8,903.8,0.0,0,1152.84,5,1,0,0,1,0,1,0,0,0,0,0,1,1,0,0,0,1,0,0,0,0,0,0,0,0,0,1,1,1,0,0,1
55,0,37.244307,-119.470256,3376,9,42,33.63,0,25.25,1108.2,0.0,0,1412.46,4,0,0,0,1,0,1,0,0,0,0,0,1,1,0,0,0,1,0,0,0,0,0,0,0,0,0,1,0,0,0,0,1
55,0,36.819628,-119.440414,28991,0,62,8.23,0,25.8,1563.95,0.0,0,510.2600000000001,3,0,0,0,0,0,0,0,0,0,0,0,1,1,0,0,0,1,0,0,0,0,0,0,0,0,0,1,1,1,0,0,1
47,1,37.223,-119.001021,642,1,14,31.7,0,25.55,372.45,0.0,0,443.8,5,0,0,0,1,1,1,0,0,0,0,0,1,1,0,0,0,1,0,0,0,0,0,0,0,0,0,0,0,1,0,0,1
44,1,36.635661,-120.288644,1130,9,38,33.1,0,25.05,963.95,0.0,0,1257.8,3,1,0,0,1,1,1,0,0,1,0,0,1,1,0,0,0,1,0,0,0,0,0,0,0,0,0,1,0,1,0,0,1
36,0,36.78724,-119.827813,35451,0,44,1.4,0,20.4,905.55,0.0,0,61.6,5,1,0,0,0,0,0,0,0,0,0,0,1,0,0,0,0,1,0,0,0,0,0,0,0,0,0,1,0,1,0,0,1
23,0,36.78979,-119.929894,60889,7,15,34.63,0,20.55,295.95,0.0,0,519.45,5,0,1,0,1,0,1,0,0,0,0,0,1,0,0,0,0,1,0,0,0,0,0,0,0,0,1,0,0,1,0,0,1
50,0,36.722898,-121.633648,53946,0,2,40.25,0,24.85,62.0,0.0,0,80.5,3,1,0,0,0,0,0,0,0,0,0,1,1,1,0,0,0,1,0,0,0,0,0,0,0,0,0,0,0,1,0,0,1
32,0,36.624338,-121.615669,13027,0,68,48.41,0,20.5,1424.9,0.0,0,3291.88,4,0,0,0,0,0,0,0,0,0,0,0,1,0,0,0,0,1,0,0,0,0,0,0,0,0,0,1,0,1,0,0,1
63,0,36.52588,-121.396719,9023,0,26,45.7,0,19.8,457.3,0.0,0,1188.2,3,1,0,0,0,0,0,0,0,1,0,0,1,0,0,0,0,1,0,0,0,0,0,0,0,0,1,0,0,1,0,0,1
44,0,36.618337,-121.926417,15449,0,5,24.61,0,20.5,104.3,0.0,0,123.05,3,0,0,0,0,0,0,0,0,0,0,0,1,0,0,0,0,1,0,0,0,0,0,0,0,0,0,0,1,1,0,0,1
44,1,36.125529,-120.864443,521,0,3,33.87,0,26.4,121.25,0.0,0,101.61,5,1,0,0,0,1,0,0,0,0,0,0,1,1,0,0,0,1,0,0,0,0,0,0,0,0,0,1,1,1,0,0,1
63,1,36.624641,-121.647195,407,0,66,37.94,0,19.95,1269.1,0.0,0,2504.04,4,1,0,0,0,1,0,0,0,0,0,0,1,0,0,0,0,1,0,0,0,0,0,0,0,0,0,1,0,1,0,0,1
42,0,37.369709,-122.215844,6601,0,1,3.23,0,20.05,20.05,0.0,0,3.23,3,1,0,0,0,0,0,0,0,0,0,0,1,0,0,0,0,1,0,0,0,0,0,0,0,0,0,0,1,1,0,0,1
19,0,37.331762,-122.341444,291,0,2,27.17,0,19.5,27.55,0.0,0,54.34,5,0,1,0,0,0,0,0,0,0,0,0,1,0,0,0,0,1,0,0,0,0,0,0,0,0,0,0,0,0,1,0,1
26,3,37.789168,-122.395009,2066,0,8,45.87,0,19.95,170.9,0.0,0,366.96,4,0,1,0,0,1,0,0,0,0,0,0,1,0,0,0,0,1,0,0,0,0,0,0,0,0,0,0,0,0,1,0,1
42,0,37.801776,-122.402293,3337,0,12,16.59,0,20.05,267.0,0.0,0,199.08,3,1,0,0,0,0,0,0,0,0,0,0,1,0,0,0,0,1,0,0,0,0,0,0,0,0,1,0,0,1,0,0,1
22,2,37.720498,-122.443119,73117,1,72,28.06,0,25.2,1798.9,0.0,0,2020.32,3,1,1,0,1,1,1,0,0,0,0,0,1,1,0,0,0,1,0,0,0,0,0,0,0,0,0,1,1,0,0,0,1
23,0,37.776718,-122.495781,42476,1,60,16.42,0,24.15,1505.9,0.0,0,985.2,3,1,1,0,1,0,1,0,1,0,0,0,1,1,0,0,0,1,0,0,0,0,0,0,0,0,1,0,0,0,0,0,1
26,0,37.760412,-122.484966,55504,0,12,41.11,0,20.45,255.35,0.0,0,493.32,5,1,1,0,0,0,0,0,0,0,0,0,1,0,0,0,0,1,0,0,0,0,0,0,0,0,0,0,0,0,1,0,1
54,0,37.45809,-122.115398,45499,3,72,2.61,0,19.3,1304.8,0.0,0,187.92,3,1,0,0,1,0,1,0,0,0,0,0,1,0,0,0,0,1,0,0,0,0,0,0,0,0,0,1,0,1,0,0,1
46,0,37.556094,-122.272437,31882,0,15,2.74,0,19.9,320.45,0.0,0,41.1,4,0,0,0,0,0,0,0,0,0,0,0,1,0,0,0,0,1,0,0,0,0,0,0,0,0,0,0,0,0,1,0,1
55,0,37.774633,-122.274434,58555,0,24,47.31,0,21.05,531.55,0.0,0,1135.44,5,0,0,0,0,0,0,0,0,0,0,0,1,0,0,0,0,1,0,0,0,0,0,0,0,0,1,0,0,0,0,0,1
39,2,38.113533,-122.11926,25578,4,4,3.63,0,20.5,77.6,0.0,0,14.52,4,1,0,0,1,1,1,0,0,0,0,0,1,0,0,0,0,1,0,0,0,0,0,0,0,0,0,0,1,0,1,0,1
42,1,37.908242,-121.682472,26577,8,35,47.33,0,20.5,759.35,0.0,0,1656.55,4,1,0,0,1,1,1,0,0,0,0,0,1,0,0,0,0,1,0,0,0,0,0,0,0,0,0,1,0,0,0,0,1
33,2,37.971421,-121.971504,39888,0,71,4.15,0,25.45,1813.35,0.0,0,294.65000000000003,3,0,0,0,1,1,0,1,0,0,0,0,1,1,0,0,0,1,0,0,0,0,0,0,0,0,0,1,0,0,0,0,1
41,0,38.287136,-122.02711,77683,0,17,42.66,0,20.5,365.8,0.0,0,725.2199999999999,3,1,0,0,0,0,0,0,0,0,0,0,1,0,0,0,0,1,0,0,0,0,0,0,0,0,1,0,1,0,1,0,1
50,3,37.656695,-122.048361,11147,0,3,19.58,0,20.85,60.65,0.0,0,58.74,4,1,0,0,0,1,0,0,0,0,0,0,1,0,0,0,0,1,0,0,0,0,0,0,0,0,0,0,0,1,0,0,1
23,0,37.504133,-122.032347,42491,0,20,10.97,0,19.5,413.0,0.0,0,219.4,3,0,1,0,0,0,0,0,0,0,1,0,1,0,0,0,0,1,0,0,0,0,0,0,0,0,0,0,1,0,0,0,1
21,1,37.999406,-121.686241,27607,9,40,22.96,0,19.6,808.95,0.0,0,918.4,5,1,1,0,1,1,1,0,1,0,0,0,1,0,0,0,0,1,0,0,0,0,0,0,0,0,0,1,0,1,0,0,1
62,1,38.006047,-121.916834,78816,7,72,21.14,0,23.75,1679.25,0.0,0,1522.08,5,0,0,0,1,1,1,1,0,0,0,0,1,1,0,0,0,1,0,0,0,0,0,0,0,0,0,1,0,0,0,0,1
48,0,37.713926,-121.928425,29636,0,1,5.32,0,19.75,19.75,0.0,0,5.32,5,1,0,0,0,0,0,0,0,0,0,1,1,0,0,0,0,1,0,0,0,0,0,0,0,0,0,0,0,0,0,0,1
20,2,38.035707,-122.196821,173,0,27,30.36,0,19.15,537.35,0.0,0,819.72,3,1,1,0,0,1,0,0,0,0,0,0,1,0,0,0,0,1,0,0,0,0,0,0,0,0,0,0,0,1,0,0,1
53,0,38.148862,-121.737696,5246,7,34,26.03,0,19.6,678.8,0.0,0,885.02,5,1,0,0,1,0,1,0,0,0,0,0,1,0,0,0,0,1,0,0,0,0,0,0,0,0,1,0,0,1,0,0,1
31,0,38.581354,-122.296283,9423,0,58,38.62,0,24.35,1423.85,0.0,0,2239.96,3,0,0,0,0,0,0,0,1,0,0,0,1,1,0,0,0,1,0,0,0,0,0,0,0,0,0,1,0,1,0,0,1
30,3,38.554383,-122.474773,223,9,22,25.98,0,25.25,555.4,0.0,0,571.5600000000001,3,0,0,0,1,1,1,0,0,0,1,0,1,1,0,0,0,1,0,0,0,0,0,0,0,0,0,1,0,1,0,0,1
27,2,37.717196,-122.159338,41871,10,10,18.57,0,26.1,225.55,0.0,0,185.7,5,0,1,0,1,1,1,0,0,0,1,0,1,1,0,0,0,1,0,0,0,0,0,0,0,0,0,1,0,1,0,0,1
23,0,37.704384,-122.126703,36568,0,13,1.61,0,20.0,268.45,0.0,0,20.93,3,1,1,0,0,0,0,0,0,0,1,0,1,0,0,0,0,1,0,0,0,0,0,0,0,0,0,1,0,1,0,0,1
19,0,38.197907,-122.017258,39279,1,72,21.72,0,20.7,1492.1,0.0,0,1563.84,3,1,1,0,1,0,1,1,0,0,0,0,1,0,0,0,0,1,0,0,0,0,0,0,0,0,0,1,0,0,0,0,1
28,0,38.104705,-122.247387,37218,0,37,26.49,0,19.85,784.25,0.0,0,980.13,3,0,1,0,0,0,0,0,0,0,0,0,1,0,0,0,0,1,0,0,0,0,0,0,0,0,0,1,0,1,0,0,1
59,0,38.105733,-122.186338,51665,0,21,34.39,0,20.0,417.7,0.0,0,722.19,3,1,0,0,0,0,0,0,0,0,1,0,1,0,0,0,0,1,0,0,0,0,0,0,0,0,0,0,0,1,0,0,1
36,0,37.834341,-122.26437,21097,0,64,15.93,0,24.4,1601.2,0.0,0,1019.52,5,0,0,0,0,0,0,0,1,0,0,0,1,1,0,0,0,1,0,0,0,0,0,0,0,0,1,0,1,0,0,0,1
33,0,37.828416,-122.216005,36517,0,23,13.98,0,19.5,470.2,0.0,0,321.54,4,0,0,0,0,0,0,0,0,0,1,0,1,0,0,0,0,1,0,0,0,0,0,0,0,0,0,0,1,1,0,0,1
49,0,37.945288,-122.383941,28450,4,62,8.91,0,23.65,1416.75,0.0,0,552.42,4,0,0,0,1,0,1,0,0,0,0,0,1,1,0,0,0,1,0,0,0,0,0,0,0,0,0,1,0,0,0,0,1
39,0,37.921034,-122.341798,39089,0,66,49.13,0,25.1,1697.7,0.0,0,3242.5800000000004,4,1,0,0,0,0,0,1,0,0,0,0,1,1,0,0,0,1,0,0,0,0,0,0,0,0,0,1,0,1,0,0,1
56,0,37.885629,-122.46858,13065,0,16,44.05,0,19.3,360.35,0.0,0,704.8,3,0,0,0,0,0,0,0,0,0,1,0,1,0,0,0,0,1,0,0,0,0,0,0,0,0,1,0,1,0,0,0,1
42,0,37.971751,-122.611873,8486,0,29,46.12,0,19.8,572.2,0.0,0,1337.48,4,1,0,0,0,0,0,0,0,0,0,0,1,0,0,0,0,1,0,0,0,0,0,0,0,0,1,0,1,1,0,0,1
47,0,37.901371,-122.572024,28727,0,36,41.33,0,19.55,620.75,0.0,0,1487.88,5,0,0,0,0,0,0,0,0,0,0,0,1,0,0,0,0,1,0,0,0,0,0,0,0,0,1,0,0,1,0,0,1
49,0,38.052209,-122.775567,248,10,26,45.28,0,20.05,505.9,0.0,0,1177.28,5,1,0,0,1,0,1,0,0,0,0,0,1,0,0,0,0,1,0,0,0,0,0,0,0,0,1,0,1,0,0,0,1
63,0,38.00474,-122.663717,548,7,47,6.54,0,19.65,973.1,0.0,0,307.38,5,1,0,0,1,0,1,0,0,0,0,0,1,0,0,0,0,1,0,0,0,0,0,0,0,0,0,1,0,1,0,0,1
31,0,37.013471,-121.877877,24227,0,1,18.81,0,21.1,21.1,0.0,0,18.81,5,1,0,0,0,0,0,0,0,0,0,0,1,0,0,0,0,1,0,0,0,0,0,0,0,0,0,0,0,1,0,0,1
44,0,37.078873,-122.090386,6407,9,58,36.45,0,24.5,1497.9,9.22,0,2114.1000000000004,4,0,0,0,1,0,1,0,0,0,0,0,1,1,0,0,0,1,0,0,0,0,0,0,0,0,1,0,1,1,0,0,1
50,0,36.977025,-121.952864,9673,0,32,14.91,0,20.05,614.45,9.73,0,477.12,5,1,0,0,0,0,0,0,0,0,0,0,1,0,0,0,0,1,0,0,0,0,0,0,0,0,0,1,1,0,0,0,1
39,1,37.306612,-122.080621,54431,5,10,22.83,0,25.75,257.5,0.0,0,228.3,5,1,0,0,1,1,1,0,0,0,0,0,1,1,0,0,0,1,0,0,0,0,0,0,0,0,0,1,0,1,0,0,1
41,0,37.089111,-122.062213,8728,0,52,8.25,0,19.6,1012.4,46.07,0,429.0,3,0,0,0,1,0,0,0,0,0,0,0,1,0,0,0,0,1,0,0,0,0,0,0,0,0,1,0,0,1,0,0,1
53,3,37.393554,-121.965114,13031,0,15,32.54,0,24.8,324.15,12.8,0,488.1,3,1,0,0,0,1,0,0,0,0,0,0,1,1,0,0,0,1,0,0,0,0,0,0,0,0,0,0,1,0,0,0,1
21,3,36.993451,-122.098858,43192,4,20,38.6,0,20.0,417.65,9.73,0,772.0,3,0,1,0,1,1,1,0,0,0,0,0,1,0,0,0,0,1,0,0,0,0,0,0,0,0,0,0,0,0,0,0,1
32,0,37.031404,-121.981865,8365,0,42,48.41,0,19.55,839.4,12.16,0,2033.22,3,1,0,0,0,0,0,0,0,0,0,0,1,0,0,0,0,1,0,0,0,0,0,0,0,0,1,0,1,1,0,0,1
57,0,37.023669,-121.946461,9823,10,69,39.78,0,24.25,1641.8,45.75,0,2744.82,3,0,0,0,1,0,1,1,0,0,0,0,1,1,0,0,0,1,0,0,0,0,0,0,0,0,0,1,0,0,0,0,1
24,0,36.931654,-121.752383,81141,0,69,36.5,0,24.6,1678.05,28.42,0,2518.5,5,0,1,0,0,0,0,1,0,0,0,0,1,1,0,0,0,1,0,0,0,0,0,0,0,0,0,1,0,1,0,0,1
36,0,37.233226,-121.78809,10155,0,38,46.18,0,24.25,914.4,35.61,0,1754.84,3,0,0,0,0,0,0,0,0,0,0,0,1,1,0,0,0,1,0,0,0,0,0,0,0,0,1,0,1,0,0,0,1
26,0,37.387027,-121.897775,26389,0,27,20.66,0,19.4,529.8,0.0,0,557.82,5,1,1,0,0,0,0,0,0,0,0,0,1,0,0,0,0,1,0,0,0,0,0,0,0,0,0,0,1,0,0,0,1
45,2,37.371862,-121.860349,26032,9,26,43.84,0,19.15,515.75,0.0,0,1139.84,5,1,0,0,1,1,1,0,0,0,0,0,1,0,0,0,0,1,0,0,0,0,0,0,0,0,0,1,1,1,0,0,1
58,1,37.270938,-121.851046,36944,0,2,21.18,0,19.25,48.35,0.0,0,42.36,3,1,0,0,0,1,0,0,0,0,0,0,1,0,0,0,0,1,0,0,0,0,0,0,0,0,0,0,0,1,0,0,1
40,2,37.382909,-121.634151,38,7,63,46.9,0,20.0,1209.25,0.0,0,2954.7,5,0,0,0,1,1,1,0,1,0,0,0,1,0,0,0,0,1,0,0,0,0,0,0,0,0,0,1,0,1,0,0,1
52,2,37.339533,-121.777179,44103,9,71,23.34,0,19.8,1396.25,0.0,0,1657.14,4,1,0,0,1,1,1,1,0,0,0,0,1,0,0,0,0,1,0,0,0,0,0,0,0,0,0,1,0,1,0,0,1
38,2,37.965695,-121.260051,34138,0,6,16.91,0,20.2,98.35,0.0,0,101.46,4,1,0,0,0,1,0,0,0,0,0,0,1,0,0,0,0,1,0,0,0,0,0,0,0,0,0,0,1,1,0,0,1
59,0,38.32153,-120.236358,5159,0,1,7.8,0,18.85,18.85,0.0,0,7.8,4,0,0,0,0,0,0,0,0,0,0,0,1,0,0,0,0,1,0,0,0,0,0,0,0,0,0,0,0,0,0,0,1
48,1,38.233879,-120.861666,75,7,45,20.11,0,24.65,1138.8,0.0,0,904.95,4,0,0,0,1,1,1,0,1,0,0,0,1,1,0,0,0,1,0,0,0,0,0,0,0,0,0,1,1,0,0,0,1
62,0,37.943954,-120.67108,2633,0,53,10.32,0,18.7,1005.7,0.0,0,546.96,5,0,0,0,0,0,0,0,1,0,0,0,1,0,0,0,0,1,0,0,0,0,0,0,0,0,0,1,0,0,1,0,1
41,0,38.304194,-120.592431,2718,0,25,7.17,0,19.9,510.8,0.0,0,179.25,3,1,0,0,0,0,0,0,0,1,0,0,1,0,0,0,0,1,0,0,0,0,0,0,0,0,1,0,0,1,0,0,1
21,0,38.196497,-120.61689,3930,1,1,23.41,0,19.65,19.65,0.0,0,23.41,3,1,1,0,1,0,1,0,0,0,0,1,1,0,0,0,0,1,0,0,0,0,0,0,0,0,1,0,0,0,1,0,1
26,0,37.555631,-120.911653,2130,1,15,39.84,0,19.45,340.85,0.0,0,597.6,5,1,1,0,1,0,1,0,0,0,1,0,1,0,0,0,0,1,0,0,0,0,0,0,0,0,0,0,1,1,0,0,1
24,0,37.666587,-120.411517,1749,0,42,18.31,0,20.75,844.45,0.0,0,769.02,3,0,1,0,0,0,0,0,1,0,0,0,1,0,0,0,0,1,0,0,0,0,0,0,0,0,0,1,1,0,0,0,1
63,0,37.830267,-121.201018,36738,0,60,39.41,0,25.0,1505.05,0.0,0,2364.6,3,0,0,0,0,0,0,0,1,0,0,0,1,1,0,0,0,1,0,0,0,0,0,0,0,0,0,1,0,0,1,0,1
28,2,37.672906,-120.946594,47613,5,69,42.49,0,20.2,1412.65,0.0,0,2931.81,5,0,1,0,1,1,1,0,0,0,0,0,1,0,0,0,0,1,0,0,0,0,0,0,0,0,0,1,0,0,0,0,1
42,3,37.612612,-121.108568,30668,3,54,19.7,0,20.4,1090.6,0.0,0,1063.8,4,1,0,0,1,1,1,0,0,0,0,0,1,0,0,0,0,1,0,0,0,0,0,0,0,0,0,1,0,1,0,0,1
26,0,37.343846,-121.039391,8504,6,62,32.28,0,23.75,1446.8,0.0,0,2001.36,4,1,1,0,1,0,1,0,0,0,0,0,1,1,0,0,0,1,0,0,0,0,0,0,0,0,1,0,1,1,0,0,1
64,0,37.982716,-120.343732,25340,3,72,24.42,0,24.65,1830.05,0.0,0,1758.2400000000002,5,0,0,0,1,0,1,0,0,0,0,0,1,1,0,0,0,1,0,0,0,0,0,0,0,0,0,1,0,0,0,0,1
43,2,38.107441,-120.230625,4848,8,70,30.33,0,24.7,1685.9,0.0,0,2123.1,4,0,0,0,1,1,1,0,0,0,0,0,1,1,0,0,0,1,0,0,0,0,0,0,0,0,0,1,0,0,0,0,1
39,0,37.421299,-120.599587,11463,0,13,22.31,0,19.45,270.2,0.0,0,290.03,5,1,0,0,0,0,0,0,0,0,1,0,1,0,0,0,0,1,0,0,0,0,0,0,0,0,1,0,0,0,1,0,1
43,0,38.488431,-122.752839,40270,0,25,17.64,0,20.15,536.35,0.0,0,441.0,5,1,0,0,0,0,0,0,0,1,0,0,1,0,0,0,0,1,0,0,0,0,0,0,0,0,0,0,1,0,1,0,1
62,0,39.07116,-122.598542,3684,0,1,46.59,0,19.45,19.45,0.0,0,46.59,3,1,0,0,0,0,0,0,0,0,0,1,1,0,0,0,0,1,0,0,0,0,0,0,0,0,0,0,0,0,0,0,1
57,0,38.445603,-123.063756,187,0,47,3.49,0,20.15,1046.2,0.0,0,164.03,3,0,0,0,0,0,0,0,0,0,0,0,1,0,0,0,0,1,0,0,0,0,0,0,0,0,0,1,0,1,0,0,1
23,2,38.618347,-122.908422,17979,5,63,28.92,0,24.65,1574.5,0.0,0,1821.96,4,1,1,0,1,1,1,0,0,0,0,0,1,1,0,0,0,1,0,0,0,0,0,0,0,0,0,1,0,1,0,0,1
20,1,38.505995,-123.187019,438,10,5,8.04,0,19.45,86.05,0.0,0,40.2,3,1,1,0,1,1,1,0,0,0,0,0,1,0,0,0,0,1,0,0,0,0,0,0,0,0,0,0,0,1,0,0,1
25,2,39.245911,-123.77214,882,6,72,22.05,0,20.1,1326.25,0.0,0,1587.6,4,0,1,0,1,1,1,0,0,0,0,0,1,0,0,0,0,1,0,0,0,0,0,0,0,0,0,1,1,1,0,0,1
47,0,39.141934,-122.770679,3002,3,25,25.08,0,20.95,495.15,0.0,0,627.0,4,1,0,0,1,0,1,0,0,0,0,0,1,0,0,0,0,1,0,0,0,0,0,0,0,0,1,0,1,0,0,0,1
44,0,39.305545,-123.743697,2229,0,36,49.85,0,19.25,679.8,0.0,0,1794.6,3,0,0,0,0,0,0,0,0,0,0,0,1,0,0,0,0,1,0,0,0,0,0,0,0,0,1,0,1,0,0,0,1
50,1,39.182916,-123.552571,148,2,59,41.19,0,19.85,1188.25,0.0,0,2430.21,3,1,0,0,1,1,1,0,0,0,0,0,1,0,0,0,0,1,0,0,0,0,0,0,0,0,0,1,0,1,0,0,1
42,0,38.911299,-123.609588,1352,0,64,38.96,0,19.55,1240.15,0.0,0,2493.44,3,1,0,0,0,0,0,0,0,0,0,0,1,0,0,0,0,1,0,0,0,0,0,0,0,0,0,1,0,1,0,0,1
47,3,40.737431,-124.108897,23570,5,69,38.39,0,19.7,1396.9,0.0,0,2648.91,5,0,0,0,1,1,1,0,0,0,0,0,1,0,0,0,0,1,0,0,0,0,0,0,0,0,0,1,0,0,0,0,1
32,1,40.726949,-124.217378,228,3,11,2.52,0,20.9,202.3,0.0,0,27.72,5,0,0,0,1,1,1,0,0,0,1,0,1,0,0,0,0,1,0,0,0,0,0,0,0,0,0,1,0,1,0,0,1
47,0,40.584991,-124.121504,12241,0,7,13.86,0,19.95,147.5,0.0,0,97.02,3,1,0,0,0,0,0,0,0,0,0,0,1,0,0,0,0,1,0,0,0,0,0,0,0,0,0,0,1,1,0,0,1
27,0,40.057784,-123.679461,2423,0,3,26.33,0,24.6,86.35,0.0,0,78.99,4,0,1,0,0,0,0,0,0,0,0,0,1,1,0,0,0,1,0,0,0,0,0,0,0,0,0,0,0,1,0,0,1
21,0,41.572813,-124.035011,1215,9,10,49.6,0,19.95,187.75,0.0,0,496.0,4,0,1,0,1,0,1,0,0,0,1,0,1,0,0,0,0,1,0,0,0,0,0,0,0,0,0,0,1,0,0,0,1
33,0,40.664483,-123.865325,264,5,71,43.37,0,24.65,1710.15,0.0,0,3079.27,4,0,0,0,1,0,1,0,0,0,0,0,1,1,0,0,0,1,0,0,0,0,0,0,0,0,0,1,1,0,0,0,1
28,0,41.336354,-124.044354,494,8,72,12.87,0,19.4,1496.45,0.0,0,926.64,3,0,1,0,1,0,1,0,0,0,0,0,1,0,0,0,0,1,0,0,0,0,0,0,0,0,0,1,0,0,0,0,1
57,0,40.184094,-123.745487,163,0,69,22.24,0,23.95,1713.1,0.0,0,1534.56,3,1,0,0,0,0,0,0,0,0,0,0,1,1,0,0,0,1,0,0,0,0,0,0,0,0,0,1,0,0,0,0,1
56,0,40.440636,-124.098739,1125,0,31,25.58,0,20.4,609.1,0.0,0,792.9799999999999,3,1,0,0,0,0,0,0,0,0,0,0,1,0,0,0,0,1,0,0,0,0,0,0,0,0,0,1,0,0,0,0,1
55,0,40.310119,-123.909449,270,0,8,23.46,0,20.0,141.6,0.0,0,187.68,3,0,0,0,0,0,0,0,0,0,0,0,1,0,0,0,0,1,0,0,0,0,0,0,0,0,0,1,0,1,0,0,1
27,0,39.873371,-123.741474,321,3,28,42.33,0,20.5,563.05,0.0,0,1185.24,4,0,1,0,1,0,1,0,0,0,0,0,1,0,0,0,0,1,0,0,0,0,0,0,0,0,0,0,0,1,0,0,1
58,0,40.170357,-123.417298,259,0,19,19.1,0,19.95,373.5,0.0,0,362.9,4,1,0,0,0,0,0,0,0,0,0,0,1,0,0,0,0,1,0,0,0,0,0,0,0,0,0,1,1,1,0,0,1
43,2,38.592745,-121.540036,12756,3,11,16.67,0,20.45,250.8,0.0,0,183.37,5,1,0,0,1,1,1,0,0,0,0,0,1,0,0,0,0,1,0,0,0,0,0,0,0,0,0,0,1,0,0,0,1
59,0,38.681651,-122.130569,262,9,66,45.03,0,20.35,1359.5,0.0,0,2971.98,5,1,0,0,1,0,1,1,0,0,0,0,1,0,0,0,0,1,0,0,0,0,0,0,0,0,1,0,1,0,0,0,1
43,0,38.69508,-121.271616,43718,0,9,46.94,0,19.5,178.85,0.0,0,422.46,4,0,0,0,0,0,0,0,0,0,0,0,1,0,0,0,0,1,0,0,0,0,0,0,0,0,0,0,1,0,0,0,1
62,0,38.513484,-120.704613,850,0,27,35.77,0,20.25,538.2,0.0,0,965.79,3,0,0,0,0,0,0,0,0,0,0,0,1,0,0,0,0,1,0,0,0,0,0,0,0,0,0,1,1,0,0,0,1
63,2,38.274451,-121.259201,24194,0,1,29.1,0,19.85,19.85,0.0,0,29.1,3,1,0,0,0,1,0,0,0,0,0,0,1,0,0,0,0,1,0,0,0,0,0,0,0,0,0,0,0,1,0,0,1
35,1,38.9386,-120.785514,2723,3,39,32.57,0,19.85,854.8,0.0,0,1270.23,5,0,0,0,1,1,1,0,0,0,0,0,1,0,0,0,0,1,0,0,0,0,0,0,0,0,0,1,1,0,0,0,1
39,0,38.154823,-121.601358,2010,0,46,4.6,0,24.95,1165.9,0.0,0,211.6,3,0,0,0,1,0,0,0,1,0,0,0,1,1,0,0,0,1,0,0,0,0,0,0,0,0,1,0,0,1,0,0,1
53,3,38.809175,-121.171375,11191,3,72,20.42,0,24.3,1643.25,0.0,0,1470.2400000000002,4,1,0,0,1,1,1,1,0,0,0,0,1,1,0,0,0,1,0,0,0,0,0,0,0,0,0,1,0,0,0,0,1
21,0,38.788898,-121.608624,751,3,33,49.37,0,20.1,620.55,0.0,0,1629.2099999999998,5,1,1,0,1,0,1,0,0,0,0,0,1,0,0,0,0,1,0,0,0,0,0,0,0,0,1,0,0,1,0,0,1
47,0,38.671295,-121.388251,32202,0,1,44.09,0,20.35,20.35,0.0,0,44.09,3,0,0,0,0,0,0,0,0,0,0,0,1,0,0,0,0,1,0,0,0,0,0,0,0,0,0,0,0,1,0,0,1
56,0,38.546999,-120.271114,5501,9,14,19.03,0,19.55,294.5,0.0,0,266.42,3,0,0,0,1,0,1,0,0,0,0,0,1,0,0,0,0,1,0,0,0,0,0,0,0,0,1,0,0,0,1,0,1
38,3,38.733714,-120.795213,34146,0,3,5.15,0,19.95,58.3,0.0,0,15.45,5,1,0,0,0,1,0,0,0,0,0,1,1,0,0,0,0,1,0,0,0,0,0,0,0,0,0,0,0,0,1,0,1
38,0,38.724322,-120.991237,3815,0,35,6.52,0,23.3,797.1,0.0,0,228.2,3,0,0,0,0,0,0,0,0,0,0,0,1,1,0,0,0,1,0,0,0,0,0,0,0,0,0,1,0,0,0,0,1
64,3,38.954144,-121.482536,947,0,66,23.81,0,25.3,1673.8,0.0,0,1571.4599999999998,4,1,0,0,0,1,0,1,0,0,0,0,1,1,0,0,0,1,0,0,0,0,0,0,0,0,0,1,1,1,0,0,1
59,3,38.240419,-121.587535,2344,2,63,30.1,0,19.15,1177.05,0.0,0,1896.3,5,1,0,0,1,1,1,0,0,0,0,0,1,0,0,0,0,1,0,0,0,0,0,0,0,0,0,1,1,0,1,0,1
32,0,38.71967,-121.862416,38547,0,48,9.19,0,19.95,936.7,0.0,0,441.12,3,0,0,0,0,0,0,0,0,0,0,0,1,0,0,0,0,1,0,0,0,0,0,0,0,0,1,0,0,0,1,0,1
43,3,39.197215,-120.83679,350,10,45,47.31,0,24.45,1088.25,0.0,0,2128.9500000000003,5,1,0,0,1,1,1,0,0,0,0,0,1,1,0,0,0,1,0,0,0,0,0,0,0,0,0,1,0,0,1,0,1
21,0,39.23754,-120.720196,185,0,23,43.77,0,24.8,615.35,0.0,0,1006.71,3,0,1,0,0,0,0,0,0,0,0,0,1,1,0,0,0,1,0,0,0,0,0,0,0,0,1,0,0,1,0,0,1
49,0,38.766036,-120.209673,183,0,35,17.92,0,20.75,739.9,0.0,0,627.2,3,1,0,0,0,0,0,0,0,0,0,0,1,0,0,0,0,1,0,0,0,0,0,0,0,0,0,0,0,0,0,0,1
26,0,38.749466,-121.184196,20675,5,8,48.39,0,19.9,153.95,0.0,0,387.12,5,1,1,0,1,0,1,0,0,0,0,1,1,0,0,0,0,1,0,0,0,0,0,0,0,0,1,0,0,1,0,0,1
45,0,38.574856,-121.46504,16164,0,23,35.32,0,20.85,473.9,0.0,0,812.36,5,1,0,0,0,0,0,0,0,0,0,0,1,0,0,0,0,1,0,0,0,0,0,0,0,0,0,0,0,0,0,0,1
51,3,38.556306,-121.495817,21313,0,8,34.87,0,19.35,152.6,0.0,0,278.96,3,1,0,0,1,1,0,0,0,0,0,1,1,0,0,0,0,1,0,0,0,0,0,0,0,0,0,0,1,0,1,0,1
20,1,38.512569,-121.495184,44683,5,29,24.64,0,20.65,654.85,0.0,0,714.5600000000001,3,1,1,0,1,1,1,0,0,0,0,0,1,0,0,0,0,1,0,0,0,0,0,0,0,0,0,0,1,0,1,0,1
47,0,38.490508,-121.284171,592,7,36,21.77,0,20.0,666.75,0.0,0,783.72,3,1,0,0,1,0,1,0,0,0,0,0,1,0,0,0,0,1,0,0,0,0,0,0,0,0,1,0,0,0,1,0,1
42,0,38.660442,-121.346321,20993,0,8,14.32,0,19.2,156.85,0.0,0,114.56,3,0,0,0,0,0,0,0,0,0,0,0,1,0,0,0,0,1,0,0,0,0,0,0,0,0,0,0,0,1,0,0,1
35,0,39.467828,-120.841386,118,0,2,15.83,0,20.25,36.8,0.0,0,31.66,4,1,0,0,0,0,0,0,0,0,0,0,1,0,0,0,0,1,0,0,0,0,0,0,0,0,0,0,0,1,0,0,1
21,0,40.080342,-120.957805,178,0,1,5.1,0,19.55,19.55,0.0,0,5.1,3,0,1,0,0,0,0,0,0,0,0,0,1,0,0,0,0,1,0,0,0,0,0,0,0,0,0,0,0,1,0,0,1
19,0,39.53222,-122.594879,587,0,3,1.57,0,20.25,61.45,0.0,0,4.71,5,1,1,0,0,0,0,0,0,0,0,0,1,0,0,0,0,1,0,0,0,0,0,0,0,0,0,0,1,0,0,0,1
59,0,39.194539,-120.988066,23990,0,13,18.73,0,19.95,243.65,0.0,0,243.49,4,1,0,0,0,0,0,0,0,0,1,0,1,0,0,0,0,1,0,0,0,0,0,0,0,0,0,1,0,1,0,0,1
27,0,39.732767,-122.042298,1931,0,54,25.72,0,19.65,1008.7,0.0,0,1388.88,5,1,1,0,0,0,0,0,0,0,0,0,1,0,0,0,0,1,0,0,0,0,0,0,0,0,0,1,0,1,0,0,1
56,1,39.937017,-121.058043,301,2,67,48.75,0,19.25,1372.9,0.0,0,3266.25,4,0,0,0,1,1,1,1,0,0,0,0,1,0,0,0,0,1,0,0,0,0,0,0,0,0,0,1,1,0,0,0,1
48,1,39.423046,-120.984472,565,0,63,24.32,0,19.5,1215.1,0.0,0,1532.16,5,0,0,0,0,1,0,0,0,0,0,0,1,0,0,0,0,1,0,0,0,0,0,0,0,0,0,1,0,1,0,0,1
49,0,39.624561,-121.552866,17782,0,5,24.53,0,20.55,96.1,0.0,0,122.65,3,0,0,0,0,0,0,0,0,0,0,0,1,0,0,0,0,1,0,0,0,0,0,0,0,0,0,0,0,1,0,0,1
28,0,39.435756,-121.552071,1254,5,3,41.9,0,19.6,55.25,0.0,0,125.7,3,0,1,0,1,0,1,0,0,0,0,0,1,0,0,0,0,1,0,0,0,0,0,0,0,0,0,0,1,1,0,0,1
44,0,39.971228,-121.041166,6189,0,8,7.02,23,43.55,335.4,0.0,10,56.16,5,1,0,0,0,0,0,0,0,0,0,0,1,0,1,1,0,0,0,0,0,0,0,0,0,0,0,0,0,1,0,0,1
61,1,39.495768,-121.747472,74,7,7,5.01,0,20.65,158.95,0.0,0,35.07,3,0,0,0,1,1,1,0,0,0,0,0,1,0,0,0,0,1,0,0,0,0,0,0,0,0,0,0,0,1,0,0,1
19,1,39.176595,-121.291692,963,3,72,5.7,0,21.0,1493.75,0.0,0,410.4,5,1,1,0,1,1,1,1,0,0,0,0,1,0,0,0,0,1,0,0,0,0,0,0,0,0,0,1,0,0,0,0,1
60,0,39.288127,-122.415841,844,9,59,26.99,0,18.4,1057.85,0.0,0,1592.41,4,0,0,0,1,0,1,0,1,0,0,0,1,0,0,0,0,1,0,0,0,0,0,0,0,0,0,1,0,0,0,0,1
62,1,39.172777,-121.805845,3193,5,35,24.76,0,25.75,882.55,0.0,0,866.6,5,0,0,0,1,1,1,0,0,1,0,0,1,1,0,0,0,1,0,0,0,0,0,0,0,0,0,0,1,0,0,0,1
64,0,40.053684,-120.743116,513,0,14,8.54,0,19.6,300.4,0.0,0,119.56,4,1,0,0,0,0,0,0,0,0,1,0,1,0,0,0,0,1,0,0,0,0,0,0,0,0,0,0,0,1,0,0,1
29,2,39.34128,-120.786867,145,7,69,8.39,0,19.8,1436.95,0.0,0,578.9100000000001,5,0,1,0,1,1,1,1,0,0,0,0,1,0,0,0,0,1,0,0,0,0,0,0,0,0,0,1,0,1,0,0,1
52,0,40.677649,-122.29467,41476,0,72,3.43,0,19.85,1434.1,0.0,0,246.96,5,1,0,0,0,0,0,1,0,0,0,0,1,0,0,0,0,1,0,0,0,0,0,0,0,0,0,1,0,0,0,0,1
42,0,41.171578,-120.913161,615,0,46,32.78,0,21.1,937.1,0.0,0,1507.88,5,0,0,0,0,0,0,0,1,0,0,0,1,0,0,0,0,1,0,0,0,0,0,0,0,0,0,1,1,0,0,0,1
53,0,40.775272,-123.287414,269,0,60,31.12,0,19.85,1128.1,0.0,0,1867.2,4,0,0,0,0,0,0,0,1,0,0,0,1,0,0,0,0,1,0,0,0,0,0,0,0,0,0,1,0,0,0,0,1
61,0,40.936285,-121.572692,344,0,22,4.79,0,25.25,566.5,0.0,0,105.38,4,1,0,0,0,0,0,0,0,0,1,0,1,1,0,0,0,1,0,0,0,0,0,0,0,0,0,1,0,1,0,0,1
31,0,40.243494,-121.154733,2664,0,26,31.73,0,20.9,518.3,0.0,0,824.98,3,1,0,0,0,0,0,0,0,1,0,0,1,0,0,0,0,1,0,0,0,0,0,0,0,0,0,0,0,1,0,0,1
52,0,41.212695,-122.392067,2602,0,2,25.92,0,20.35,45.3,0.0,0,51.84,3,0,0,0,0,0,0,0,0,0,0,0,1,0,0,0,0,1,0,0,0,0,0,0,0,0,0,0,0,1,0,0,1
48,1,41.831901,-123.487478,1294,1,23,39.59,0,20.4,478.75,0.0,0,910.57,4,0,0,0,1,1,1,0,0,0,1,0,1,0,0,0,0,1,0,0,0,0,0,0,0,0,0,1,0,0,0,0,1
46,3,40.789799,-121.474529,397,0,1,7.66,0,20.05,20.05,0.0,0,7.66,3,1,0,0,0,1,0,0,0,0,0,0,1,0,0,0,0,1,0,0,0,0,0,0,0,0,0,0,0,1,0,0,1
36,0,40.648024,-123.465088,268,0,15,23.56,0,19.65,270.6,0.0,0,353.4,5,0,0,0,0,0,0,0,0,0,0,0,1,0,0,0,0,1,0,0,0,0,0,0,0,0,1,0,0,1,0,0,1
59,3,40.531257,-122.148139,830,1,48,20.73,0,26.3,1245.05,0.0,0,995.04,3,1,0,0,1,1,1,0,1,0,0,0,1,1,0,0,0,1,0,0,0,0,0,0,0,0,0,1,0,0,0,0,1
31,3,40.877552,-121.885884,431,0,63,41.84,0,19.35,1263.85,0.0,0,2635.92,4,0,0,0,1,1,0,0,1,0,0,0,1,0,0,0,0,1,0,0,0,0,0,0,0,0,0,1,0,0,0,0,1
24,0,41.33832,-122.290756,7309,0,17,34.02,0,21.1,385.55,0.0,0,578.34,3,1,1,0,0,0,0,0,0,0,0,0,1,0,0,0,0,1,0,0,0,0,0,0,0,0,0,0,0,1,0,0,1
41,1,40.689243,-122.037023,829,1,4,39.04,0,18.85,84.2,0.0,0,156.16,4,1,0,0,1,1,1,0,0,0,0,1,1,0,0,0,0,1,0,0,0,0,0,0,0,0,0,0,0,1,0,0,1
51,3,40.656287,-121.428965,182,0,62,2.83,0,26.0,1638.7,0.0,0,175.46,3,0,0,0,0,1,0,0,1,0,0,0,1,1,0,0,0,1,0,0,0,0,0,0,0,0,0,1,0,0,0,0,1
53,0,40.367964,-122.937379,215,1,27,44.19,0,19.55,520.55,0.0,0,1193.13,4,1,0,0,1,0,1,0,0,1,0,0,1,0,0,0,0,1,0,0,0,0,0,0,0,0,0,1,0,0,0,0,1
34,0,40.021787,-122.127576,405,0,65,44.7,0,19.55,1218.65,0.0,0,2905.5,5,1,0,0,0,0,0,0,1,0,0,0,1,0,0,0,0,1,0,0,0,0,0,0,0,0,0,1,1,1,0,0,1
46,0,40.759401,-122.939337,3749,0,17,31.6,0,20.1,279.5,0.0,0,537.2,4,1,0,0,0,0,0,0,0,0,0,0,1,0,0,0,0,1,0,0,0,0,0,0,0,0,1,0,1,1,0,0,1
31,0,39.783747,-120.661032,1839,0,34,36.52,0,19.7,675.6,0.0,0,1241.68,3,1,0,0,0,0,0,0,0,1,0,0,1,0,0,0,0,1,0,0,0,0,0,0,0,0,0,0,0,1,0,0,1
56,0,39.872961,-120.198876,650,3,49,22.1,0,20.05,923.1,0.0,0,1082.9,5,0,0,0,1,0,1,0,0,0,0,0,1,0,0,0,0,1,0,0,0,0,0,0,0,0,1,0,1,0,0,0,1
38,3,39.745805,-120.580882,88,8,53,25.32,0,19.4,1110.35,0.0,0,1341.96,3,1,0,0,1,1,1,0,0,0,0,0,1,0,0,0,0,1,0,0,0,0,0,0,0,0,0,1,1,1,0,0,1
25,0,40.346634,-120.386422,408,0,48,13.67,0,24.35,1133.7,0.0,0,656.16,5,0,1,0,0,0,0,0,0,0,0,0,1,1,0,0,0,1,0,0,0,0,0,0,0,0,1,0,0,0,0,0,1
20,0,41.813521,-121.492666,2595,2,7,41.64,0,20.65,134.05,0.0,0,291.48,4,0,1,0,1,0,1,0,0,0,0,1,1,0,0,0,0,1,0,0,0,0,0,0,0,0,1,0,0,0,1,0,1
46,0,40.271535,-121.018087,4158,0,29,5.69,0,19.85,573.05,0.0,0,165.01000000000002,4,0,0,0,1,0,0,0,0,0,0,0,1,0,0,0,0,1,0,0,0,0,0,0,0,0,0,0,0,0,1,0,1
31,0,33.949255,-118.246978,44586,9,58,18.68,0,20.75,1185.95,0.0,0,1083.44,5,1,0,0,1,0,1,0,0,0,0,0,1,0,0,0,0,1,0,0,0,0,0,0,0,0,0,1,0,1,0,0,1
29,0,33.964131,-118.272783,58198,9,1,43.57,0,18.8,18.8,0.0,0,43.57,3,1,1,0,1,0,1,0,0,0,0,0,1,0,0,0,0,1,0,0,0,0,0,0,0,0,1,0,0,0,1,0,1
21,0,34.048013,-118.293953,62784,0,35,39.84,0,25.6,901.25,0.0,0,1394.4,4,1,1,0,0,0,0,0,0,0,0,0,1,1,0,0,0,1,0,0,0,0,0,0,0,0,0,0,1,0,0,0,1
20,0,34.062125,-118.315709,1957,1,47,10.07,0,25.4,1139.2,0.0,0,473.29,3,1,1,0,1,0,1,0,0,0,0,0,1,1,0,0,0,1,0,0,0,0,0,0,0,0,0,0,0,0,0,0,1
41,0,34.028331,-118.354338,46984,0,8,15.86,0,20.25,174.65,0.0,0,126.88,5,0,0,0,0,0,0,0,0,0,0,1,1,0,0,0,0,1,0,0,0,0,0,0,0,0,0,1,0,0,1,0,1
40,0,34.052842,-118.264495,20692,0,14,33.5,0,24.8,321.7,0.0,0,469.0,4,1,0,0,0,0,0,0,0,0,0,0,1,1,0,0,0,1,0,0,0,0,0,0,0,0,1,0,1,1,0,0,1
47,2,34.066303,-118.435479,44150,4,23,35.86,0,25.1,611.45,0.0,0,824.78,5,0,0,0,1,1,1,0,0,0,0,0,1,1,0,0,0,1,0,0,0,0,0,0,0,0,0,1,0,0,1,0,1
58,3,34.127194,-118.295647,48727,8,6,31.73,0,25.4,153.3,0.0,0,190.38,3,1,0,0,1,1,1,0,0,0,0,1,1,1,0,0,0,1,0,0,0,0,0,0,0,0,0,1,0,0,1,0,1
64,0,34.085807,-118.206617,38415,7,56,32.93,0,24.45,1431.65,0.0,0,1844.08,3,1,0,0,1,0,1,0,0,0,0,0,1,1,0,0,0,1,0,0,0,0,0,0,0,0,1,0,1,0,1,0,1
56,0,34.078821,-118.177576,46960,7,72,39.98,0,25.0,1849.2,0.0,0,2878.56,4,0,0,0,1,0,1,0,0,0,0,0,1,1,0,0,0,1,0,0,0,0,0,0,0,0,0,1,0,1,0,0,1
60,3,34.030578,-118.399613,58218,10,23,34.04,0,19.6,426.65,0.0,0,782.92,5,1,0,0,1,1,1,0,0,0,0,0,1,0,0,0,0,1,0,0,0,0,0,0,0,0,0,1,0,1,0,0,1
54,0,34.088017,-118.327168,32562,5,12,45.15,0,26.4,314.95,0.0,0,541.8,4,1,0,0,1,0,1,0,0,0,0,0,1,1,0,0,0,1,0,0,0,0,0,0,0,0,1,0,0,0,1,0,1
33,0,34.110845,-118.259595,29310,0,40,8.36,0,20.15,804.85,0.0,0,334.4,5,0,0,0,0,0,0,0,0,0,0,0,1,0,0,0,0,1,0,0,0,0,0,0,0,0,0,1,0,0,1,0,1
31,1,34.11572,-118.192754,64672,7,60,21.98,0,19.65,1161.75,0.0,0,1318.8,5,1,0,0,1,1,1,0,0,0,0,0,1,0,0,0,0,1,0,0,0,0,0,0,0,0,0,1,0,1,0,0,1
56,0,33.987945,-118.370442,8115,0,42,23.25,0,20.65,958.1,0.0,0,976.5,4,0,0,0,0,0,0,0,0,0,0,0,1,0,0,0,0,1,0,0,0,0,0,0,0,0,1,0,1,1,0,0,1
27,0,34.061918,-118.277939,44004,0,47,6.61,0,20.45,943.0,0.0,0,310.67,4,1,1,0,0,0,0,0,0,0,0,0,1,0,0,0,0,1,0,0,0,0,0,0,0,0,0,1,0,0,0,0,1
19,0,34.093781,-118.381061,20408,1,71,24.72,0,24.4,1725.4,0.0,0,1755.12,5,0,1,0,1,0,1,1,0,0,0,0,1,1,0,0,0,1,0,0,0,0,0,0,0,0,0,1,1,1,0,0,1
61,1,34.099891,-118.414338,21397,9,46,47.5,0,19.4,967.85,0.0,0,2185.0,4,0,0,0,1,1,1,0,0,0,0,0,1,0,0,0,0,1,0,0,0,0,0,0,0,0,0,1,0,1,0,0,1
23,0,34.062095,-118.401508,11355,10,72,27.97,0,19.7,1421.9,0.0,0,2013.84,3,1,1,0,1,0,1,1,0,0,0,0,1,0,0,0,0,1,0,0,0,0,0,0,0,0,0,1,0,1,0,0,1
38,0,33.88151,-118.234451,47305,0,17,25.62,0,19.9,323.15,0.0,0,435.54,4,0,0,0,0,0,0,0,0,0,0,0,1,0,0,0,0,1,0,0,0,0,0,0,0,0,1,0,0,0,0,0,1
52,1,33.956228,-118.120993,24908,4,6,25.05,0,20.1,100.35,0.0,0,150.3,4,0,0,0,1,1,1,0,0,0,0,1,1,0,0,0,0,1,0,0,0,0,0,0,0,0,0,1,0,1,0,0,1
46,0,33.88856,-118.351813,33300,0,1,5.02,0,19.05,19.05,0.0,0,5.02,4,1,0,0,0,0,0,0,0,0,0,0,1,0,0,0,0,1,0,0,0,0,0,0,0,0,0,0,0,1,0,0,1
61,1,33.788208,-118.404955,24979,2,40,1.89,0,20.4,745.3,0.0,0,75.6,3,1,0,0,1,1,1,0,1,0,0,0,1,0,0,0,0,1,0,0,0,0,0,0,0,0,0,0,1,0,0,0,1
19,0,33.873395,-118.37019,37322,9,67,3.28,0,24.85,1583.5,0.0,0,219.76,4,1,1,0,1,0,1,1,0,0,0,0,1,1,0,0,0,1,0,0,0,0,0,0,0,0,0,1,0,1,0,0,1
58,1,34.115192,-118.61017,5451,2,56,48.56,0,19.8,1119.9,0.0,0,2719.36,3,0,0,0,1,1,1,0,1,0,0,0,1,0,0,0,0,1,0,0,0,0,0,0,0,0,0,1,1,1,0,0,1
58,0,33.947305,-118.439841,11264,1,54,32.72,0,20.05,1102.4,0.0,0,1766.88,5,0,0,0,1,0,1,0,1,0,0,0,1,0,0,0,0,1,0,0,0,0,0,0,0,0,0,1,0,1,0,0,1
49,0,34.005439,-118.477507,26099,0,68,2.83,0,20.05,1386.9,0.0,0,192.44,4,0,0,0,0,0,0,1,0,0,0,0,1,0,0,0,0,1,0,0,0,0,0,0,0,0,0,1,0,0,0,0,1
20,0,33.833699,-118.314387,40705,0,20,31.02,0,19.4,415.4,0.0,0,620.4,3,1,1,0,0,0,0,0,0,0,1,0,1,0,0,0,0,1,0,0,0,0,0,0,0,0,0,0,0,1,0,0,1
42,0,33.840399,-118.353714,41979,0,58,2.38,0,24.45,1513.6,0.0,0,138.04,4,1,0,0,0,0,0,0,1,0,0,0,1,1,0,0,0,1,0,0,0,0,0,0,0,0,0,1,1,1,0,0,1
37,0,33.945318,-117.992066,19109,10,27,20.96,0,20.55,583.3,0.0,0,565.9200000000001,4,0,0,0,1,0,1,0,0,0,0,0,1,0,0,0,0,1,0,0,0,0,0,0,0,0,1,0,1,1,0,0,1
51,1,33.818477,-118.038307,47344,10,68,46.61,0,19.35,1292.65,0.0,0,3169.48,4,0,0,0,1,1,1,1,0,0,0,0,1,0,0,0,0,1,0,0,0,0,0,0,0,0,0,1,1,0,0,0,1
54,2,33.989524,-118.089299,63288,3,72,47.69,0,24.75,1859.1,0.0,0,3433.68,4,1,0,0,1,1,1,1,0,0,0,0,1,1,0,0,0,1,0,0,0,0,0,0,0,0,0,1,0,1,0,0,1
54,0,33.841027,-118.078097,20890,10,57,23.28,0,19.6,1134.25,0.0,0,1326.96,4,0,0,0,1,0,1,0,1,0,0,0,1,0,0,0,0,1,0,0,0,0,0,0,0,0,0,1,1,0,0,0,1
27,1,33.736387,-118.284363,58639,1,72,35.33,0,24.75,1769.6,0.0,0,2543.76,3,1,1,0,1,1,1,1,0,0,0,0,1,1,0,0,0,1,0,0,0,0,0,0,0,0,0,1,0,0,0,0,1
35,0,33.728273,-118.085304,174,0,30,9.27,0,19.4,578.5,0.0,0,278.1,3,0,0,0,0,0,0,0,0,0,0,0,1,0,0,0,0,1,0,0,0,0,0,0,0,0,0,1,0,1,0,0,1
40,0,33.782068,-118.262263,53323,0,35,49.13,0,26.2,954.9,0.0,0,1719.5500000000002,3,1,0,0,0,0,0,0,0,0,0,0,1,1,0,0,0,1,0,0,0,0,0,0,0,0,1,0,0,0,0,0,1
39,1,33.864622,-118.179626,91664,7,34,9.66,0,20.65,716.4,0.0,0,328.44,3,0,0,0,1,1,1,0,0,0,0,0,1,0,0,0,0,1,0,0,0,0,0,0,0,0,0,0,0,1,0,0,1
48,1,33.830099,-118.182239,31556,9,36,34.79,0,25.1,930.95,0.0,0,1252.44,3,1,0,0,1,1,1,0,0,0,0,0,1,1,0,0,0,1,0,0,0,0,0,0,0,0,0,1,0,1,0,0,1
44,3,34.137319,-118.029837,30028,7,12,4.71,0,19.7,258.35,0.0,0,56.52,4,1,0,0,1,1,1,0,0,0,1,0,1,0,0,0,0,1,0,0,0,0,0,0,0,0,0,1,0,1,0,0,1
51,0,34.128284,-118.047732,30933,6,72,43.91,0,20.5,1502.25,0.0,0,3161.5199999999995,4,0,0,0,1,0,1,1,0,0,0,0,1,0,0,0,0,1,0,0,0,0,0,0,0,0,0,1,0,1,0,0,1
33,0,34.145695,-117.95982,27414,0,1,35.88,0,19.2,19.2,0.0,0,35.88,3,1,0,0,0,0,0,0,0,0,0,0,1,0,0,0,0,1,0,0,0,0,0,0,0,0,0,0,0,1,0,0,1
29,1,34.146635,-118.139225,16812,9,72,27.16,0,20.3,1401.15,0.0,0,1955.52,3,1,1,0,1,1,1,1,0,0,0,0,1,0,0,0,0,1,0,0,0,0,0,0,0,0,0,1,0,0,0,0,1
20,0,34.139402,-118.128658,23742,0,42,27.64,0,25.05,949.85,0.0,0,1160.88,5,1,1,0,0,0,0,0,0,0,0,0,1,1,0,0,0,1,0,0,0,0,0,0,0,0,1,0,0,0,0,0,1
38,2,34.122671,-118.112911,13158,0,32,16.94,0,20.5,696.8,0.0,0,542.08,4,1,0,0,0,1,0,0,0,0,0,0,1,0,0,0,0,1,0,0,0,0,0,0,0,0,0,1,0,1,0,0,1
24,0,34.239636,-118.245259,29110,0,4,9.75,0,25.3,116.95,0.0,0,39.0,3,0,1,0,0,0,0,0,0,0,0,1,1,1,0,0,0,1,0,0,0,0,0,0,0,0,0,1,1,1,0,0,1
23,0,34.130861,-118.68346,23661,7,56,21.21,0,24.3,1261.7,0.0,0,1187.76,5,0,1,0,1,0,1,0,0,0,0,0,1,1,0,0,0,1,0,0,0,0,0,0,0,0,1,0,0,0,0,0,1
22,2,34.224377,-118.632656,49242,5,71,22.36,0,19.7,1415.85,0.0,0,1587.56,3,0,1,0,1,1,1,0,0,0,0,0,1,0,0,0,0,1,0,0,0,0,0,0,0,0,0,1,0,1,0,0,1
62,0,34.294142,-118.603883,35325,0,19,17.17,0,18.8,279.2,0.0,0,326.23,3,1,0,0,0,0,0,0,0,0,1,0,1,0,0,0,0,1,0,0,0,0,0,0,0,0,1,0,0,1,0,0,1
24,2,34.150354,-118.518292,27614,8,55,27.75,0,19.4,1083.0,0.0,0,1526.25,5,0,1,0,1,1,1,0,0,0,0,0,1,0,0,0,0,1,0,0,0,0,0,0,0,0,0,1,0,1,0,0,1
48,0,34.172071,-118.946262,37779,0,38,32.63,0,19.3,755.5,0.0,0,1239.94,5,0,0,0,0,0,0,0,0,0,0,0,1,0,0,0,0,1,0,0,0,0,0,0,0,0,1,0,0,0,1,0,1
35,2,34.286131,-118.435969,33389,4,46,14.91,0,20.1,936.85,0.0,0,685.86,5,1,0,0,1,1,1,0,0,0,0,0,1,0,0,0,0,1,0,0,0,0,0,0,0,0,0,1,1,0,1,0,1
21,3,34.502432,-118.41459,40077,6,71,11.3,0,19.45,1378.45,0.0,0,802.3000000000001,4,1,1,0,1,1,1,0,0,0,0,0,1,0,0,0,0,1,0,0,0,0,0,0,0,0,0,1,0,0,1,0,1
37,0,34.457005,-118.573726,17846,4,6,47.29,0,25.1,171.0,0.0,0,283.74,4,1,0,0,1,0,1,0,0,0,0,0,1,1,0,0,0,1,0,0,0,0,0,0,0,0,1,0,0,0,1,0,1
48,1,34.153733,-118.593408,25988,0,72,19.64,0,24.1,1734.65,0.0,0,1414.08,4,1,0,0,1,1,0,0,0,0,0,0,1,1,0,0,0,1,0,0,0,0,0,0,0,0,0,1,0,1,0,0,1
45,1,34.364153,-118.615583,9937,1,41,23.95,0,19.7,804.25,0.0,0,981.95,3,0,0,0,1,1,1,0,0,0,0,0,1,0,0,0,0,1,0,0,0,0,0,0,0,0,0,1,0,0,0,0,1
23,0,34.195685,-118.490752,50047,0,3,16.39,0,20.75,67.1,0.0,0,49.17,5,1,1,0,0,0,0,0,0,0,0,1,1,0,0,0,0,1,0,0,0,0,0,0,0,0,0,0,1,1,0,0,1
25,1,34.084747,-117.886844,17554,1,4,24.57,0,19.9,76.65,0.0,0,98.28,4,1,1,0,1,1,1,0,0,0,0,1,1,0,0,0,0,1,0,0,0,0,0,0,0,0,0,1,0,0,1,0,1
35,0,34.08111,-117.853935,25068,0,12,26.67,0,20.15,260.7,0.0,0,320.04,5,0,0,0,0,0,0,0,0,0,1,0,1,0,0,0,0,1,0,0,0,0,0,0,0,0,1,0,0,0,0,0,1
38,0,34.04622,-118.053753,45645,0,41,32.66,0,24.85,962.25,0.0,0,1339.06,3,0,0,0,0,0,0,0,0,0,0,0,1,1,0,0,0,1,0,0,0,0,0,0,0,0,1,0,1,0,1,0,1
24,0,34.119363,-117.855059,25135,0,69,7.18,0,19.95,1399.35,0.0,0,495.42,4,1,1,0,0,0,0,0,0,0,0,0,1,0,0,0,0,1,0,0,0,0,0,0,0,0,0,1,0,1,0,0,1
64,0,34.14649,-117.849815,24973,1,7,21.09,0,20.65,150.0,0.0,0,147.63,5,1,0,0,1,0,1,0,0,0,0,0,1,0,0,0,0,1,0,0,0,0,0,0,0,0,1,0,0,0,1,0,1
64,0,34.038983,-117.991372,30802,1,44,27.4,0,20.5,865.05,0.0,0,1205.6,3,1,0,0,1,0,1,0,0,0,0,0,1,0,0,0,0,1,0,0,0,0,0,0,0,0,1,0,1,0,0,0,1
43,0,34.057256,-117.667677,54254,1,22,20.78,0,20.45,471.55,0.0,0,457.16,4,1,0,0,1,0,1,0,0,0,1,0,1,0,0,0,0,1,0,0,0,0,0,0,0,0,0,0,1,0,0,0,1
24,3,33.992416,-117.807874,46532,0,37,8.21,0,19.8,726.1,0.0,0,303.77000000000004,3,1,1,0,1,1,0,0,0,0,0,0,1,0,0,0,0,1,0,0,0,0,0,0,0,0,0,1,0,0,0,0,1
28,0,34.089927,-118.095645,38041,0,3,37.01,0,20.5,76.95,0.0,0,111.03,5,1,1,0,0,0,0,0,0,0,0,0,1,0,0,0,0,1,0,0,0,0,0,0,0,0,0,0,1,0,0,0,1
27,0,34.141146,-117.655583,23331,0,1,42.15,0,20.2,20.2,0.0,0,42.15,3,1,1,0,0,0,0,0,0,0,0,0,1,0,0,0,0,1,0,0,0,0,0,0,0,0,0,0,0,0,1,0,1
59,0,34.105493,-117.660934,48827,0,20,30.13,0,19.7,415.9,0.0,0,602.6,4,1,0,0,0,0,0,0,0,0,1,0,1,0,0,0,0,1,0,0,0,0,0,0,0,0,1,0,1,0,1,0,1
61,0,34.066964,-117.937007,44099,0,51,29.87,0,19.85,996.95,0.0,0,1523.37,5,0,0,0,0,0,0,0,1,0,0,0,1,0,0,0,0,1,0,0,0,0,0,0,0,0,1,0,1,0,0,0,1
21,3,34.024405,-117.898722,31622,1,13,42.23,0,19.55,265.3,0.0,0,548.99,4,0,1,0,1,1,1,0,0,0,0,0,1,0,0,0,0,1,0,0,0,0,0,0,0,0,0,1,0,0,1,0,1
28,0,34.090925,-118.128164,54382,0,1,10.21,0,20.9,20.9,0.0,0,10.21,5,0,1,0,0,0,0,0,0,0,0,0,1,0,0,0,0,1,0,0,0,0,0,0,0,0,0,0,0,0,1,0,1
53,1,34.074736,-118.145959,30635,0,1,10.14,0,21.05,21.05,0.0,0,10.14,3,1,0,0,0,1,0,0,0,0,0,0,1,0,0,0,0,1,0,0,0,0,0,0,0,0,0,0,1,0,1,0,1
49,0,32.677097,-116.304991,1509,0,46,30.99,0,19.2,908.15,0.0,0,1425.54,4,1,0,0,0,0,0,0,1,0,0,0,1,0,0,0,0,1,0,0,0,0,0,0,0,0,0,1,0,1,0,0,1
60,1,32.607964,-117.059459,71126,8,71,11.13,0,20.5,1500.95,0.0,0,790.23,4,0,0,0,1,1,1,0,0,0,0,0,1,0,0,0,0,1,0,0,0,0,0,0,0,0,0,1,0,0,0,0,1
32,0,32.785165,-116.862648,40995,0,20,10.9,0,19.35,433.75,0.0,0,218.0,5,0,0,0,0,0,0,0,0,0,0,0,1,0,0,0,0,1,0,0,0,0,0,0,0,0,1,0,1,1,0,0,1
43,0,33.081478,-117.033814,49281,0,21,16.81,0,19.6,390.4,0.0,0,353.01,4,1,0,0,0,0,0,0,0,0,0,0,1,0,0,0,0,1,0,0,0,0,0,0,0,0,0,1,0,0,1,0,1
42,2,33.079834,-117.134275,17944,9,45,21.73,0,20.0,886.4,0.0,0,977.85,4,0,0,0,1,1,1,0,0,0,0,0,1,0,0,0,0,1,0,0,0,0,0,0,0,0,0,1,1,0,0,0,1
49,5,32.909873,-116.906774,42277,0,14,40.66,0,19.95,268.4,0.0,0,569.24,5,1,0,0,0,1,0,0,0,0,0,0,1,0,0,0,0,1,0,0,0,0,0,0,0,0,0,0,0,1,0,0,1
62,0,33.174725,-116.743329,1143,0,22,20.46,0,19.6,422.5,0.0,0,450.12,5,1,0,0,0,0,0,0,0,0,0,0,1,0,0,0,0,1,0,0,0,0,0,0,0,0,1,0,0,1,0,0,1
30,0,33.323705,-116.626907,1205,0,5,3.37,0,20.15,117.95,0.0,0,16.85,4,0,0,0,0,0,0,0,0,0,0,1,1,0,0,0,0,1,0,0,0,0,0,0,0,0,0,0,0,1,0,0,1
63,0,32.805518,-117.169052,46828,0,31,33.71,0,20.1,589.25,0.0,0,1045.01,3,0,0,0,0,0,0,0,0,1,0,0,1,0,0,0,0,1,0,0,0,0,0,0,0,0,1,0,0,1,0,0,1
62,0,32.765299,-117.122565,33083,8,38,6.97,0,20.4,743.5,0.0,0,264.86,5,1,0,0,1,0,1,0,0,1,0,0,1,0,0,0,0,1,0,0,0,0,0,0,0,0,0,1,0,0,0,0,1
33,0,33.017518,-117.118456,20046,1,24,32.86,0,20.15,456.85,0.0,0,788.64,3,0,0,0,1,0,1,0,0,1,0,0,1,0,0,0,0,1,0,0,0,0,0,0,0,0,1,0,0,1,0,0,1
64,0,33.000269,-117.072093,42733,0,15,39.49,0,19.6,331.6,0.0,0,592.35,3,0,0,0,0,0,0,0,0,0,1,0,1,0,0,0,0,1,0,0,0,0,0,0,0,0,0,1,0,1,0,0,1
29,0,33.674583,-114.71612,24659,0,7,9.43,0,19.45,165.35,0.0,0,66.00999999999999,5,1,1,0,0,0,0,0,0,0,0,0,1,0,0,0,0,1,0,0,0,0,0,0,0,0,0,1,0,1,0,0,1
48,0,32.690654,-115.431225,27804,0,7,30.58,0,19.5,128.6,0.0,0,214.06,5,1,0,0,0,0,0,0,0,0,0,1,1,0,0,0,0,1,0,0,0,0,0,0,0,0,1,0,0,1,0,0,1
29,1,33.829583,-116.474131,43141,0,1,0.0,48,24.7,24.7,0.0,70,0.0,5,0,1,0,0,1,0,0,0,0,0,1,0,0,1,0,0,0,0,0,0,0,0,0,0,0,0,0,0,1,0,0,1
19,2,34.137742,-114.36514,1564,0,69,25.18,0,19.4,1346.2,0.0,0,1737.42,5,0,1,0,1,1,0,1,0,0,0,0,1,0,0,0,0,1,0,0,0,0,0,0,0,0,0,1,0,1,0,0,1
51,0,32.698964,-115.886656,471,0,66,20.77,0,25.15,1683.6,0.0,0,1370.82,5,0,0,0,0,0,0,1,0,0,0,0,1,1,0,0,0,1,0,0,0,0,0,0,0,0,0,1,1,1,0,0,1
57,0,33.839989,-116.659215,24924,1,30,21.14,0,19.55,608.5,0.0,0,634.2,3,0,0,0,1,0,1,0,0,0,0,0,1,0,0,0,0,1,0,0,0,0,0,0,0,0,1,0,0,0,0,0,1
62,1,33.3249,-114.758334,291,1,64,35.25,0,24.8,1514.85,0.0,0,2256.0,3,1,0,0,1,1,1,0,0,0,0,0,1,1,0,0,0,1,0,0,0,0,0,0,0,0,0,1,1,1,0,0,1
42,0,33.28156,-115.955541,799,0,39,48.61,0,19.35,779.2,0.0,0,1895.79,3,1,0,0,0,0,0,0,0,0,0,0,1,0,0,0,0,1,0,0,0,0,0,0,0,0,1,0,0,0,0,0,1
27,0,33.849263,-116.382778,6242,0,14,43.5,0,19.9,283.75,0.0,0,609.0,3,1,1,0,0,0,0,0,0,0,1,0,1,0,0,0,0,1,0,0,0,0,0,0,0,0,0,0,0,1,0,0,1
53,1,34.667815,-117.536183,18980,0,21,31.26,0,24.7,467.15,0.0,0,656.46,4,1,0,0,0,1,0,0,0,0,1,0,1,1,0,0,0,1,0,0,0,0,0,0,0,0,0,0,0,1,0,0,1
40,3,34.278967,-116.773825,9899,0,50,18.95,0,20.15,970.85,0.0,0,947.5,3,0,0,0,0,1,0,0,0,0,0,0,1,0,0,0,0,1,0,0,0,0,0,0,0,0,0,1,0,1,0,0,1
61,3,34.059722,-117.39104,25995,0,10,34.47,0,24.8,223.9,0.0,0,344.7,3,1,0,0,0,1,0,0,0,0,1,0,1,1,0,0,0,1,0,0,0,0,0,0,0,0,0,0,0,1,0,0,1
44,0,33.982787,-117.057627,7334,0,18,18.2,0,19.65,391.7,0.0,0,327.6,3,0,0,0,0,0,0,0,0,0,1,0,1,0,0,0,0,1,0,0,0,0,0,0,0,0,0,0,0,1,0,0,1
54,0,34.361387,-117.337509,68515,0,34,20.47,0,26.1,980.35,0.0,0,695.98,3,1,0,0,0,0,0,0,0,0,0,0,1,1,0,0,0,1,0,0,0,0,0,0,0,0,0,1,0,0,0,0,1
64,0,34.129677,-117.154277,48245,0,3,31.81,0,20.2,65.95,0.0,0,95.43,5,0,0,0,0,0,0,0,0,0,0,0,1,0,0,0,0,1,0,0,0,0,0,0,0,0,0,0,0,0,0,0,1
58,3,34.983808,-117.239306,1933,6,30,40.0,0,21.25,711.9,0.0,0,1200.0,3,1,0,0,1,1,1,0,0,0,0,0,1,0,0,0,0,1,0,0,0,0,0,0,0,0,0,1,0,1,0,0,1
44,0,33.507255,-117.029473,46171,6,46,4.72,0,20.2,845.6,0.0,0,217.12,3,1,0,0,1,0,1,0,0,0,0,0,1,0,0,0,0,1,0,0,0,0,0,0,0,0,1,0,1,0,0,0,1
53,3,34.647959,-117.296957,909,8,55,38.51,0,21.0,1210.3,0.0,0,2118.05,3,0,0,0,1,1,1,0,1,0,0,0,1,0,0,0,0,1,0,0,0,0,0,0,0,0,0,1,0,1,0,0,1
26,0,34.441123,-117.537886,12463,0,1,30.09,0,20.45,20.45,0.0,0,30.09,4,1,1,0,0,0,0,0,0,0,0,0,1,0,0,0,0,1,0,0,0,0,0,0,0,0,0,0,0,1,0,0,1
62,0,34.567058,-117.362329,12083,2,23,24.88,0,19.65,436.9,0.0,0,572.24,5,1,0,0,1,0,1,0,0,0,1,0,1,0,0,0,0,1,0,0,0,0,0,0,0,0,1,0,0,0,1,0,1
40,0,35.013299,-116.834092,1195,0,1,27.59,0,20.15,20.15,0.0,0,27.59,4,0,0,0,0,0,0,0,0,0,0,0,1,0,0,0,0,1,0,0,0,0,0,0,0,0,0,0,0,0,1,0,1
55,3,34.183286,-117.221722,53636,8,12,44.12,0,25.4,313.0,0.0,0,529.4399999999999,3,1,0,0,1,1,1,0,0,0,1,0,1,1,0,0,0,1,0,0,0,0,0,0,0,0,0,1,1,0,0,0,1
30,3,34.106922,-117.297553,44556,4,16,38.55,0,20.15,341.35,0.0,0,616.8,4,1,0,0,1,1,1,0,0,0,1,0,1,0,0,0,0,1,0,0,0,0,0,0,0,0,0,0,0,0,0,0,1
42,0,33.930931,-117.361788,42425,0,18,33.16,0,19.0,348.8,0.0,0,596.8799999999999,5,1,0,0,0,0,0,0,0,0,1,0,1,0,0,0,0,1,0,0,0,0,0,0,0,0,0,0,0,0,0,0,1
20,1,33.976328,-117.319786,48649,0,6,17.53,0,19.55,128.6,0.0,0,105.18,4,1,1,0,0,1,0,0,0,0,0,0,1,0,0,0,0,1,0,0,0,0,0,0,0,0,0,0,0,1,0,0,1
45,0,33.888323,-117.277533,1005,0,68,37.79,0,24.15,1498.85,0.0,0,2569.72,4,1,0,0,0,0,0,0,0,0,0,0,1,1,0,0,0,1,0,0,0,0,0,0,0,0,0,1,1,0,0,0,1
57,1,33.482243,-116.827173,2433,0,24,34.24,0,19.75,498.1,0.0,0,821.76,3,0,0,0,0,1,0,0,0,0,0,0,1,0,0,0,0,1,0,0,0,0,0,0,0,0,0,1,0,0,1,0,1
52,0,33.761894,-117.120868,4283,0,15,40.97,0,25.05,369.1,0.0,0,614.55,5,0,0,0,0,0,0,0,0,0,0,0,1,1,0,0,0,1,0,0,0,0,0,0,0,0,0,1,0,0,0,0,1
52,0,33.638645,-116.55783,1500,0,13,26.57,0,20.2,273.25,0.0,0,345.41,5,0,0,0,0,0,0,0,0,0,0,0,1,0,0,0,0,1,0,0,0,0,0,0,0,0,1,0,0,0,1,0,1
45,0,33.739412,-117.173334,8692,0,19,18.57,0,20.25,383.65,0.0,0,352.83,4,0,0,0,0,0,0,0,0,0,0,0,1,0,0,0,0,1,0,0,0,0,0,0,0,0,1,0,0,1,0,0,1
48,2,33.69887,-117.25071,13151,6,67,5.48,0,19.4,1284.2,0.0,0,367.16,5,1,0,0,1,1,1,0,0,0,0,0,1,0,0,0,0,1,0,0,0,0,0,0,0,0,0,1,1,1,0,0,1
35,0,33.540604,-117.10909,25655,8,53,34.46,0,19.9,1110.05,0.0,0,1826.38,3,1,0,0,1,0,1,0,1,0,0,0,1,0,0,0,0,1,0,0,0,0,0,0,0,0,0,1,0,1,0,0,1
54,0,33.507255,-117.029473,46171,0,5,37.97,0,19.55,99.6,0.0,0,189.85,4,0,0,0,0,0,0,0,0,0,0,0,1,0,0,0,0,1,0,0,0,0,0,0,0,0,1,0,0,0,0,0,1
40,2,33.643095,-117.810896,41062,9,46,26.12,0,19.95,862.4,0.0,0,1201.52,5,1,0,0,1,1,1,0,1,0,0,0,1,0,0,0,0,1,0,0,0,0,0,0,0,0,0,1,0,1,0,0,1
23,3,33.716136,-117.752574,26419,1,69,33.09,0,24.45,1718.2,0.0,0,2283.21,5,1,1,0,1,1,1,0,0,0,0,0,1,1,0,0,0,1,0,0,0,0,0,0,0,0,0,1,0,0,0,0,1
38,0,33.645672,-117.922613,62069,0,56,48.63,0,21.2,1238.65,0.0,0,2723.28,4,1,0,0,0,0,0,0,1,0,0,0,1,0,0,0,0,1,0,0,0,0,0,0,0,0,1,0,1,0,1,0,1
22,0,33.644849,-117.684254,59176,7,28,43.36,0,25.55,672.2,0.0,0,1214.08,3,0,1,0,1,0,1,0,0,0,0,0,1,1,0,0,0,1,0,0,0,0,0,0,0,0,1,0,0,0,1,0,1
47,2,33.666301,-117.969501,56517,6,19,46.91,0,20.2,382.2,0.0,0,891.29,4,0,0,0,1,1,1,0,0,0,0,0,1,0,0,0,0,1,0,0,0,0,0,0,0,0,0,0,0,0,1,0,1
61,2,33.721917,-118.043237,32304,6,52,49.51,0,25.75,1345.85,0.0,0,2574.52,3,1,0,0,1,1,1,0,1,0,0,0,1,1,0,0,0,1,0,0,0,0,0,0,0,0,0,1,0,0,1,0,1
38,0,33.429488,-117.609432,34946,7,8,22.34,0,19.55,161.15,0.0,0,178.72,5,1,0,0,1,0,1,0,0,0,0,0,1,0,0,0,0,1,0,0,0,0,0,0,0,0,0,0,1,0,0,0,1
58,0,33.782346,-117.635263,1859,0,10,15.71,0,19.5,225.85,0.0,0,157.10000000000002,3,1,0,0,0,0,0,0,0,0,0,0,1,0,0,0,0,1,0,0,0,0,0,0,0,0,1,0,0,1,0,0,1
39,2,33.529047,-117.701175,62103,4,12,39.59,0,25.25,274.7,0.0,0,475.08,3,0,0,0,1,1,1,0,0,0,0,0,1,1,0,0,0,1,0,0,0,0,0,0,0,0,0,1,0,1,0,0,1
54,0,33.735802,-117.818805,55062,3,58,27.93,0,19.55,1108.8,0.0,0,1619.94,3,1,0,0,1,0,1,0,1,0,0,0,1,0,0,0,0,1,0,0,0,0,0,0,0,0,1,0,1,0,0,0,1
24,2,33.807864,-117.923782,45086,3,45,39.03,0,20.35,929.2,0.0,0,1756.35,3,1,1,0,1,1,1,0,1,0,0,0,1,0,0,0,0,1,0,0,0,0,0,0,0,0,0,1,0,1,0,0,1
26,2,33.830209,-117.906099,68802,2,36,32.3,0,19.45,754.5,0.0,0,1162.8,5,1,1,0,1,1,1,0,0,0,0,0,1,0,0,0,0,1,0,0,0,0,0,0,0,0,0,1,0,1,0,0,1
40,2,33.902211,-117.914922,21157,9,56,29.06,0,24.95,1468.9,0.0,0,1627.36,5,0,0,0,1,1,1,0,0,0,0,0,1,1,0,0,0,1,0,0,0,0,0,0,0,0,0,1,1,1,0,0,1
44,0,33.787165,-117.931889,50641,7,44,32.22,0,24.85,1013.6,0.0,0,1417.6799999999998,3,1,0,0,1,0,1,0,0,0,0,0,1,1,0,0,0,1,0,0,0,0,0,0,0,0,1,0,0,0,0,0,1
48,0,33.925833,-117.559639,22443,0,40,26.03,0,19.65,830.25,0.0,0,1041.2,4,0,0,0,0,0,0,0,0,0,0,0,1,0,0,0,0,1,0,0,0,0,0,0,0,0,0,1,0,1,0,0,1
58,0,33.784597,-117.844535,15396,0,15,9.74,0,20.1,302.45,0.0,0,146.1,5,0,0,0,0,0,0,0,0,0,0,0,1,0,0,0,0,1,0,0,0,0,0,0,0,0,1,0,0,1,0,0,1
47,0,33.787796,-117.875928,23172,7,64,23.25,0,19.8,1336.65,0.0,0,1488.0,5,0,0,0,1,0,1,0,0,0,0,0,1,0,0,0,0,1,0,0,0,0,0,0,0,0,1,0,0,0,0,0,1
31,0,33.762351,-117.488725,13188,0,8,11.46,0,20.85,161.65,0.0,0,91.68,5,0,0,0,0,0,0,0,0,0,0,0,1,0,0,0,0,1,0,0,0,0,0,0,0,0,0,1,0,1,0,0,1
42,0,34.408161,-118.865111,16013,0,40,22.89,0,20.6,827.3,0.0,0,915.6,3,0,0,0,0,0,0,0,0,0,0,0,1,0,0,0,0,1,0,0,0,0,0,0,0,0,0,1,1,0,0,0,1
33,0,34.156629,-119.117218,77791,2,30,9.81,0,19.8,576.65,0.0,0,294.3,5,1,0,0,1,0,1,0,0,0,0,0,1,0,0,0,0,1,0,0,0,0,0,0,0,0,1,0,0,1,0,0,1
28,0,35.852892,-118.397782,1873,0,18,38.73,0,20.1,401.85,0.0,0,697.14,5,1,1,0,0,0,0,0,0,0,1,0,1,0,0,0,0,1,0,0,0,0,0,0,0,0,1,0,0,1,0,0,1
28,0,36.444232,-119.718285,2900,0,4,45.37,0,20.7,73.05,0.0,0,181.48,5,1,1,0,0,0,0,0,0,0,0,0,1,0,0,0,0,1,0,0,0,0,0,0,0,0,0,0,0,1,0,0,1
23,2,34.845861,-118.885163,1247,8,49,33.65,0,25.25,1211.65,0.0,0,1648.85,3,0,1,0,1,1,1,0,0,0,0,0,1,1,0,0,0,1,0,0,0,0,0,0,0,0,0,1,0,1,0,0,1
60,3,35.666886,-119.186717,10781,0,49,31.7,0,20.45,1024.65,0.0,0,1553.3,4,0,0,0,0,1,0,0,0,0,0,0,1,0,0,0,0,1,0,0,0,0,0,0,0,0,0,1,0,1,0,0,1
30,2,34.956577,-119.750142,798,1,4,28.55,0,19.95,82.9,0.0,0,114.2,4,0,0,0,1,1,1,0,0,0,0,0,1,0,0,0,0,1,0,0,0,0,0,0,0,0,0,0,1,0,0,0,1
56,0,36.527243,-118.594938,56,10,25,3.6,0,26.8,733.55,0.0,0,90.0,5,0,0,0,1,0,1,0,0,0,0,0,1,1,0,0,0,1,0,0,0,0,0,0,0,0,1,0,1,1,0,0,1
48,2,36.413433,-118.854708,2318,0,72,8.53,0,19.95,1322.85,0.0,0,614.16,3,1,0,0,1,1,0,1,0,0,0,0,1,0,0,0,0,1,0,0,0,0,0,0,0,0,0,1,0,0,0,0,1
57,2,35.690535,-118.552784,2515,0,4,27.37,0,20.05,85.5,0.0,0,109.48,5,0,0,0,0,1,0,0,0,0,0,0,1,0,0,0,0,1,0,0,0,0,0,0,0,0,0,0,1,0,0,0,1
43,0,35.710244,-118.881679,88,6,8,23.18,0,24.4,203.95,0.0,0,185.44,5,1,0,0,1,0,1,0,0,0,0,0,1,1,0,0,0,1,0,0,0,0,0,0,0,0,1,0,0,0,1,0,1
28,0,35.391733,-118.984109,35643,0,8,22.15,0,19.7,168.9,0.0,0,177.2,4,1,1,0,0,0,0,0,0,0,0,1,1,0,0,0,0,1,0,0,0,0,0,0,0,0,0,0,1,0,0,0,1
53,3,35.280113,-118.962329,59195,9,9,2.68,0,19.6,197.4,0.0,0,24.12,3,1,0,0,1,1,1,0,0,0,0,1,1,0,0,0,0,1,0,0,0,0,0,0,0,0,0,1,0,0,1,0,1
54,0,35.392599,-119.245341,40836,8,55,3.28,0,19.7,1140.05,0.0,0,180.4,3,0,0,0,1,0,1,0,1,0,0,0,1,0,0,0,0,1,0,0,0,0,0,0,0,0,1,0,0,0,0,0,1
64,1,35.233745,-120.626442,27047,5,62,20.96,0,20.05,1263.9,0.0,0,1299.52,5,1,0,0,1,1,1,0,1,0,0,0,1,0,0,0,0,1,0,0,0,0,0,0,0,0,0,1,0,1,0,0,1
30,0,35.480896,-120.469476,1203,0,1,43.84,0,25.7,25.7,0.0,0,43.84,3,0,0,0,0,0,0,0,0,0,0,1,1,1,0,0,0,1,0,0,0,0,0,0,0,0,0,0,1,0,0,0,1
32,0,34.601055,-120.382917,51737,0,2,15.16,0,19.4,50.6,0.0,0,30.32,5,1,0,0,0,0,0,0,0,0,0,1,1,0,0,0,0,1,0,0,0,0,0,0,0,0,0,0,0,1,0,0,1
22,0,35.634222,-120.728341,35586,0,11,33.48,0,19.5,226.8,0.0,0,368.28,4,1,1,0,0,0,0,0,0,0,1,0,1,0,0,0,0,1,0,0,0,0,0,0,0,0,1,0,0,0,1,0,1
20,0,34.630356,-120.032564,5710,1,8,28.37,0,19.8,160.05,0.0,0,226.96,4,0,1,0,1,0,1,0,0,0,0,1,1,0,0,0,0,1,0,0,0,0,0,0,0,0,1,0,0,0,0,0,1
46,1,35.358953,-118.527064,1022,0,6,27.78,0,19.7,111.65,0.0,0,166.68,3,1,0,0,0,1,0,0,0,0,0,0,1,0,0,0,0,1,0,0,0,0,0,0,0,0,0,0,0,0,1,0,1
24,1,37.730269,-119.055813,618,2,45,40.19,0,20.85,892.15,0.0,0,1808.55,4,0,1,0,1,1,1,0,1,0,0,0,1,0,0,0,0,1,0,0,0,0,0,0,0,0,0,1,0,0,1,0,1
21,0,34.741406,-118.38111,49309,2,25,10.49,0,20.2,507.9,0.0,0,262.25,3,0,1,0,1,0,1,0,0,0,0,0,1,0,0,0,0,1,0,0,0,0,0,0,0,0,1,0,1,0,0,0,1
38,0,34.557711,-118.029441,25370,0,18,18.8,0,20.1,407.05,0.0,0,338.40000000000003,4,0,0,0,0,0,0,0,0,0,1,0,1,0,0,0,0,1,0,0,0,0,0,0,0,0,1,0,0,0,1,0,1
57,0,35.405722,-117.773354,117,0,26,13.34,0,20.3,511.25,0.0,0,346.84,5,1,0,0,0,0,0,0,0,1,0,0,1,0,0,0,0,1,0,0,0,0,0,0,0,0,0,0,1,0,0,0,1
44,3,36.64545,-118.924982,273,1,3,30.34,0,19.65,60.65,0.0,0,91.02,4,0,0,0,1,1,1,0,0,0,0,0,1,0,0,0,0,1,0,0,0,0,0,0,0,0,0,0,0,1,0,0,1
61,0,36.5276,-119.865999,5446,8,17,14.69,0,19.9,329.75,0.0,0,249.73,3,1,0,0,1,0,1,0,0,0,1,0,1,0,0,0,0,1,0,0,0,0,0,0,0,0,1,0,0,0,0,0,1
22,3,37.100948,-120.270136,19391,5,32,35.05,0,19.45,674.55,0.0,0,1121.6,4,1,1,0,1,1,1,0,0,1,0,0,1,0,0,0,0,1,0,0,0,0,0,0,0,0,0,0,1,1,0,0,1
30,0,36.520537,-120.118055,152,0,71,2.66,0,24.55,1719.15,0.0,0,188.86,5,0,0,0,0,0,0,0,0,0,0,0,1,1,0,0,0,1,0,0,0,0,0,0,0,0,0,1,0,0,0,0,1
28,2,36.727418,-120.123526,14062,3,47,15.68,0,24.55,1160.45,0.0,0,736.96,4,1,1,0,1,1,1,0,1,0,0,0,1,1,0,0,0,1,0,0,0,0,0,0,0,0,0,1,0,1,0,0,1
23,0,36.995162,-120.955099,29124,0,8,35.21,0,20.45,162.3,0.0,0,281.68,3,1,1,0,0,0,0,0,0,0,0,1,1,0,0,0,0,1,0,0,0,0,0,0,0,0,0,0,1,1,0,0,1
20,2,36.902954,-120.194274,28434,3,48,13.26,0,19.55,883.35,0.0,0,636.48,5,0,1,0,1,1,1,0,1,0,0,0,1,0,0,0,0,1,0,0,0,0,0,0,0,0,0,1,0,1,0,0,1
30,0,37.004068,-119.930027,49247,0,70,10.0,0,19.7,1341.5,0.0,0,700.0,4,0,0,0,0,0,0,0,0,0,0,0,1,0,0,0,0,1,0,0,0,0,0,0,0,0,1,0,0,0,0,0,1
37,3,37.140104,-119.657092,173,4,60,15.65,0,20.55,1205.05,0.0,0,939.0,3,1,0,0,1,1,1,0,1,0,0,0,1,0,0,0,0,1,0,0,0,0,0,0,0,0,0,1,0,1,0,0,1
30,0,36.622237,-119.521126,12587,0,29,32.43,0,20.0,599.3,0.0,0,940.47,5,0,0,0,0,0,0,0,0,1,0,0,1,0,0,0,0,1,0,0,0,0,0,0,0,0,1,0,0,1,0,0,1
55,0,36.841655,-119.797113,3258,1,67,35.34,0,25.25,1733.15,0.0,0,2367.78,5,0,0,0,1,0,1,0,0,0,0,0,1,1,0,0,0,1,0,0,0,0,0,0,0,0,0,1,1,1,0,0,1
40,1,37.252057,-119.95783,972,1,6,6.48,0,19.85,119.3,0.0,0,38.88,3,0,0,0,1,1,1,0,0,0,0,1,1,0,0,0,0,1,0,0,0,0,0,0,0,0,0,0,0,1,0,0,1
57,1,37.287758,-119.548156,327,6,12,46.06,0,20.5,255.5,0.0,0,552.72,3,1,0,0,1,1,1,0,0,0,0,0,1,0,0,0,0,1,0,0,0,0,0,0,0,0,0,0,0,1,0,0,1
37,0,36.78724,-119.827813,35451,0,42,5.95,0,20.35,869.9,0.0,0,249.9,3,0,0,0,1,0,0,0,1,0,0,0,1,0,0,0,0,1,0,0,0,0,0,0,0,0,0,0,0,1,0,0,1
47,0,36.878709,-119.7645,45087,1,38,10.54,0,20.25,814.75,0.0,0,400.52,4,0,0,0,1,0,1,0,0,1,0,0,1,0,0,0,0,1,0,0,0,0,0,0,0,0,1,0,1,1,0,0,1
64,0,36.732694,-119.783786,6848,0,18,26.26,0,20.05,388.6,0.0,0,472.68,3,1,0,0,0,0,0,0,0,0,0,0,1,0,0,0,0,1,0,0,0,0,0,0,0,0,0,1,0,1,0,0,1
34,0,36.78979,-119.929894,60889,1,4,29.14,0,19.6,93.45,0.0,0,116.56,4,0,0,0,1,0,1,0,0,0,0,0,1,0,0,0,0,1,0,0,0,0,0,0,0,0,0,0,0,1,0,0,1
24,1,36.757345,-119.818274,16346,1,72,22.78,0,20.35,1354.4,0.0,0,1640.16,3,1,1,0,1,1,1,0,0,0,0,0,1,0,0,0,0,1,0,0,0,0,0,0,0,0,0,1,0,0,0,0,1
35,0,36.64152,-121.622188,35739,0,70,31.33,0,26.05,1856.4,0.0,0,2193.1,5,0,0,0,0,0,0,0,0,0,0,0,1,1,0,0,0,1,0,0,0,0,0,0,0,0,1,0,0,1,0,0,1
37,2,36.667794,-121.601306,58548,1,44,34.94,0,20.6,926.0,0.0,0,1537.36,5,1,0,0,1,1,1,0,0,0,0,0,1,0,0,0,0,1,0,0,0,0,0,0,0,0,1,0,0,0,0,0,1
43,1,36.77462,-121.664714,22292,1,34,41.72,0,20.1,682.1,0.0,0,1418.48,5,0,0,0,1,1,1,0,0,1,0,0,1,0,0,0,0,1,0,0,0,0,0,0,0,0,1,0,1,0,0,0,1
20,0,33.141265,-116.967221,48690,9,71,32.18,0,24.5,1816.2,0.0,0,2284.78,4,1,1,0,1,0,1,0,0,0,0,0,1,1,0,0,0,1,0,0,0,0,0,0,0,0,0,1,1,0,0,0,1
45,0,36.460611,-121.852507,13121,9,72,49.51,0,25.25,1841.2,0.0,0,3564.72,3,0,0,0,1,0,1,0,0,0,0,0,1,1,0,0,0,1,0,0,0,0,0,0,0,0,0,1,1,0,0,0,1
19,3,36.248708,-121.386617,14204,10,52,40.76,0,19.2,1054.75,0.0,0,2119.52,5,1,1,0,1,1,1,0,0,0,0,0,1,0,0,0,0,1,0,0,0,0,0,0,0,0,0,1,0,1,0,0,1
64,1,36.414216,-121.360597,13003,8,47,37.35,0,20.25,873.4,0.0,0,1755.45,5,0,0,0,1,1,1,0,0,0,0,0,1,0,0,0,0,1,0,0,0,0,0,0,0,0,0,1,0,1,0,0,1
22,1,36.624641,-121.647195,407,0,72,31.93,0,19.9,1529.65,0.0,0,2298.96,4,1,1,0,0,1,0,0,0,0,0,0,1,0,0,0,0,1,0,0,0,0,0,0,0,0,0,1,0,1,0,0,1
59,0,37.285677,-122.224165,1622,10,71,33.0,0,24.45,1681.6,0.0,0,2343.0,5,0,0,0,1,0,1,0,0,0,0,0,1,1,0,0,0,1,0,0,0,0,0,0,0,0,0,1,1,1,0,0,1
48,1,37.540582,-122.509594,2346,7,65,2.95,0,26.0,1654.85,0.0,0,191.75,3,0,0,0,1,1,1,0,0,0,0,0,1,1,0,0,0,1,0,0,0,0,0,0,0,0,0,1,0,1,0,0,1
33,0,37.527497,-122.230941,10658,0,2,1.81,0,20.05,33.7,0.0,0,3.62,3,1,0,0,0,0,0,0,0,0,0,0,1,0,0,0,0,1,0,0,0,0,0,0,0,0,0,0,0,1,0,0,1
58,3,37.624436,-122.430661,39566,10,56,35.38,0,20.05,1090.1,0.0,0,1981.28,4,0,0,0,1,1,1,0,0,0,0,0,1,0,0,0,0,1,0,0,0,0,0,0,0,0,0,1,0,1,0,0,1
27,0,37.497915,-122.267361,28098,0,12,35.81,0,19.45,227.45,0.0,0,429.72,4,0,1,0,0,0,0,0,0,0,0,0,1,0,0,0,0,1,0,0,0,0,0,0,0,0,0,0,0,0,0,0,1
20,0,37.331762,-122.341444,291,7,47,11.68,0,26.9,1250.85,0.0,0,548.96,4,0,1,0,1,0,1,0,0,0,0,0,1,1,0,0,0,1,0,0,0,0,0,0,0,0,1,0,0,0,0,0,1
22,0,37.773147,-122.411287,23036,0,38,40.64,0,20.05,678.2,0.0,0,1544.32,3,0,1,0,0,0,0,0,0,0,0,0,1,0,0,0,0,1,0,0,0,0,0,0,0,0,1,0,0,1,0,0,1
44,3,37.801776,-122.402293,3337,5,13,35.19,0,25.0,332.5,0.0,0,457.47,4,0,0,0,1,1,1,0,0,0,0,0,1,1,0,0,0,1,0,0,0,0,0,0,0,0,0,1,1,0,0,0,1
19,3,37.786031,-122.437301,33122,2,15,46.47,0,19.35,278.85,0.0,0,697.05,3,1,1,0,1,1,1,0,0,0,0,0,1,0,0,0,0,1,0,0,0,0,0,0,0,0,0,1,0,1,0,0,1
21,0,37.74441,-122.486764,42959,1,72,13.27,0,24.85,1871.85,0.0,0,955.44,3,0,1,0,1,0,1,1,0,0,0,0,1,1,0,0,0,1,0,0,0,0,0,0,0,0,0,1,0,1,0,0,1
61,0,37.776718,-122.495781,42476,1,71,48.01,0,25.0,1753.0,0.0,0,3408.71,4,0,0,0,1,0,1,1,0,0,0,0,1,1,0,0,0,1,0,0,0,0,0,0,0,0,0,1,0,0,0,0,1
31,0,37.731505,-122.384532,33177,0,35,37.81,0,19.25,617.65,0.0,0,1323.35,5,0,0,0,0,0,0,0,0,0,0,0,1,0,0,0,0,1,0,0,0,0,0,0,0,0,0,0,0,0,0,0,1
41,0,37.746699,-122.442833,27906,0,48,33.68,0,20.15,982.95,0.0,0,1616.64,5,1,0,0,0,0,0,0,0,0,0,0,1,0,0,0,0,1,0,0,0,0,0,0,0,0,0,1,0,1,0,0,1
56,0,37.802071,-122.411004,26831,0,10,4.42,0,20.0,198.7,0.0,0,44.2,5,1,0,0,0,0,0,0,0,0,0,0,1,0,0,0,0,1,0,0,0,0,0,0,0,0,0,0,0,1,0,0,1
49,0,37.386978,-122.177746,1723,0,37,41.99,0,19.8,813.3,0.0,0,1553.63,5,0,0,0,0,0,0,0,0,0,0,0,1,0,0,0,0,1,0,0,0,0,0,0,0,0,0,1,0,1,0,0,1
21,2,37.424342,-122.165641,13386,1,44,4.17,0,19.6,780.25,0.0,0,183.48,5,0,1,0,1,1,1,0,0,0,0,0,1,0,0,0,0,1,0,0,0,0,0,0,0,0,0,0,0,1,0,0,1
26,3,37.416159,-122.131337,24492,0,27,17.3,0,20.05,552.9,0.0,0,467.1,3,1,1,0,0,1,0,0,0,0,0,0,1,0,0,0,0,1,0,0,0,0,0,0,0,0,1,0,0,1,0,0,1
38,0,37.774633,-122.274434,58555,0,12,18.12,0,19.45,246.25,0.0,0,217.44,4,0,0,0,0,0,0,0,0,0,0,0,1,0,0,0,0,1,0,0,0,0,0,0,0,0,0,0,0,1,0,0,1
57,2,37.724817,-122.224363,13996,1,62,2.41,0,20.3,1296.15,0.0,0,149.42000000000002,5,0,0,0,1,1,1,0,0,0,0,0,1,0,0,0,0,1,0,0,0,0,0,0,0,0,0,1,0,0,0,0,1
23,0,37.950248,-122.022455,27394,0,13,6.56,0,20.4,261.3,0.0,0,85.28,5,0,1,0,0,0,0,0,0,0,0,0,1,0,0,0,0,1,0,0,0,0,0,0,0,0,0,1,1,1,0,0,1
47,1,37.674002,-122.076796,60274,0,25,18.87,0,19.9,505.45,0.0,0,471.75,5,1,0,0,1,1,0,0,0,0,0,0,1,0,0,0,0,1,0,0,0,0,0,0,0,0,1,0,0,0,0,0,1
60,0,38.014457,-122.115432,46677,0,33,36.5,0,25.7,826.1,0.0,0,1204.5,4,0,0,0,0,0,0,0,0,0,0,0,1,1,0,0,0,1,0,0,0,0,0,0,0,0,0,1,0,1,0,0,1
28,0,37.996462,-122.293716,16717,0,63,4.01,0,25.25,1559.3,0.0,0,252.63,4,1,1,0,0,0,0,0,1,0,0,0,1,1,0,0,0,1,0,0,0,0,0,0,0,0,0,1,0,0,1,0,1
50,0,37.717196,-122.159338,41871,0,1,11.96,0,19.8,19.8,0.0,0,11.96,5,0,0,0,0,0,0,0,0,0,0,0,1,0,0,0,0,1,0,0,0,0,0,0,0,0,0,0,0,1,0,0,1
40,0,37.687264,-122.15728,19815,0,2,43.27,0,20.0,40.9,0.0,0,86.54,4,0,0,0,0,0,0,0,0,0,0,1,1,0,0,0,0,1,0,0,0,0,0,0,0,0,0,0,1,0,1,0,1
44,0,37.766556,-121.976784,44078,5,64,6.81,0,25.0,1584.8,0.0,0,435.84,5,0,0,0,1,0,1,0,1,0,0,0,1,1,0,0,0,1,0,0,0,0,0,0,0,0,0,1,0,1,0,0,1
38,3,37.862128,-122.075197,18024,2,14,44.55,0,18.8,255.55,0.0,0,623.6999999999999,5,0,0,0,1,1,1,0,0,0,1,0,1,0,0,0,0,1,0,0,0,0,0,0,0,0,0,1,0,0,1,0,1
31,0,37.809014,-122.269739,11702,0,27,33.4,0,20.1,562.6,0.0,0,901.8,5,1,0,0,0,0,0,0,0,0,0,0,1,0,0,0,0,1,0,0,0,0,0,0,0,0,1,0,0,0,0,0,1
59,1,37.750553,-122.197175,30751,10,42,32.02,0,20.7,828.85,0.0,0,1344.84,5,1,0,0,1,1,1,0,1,0,0,0,1,0,0,0,0,1,0,0,0,0,0,0,0,0,0,1,0,0,1,0,1
28,0,37.866009,-122.286228,15638,0,29,21.19,0,20.35,617.35,0.0,0,614.51,4,0,1,0,0,0,0,0,0,0,0,0,1,0,0,0,0,1,0,0,0,0,0,0,0,0,1,0,0,0,1,0,1
62,0,37.871416,-122.246597,21205,0,30,24.57,0,19.7,625.05,0.0,0,737.1,4,1,0,0,0,0,0,0,0,0,0,0,1,0,0,0,0,1,0,0,0,0,0,0,0,0,1,0,0,0,1,0,1
57,0,37.885629,-122.46858,13065,0,72,45.75,0,19.3,1414.8,0.0,0,3294.0,4,1,0,0,0,0,0,0,0,0,0,0,1,0,0,0,0,1,0,0,0,0,0,0,0,0,0,1,0,0,0,0,1
58,3,38.343282,-122.9755,584,6,8,26.17,0,19.65,169.75,0.0,0,209.36,4,1,0,0,1,1,1,0,0,0,0,1,1,0,0,0,0,1,0,0,0,0,0,0,0,0,0,0,0,1,0,0,1
27,0,38.34719,-122.697822,42544,0,2,27.47,0,19.85,51.6,0.0,0,54.94,3,1,1,0,0,0,0,0,0,0,0,1,1,0,0,0,0,1,0,0,0,0,0,0,0,0,0,0,0,1,0,0,1
21,1,38.326215,-122.718742,7936,8,61,42.11,0,19.1,1143.8,0.0,0,2568.71,4,0,1,0,1,1,1,0,0,0,0,0,1,0,0,0,0,1,0,0,0,0,0,0,0,0,1,0,0,1,0,0,1
37,0,37.937082,-122.532369,6773,4,72,12.58,0,25.65,1887.0,0.0,0,905.76,5,0,0,0,1,0,1,0,0,0,0,0,1,1,0,0,0,1,0,0,0,0,0,0,0,0,0,1,0,0,0,0,1
44,0,38.112166,-122.634384,24741,6,24,35.86,0,20.4,482.8,0.0,0,860.64,5,0,0,0,1,0,1,0,0,0,0,0,1,0,0,0,0,1,0,0,0,0,0,0,0,0,1,0,0,1,0,0,1
28,0,38.325599,-122.642352,3777,0,1,42.17,0,20.45,20.45,0.0,0,42.17,3,1,1,0,0,0,0,0,0,0,0,1,1,0,0,0,0,1,0,0,0,0,0,0,0,0,0,0,1,1,0,0,1
23,0,38.235021,-122.557332,35419,0,41,41.21,0,25.25,996.45,0.0,0,1689.61,4,1,1,0,0,0,0,0,0,0,0,0,1,1,0,0,0,1,0,0,0,0,0,0,0,0,0,0,1,0,0,0,1
39,1,38.240769,-122.901041,384,2,32,35.39,0,18.95,613.95,0.0,0,1132.48,4,1,0,0,1,1,1,0,0,0,0,0,1,0,0,0,0,1,0,0,0,0,0,0,0,0,0,1,0,1,0,0,1
31,0,38.339996,-122.935056,66,0,21,32.89,0,20.5,402.85,0.0,0,690.69,4,1,0,0,0,0,0,0,0,0,1,0,1,0,0,0,0,1,0,0,0,0,0,0,0,0,0,0,0,1,0,0,1
28,2,38.005839,-122.638155,1449,9,62,47.96,0,19.95,1244.8,0.0,0,2973.52,4,1,1,0,1,1,1,0,0,0,0,0,1,0,0,0,0,1,0,0,0,0,0,0,0,0,1,0,0,0,0,0,1
42,2,37.013471,-121.877877,24227,0,27,8.55,0,20.6,581.85,0.0,0,230.85,4,1,0,0,0,1,0,0,0,0,0,0,1,0,0,0,0,1,0,0,0,0,0,0,0,0,0,1,0,1,0,0,1
51,3,36.977025,-121.952864,9673,0,4,30.79,0,20.4,94.5,0.0,0,123.16,3,0,0,0,0,1,0,0,0,0,0,1,1,0,0,0,0,1,0,0,0,0,0,0,0,0,0,0,0,1,0,0,1
46,0,37.306612,-122.080621,54431,0,11,28.62,0,20.25,208.0,0.0,0,314.82,4,1,0,0,0,0,0,0,0,0,1,0,1,0,0,0,0,1,0,0,0,0,0,0,0,0,0,0,0,1,0,0,1
60,3,37.051166,-122.056194,77,3,31,9.8,0,21.0,697.7,0.0,0,303.8,3,0,0,0,1,1,1,0,0,1,0,0,1,0,0,0,0,1,0,0,0,0,0,0,0,0,0,1,0,1,0,0,1
63,0,36.525703,-120.952122,813,0,7,9.19,0,19.4,168.65,0.0,0,64.33,5,1,0,0,0,0,0,0,0,0,0,0,1,0,0,0,0,1,0,0,0,0,0,0,0,0,0,0,1,1,0,0,1
33,0,37.351214,-121.952417,36349,0,3,2.78,0,19.45,69.25,0.0,0,8.34,4,1,0,0,0,0,0,0,0,0,0,0,1,0,0,0,0,1,0,0,0,0,0,0,0,0,1,0,1,1,0,0,1
59,0,37.007882,-122.065975,4563,3,46,16.07,0,19.6,851.2,0.0,0,739.22,5,1,0,0,1,0,1,0,0,0,0,0,1,0,0,0,0,1,0,0,0,0,0,0,0,0,0,0,0,0,0,0,1
31,0,37.257772,-122.051824,30589,0,5,7.83,0,20.25,109.8,0.0,0,39.15,3,1,0,0,0,0,0,0,0,0,0,0,1,0,0,0,0,1,0,0,0,0,0,0,0,0,0,0,0,1,0,0,1
20,0,37.023669,-121.946461,9823,0,1,27.88,0,19.65,19.65,0.0,0,27.88,3,1,1,0,0,0,0,0,0,0,0,0,1,0,0,0,0,1,0,0,0,0,0,0,0,0,0,0,0,0,0,0,1
28,0,36.931654,-121.752383,81141,0,26,31.53,0,20.65,595.5,0.0,0,819.78,3,1,1,0,0,0,0,0,0,1,0,0,1,0,0,0,0,1,0,0,0,0,0,0,0,0,1,0,1,1,0,0,1
57,0,37.233226,-121.78809,10155,0,12,36.65,0,19.7,260.9,0.0,0,439.8,4,0,0,0,0,0,0,0,0,0,1,0,1,0,0,0,0,1,0,0,0,0,0,0,0,0,1,0,0,1,0,0,1
27,0,37.316146,-121.936285,32804,0,10,39.39,0,20.0,185.4,0.0,0,393.9,3,1,1,0,0,0,0,0,0,0,0,0,1,0,0,0,0,1,0,0,0,0,0,0,0,0,0,0,0,0,0,0,1
61,2,37.218705,-121.762429,7023,2,72,33.92,0,26.1,1851.45,0.0,0,2442.24,3,1,0,0,1,1,1,0,0,0,0,0,1,1,0,0,0,1,0,0,0,0,0,0,0,0,0,1,0,1,0,0,1
53,2,37.946282,-121.139499,23789,0,55,39.29,0,19.1,1001.5,0.0,0,2160.95,5,1,0,0,0,1,0,0,1,0,0,0,1,0,0,0,0,1,0,0,0,0,0,0,0,0,1,0,0,0,0,0,1
58,3,38.029729,-121.387999,19109,9,20,42.46,0,20.35,442.6,0.0,0,849.2,4,0,0,0,1,1,1,0,0,0,0,0,1,0,0,0,0,1,0,0,0,0,0,0,0,0,0,0,0,1,0,0,1
44,0,38.32153,-120.236358,5159,0,43,6.71,0,19.65,779.25,0.0,0,288.53,3,0,0,0,0,0,0,0,1,0,0,0,1,0,0,0,0,1,0,0,0,0,0,0,0,0,0,1,1,0,0,0,1
47,2,38.227285,-121.02789,722,0,7,49.16,0,19.45,136.75,0.0,0,344.12,3,1,0,0,0,1,0,0,0,0,0,0,1,0,0,0,0,1,0,0,0,0,0,0,0,0,1,0,0,1,0,0,1
40,3,38.358464,-120.579304,21,6,39,15.91,0,19.75,757.95,0.0,0,620.49,3,0,0,0,1,1,1,0,0,1,0,0,1,0,0,0,0,1,0,0,0,0,0,0,0,0,0,1,0,1,0,0,1
20,0,38.047746,-121.030499,3148,0,68,5.84,0,24.55,1657.4,0.0,0,397.12,3,1,1,0,0,0,0,0,0,0,0,0,1,1,0,0,0,1,0,0,0,0,0,0,0,0,0,1,0,1,0,0,1
40,0,38.304194,-120.592431,2718,9,41,8.44,0,20.65,875.55,0.0,0,346.04,3,0,0,0,1,0,1,0,1,0,0,0,1,0,0,0,0,1,0,0,0,0,0,0,0,0,0,1,0,1,0,0,1
34,0,38.196497,-120.61689,3930,0,53,39.37,0,24.05,1301.9,0.0,0,2086.61,3,1,0,0,0,0,0,0,1,0,0,0,1,1,0,0,0,1,0,0,0,0,0,0,0,0,1,0,0,0,0,0,1
39,0,38.156971,-120.849231,11266,10,39,36.39,0,20.45,790.0,0.0,0,1419.21,5,1,0,0,1,0,1,0,0,1,0,0,1,0,0,0,0,1,0,0,0,0,0,0,0,0,0,1,1,0,0,0,1
57,0,38.192608,-120.957842,304,9,63,17.38,0,19.25,1237.65,0.0,0,1094.9399999999998,3,1,0,0,1,0,1,0,1,0,0,0,1,0,0,0,0,1,0,0,0,0,0,0,0,0,0,1,0,1,0,0,1
48,0,38.41935,-120.469545,2198,0,15,7.96,0,26.35,378.6,0.0,0,119.4,3,1,0,0,0,0,0,0,0,0,0,0,1,1,0,0,0,1,0,0,0,0,0,0,0,0,0,0,1,0,0,0,1
37,0,37.321233,-120.656354,27808,0,1,43.82,0,20.45,20.45,0.0,0,43.82,3,1,0,0,0,0,0,0,0,0,0,1,1,0,0,0,0,1,0,0,0,0,0,0,0,0,0,1,0,1,0,0,1
57,2,37.722127,-120.110174,2271,4,42,9.33,0,20.25,854.9,0.0,0,391.86,4,1,0,0,1,1,1,0,1,0,0,0,1,0,0,0,0,1,0,0,0,0,0,0,0,0,1,0,0,1,0,0,1
23,0,37.524721,-120.757977,5513,0,41,10.09,0,20.0,810.3,0.0,0,413.69,4,0,1,0,0,0,0,0,1,0,0,0,1,0,0,0,0,1,0,0,0,0,0,0,0,0,0,1,0,0,1,0,1
34,1,37.127386,-120.506422,808,1,41,21.28,0,19.3,772.4,0.0,0,872.48,3,0,0,0,1,1,1,0,1,0,0,0,1,0,0,0,0,1,0,0,0,0,0,0,0,0,0,1,0,0,0,0,1
27,1,37.147198,-121.120161,7872,1,52,3.41,0,19.85,1070.5,0.0,0,177.32,4,0,1,0,1,1,1,0,1,0,0,0,1,0,0,0,0,1,0,0,0,0,0,0,0,0,0,1,0,0,1,0,1
26,0,37.555631,-120.911653,2130,0,12,32.32,0,20.3,246.7,0.0,0,387.84,3,0,1,0,0,0,0,0,0,0,0,0,1,0,0,0,0,1,0,0,0,0,0,0,0,0,0,0,0,0,1,0,1
63,2,37.830267,-121.201018,36738,10,42,34.33,0,19.35,867.3,0.0,0,1441.86,4,1,0,0,1,1,1,0,0,0,0,0,1,0,0,0,0,1,0,0,0,0,0,0,0,0,0,1,0,0,1,0,1
27,0,37.255637,-120.493537,59289,2,10,10.42,0,20.55,252.75,0.0,0,104.2,3,0,1,0,1,0,1,0,0,0,0,0,1,0,0,0,0,1,0,0,0,0,0,0,0,0,0,0,1,1,0,0,1
25,0,37.670526,-120.877572,13343,0,24,5.98,0,20.45,527.35,0.0,0,143.52,4,0,1,0,0,0,0,0,0,0,0,0,1,0,0,0,0,1,0,0,0,0,0,0,0,0,1,0,0,1,0,0,1
47,3,38.224869,-119.755729,235,1,42,13.95,0,22.95,1014.25,0.0,0,585.9,5,0,0,0,1,1,1,0,0,0,0,0,1,1,0,0,0,1,0,0,0,0,0,0,0,0,0,1,0,0,0,0,1
25,0,37.750778,-121.13238,12646,4,64,14.78,0,19.45,1225.65,0.0,0,945.92,3,0,1,0,1,0,1,0,0,0,0,0,1,0,0,0,0,1,0,0,0,0,0,0,0,0,0,1,0,1,0,0,1
62,0,37.713152,-121.08739,12466,0,19,26.54,0,19.7,386.5,0.0,0,504.26,4,1,0,0,0,0,0,0,0,0,0,0,1,0,0,0,0,1,0,0,0,0,0,0,0,0,1,0,1,1,0,0,1
36,1,37.474396,-120.875917,40545,10,68,26.83,0,25.75,1686.15,0.0,0,1824.44,4,1,0,0,1,1,1,0,0,0,0,0,1,1,0,0,0,1,0,0,0,0,0,0,0,0,0,1,0,0,1,0,1
32,0,38.488431,-122.752839,40270,0,1,39.61,0,20.45,20.45,0.0,0,39.61,5,1,0,0,0,0,0,0,0,0,0,0,1,0,0,0,0,1,0,0,0,0,0,0,0,0,0,0,0,0,1,0,1
54,0,38.394091,-122.739814,30876,8,37,15.51,0,19.85,717.5,0.0,0,573.87,4,0,0,0,1,0,1,0,0,0,0,0,1,0,0,0,0,1,0,0,0,0,0,0,0,0,1,0,1,0,0,0,1
34,0,38.468893,-122.580539,25718,0,13,7.33,0,19.95,253.8,0.0,0,95.29,3,1,0,0,0,0,0,0,0,0,1,0,1,0,0,0,0,1,0,0,0,0,0,0,0,0,1,0,1,0,0,0,1
39,0,39.225694,-123.717354,1054,0,43,28.9,0,26.45,1110.05,0.0,0,1242.7,4,1,0,0,0,0,0,0,0,0,0,0,1,1,0,0,0,1,0,0,0,0,0,0,0,0,0,1,0,0,0,0,1
53,1,38.445603,-123.063756,187,9,35,32.75,0,25.4,949.8,0.0,0,1146.25,3,0,0,0,1,1,1,0,0,0,0,0,1,1,0,0,0,1,0,0,0,0,0,0,0,0,0,1,1,1,0,0,1
47,3,38.368744,-122.522642,4101,4,68,19.75,0,19.95,1303.25,0.0,0,1343.0,3,1,0,0,1,1,1,1,0,0,0,0,1,0,0,0,0,1,0,0,0,0,0,0,0,0,0,1,1,0,0,0,1
26,3,38.925545,-122.549083,2644,7,31,7.03,0,25.75,755.6,0.0,0,217.93,4,1,1,0,1,1,1,0,0,0,0,0,1,1,0,0,0,1,0,0,0,0,0,0,0,0,0,1,0,1,0,0,1
60,1,39.305545,-123.743697,2229,8,68,2.71,0,24.0,1664.3,0.0,0,184.28,4,1,0,0,1,1,1,1,0,0,0,0,1,1,0,0,0,1,0,0,0,0,0,0,0,0,0,1,1,0,0,0,1
48,1,38.787446,-122.58675,7789,0,12,8.25,0,19.4,198.1,0.0,0,99.0,3,0,0,0,1,1,0,0,0,0,1,0,1,0,0,0,0,1,0,0,0,0,0,0,0,0,0,0,0,0,0,0,1
51,0,39.298065,-123.25211,5995,0,46,13.42,0,19.95,907.05,0.0,0,617.32,5,1,0,0,0,0,0,0,0,0,0,0,1,0,0,0,0,1,0,0,0,0,0,0,0,0,0,1,0,0,0,0,1
27,0,38.522328,-122.97932,298,0,40,27.47,0,24.6,973.95,0.0,0,1098.8,5,1,1,0,0,0,0,0,0,0,0,0,1,1,0,0,0,1,0,0,0,0,0,0,0,0,0,1,1,1,0,0,1
29,0,38.527297,-122.810044,23701,0,4,46.53,0,20.2,55.7,0.0,0,186.12,3,1,1,0,0,0,0,0,0,0,0,0,1,0,0,0,0,1,0,0,0,0,0,0,0,0,0,0,1,0,0,0,1
41,1,38.888351,-123.239647,335,4,26,24.44,0,20.25,493.95,0.0,0,635.44,5,0,0,0,1,1,1,0,0,0,0,0,1,0,0,0,0,1,0,0,0,0,0,0,0,0,0,0,1,1,0,0,1
30,0,40.965011,-124.015255,15921,0,1,8.23,0,19.55,19.55,0.0,0,8.23,4,0,0,0,0,0,0,0,0,0,0,0,1,0,0,0,0,1,0,0,0,0,0,0,0,0,0,0,0,1,0,0,1
57,1,40.854512,-123.450097,485,6,34,25.69,0,25.6,917.15,0.0,0,873.46,4,0,0,0,1,1,1,0,0,0,0,0,1,1,0,0,0,1,0,0,0,0,0,0,0,0,1,0,1,1,0,0,1
62,2,40.7666,-123.80458,155,0,19,14.48,0,24.1,439.2,0.0,0,275.12,4,1,0,0,0,1,0,0,0,0,1,0,1,1,0,0,0,1,0,0,0,0,0,0,0,0,0,0,1,1,0,0,1
54,0,40.665952,-124.240051,1447,0,1,8.02,0,19.5,19.5,0.0,0,8.02,5,1,0,0,0,0,0,0,0,0,0,0,1,0,0,0,0,1,0,0,0,0,0,0,0,0,0,0,1,1,0,0,1
39,0,40.267158,-123.805913,644,0,72,6.75,0,25.45,1866.45,0.0,0,486.0,4,0,0,0,0,0,0,1,0,0,0,0,1,1,0,0,0,1,0,0,0,0,0,0,0,0,0,1,0,1,0,0,1
24,0,41.336354,-124.044354,494,0,67,47.31,0,20.5,1430.95,0.0,0,3169.77,5,1,1,0,0,0,0,1,0,0,0,0,1,0,0,0,0,1,0,0,0,0,0,0,0,0,0,1,0,0,0,0,1
47,3,41.269521,-123.546958,574,2,52,39.48,0,20.85,1071.6,0.0,0,2052.96,4,1,0,0,1,1,1,0,1,0,0,0,1,0,0,0,0,1,0,0,0,0,0,0,0,0,1,0,1,1,0,0,1
56,0,40.184094,-123.745487,163,7,26,33.47,0,26.0,684.05,0.0,0,870.22,5,0,0,0,1,0,1,0,0,0,0,0,1,1,0,0,0,1,0,0,0,0,0,0,0,0,1,0,0,1,0,0,1
61,3,40.89866,-123.539754,660,2,33,24.27,0,20.1,670.35,0.0,0,800.91,3,0,0,0,1,1,1,0,0,0,0,0,1,0,0,0,0,1,0,0,0,0,0,0,0,0,0,1,0,1,0,0,1
37,3,40.440636,-124.098739,1125,0,1,17.89,0,19.2,19.2,0.0,0,17.89,3,1,0,0,0,1,0,0,0,0,0,0,1,0,0,0,0,1,0,0,0,0,0,0,0,0,0,0,1,1,0,0,1
27,2,41.162295,-124.027381,2369,3,1,27.5,0,20.4,20.4,0.0,0,27.5,4,1,1,0,1,1,1,0,0,0,0,0,1,0,0,0,0,1,0,0,0,0,0,0,0,0,1,0,0,1,0,0,1
43,2,40.170357,-123.417298,259,6,19,4.7,0,20.6,414.95,0.0,0,89.3,3,1,0,0,1,1,1,0,0,0,1,0,1,0,0,0,0,1,0,0,0,0,0,0,0,0,0,0,0,1,0,0,1
36,0,38.99003,-121.114408,18197,0,9,13.72,0,20.4,181.8,0.0,0,123.48,5,1,0,0,0,0,0,0,0,0,0,1,1,0,0,0,0,1,0,0,0,0,0,0,0,0,0,0,0,1,0,0,1
31,0,38.384648,-121.578701,1417,0,11,46.49,0,20.0,211.95,0.0,0,511.39,4,0,0,0,0,0,0,0,0,0,1,0,1,0,0,0,0,1,0,0,0,0,0,0,0,0,1,0,0,1,0,0,1
41,0,38.880622,-120.973865,3674,0,1,3.39,0,25.0,25.0,0.0,0,3.39,3,1,0,0,0,0,0,0,0,0,0,1,1,1,0,0,0,1,0,0,0,0,0,0,0,0,0,0,1,1,0,0,1
45,2,38.508735,-121.678813,67411,6,9,16.13,0,19.75,210.65,0.0,0,145.17,4,0,0,0,1,1,1,0,0,0,0,1,1,0,0,0,0,1,0,0,0,0,0,0,0,0,0,1,0,1,0,0,1
31,0,38.652065,-121.25441,40750,0,5,24.16,0,19.95,107.05,0.0,0,120.8,5,1,0,0,0,0,0,0,0,0,0,0,1,0,0,0,0,1,0,0,0,0,0,0,0,0,0,0,0,1,0,0,1
33,0,38.513484,-120.704613,850,0,2,34.57,0,19.95,38.15,0.0,0,69.14,4,0,0,0,0,0,0,0,0,0,0,1,1,0,0,0,0,1,0,0,0,0,0,0,0,0,0,0,0,1,0,0,1
34,2,39.031876,-120.811141,5714,0,9,45.83,0,20.4,184.1,0.0,0,412.47,4,1,0,0,0,1,0,0,0,0,0,1,1,0,0,0,0,1,0,0,0,0,0,0,0,0,0,0,0,1,0,0,1
54,2,38.274451,-121.259201,24194,2,67,14.54,0,26.3,1688.9,0.0,0,974.18,5,1,0,0,1,1,1,1,0,0,0,0,1,1,0,0,0,1,0,0,0,0,0,0,0,0,0,1,0,1,0,0,1
59,0,38.9386,-120.785514,2723,0,8,26.47,0,20.7,137.6,0.0,0,211.76,5,0,0,0,0,0,0,0,0,0,0,1,1,0,0,0,0,1,0,0,0,0,0,0,0,0,0,0,1,0,1,0,1
50,0,38.375325,-121.507935,213,0,17,39.34,0,19.45,369.05,0.0,0,668.7800000000001,4,1,0,0,0,0,0,0,0,0,1,0,1,0,0,0,0,1,0,0,0,0,0,0,0,0,0,1,0,1,0,0,1
20,0,38.631489,-120.015167,129,0,32,36.78,0,20.35,707.5,0.0,0,1176.96,5,1,1,0,0,0,0,0,0,0,0,0,1,0,0,0,0,1,0,0,0,0,0,0,0,0,1,0,0,1,0,0,1
43,2,38.688764,-121.457596,14010,1,25,15.76,0,19.6,411.15,0.0,0,394.0,4,1,0,0,1,1,1,0,0,0,0,0,1,0,0,0,0,1,0,0,0,0,0,0,0,0,1,0,0,0,0,0,1
45,3,38.545775,-120.743325,364,5,64,17.93,0,24.05,1559.15,0.0,0,1147.52,3,0,0,0,1,1,1,0,1,0,0,0,1,1,0,0,0,1,0,0,0,0,0,0,0,0,0,1,1,0,1,0,1
63,0,38.419088,-122.024568,32564,0,10,4.76,0,20.55,187.35,0.0,0,47.6,3,0,0,0,0,0,0,0,0,0,0,0,1,0,0,0,0,1,0,0,0,0,0,0,0,0,0,0,1,0,1,0,1
37,2,39.170376,-120.838404,407,1,60,28.45,0,23.95,1506.4,0.0,0,1707.0,5,1,0,0,1,1,1,0,0,0,0,0,1,1,0,0,0,1,0,0,0,0,0,0,0,0,1,0,0,1,0,0,1
40,0,38.766036,-120.209673,183,0,9,48.61,0,20.15,163.7,0.0,0,437.49,4,1,0,0,0,0,0,0,0,0,0,1,1,0,0,0,0,1,0,0,0,0,0,0,0,0,1,0,1,0,1,0,1
52,0,38.591134,-121.161585,299,8,4,44.73,0,20.5,79.05,0.0,0,178.92,5,0,0,0,1,0,1,0,0,0,0,0,1,0,0,0,0,1,0,0,0,0,0,0,0,0,1,0,0,0,0,0,1
42,2,38.694081,-121.694431,15022,0,2,49.53,0,20.4,42.9,0.0,0,99.06,3,1,0,0,0,1,0,0,0,0,0,0,1,0,0,0,0,1,0,0,0,0,0,0,0,0,0,0,0,0,1,0,1
35,0,38.608405,-121.449942,25355,0,17,4.38,0,20.15,353.65,0.0,0,74.46,5,0,0,0,0,0,0,0,0,0,0,0,1,0,0,0,0,1,0,0,0,0,0,0,0,0,1,0,0,0,1,0,1
36,0,38.512569,-121.495184,44683,0,50,12.62,0,19.4,1023.95,0.0,0,631.0,5,0,0,0,0,0,0,0,0,0,0,0,1,0,0,0,0,1,0,0,0,0,0,0,0,0,0,1,0,1,0,0,1
52,0,38.590035,-121.412455,30715,0,56,47.82,0,25.95,1444.05,0.0,0,2677.92,3,1,0,0,0,0,0,0,0,0,0,0,1,1,0,0,0,1,0,0,0,0,0,0,0,0,0,1,1,0,0,0,1
28,0,38.542532,-121.378826,38818,0,1,5.02,0,19.1,19.1,0.0,0,5.02,5,0,1,0,0,0,0,0,0,0,0,0,1,0,0,0,0,1,0,0,0,0,0,0,0,0,0,0,0,0,1,0,1
60,0,38.646209,-121.52446,8403,0,44,18.14,0,19.5,835.5,0.0,0,798.1600000000001,4,1,0,0,0,0,0,0,0,0,0,0,1,0,0,0,0,1,0,0,0,0,0,0,0,0,1,0,0,1,0,0,1
23,0,38.691607,-121.602284,264,10,69,45.12,0,24.95,1718.35,0.0,0,3113.28,3,0,1,0,1,0,1,0,0,0,0,0,1,1,0,0,0,1,0,0,0,0,0,0,0,0,0,1,1,1,0,0,1
31,0,38.585826,-121.376263,23362,0,4,20.16,0,19.0,78.9,0.0,0,80.64,4,1,0,0,0,0,0,0,0,0,0,0,1,0,0,0,0,1,0,0,0,0,0,0,0,0,0,0,0,0,1,0,1
39,1,39.467828,-120.841386,118,0,5,8.01,0,20.35,122.0,0.0,0,40.05,4,1,0,0,0,1,0,0,0,0,0,0,1,0,0,0,0,1,0,0,0,0,0,0,0,0,0,0,0,1,0,0,1
56,2,39.440687,-121.263583,1237,3,36,20.57,0,19.2,702.9,0.0,0,740.52,5,0,0,0,1,1,1,0,0,1,0,0,1,0,0,0,0,1,0,0,0,0,0,0,0,0,0,0,0,0,0,0,1
24,0,39.381174,-121.21191,614,0,6,27.54,0,18.95,110.15,0.0,0,165.24,4,1,1,0,0,0,0,0,0,0,0,0,1,0,0,0,0,1,0,0,0,0,0,0,0,0,0,0,0,0,1,0,1
54,3,40.160386,-120.835428,2064,0,29,2.0,0,19.85,535.05,0.0,0,58.0,4,1,0,0,0,1,0,0,0,1,0,0,1,0,0,0,0,1,0,0,0,0,0,0,0,0,1,0,0,0,1,0,1
50,0,39.346898,-121.759537,9763,0,25,30.28,0,19.05,461.3,0.0,0,757.0,5,0,0,0,0,0,0,0,0,1,0,0,1,0,0,0,0,1,0,0,0,0,0,0,0,0,0,0,0,0,1,0,1
24,0,39.933852,-121.584371,11168,0,14,26.02,0,19.35,324.8,0.0,0,364.28,3,1,1,0,0,0,0,0,0,0,1,0,1,0,0,0,0,1,0,0,0,0,0,0,0,0,1,0,0,0,1,0,1
61,2,39.333737,-120.858667,17269,5,24,40.81,0,20.25,439.75,0.0,0,979.44,4,1,0,0,1,1,1,0,0,1,0,0,1,0,0,0,0,1,0,0,0,0,0,0,0,0,1,0,0,0,1,0,1
29,0,39.342587,-121.249833,1519,0,50,17.88,0,19.35,1033.0,29.5,0,894.0,3,0,1,0,0,0,0,0,0,0,0,0,1,0,0,0,0,1,0,0,0,0,0,0,0,0,1,0,1,0,1,0,1
40,0,39.473896,-121.415927,28382,0,21,22.29,0,20.85,435.25,1.31,0,468.09,3,0,0,0,0,0,0,0,0,0,1,0,1,0,0,0,0,1,0,0,0,0,0,0,0,0,0,1,1,1,0,0,1
33,0,39.69676,-121.644379,28318,3,17,1.64,0,19.35,307.0,10.57,0,27.88,5,0,0,0,1,0,1,0,0,0,1,0,1,0,0,0,0,1,0,0,0,0,0,0,0,0,1,0,0,0,1,0,1
59,0,39.903272,-121.843567,26971,7,51,20.47,0,25.5,1281.25,0.0,0,1043.97,5,0,0,0,1,0,1,0,0,0,0,0,1,1,0,0,0,1,0,0,0,0,0,0,0,0,0,1,0,0,1,0,1
62,0,39.176595,-121.291692,963,0,27,15.41,0,19.6,561.15,13.07,0,416.07,5,0,0,0,0,0,0,0,0,0,0,0,1,0,0,0,0,1,0,0,0,0,0,0,0,0,0,1,1,0,1,0,1
38,0,39.904002,-121.527823,28,0,3,40.2,0,20.0,63.6,0.0,0,120.6,3,0,0,0,0,0,0,0,0,0,0,0,1,0,0,0,0,1,0,0,0,0,0,0,0,0,0,0,0,0,1,0,1
35,1,39.34128,-120.786867,145,6,58,17.21,0,20.3,1160.75,25.57,0,998.18,3,0,0,0,1,1,1,0,0,0,0,0,1,0,0,0,0,1,0,0,0,0,0,0,0,0,0,1,0,1,0,0,1
49,1,39.02741,-121.614982,34967,4,15,17.43,0,19.8,272.95,18.55,0,261.45,4,0,0,0,1,1,1,0,0,0,1,0,1,0,0,0,0,1,0,0,0,0,0,0,0,0,0,0,0,0,1,0,1
49,0,40.527834,-122.318749,30338,0,58,29.31,0,19.15,1035.5,28.7,0,1699.98,5,1,0,0,0,0,0,0,0,0,0,0,1,0,0,0,0,1,0,0,0,0,0,0,0,0,0,1,1,0,0,0,1
32,2,40.677649,-122.29467,41476,9,3,45.33,0,19.1,52.0,0.0,0,135.99,5,0,0,0,1,1,1,0,0,0,0,0,1,0,0,0,0,1,0,0,0,0,0,0,0,0,0,1,0,0,1,0,1
60,0,40.722733,-122.109666,899,0,3,1.47,0,20.25,71.2,0.0,0,4.41,3,0,0,0,0,0,0,0,0,0,0,0,1,0,0,0,0,1,0,0,0,0,0,0,0,0,1,0,0,0,1,0,1
50,0,41.096569,-121.879082,265,0,68,9.82,0,25.5,1821.8,16.85,0,667.76,5,0,0,0,0,0,0,0,0,0,0,0,1,1,0,0,0,1,0,0,0,0,0,0,0,0,0,1,0,0,0,0,1
58,3,41.121108,-122.336613,228,0,40,26.41,0,20.4,854.9,32.55,0,1056.4,5,1,0,0,0,1,0,0,1,0,0,0,1,0,0,0,0,1,0,0,0,0,0,0,0,0,1,0,1,0,0,0,1
60,0,40.243494,-121.154733,2664,0,6,47.46,0,20.0,109.2,0.0,0,284.76,3,0,0,0,0,0,0,0,0,0,0,0,1,0,0,0,0,1,0,0,0,0,0,0,0,0,0,0,0,0,1,0,1
62,0,39.913777,-122.289984,13840,0,5,41.93,0,19.65,92.05,0.0,0,209.65,3,0,0,0,0,0,0,0,0,0,0,0,1,0,0,0,0,1,0,0,0,0,0,0,0,0,0,0,1,1,0,0,1
63,0,41.212695,-122.392067,2602,0,17,3.84,0,20.05,337.9,43.68,0,65.28,4,0,0,0,0,0,0,0,0,0,1,0,1,0,0,0,0,1,0,0,0,0,0,0,0,0,1,0,0,1,0,0,1
31,0,40.740138,-122.587476,373,0,2,47.19,0,20.45,42.45,0.0,0,94.38,5,0,0,0,0,0,0,0,0,0,0,0,1,0,0,0,0,1,0,0,0,0,0,0,0,0,0,0,1,0,1,0,1
42,3,40.03194,-122.176023,3357,7,24,20.74,0,24.7,571.75,0.0,0,497.76,3,0,0,0,1,1,1,0,0,0,0,0,1,1,0,0,0,1,0,0,0,0,0,0,0,0,0,1,0,0,1,0,1
44,0,40.648024,-123.465088,268,0,7,47.19,0,20.75,141.1,0.0,0,330.33,5,1,0,0,0,0,0,0,0,0,0,1,1,0,0,0,0,1,0,0,0,0,0,0,0,0,0,0,0,0,1,0,1
48,2,40.883853,-122.418258,1236,4,63,10.67,0,19.55,1245.6,0.0,0,672.21,5,1,0,0,1,1,1,0,1,0,0,0,1,0,0,0,0,1,0,0,0,0,0,0,0,0,0,1,0,0,1,0,1
51,1,41.10831,-121.360362,1554,8,24,30.41,0,19.7,452.55,0.0,0,729.84,4,0,0,0,1,1,1,0,0,0,0,0,1,0,0,0,0,1,0,0,0,0,0,0,0,0,0,1,0,1,0,0,1
55,1,40.426679,-121.850421,598,5,65,33.47,0,19.85,1267.05,0.0,0,2175.55,3,1,0,0,1,1,1,0,1,0,0,0,1,0,0,0,0,1,0,0,0,0,0,0,0,0,0,1,1,1,0,0,1
40,2,40.331975,-121.460674,78,4,26,12.71,0,19.65,494.9,0.0,0,330.46000000000004,4,0,0,0,1,1,1,0,0,0,0,0,1,0,0,0,0,1,0,0,0,0,0,0,0,0,0,1,0,1,0,0,1
19,1,40.877552,-121.885884,431,0,5,29.15,0,20.45,106.9,0.0,0,145.75,3,1,1,0,0,1,0,0,0,0,0,1,1,0,0,0,0,1,0,0,0,0,0,0,0,0,0,1,0,1,0,0,1
34,0,40.367964,-122.937379,215,6,11,26.11,0,20.55,184.95,0.0,0,287.21,5,1,0,0,1,0,1,0,0,0,0,0,1,0,0,0,0,1,0,0,0,0,0,0,0,0,1,0,1,1,0,0,1
39,2,41.505916,-120.152505,857,10,72,14.17,0,20.1,1460.85,0.0,0,1020.24,5,0,0,0,1,1,1,0,0,0,0,0,1,0,0,0,0,1,0,0,0,0,0,0,0,0,0,1,0,0,0,0,1
28,1,39.872961,-120.198876,650,9,47,6.51,0,20.05,951.55,0.0,0,305.97,5,1,1,0,1,1,1,0,1,0,0,0,1,0,0,0,0,1,0,0,0,0,0,0,0,0,1,0,0,1,0,0,1
50,0,38.42528,-119.475741,1332,0,65,45.87,0,24.8,1600.95,0.0,0,2981.55,4,1,0,0,0,0,0,0,1,0,0,0,1,1,0,0,0,1,0,0,0,0,0,0,0,0,1,0,0,1,0,0,1
46,0,40.294034,-120.512622,3093,0,14,14.61,0,20.4,292.4,0.0,0,204.54,3,0,0,0,1,0,0,0,0,0,0,0,1,0,0,0,0,1,0,0,0,0,0,0,0,0,0,1,0,1,0,0,1
54,2,41.266008,-120.490731,277,7,13,4.26,0,20.0,218.55,0.0,0,55.38,3,1,0,0,1,1,1,0,0,0,0,0,1,0,0,0,0,1,0,0,0,0,0,0,0,0,1,0,0,1,0,0,1
24,2,39.786755,-120.445626,4236,5,69,23.47,0,20.35,1442.65,0.0,0,1619.4299999999998,3,0,1,0,1,1,1,0,0,0,0,0,1,0,0,0,0,1,0,0,0,0,0,0,0,0,1,0,1,1,0,0,1
56,3,40.346634,-120.386422,408,6,13,27.62,0,20.85,272.35,0.0,0,359.06,4,0,0,0,1,1,1,0,0,0,0,0,1,0,0,0,0,1,0,0,0,0,0,0,0,0,0,1,0,1,0,0,1
33,0,39.246654,-120.029273,4806,0,4,25.8,0,20.05,83.3,0.0,0,103.2,4,0,0,0,0,0,0,0,0,0,0,0,1,0,0,0,0,1,0,0,0,0,0,0,0,0,0,0,0,1,0,0,1
23,3,39.191797,-120.212401,942,3,33,28.4,0,20.1,579.4,0.0,0,937.2,3,0,1,0,1,1,1,0,0,0,0,0,1,0,0,0,0,1,0,0,0,0,0,0,0,0,1,0,0,1,0,0,1
35,0,34.059281,-118.30742,43019,9,15,46.68,0,25.2,387.9,0.0,0,700.2,4,0,0,0,1,0,1,0,0,0,0,0,1,1,0,0,0,1,0,0,0,0,0,0,0,0,0,1,0,1,0,0,1
50,0,34.048013,-118.293953,62784,0,25,1.36,0,19.9,527.5,0.0,0,34.0,5,0,0,0,0,0,0,0,0,0,0,0,1,0,0,0,0,1,0,0,0,0,0,0,0,0,1,0,0,1,0,0,1
29,0,34.062125,-118.315709,1957,0,1,10.84,0,20.3,20.3,0.0,0,10.84,4,1,1,0,0,0,0,0,0,0,0,0,1,0,0,0,0,1,0,0,0,0,0,0,0,0,0,0,0,1,0,0,1
22,0,34.00709,-118.258681,101215,0,1,26.37,0,19.2,19.2,0.0,0,26.37,4,1,1,0,0,0,0,0,0,0,0,0,1,0,0,0,0,1,0,0,0,0,0,0,0,0,0,0,0,0,0,0,1
40,0,34.049841,-118.33846,67520,9,64,49.39,0,25.55,1714.95,0.0,0,3160.96,4,0,0,0,1,0,1,0,0,0,0,0,1,1,0,0,0,1,0,0,0,0,0,0,0,0,0,1,0,1,0,0,1
27,3,34.029043,-118.239504,3012,0,28,26.09,0,20.25,535.35,0.0,0,730.52,5,0,1,0,0,1,0,0,0,0,0,0,1,0,0,0,0,1,0,0,0,0,0,0,0,0,0,0,0,1,0,0,1
56,1,34.089953,-118.294824,41713,5,10,15.51,0,19.85,198.5,0.0,0,155.1,3,1,0,0,1,1,1,0,0,0,0,0,1,0,0,0,0,1,0,0,0,0,0,0,0,0,0,1,0,1,0,0,1
44,3,34.078821,-118.177576,46960,0,12,17.23,0,19.35,212.3,0.0,0,206.76,5,1,0,0,0,1,0,0,0,0,1,0,1,0,0,0,0,1,0,0,0,0,0,0,0,0,0,1,0,0,0,0,1
37,0,34.030578,-118.399613,58218,0,12,2.29,0,25.0,316.2,0.0,0,27.48,4,1,0,0,0,0,0,0,0,0,1,0,1,1,0,0,0,1,0,0,0,0,0,0,0,0,0,0,0,0,0,0,1
62,1,34.051809,-118.383843,27799,3,55,3.18,0,20.3,1079.05,0.0,0,174.9,5,0,0,0,1,1,1,0,0,0,0,0,1,0,0,0,0,1,0,0,0,0,0,0,0,0,0,1,0,1,0,0,1
23,0,34.11572,-118.192754,64672,0,16,47.25,0,20.1,318.6,0.0,0,756.0,3,0,1,0,0,0,0,0,0,0,1,0,1,0,0,0,0,1,0,0,0,0,0,0,0,0,1,0,0,0,0,0,1
32,1,34.108455,-118.362081,49839,1,23,18.91,0,20.9,454.0,0.0,0,434.93,3,1,0,0,1,1,1,0,0,0,1,0,1,0,0,0,0,1,0,0,0,0,0,0,0,0,0,1,0,1,0,0,1
34,0,34.108833,-118.229715,47534,0,21,44.01,0,19.95,416.4,0.0,0,924.21,5,1,0,0,0,0,0,0,0,0,1,0,1,0,0,0,0,1,0,0,0,0,0,0,0,0,0,0,1,1,0,0,1
25,0,34.102084,-118.451629,10470,0,19,34.68,0,19.65,358.15,0.0,0,658.92,5,1,1,0,0,0,0,0,0,0,1,0,1,0,0,0,0,1,0,0,0,0,0,0,0,0,0,1,0,1,0,0,1
34,1,33.956228,-118.120993,24908,4,71,12.22,0,19.9,1389.35,0.0,0,867.62,4,0,0,0,1,1,1,1,0,0,0,0,1,0,0,0,0,1,0,0,0,0,0,0,0,0,0,1,0,0,0,0,1
58,2,33.940884,-118.128628,40152,6,1,48.79,0,19.4,19.4,0.0,0,48.79,5,0,0,0,1,1,1,0,0,0,0,0,1,0,0,0,0,1,0,0,0,0,0,0,0,0,0,0,1,1,0,0,1
19,0,33.921793,-118.140588,42459,4,68,25.19,0,25.05,1629.2,0.0,0,1712.92,5,1,1,0,1,0,1,1,0,0,0,0,1,1,0,0,0,1,0,0,0,0,0,0,0,0,0,1,0,1,0,0,1
34,0,33.890853,-118.297967,47758,0,2,49.91,0,19.3,44.4,0.0,0,99.82,3,0,0,0,0,0,0,0,0,0,0,0,1,0,0,0,0,1,0,0,0,0,0,0,0,0,0,0,0,1,0,0,1
53,3,33.914775,-118.348083,93315,4,72,36.82,0,25.55,1867.7,0.0,0,2651.04,4,1,0,0,1,1,1,1,0,0,0,0,1,1,0,0,0,1,0,0,0,0,0,0,0,0,0,1,0,1,0,0,1
55,0,34.037037,-118.705803,11,0,7,15.54,0,20.65,155.9,0.0,0,108.78,5,0,0,0,0,0,0,0,0,0,0,0,1,0,0,0,0,1,0,0,0,0,0,0,0,0,0,0,0,1,0,0,1
29,0,33.988572,-118.186565,28094,0,56,48.87,0,19.95,1126.75,0.0,0,2736.72,5,1,1,0,1,0,0,0,0,0,0,0,1,0,0,0,0,1,0,0,0,0,0,0,0,0,1,0,0,1,0,0,1
21,0,34.079449,-118.548306,22548,0,4,8.38,0,19.0,73.45,0.0,0,33.52,5,1,1,0,0,0,0,0,0,0,0,0,1,0,0,0,0,1,0,0,0,0,0,0,0,0,0,0,0,1,0,0,1
57,0,33.956445,-118.358634,37527,0,56,13.89,0,19.55,1080.55,0.0,0,777.84,5,0,0,0,0,0,0,0,1,0,0,0,1,0,0,0,0,1,0,0,0,0,0,0,0,0,0,1,1,0,0,0,1
31,0,33.936291,-118.332639,27778,0,4,3.05,0,20.45,82.85,0.0,0,12.2,5,0,0,0,0,0,0,0,0,0,0,0,1,0,0,0,0,1,0,0,0,0,0,0,0,0,0,0,0,1,0,0,1
23,0,34.015481,-118.493231,5221,0,31,31.79,0,20.95,683.25,0.0,0,985.49,4,0,1,0,0,0,0,0,0,0,0,0,1,0,0,0,0,1,0,0,0,0,0,0,0,0,1,0,0,0,1,0,1
49,1,33.905963,-118.08263,103214,10,53,30.31,0,19.55,1007.9,0.0,0,1606.4299999999998,5,0,0,0,1,1,1,0,1,0,0,0,1,0,0,0,0,1,0,0,0,0,0,0,0,0,1,0,0,0,0,0,1
29,0,33.887676,-118.127289,72893,0,25,3.58,0,19.5,516.3,0.0,0,89.5,4,1,1,0,0,0,0,0,0,1,0,0,1,0,0,0,0,1,0,0,0,0,0,0,0,0,1,0,1,0,0,0,1
57,0,33.802664,-118.179971,49647,0,1,33.02,0,19.5,19.5,0.0,0,33.02,4,0,0,0,0,0,0,0,0,0,0,1,1,0,0,0,0,1,0,0,0,0,0,0,0,0,0,0,1,1,0,0,1
39,2,33.823943,-118.111335,37417,6,30,47.21,0,25.1,789.55,15.41,0,1416.3,3,0,0,0,1,1,1,0,0,1,0,0,1,1,0,0,0,1,0,0,0,0,0,0,0,0,0,1,1,1,0,0,1
49,2,34.137319,-118.029837,30028,7,72,27.93,0,25.1,1790.8,46.81,0,2010.96,3,1,0,0,1,1,1,1,0,0,0,0,1,1,0,0,0,1,0,0,0,0,0,0,0,0,0,1,1,1,0,0,1
37,3,34.145695,-117.95982,27414,2,1,34.28,0,19.7,19.7,0.0,0,34.28,5,1,0,0,1,1,1,0,0,0,0,0,1,0,0,0,0,1,0,0,0,0,0,0,0,0,0,0,0,1,0,0,1
61,0,34.2112,-118.230625,7527,0,35,23.77,0,21.1,741.0,14.23,0,831.9499999999999,4,0,0,0,0,0,0,0,0,1,0,0,1,0,0,0,0,1,0,0,0,0,0,0,0,0,1,0,0,1,0,0,1
57,2,34.296574,-118.244839,26753,2,2,35.42,0,20.3,31.9,0.0,0,70.84,3,0,0,0,1,1,1,0,0,0,0,0,1,0,0,0,0,1,0,0,0,0,0,0,0,0,1,0,0,1,0,0,1
30,0,34.139402,-118.128658,23742,9,70,3.51,0,19.85,1433.8,45.47,0,245.7,5,1,0,0,1,0,1,1,0,0,0,0,1,0,0,0,0,1,0,0,0,0,0,0,0,0,0,1,0,1,0,0,1
22,1,34.13658,-118.245839,41390,10,52,2.44,0,20.1,1078.75,17.05,0,126.88,4,0,1,0,1,1,1,0,0,0,0,0,1,0,0,0,0,1,0,0,0,0,0,0,0,0,0,1,0,0,0,0,1
45,3,34.281911,-118.556218,28067,1,68,35.89,0,19.95,1377.7,28.98,0,2440.52,3,1,0,0,1,1,1,1,0,0,0,0,1,0,0,0,0,1,0,0,0,0,0,0,0,0,0,1,0,0,0,0,1
20,0,34.286131,-118.435969,33389,0,4,41.94,0,19.75,78.3,0.0,0,167.76,3,1,1,0,0,0,0,0,0,0,0,0,1,0,0,0,0,1,0,0,0,0,0,0,0,0,0,0,0,1,0,0,1
24,0,34.266389,-118.459744,17112,0,53,34.16,0,24.6,1279.0,37.68,0,1810.48,5,1,1,0,0,0,0,0,0,0,0,0,1,1,0,0,0,1,0,0,0,0,0,0,0,0,0,1,0,1,0,0,1
33,2,34.422519,-118.420717,59259,1,11,15.73,0,20.95,267.35,18.17,0,173.03,3,1,0,0,1,1,1,0,0,0,0,0,1,0,0,0,0,1,0,0,0,0,0,0,0,0,0,0,0,0,0,0,1
34,0,34.214054,-118.88109,42526,0,1,29.15,0,19.45,19.45,0.0,0,29.15,3,1,0,0,0,0,0,0,0,0,0,1,1,0,0,0,0,1,0,0,0,0,0,0,0,0,0,0,0,1,0,0,1
48,0,34.191842,-118.822796,33057,1,16,46.86,0,19.6,314.45,26.83,0,749.76,3,0,0,0,1,0,1,0,0,0,0,0,1,0,0,0,0,1,0,0,0,0,0,0,0,0,0,0,0,1,0,0,1
31,1,34.178068,-118.615714,36123,1,37,43.68,0,19.8,677.05,29.21,0,1616.16,4,1,0,0,1,1,1,0,0,0,0,0,1,0,0,0,0,1,0,0,0,0,0,0,0,0,1,0,0,1,0,0,1
63,0,34.17847,-118.459472,23646,0,16,40.95,0,19.35,295.55,0.0,0,655.2,5,0,0,0,0,0,0,0,0,0,0,0,1,0,0,0,0,1,0,0,0,0,0,0,0,0,1,0,0,1,0,0,1
57,0,34.152875,-118.486056,13129,0,10,2.84,0,19.8,198.25,0.0,0,28.4,3,0,0,0,0,0,0,0,0,0,0,0,1,0,0,0,0,1,0,0,0,0,0,0,0,0,1,0,1,1,0,0,1
43,0,34.08111,-117.853935,25068,0,62,48.93,0,23.4,1429.65,0.0,0,3033.66,4,1,0,0,0,0,0,0,0,0,0,0,1,1,0,0,0,1,0,0,0,0,0,0,0,0,0,1,0,0,0,0,1
53,3,34.074492,-118.01462,62660,10,6,1.57,0,19.45,113.5,0.0,0,9.42,4,1,0,0,1,1,1,0,0,0,0,1,1,0,0,0,0,1,0,0,0,0,0,0,0,0,1,0,0,1,0,0,1
27,0,34.133809,-117.523724,12937,0,27,47.65,0,19.85,470.0,0.0,0,1286.55,4,1,1,0,0,0,0,0,0,0,0,0,1,0,0,0,0,1,0,0,0,0,0,0,0,0,0,1,0,1,0,0,1
23,0,34.049172,-118.115022,26933,0,17,25.91,0,19.95,310.6,0.0,0,440.47,5,1,1,0,0,0,0,0,0,0,1,0,1,0,0,0,0,1,0,0,0,0,0,0,0,0,1,0,0,1,0,0,1
30,2,34.231318,-117.662032,47,3,16,27.24,0,20.5,290.55,0.0,0,435.84,3,1,0,0,1,1,1,0,0,0,1,0,1,0,0,0,0,1,0,0,0,0,0,0,0,0,0,1,0,1,0,0,1
27,3,34.072121,-117.698319,34447,9,28,15.85,0,19.55,543.8,0.0,0,443.8,4,0,1,0,1,1,1,0,0,0,0,0,1,0,0,0,0,1,0,0,0,0,0,0,0,0,0,0,1,0,0,0,1
30,0,34.074087,-117.605618,49474,0,1,29.86,0,20.35,20.35,0.0,0,29.86,4,0,0,0,0,0,0,0,0,0,0,1,1,0,0,0,0,1,0,0,0,0,0,0,0,0,0,0,1,1,0,0,1
26,2,34.042286,-117.756106,69974,6,72,18.14,0,23.3,1623.15,0.0,0,1306.08,5,0,1,0,1,1,1,0,0,0,0,0,1,1,0,0,0,1,0,0,0,0,0,0,0,0,1,0,1,0,0,0,1
30,0,34.090925,-118.128164,54382,1,50,28.1,0,19.85,943.1,0.0,0,1405.0,5,0,0,0,1,0,1,0,0,0,0,0,1,0,0,0,0,1,0,0,0,0,0,0,0,0,1,0,1,0,0,0,1
31,1,32.912664,-116.635387,1587,4,55,31.3,0,20.0,1087.25,0.0,0,1721.5,4,0,0,0,1,1,1,0,1,0,0,0,1,0,0,0,0,1,0,0,0,0,0,0,0,0,0,0,0,1,0,0,1
40,2,32.579134,-117.119009,26662,3,38,24.16,0,19.6,717.3,0.0,0,918.08,3,1,0,0,1,1,1,0,0,0,0,0,1,0,0,0,0,1,0,0,0,0,0,0,0,0,0,0,0,0,0,0,1
44,0,32.832706,-116.873258,61872,10,71,18.41,0,19.85,1379.6,0.0,0,1307.11,4,0,0,0,1,0,1,0,0,0,0,0,1,0,0,0,0,1,0,0,0,0,0,0,0,0,0,1,0,1,0,0,1
35,0,33.081478,-117.033814,49281,0,16,20.65,0,20.1,296.15,0.0,0,330.4,3,0,0,0,0,0,0,0,0,0,1,0,1,0,0,0,0,1,0,0,0,0,0,0,0,0,1,0,0,1,0,0,1
33,3,33.141265,-116.967221,48690,8,17,45.24,0,25.15,412.6,0.0,0,769.08,3,1,0,0,1,1,1,0,0,0,1,0,1,1,0,0,0,1,0,0,0,0,0,0,0,0,0,1,1,1,0,0,1
41,0,33.351059,-117.420557,98239,8,72,8.98,0,24.55,1750.7,0.0,0,646.5600000000001,4,0,0,0,1,0,1,0,0,0,0,0,1,1,0,0,0,1,0,0,0,0,0,0,0,0,0,1,0,0,0,0,1
57,1,33.194742,-117.29032,52895,0,11,44.88,0,19.7,216.2,0.0,0,493.68,4,0,0,0,0,1,0,0,0,0,1,0,1,0,0,0,0,1,0,0,0,0,0,0,0,0,0,0,0,1,0,0,1
50,0,33.215251,-116.53633,339,5,53,46.24,0,19.05,990.45,0.0,0,2450.7200000000003,5,0,0,0,1,0,1,0,1,0,0,0,1,0,0,0,0,1,0,0,0,0,0,0,0,0,1,0,0,1,0,0,1
52,3,33.012751,-117.200617,7615,0,39,49.95,0,25.0,1004.35,0.0,0,1948.05,4,1,0,0,0,1,0,0,0,0,0,0,1,1,0,0,0,1,0,0,0,0,0,0,0,0,0,1,0,1,0,0,1
45,0,33.162624,-117.170863,52664,0,9,31.28,0,19.05,157.65,0.0,0,281.52,4,0,0,0,0,0,0,0,0,0,0,1,1,0,0,0,0,1,0,0,0,0,0,0,0,0,0,0,0,1,0,0,1
21,2,33.119028,-117.166036,6760,2,71,9.2,0,25.35,1847.55,0.0,0,653.1999999999999,5,1,1,0,1,1,1,0,0,0,0,0,1,1,0,0,0,1,0,0,0,0,0,0,0,0,0,1,0,1,0,0,1
57,0,32.72523,-117.171346,27505,1,32,12.35,0,19.4,641.15,0.0,0,395.2,4,0,0,0,1,0,1,0,0,0,0,0,1,0,0,0,0,1,0,0,0,0,0,0,0,0,0,0,0,0,0,0,1
40,1,32.747484,-117.166877,30202,5,37,44.68,0,24.1,861.85,0.0,0,1653.16,4,0,0,0,1,1,1,0,0,0,0,0,1,1,0,0,0,1,0,0,0,0,0,0,0,0,0,1,1,0,0,0,1
49,2,32.825086,-117.199424,51213,2,33,9.97,0,24.25,838.5,0.0,0,329.01000000000005,5,0,0,0,1,1,1,0,0,0,0,0,1,1,0,0,0,1,0,0,0,0,0,0,0,0,0,0,0,0,0,0,1
54,0,32.85723,-117.209774,34902,0,1,8.56,0,20.5,20.5,0.0,0,8.56,5,0,0,0,0,0,0,0,0,0,0,0,1,0,0,0,0,1,0,0,0,0,0,0,0,0,0,0,0,1,0,0,1
51,1,33.948558,-116.516976,22796,1,27,35.52,0,24.5,761.95,0.0,0,959.04,3,0,0,0,1,1,1,0,0,0,0,0,1,1,0,0,0,1,0,0,0,0,0,0,0,0,0,1,0,0,0,0,1
60,3,34.137742,-114.36514,1564,0,9,27.34,0,20.1,190.25,0.0,0,246.06,4,1,0,0,0,1,0,0,0,0,0,0,1,0,0,0,0,1,0,0,0,0,0,0,0,0,1,0,0,1,0,0,1
49,2,32.858595,-115.662709,14546,10,69,28.19,0,19.9,1356.7,0.0,0,1945.11,3,1,0,0,1,1,1,1,0,0,0,0,1,0,0,0,0,1,0,0,0,0,0,0,0,0,0,1,0,0,0,0,1
60,0,34.167236,-116.281511,8141,0,11,49.8,0,20.4,231.45,0.0,0,547.8,4,1,0,0,0,0,0,0,0,0,1,0,1,0,0,0,0,1,0,0,0,0,0,0,0,0,0,1,0,1,0,0,1
37,1,33.543835,-115.993906,8768,0,10,37.59,0,20.45,242.4,0.0,0,375.9,4,1,0,0,1,1,0,0,0,0,1,0,1,0,0,0,0,1,0,0,0,0,0,0,0,0,1,0,0,1,0,0,1
58,0,34.273872,-114.192901,131,0,28,40.39,0,18.25,534.7,0.0,0,1130.92,4,1,0,0,0,0,0,0,0,1,0,0,1,0,0,0,0,1,0,0,0,0,0,0,0,0,1,0,0,1,0,0,1
39,2,33.53604,-116.119222,17018,8,18,14.6,0,20.45,357.0,0.0,0,262.8,4,0,0,0,1,1,1,0,0,0,0,0,1,0,0,0,0,1,0,0,0,0,0,0,0,0,0,0,0,1,0,0,1
60,1,33.28156,-115.955541,799,1,62,16.48,0,24.8,1476.25,0.0,0,1021.76,5,1,0,0,1,1,1,0,0,0,0,0,1,1,0,0,0,1,0,0,0,0,0,0,0,0,1,0,0,0,0,0,1
19,0,33.03679,-115.60503,2388,0,62,33.68,0,20.05,1201.65,0.0,0,2088.16,4,1,1,0,0,0,0,0,0,0,0,0,1,0,0,0,0,1,0,0,0,0,0,0,0,0,0,1,1,1,0,0,1
26,0,34.1678,-116.86433,301,0,8,5.27,0,20.2,140.95,0.0,0,42.16,4,0,1,0,0,0,0,0,0,0,0,0,1,0,0,0,0,1,0,0,0,0,0,0,0,0,1,0,1,0,0,0,1
60,0,35.28952,-116.092214,904,0,24,47.33,0,24.6,592.65,0.0,0,1135.92,3,1,0,0,0,0,0,0,0,1,0,0,1,1,0,0,0,1,0,0,0,0,0,0,0,0,1,0,0,0,0,0,1
30,0,34.087558,-117.464096,82630,0,1,11.1,0,20.05,20.05,0.0,0,11.1,4,1,0,0,0,0,0,0,0,0,0,0,1,0,0,0,0,1,0,0,0,0,0,0,0,0,0,0,0,1,0,0,1
50,0,34.2565,-117.19335,9793,0,11,1.87,0,25.2,245.15,0.0,0,20.57,4,0,0,0,0,0,0,0,0,0,0,0,1,1,0,0,0,1,0,0,0,0,0,0,0,0,1,0,0,0,0,0,1
63,0,34.049315,-117.255974,18068,0,5,5.41,0,25.45,134.75,0.0,0,27.05,3,0,0,0,0,0,0,0,0,0,0,0,1,1,0,0,0,1,0,0,0,0,0,0,0,0,0,0,0,1,0,0,1
49,4,34.711224,-114.702256,5488,5,40,49.22,0,26.2,1077.5,0.0,0,1968.8,3,0,0,0,1,1,1,0,0,0,0,0,1,1,0,0,0,1,0,0,0,0,0,0,0,0,0,0,1,0,0,0,1
43,0,35.478736,-115.516984,162,6,57,44.86,0,19.9,1115.6,0.0,0,2557.02,5,0,0,0,1,0,1,0,0,0,0,0,1,0,0,0,0,1,0,0,0,0,0,0,0,0,0,1,0,0,0,0,1
24,3,34.109775,-117.378904,75882,1,47,2.56,0,19.3,890.5,0.0,0,120.32,4,0,1,0,1,1,1,0,0,0,0,0,1,0,0,0,0,1,0,0,0,0,0,0,0,0,0,1,0,0,0,0,1
40,0,34.243088,-116.830015,1834,0,29,49.52,0,19.1,529.5,0.0,0,1436.0800000000002,4,1,0,0,0,0,0,0,0,1,0,0,1,0,0,0,0,1,0,0,0,0,0,0,0,0,1,0,0,1,0,0,1
56,0,34.183286,-117.221722,53636,0,9,40.74,0,19.85,178.8,0.0,0,366.66,3,1,0,0,0,0,0,0,0,0,0,0,1,0,0,0,0,1,0,0,0,0,0,0,0,0,0,0,0,1,0,0,1
57,0,34.106922,-117.297553,44556,0,9,2.6,0,20.25,186.15,0.0,0,23.4,4,0,0,0,0,0,0,0,0,0,0,1,1,0,0,0,0,1,0,0,0,0,0,0,0,0,0,0,0,1,0,0,1
55,0,34.004379,-117.447864,63999,0,1,25.99,0,20.0,20.0,0.0,0,25.99,4,1,0,0,0,0,0,0,0,0,0,1,1,0,0,0,0,1,0,0,0,0,0,0,0,0,0,0,0,1,0,0,1
53,2,33.739415,-116.968339,29687,5,3,10.13,0,19.3,54.7,0.0,0,30.39,4,0,0,0,1,1,1,0,0,0,0,0,1,0,0,0,0,1,0,0,0,0,0,0,0,0,0,0,0,1,0,0,1
24,0,33.644585,-116.871544,39264,0,50,21.72,0,20.15,989.05,0.0,0,1086.0,5,1,1,0,0,0,0,0,0,0,0,0,1,0,0,0,0,1,0,0,0,0,0,0,0,0,1,0,0,1,0,0,1
27,0,33.755039,-116.741796,3588,0,17,47.79,0,19.65,351.55,0.0,0,812.43,5,1,1,0,0,0,0,0,0,0,0,0,1,0,0,0,0,1,0,0,0,0,0,0,0,0,1,0,1,0,0,0,1
28,0,33.638645,-116.55783,1500,0,53,28.46,0,20.25,1048.45,0.0,0,1508.38,4,0,1,0,0,0,0,0,0,0,0,0,1,0,0,0,0,1,0,0,0,0,0,0,0,0,0,1,0,1,0,0,1
44,2,33.653338,-117.178271,14068,3,52,9.87,0,19.35,1031.7,0.0,0,513.24,5,0,0,0,1,1,1,0,0,0,0,0,1,0,0,0,0,1,0,0,0,0,0,0,0,0,0,1,0,1,0,0,1
22,2,33.739412,-117.173334,8692,3,10,36.37,0,25.35,253.5,0.0,0,363.7,4,1,1,0,1,1,1,0,0,0,0,0,1,1,0,0,0,1,0,0,0,0,0,0,0,0,0,1,0,1,0,0,1
23,0,33.707483,-117.200006,18161,0,2,46.0,0,20.45,34.8,0.0,0,92.0,4,0,1,0,0,0,0,0,0,0,0,0,1,0,0,0,0,1,0,0,0,0,0,0,0,0,1,0,0,1,0,0,1
29,0,33.69887,-117.25071,13151,7,65,48.66,0,19.35,1319.95,0.0,0,3162.9,3,0,1,0,1,0,1,0,1,0,0,0,1,0,0,0,0,1,0,0,0,0,0,0,0,0,0,1,0,0,0,0,1
38,3,33.688546,-117.788091,27369,1,24,4.47,0,19.9,533.5,0.0,0,107.28,4,0,0,0,1,1,1,0,0,1,0,0,1,0,0,0,0,1,0,0,0,0,0,0,0,0,1,0,0,1,0,0,1
57,1,33.680302,-117.833296,22499,3,15,37.9,0,20.05,284.3,0.0,0,568.5,4,0,0,0,1,1,1,0,0,0,0,0,1,0,0,0,0,1,0,0,0,0,0,0,0,0,0,0,0,1,0,0,1
51,0,33.644849,-117.684254,59176,0,10,19.1,0,20.0,198.6,0.0,0,191.0,4,1,0,0,0,0,0,0,0,0,1,0,1,0,0,0,0,1,0,0,0,0,0,0,0,0,0,0,1,1,0,0,1
52,2,33.721917,-118.043237,32304,1,46,24.33,0,19.25,864.2,0.0,0,1119.1799999999998,5,0,0,0,1,1,1,0,1,0,0,0,1,0,0,0,0,1,0,0,0,0,0,0,0,0,0,1,1,1,0,0,1
40,0,33.570023,-117.773669,25206,0,1,13.85,0,19.65,19.65,0.0,0,13.85,3,1,0,0,0,0,0,0,0,0,0,1,1,0,0,0,0,1,0,0,0,0,0,0,0,0,0,0,1,0,0,0,1
40,0,33.634626,-117.874882,28687,0,5,42.52,0,20.65,93.55,0.0,0,212.6,4,1,0,0,0,0,0,0,0,0,0,1,1,0,0,0,0,1,0,0,0,0,0,0,0,0,0,0,0,0,0,0,1
31,1,33.4725,-117.584273,15297,10,70,9.33,0,25.4,1782.05,0.0,0,653.1,4,1,0,0,1,1,1,1,0,0,0,0,1,1,0,0,0,1,0,0,0,0,0,0,0,0,0,1,0,1,0,0,1
45,1,33.529047,-117.701175,62103,0,1,32.95,0,24.0,24.0,0.0,0,32.95,4,0,0,0,0,1,0,0,0,0,0,1,1,1,0,0,0,1,0,0,0,0,0,0,0,0,0,0,0,1,0,0,1
50,2,33.631119,-117.567346,32268,4,19,38.43,0,25.6,485.9,0.0,0,730.17,3,0,0,0,1,1,1,0,0,0,1,0,1,1,0,0,0,1,0,0,0,0,0,0,0,0,0,1,0,1,0,0,1
44,0,33.924143,-117.79387,1408,0,13,45.03,0,19.3,259.65,35.28,0,585.39,4,1,0,0,0,0,0,0,0,0,1,0,1,0,0,0,0,1,0,0,0,0,0,0,0,0,1,0,0,1,0,0,1
27,0,33.877639,-117.961212,46105,0,17,22.26,0,19.7,340.35,0.0,0,378.42,4,0,1,0,0,0,0,0,0,0,1,0,1,0,0,0,0,1,0,0,0,0,0,0,0,0,0,0,0,1,0,0,1
54,2,33.786738,-117.982564,31428,1,56,37.67,0,24.15,1402.25,29.41,0,2109.52,4,1,0,0,1,1,1,0,1,0,0,0,1,1,0,0,0,1,0,0,0,0,0,0,0,0,0,1,0,0,0,0,1
52,3,33.764018,-117.931507,43491,1,38,44.32,0,20.3,749.35,10.65,0,1684.16,5,0,0,0,1,1,1,0,0,1,0,0,1,0,0,0,0,1,0,0,0,0,0,0,0,0,1,0,0,1,0,0,1
44,0,33.782955,-118.026456,15878,0,48,34.96,0,25.05,1171.5,16.38,0,1678.08,4,0,0,0,0,0,0,0,1,0,0,0,1,1,0,0,0,1,0,0,0,0,0,0,0,0,1,0,0,1,0,0,1
30,2,33.817473,-117.810462,5935,1,35,18.29,0,19.65,708.8,0.0,0,640.15,3,0,0,0,1,1,1,0,0,1,0,0,1,0,0,0,0,1,0,0,0,0,0,0,0,0,1,0,0,1,0,0,1
44,1,33.787796,-117.875928,23172,1,34,44.54,0,20.8,635.9,46.07,0,1514.36,3,1,0,0,1,1,1,0,0,1,0,0,1,0,0,0,0,1,0,0,0,0,0,0,0,0,0,0,0,1,0,0,1
45,0,33.833686,-117.513063,21911,0,11,17.12,0,19.55,223.15,26.32,0,188.32,3,1,0,0,0,0,0,0,0,0,1,0,1,0,0,0,0,1,0,0,0,0,0,0,0,0,0,1,0,1,0,0,1
38,0,33.884073,-117.732197,20893,1,72,13.72,0,24.8,1874.3,16.26,0,987.84,3,1,0,0,1,0,1,0,0,0,0,0,1,1,0,0,0,1,0,0,0,0,0,0,0,0,0,1,0,1,0,0,1
26,0,34.360261,-119.306383,32899,0,39,48.02,0,19.9,791.15,20.17,0,1872.78,4,1,1,0,0,0,0,0,0,1,0,0,1,0,0,0,0,1,0,0,0,0,0,0,0,0,1,0,0,1,0,0,1
37,0,34.420998,-119.60137,576,0,9,24.89,0,19.7,180.7,0.0,0,224.01,4,1,0,0,0,0,0,0,0,0,0,1,1,0,0,0,0,1,0,0,0,0,0,0,0,0,0,0,0,1,0,0,1
34,0,34.438581,-119.685368,20893,0,70,40.91,0,19.85,1328.35,33.29,0,2863.7,4,0,0,0,1,0,0,0,0,0,0,0,1,0,0,0,0,1,0,0,0,0,0,0,0,0,0,1,0,1,0,0,1
53,0,34.457541,-119.631072,12741,0,4,1.3,0,20.15,68.45,0.0,0,5.2,3,0,0,0,0,0,0,0,0,0,0,1,1,0,0,0,0,1,0,0,0,0,0,0,0,0,0,0,1,1,0,0,1
22,3,34.489983,-120.091246,49975,0,7,49.83,0,20.25,174.7,0.0,0,348.81,5,1,1,0,1,1,0,0,0,0,0,1,1,0,0,0,0,1,0,0,0,0,0,0,0,0,0,0,1,0,0,0,1
59,3,35.116307,-118.817644,16206,10,9,12.55,0,20.25,172.35,0.0,0,112.95,5,0,0,0,1,1,1,0,0,0,0,0,1,0,0,0,0,1,0,0,0,0,0,0,0,0,1,0,0,1,0,0,1
37,0,36.385818,-119.224243,4517,0,68,32.99,0,19.6,1441.65,0.0,0,2243.32,4,0,0,0,0,0,0,0,0,0,0,0,1,0,0,0,0,1,0,0,0,0,0,0,0,0,0,1,0,1,0,0,1
42,0,35.245035,-118.905553,15364,1,32,45.26,0,19.3,593.2,0.0,0,1448.32,5,0,0,0,1,0,1,0,0,0,0,0,1,0,0,0,0,1,0,0,0,0,0,0,0,0,1,0,0,1,0,0,1
44,0,36.444232,-119.718285,2900,1,72,47.24,0,20.05,1423.65,0.0,0,3401.28,3,0,0,0,1,0,1,0,0,0,0,0,1,0,0,0,0,1,0,0,0,0,0,0,0,0,0,1,0,0,0,0,1
59,3,35.957019,-119.330928,4198,5,66,38.55,0,25.3,1672.35,0.0,0,2544.3,5,1,0,0,1,1,1,0,0,0,0,0,1,1,0,0,0,1,0,0,0,0,0,0,0,0,0,1,1,1,0,0,1
36,3,35.809921,-119.127437,2956,0,71,4.89,0,24.35,1654.6,0.0,0,347.19,4,1,0,0,0,1,0,0,0,0,0,0,1,1,0,0,0,1,0,0,0,0,0,0,0,0,0,1,0,1,0,0,1
43,2,35.490705,-119.286833,15177,4,72,35.62,0,25.1,1857.85,0.0,0,2564.64,4,0,0,0,1,1,1,0,0,0,0,0,1,1,0,0,0,1,0,0,0,0,0,0,0,0,0,1,0,0,0,0,1
40,0,35.55647,-118.244914,1935,0,24,47.51,0,20.75,487.05,0.0,0,1140.24,3,1,0,0,0,0,0,0,0,0,0,0,1,0,0,0,0,1,0,0,0,0,0,0,0,0,0,1,0,1,0,0,1
43,0,35.339796,-119.023552,44588,0,38,43.19,0,20.3,743.05,0.0,0,1641.2199999999998,5,0,0,0,0,0,0,0,0,0,0,0,1,0,0,0,0,1,0,0,0,0,0,0,0,0,0,1,0,1,0,0,1
54,2,35.280113,-118.962329,59195,10,72,38.84,0,19.8,1414.65,0.0,0,2796.4800000000005,4,1,0,0,1,1,1,0,0,0,0,0,1,0,0,0,0,1,0,0,0,0,0,0,0,0,0,1,1,1,0,0,1
54,0,35.559617,-118.925185,44915,1,55,12.21,0,25.7,1443.65,0.0,0,671.5500000000001,4,1,0,0,1,0,1,0,0,0,0,0,1,1,0,0,0,1,0,0,0,0,0,0,0,0,0,1,0,0,0,0,1
29,0,35.392599,-119.245341,40836,0,1,45.91,0,20.4,20.4,0.0,0,45.91,5,0,1,0,0,0,0,0,0,0,0,0,1,0,0,0,0,1,0,0,0,0,0,0,0,0,0,0,0,1,0,0,1
24,3,35.140938,-119.051348,25126,9,23,1.88,0,19.65,451.55,0.0,0,43.24,4,0,1,0,1,1,1,0,0,0,1,0,1,0,0,0,0,1,0,0,0,0,0,0,0,0,0,1,1,1,0,0,1
60,0,35.511833,-120.918713,3220,0,10,41.04,0,18.85,163.2,0.0,0,410.4,3,0,0,0,0,0,0,0,0,0,1,0,1,0,0,0,0,1,0,0,0,0,0,0,0,0,0,0,0,1,0,0,1
55,0,35.480896,-120.469476,1203,0,42,38.74,0,19.8,849.9,0.0,0,1627.0800000000002,3,1,0,0,0,0,0,0,0,0,0,0,1,0,0,0,0,1,0,0,0,0,0,0,0,0,1,0,0,0,0,0,1
29,1,35.886767,-120.608661,2666,10,18,35.44,0,20.25,401.95,0.0,0,637.92,4,0,1,0,1,1,1,0,0,0,1,0,1,0,0,0,0,1,0,0,0,0,0,0,0,0,0,0,1,1,0,0,1
40,2,35.746484,-121.223355,471,0,59,42.37,0,25.45,1534.05,0.0,0,2499.83,4,0,0,0,1,1,0,0,1,0,0,0,1,1,0,0,0,1,0,0,0,0,0,0,0,0,0,1,0,1,0,0,1
60,0,35.303926,-120.256567,2687,0,60,47.07,0,20.6,1093.0,0.0,0,2824.2,3,0,0,0,0,0,0,0,1,0,0,0,1,0,0,0,0,1,0,0,0,0,0,0,0,0,0,1,0,1,0,0,1
42,3,36.869584,-118.189241,734,5,72,18.21,0,24.9,1859.2,0.0,0,1311.12,3,0,0,0,1,1,1,1,0,0,0,0,1,1,0,0,0,1,0,0,0,0,0,0,0,0,0,1,0,1,0,0,1
58,1,34.505273,-117.955054,11198,2,14,41.05,0,19.5,272.0,0.0,0,574.6999999999999,3,0,0,0,1,1,1,0,0,0,0,0,1,0,0,0,0,1,0,0,0,0,0,0,0,0,1,0,1,1,0,0,1
62,2,35.073777,-118.652112,25805,8,29,5.35,0,26.1,692.55,0.0,0,155.14999999999998,3,0,0,0,1,1,1,0,0,0,0,0,1,1,0,0,0,1,0,0,0,0,0,0,0,0,0,1,0,1,0,0,1
27,0,37.458367,-119.345011,613,0,10,12.39,0,20.9,247.0,0.0,0,123.9,5,0,1,0,0,0,0,0,0,0,0,0,1,0,0,0,0,1,0,0,0,0,0,0,0,0,0,0,1,1,0,0,1
42,0,37.100948,-120.270136,19391,0,1,28.18,0,20.25,20.25,0.0,0,28.18,4,0,0,0,0,0,0,0,0,0,0,1,1,0,0,0,0,1,0,0,0,0,0,0,0,0,0,0,1,1,0,0,1
55,0,36.789213,-119.140338,506,5,50,1.87,0,19.8,1013.2,0.0,0,93.5,4,1,0,0,1,0,1,0,1,0,0,0,1,0,0,0,0,1,0,0,0,0,0,0,0,0,0,1,0,0,0,0,1
25,1,36.727418,-120.123526,14062,6,33,5.86,0,19.45,600.25,0.0,0,193.38,5,1,1,0,1,1,1,0,0,0,0,0,1,0,0,0,0,1,0,0,0,0,0,0,0,0,1,0,1,0,0,0,1
37,0,37.004068,-119.930027,49247,0,36,12.72,0,20.35,695.85,0.0,0,457.92,5,1,0,0,0,0,0,0,0,0,0,0,1,0,0,0,0,1,0,0,0,0,0,0,0,0,1,0,1,1,0,0,1
60,1,33.141265,-116.967221,48690,10,51,14.54,0,19.95,1028.75,0.0,0,741.54,4,0,0,0,1,1,1,0,1,0,0,0,1,0,0,0,0,1,0,0,0,0,0,0,0,0,0,1,0,1,0,0,1
50,3,37.244307,-119.470256,3376,7,20,7.31,0,19.7,395.6,0.0,0,146.2,5,0,0,0,1,1,1,0,0,0,0,0,1,0,0,0,0,1,0,0,0,0,0,0,0,0,1,0,0,0,0,0,1
53,0,36.633498,-119.298895,8449,0,35,7.74,0,19.15,638.0,0.0,0,270.90000000000003,3,1,0,0,0,0,0,0,0,0,0,0,1,0,0,0,0,1,0,0,0,0,0,0,0,0,1,0,1,1,0,0,1
48,3,36.636638,-119.421842,25923,5,6,36.54,0,19.55,122.9,0.0,0,219.24,3,1,0,0,1,1,1,0,0,0,0,1,1,0,0,0,0,1,0,0,0,0,0,0,0,0,0,0,0,1,0,0,1
48,3,36.452211,-119.94575,5729,0,56,22.47,0,24.8,1424.2,0.0,0,1258.32,3,1,0,0,0,1,0,0,1,0,0,0,1,1,0,0,0,1,0,0,0,0,0,0,0,0,0,1,1,1,0,0,1
26,0,37.287758,-119.548156,327,0,47,43.2,0,19.9,942.95,0.0,0,2030.4,5,1,1,0,1,0,0,0,1,0,0,0,1,0,0,0,0,1,0,0,0,0,0,0,0,0,1,0,0,0,0,0,1
43,1,36.456091,-119.486225,646,3,12,24.65,0,20.1,232.4,0.0,0,295.79999999999995,3,0,0,0,1,1,1,0,0,0,0,0,1,0,0,0,0,1,0,0,0,0,0,0,0,0,0,0,1,1,0,0,1
46,0,36.732694,-119.783786,6848,0,29,2.76,0,19.35,601.6,0.0,0,80.03999999999999,5,0,0,0,0,0,0,0,0,0,0,0,1,0,0,0,0,1,0,0,0,0,0,0,0,0,0,0,0,1,0,0,1
44,0,36.757345,-119.818274,16346,0,27,21.66,0,20.3,595.05,0.0,0,584.82,5,1,0,0,0,0,0,0,0,0,0,0,1,0,0,0,0,1,0,0,0,0,0,0,0,0,1,0,0,1,0,0,1
31,0,36.722898,-121.633648,53946,0,1,10.22,0,19.75,19.75,0.0,0,10.22,5,1,0,0,0,0,0,0,0,0,0,1,1,0,0,0,0,1,0,0,0,0,0,0,0,0,0,0,1,1,0,0,1
64,2,36.624338,-121.615669,13027,8,39,20.49,0,25.2,987.95,0.0,0,799.1099999999999,5,1,0,0,1,1,1,0,0,0,0,0,1,1,0,0,0,1,0,0,0,0,0,0,0,0,0,1,0,1,0,0,1
42,0,36.587497,-121.944815,4602,0,1,20.11,0,19.5,19.5,0.0,0,20.11,5,0,0,0,0,0,0,0,0,0,0,1,1,0,0,0,0,1,0,0,0,0,0,0,0,0,0,0,0,1,0,0,1
42,3,36.414216,-121.360597,13003,7,61,31.49,0,20.4,1226.45,0.0,0,1920.89,3,1,0,0,1,1,1,0,1,0,0,0,1,0,0,0,0,1,0,0,0,0,0,0,0,0,1,0,0,1,0,0,1
39,3,36.624641,-121.647195,407,1,18,45.18,0,19.8,342.3,0.0,0,813.24,5,1,0,0,1,1,1,0,0,0,1,0,1,0,0,0,0,1,0,0,0,0,0,0,0,0,1,0,0,0,0,0,1
27,0,37.349546,-122.134356,18486,0,1,45.86,0,20.7,20.7,0.0,0,45.86,5,0,1,0,0,0,0,0,0,0,0,0,1,0,0,0,0,1,0,0,0,0,0,0,0,0,0,0,0,0,0,0,1
26,2,37.449551,-122.183762,39062,8,36,42.51,0,20.25,717.95,0.0,0,1530.36,5,0,1,0,1,1,1,0,0,1,0,0,1,0,0,0,0,1,0,0,0,0,0,0,0,0,0,1,0,0,0,0,1
63,0,37.515556,-122.502311,3064,0,23,26.37,0,20.15,405.6,0.0,0,606.51,4,1,0,0,0,0,0,0,0,0,1,0,1,0,0,0,0,1,0,0,0,0,0,0,0,0,1,0,0,0,0,0,1
24,0,37.380662,-122.086022,32143,0,10,20.29,0,19.75,208.25,0.0,0,202.9,3,1,1,0,0,0,0,0,0,0,1,0,1,0,0,0,0,1,0,0,0,0,0,0,0,0,0,0,0,1,0,0,1
42,0,37.388349,-122.075299,13483,2,71,24.71,0,25.95,1801.9,0.0,0,1754.41,5,0,0,0,1,0,1,1,0,0,0,0,1,1,0,0,0,1,0,0,0,0,0,0,0,0,0,1,1,1,0,0,1
24,2,37.573633,-122.455167,38885,4,70,4.27,0,24.05,1764.75,0.0,0,298.9,5,0,1,0,1,1,1,1,0,0,0,0,1,1,0,0,0,1,0,0,0,0,0,0,0,0,0,1,0,1,0,0,1
42,2,37.461251,-122.235414,35737,1,52,19.21,0,23.05,1255.1,0.0,0,998.92,3,0,0,0,1,1,1,0,0,0,0,0,1,1,0,0,0,1,0,0,0,0,0,0,0,0,0,1,0,1,0,0,1
58,1,37.527497,-122.230941,10658,6,72,17.33,0,19.55,1463.45,0.0,0,1247.7599999999998,3,0,0,0,1,1,1,0,0,0,0,0,1,0,0,0,0,1,0,0,0,0,0,0,0,0,0,1,0,0,0,0,1
23,0,37.624436,-122.430661,39566,3,10,39.35,0,19.6,189.45,0.0,0,393.5,5,1,1,0,1,0,1,0,0,0,1,0,1,0,0,0,0,1,0,0,0,0,0,0,0,0,1,0,0,0,0,0,1
56,3,37.497915,-122.267361,28098,0,7,49.66,0,20.05,96.8,0.0,0,347.62,5,0,0,0,0,1,0,0,0,0,0,1,1,0,0,0,0,1,0,0,0,0,0,0,0,0,1,0,0,1,0,0,1
26,0,37.720498,-122.443119,73117,0,7,45.13,0,25.05,152.95,0.0,0,315.91,5,1,1,0,0,0,0,0,0,0,0,1,1,1,0,0,0,1,0,0,0,0,0,0,0,0,0,0,1,0,0,0,1
43,3,37.786031,-122.437301,33122,5,55,36.23,0,19.5,1026.35,0.0,0,1992.65,4,1,0,0,1,1,1,0,0,0,0,0,1,0,0,0,0,1,0,0,0,0,0,0,0,0,1,0,0,1,0,0,1
50,0,37.74441,-122.486764,42959,0,1,16.36,0,19.3,19.3,0.0,0,16.36,5,1,0,0,0,0,0,0,0,0,0,1,1,0,0,0,0,1,0,0,0,0,0,0,0,0,0,0,0,1,0,0,1
46,0,37.776718,-122.495781,42476,2,71,37.83,0,19.6,1416.5,0.0,0,2685.93,4,0,0,0,1,0,1,0,0,0,0,0,1,0,0,0,0,1,0,0,0,0,0,0,0,0,0,1,0,1,0,0,1
29,0,37.760412,-122.484966,55504,9,8,4.98,0,20.25,158.35,0.0,0,39.84,4,1,1,0,1,0,1,0,0,0,0,0,1,0,0,0,0,1,0,0,0,0,0,0,0,0,0,0,0,1,0,0,1
62,0,37.721052,-122.413573,40137,0,16,41.51,0,19.05,326.65,0.0,0,664.16,5,0,0,0,0,0,0,0,0,0,1,0,1,0,0,0,0,1,0,0,0,0,0,0,0,0,1,0,0,1,0,0,1
58,0,37.45809,-122.115398,45499,0,1,38.84,0,19.95,19.95,0.0,0,38.84,5,0,0,0,0,0,0,0,0,0,0,0,1,0,0,0,0,1,0,0,0,0,0,0,0,0,0,0,0,1,0,0,1
45,2,37.424342,-122.165641,13386,1,57,41.56,0,19.4,1061.6,0.0,0,2368.92,5,1,0,0,1,1,1,0,0,0,0,0,1,0,0,0,0,1,0,0,0,0,0,0,0,0,1,0,0,1,0,0,1
59,0,37.538309,-122.305109,37926,0,1,41.28,0,19.75,19.75,0.0,0,41.28,5,0,0,0,0,0,0,0,0,0,0,0,1,0,0,0,0,1,0,0,0,0,0,0,0,0,0,0,0,1,0,0,1
62,3,37.774633,-122.274434,58555,0,46,7.67,0,19.75,856.5,0.0,0,352.82,4,1,0,0,1,1,0,0,0,0,0,0,1,0,0,0,0,1,0,0,0,0,0,0,0,0,0,1,0,1,0,0,1
47,1,37.724817,-122.224363,13996,0,63,3.65,0,19.7,1275.85,0.0,0,229.95,5,1,0,0,1,1,0,0,0,0,0,0,1,0,0,0,0,1,0,0,0,0,0,0,0,0,0,1,0,1,0,0,1
44,0,37.881842,-121.848111,14239,1,70,14.15,0,26.0,2006.95,0.0,0,990.5,4,0,0,0,1,0,1,0,0,0,0,0,1,1,0,0,0,1,0,0,0,0,0,0,0,0,0,1,1,0,0,0,1
64,1,37.656695,-122.048361,11147,9,28,21.91,0,19.9,543.0,0.0,0,613.48,4,0,0,0,1,1,1,0,0,1,0,0,1,0,0,0,0,1,0,0,0,0,0,0,0,0,1,0,0,1,0,0,1
47,0,37.708327,-122.083473,41698,0,45,40.59,0,18.85,867.3,0.0,0,1826.55,4,1,0,0,0,0,0,0,0,0,0,0,1,0,0,0,0,1,0,0,0,0,0,0,0,0,1,0,0,0,0,0,1
23,0,37.991259,-122.214945,22479,0,1,15.22,0,25.75,25.75,0.0,0,15.22,4,0,1,0,0,0,0,0,0,0,0,0,1,1,0,0,0,1,0,0,0,0,0,0,0,0,0,0,1,1,0,0,1
40,0,37.571748,-121.659562,75929,0,6,43.19,0,20.95,109.5,0.0,0,259.14,3,0,0,0,0,0,0,0,0,0,0,0,1,0,0,0,0,1,0,0,0,0,0,0,0,0,0,0,1,1,0,0,1
61,4,38.014457,-122.115432,46677,8,25,19.56,0,25.4,546.85,0.0,0,489.0,3,1,0,0,1,1,1,0,0,1,0,0,1,1,0,0,0,1,0,0,0,0,0,0,0,0,0,0,1,0,0,0,1
28,1,37.555473,-122.080312,33883,3,64,14.93,0,19.7,1274.05,0.0,0,955.52,5,1,1,0,1,1,1,0,1,0,0,0,1,0,0,0,0,1,0,0,0,0,0,0,0,0,0,1,1,0,0,0,1
45,0,37.633361,-121.862395,36669,0,54,26.25,0,20.1,1079.45,0.0,0,1417.5,5,0,0,0,0,0,0,0,1,0,0,0,1,0,0,0,0,1,0,0,0,0,0,0,0,0,0,1,0,1,0,0,1
58,0,37.676249,-122.132415,26240,0,24,42.66,0,24.6,605.25,0.0,0,1023.84,5,0,0,0,0,0,0,0,0,1,0,0,1,1,0,0,0,1,0,0,0,0,0,0,0,0,1,0,0,0,0,0,1
62,2,37.766556,-121.976784,44078,7,66,31.53,0,19.75,1344.5,0.0,0,2080.98,4,1,0,0,1,1,1,0,0,0,0,0,1,0,0,0,0,1,0,0,0,0,0,0,0,0,0,1,1,1,0,0,1
35,0,37.587494,-121.862856,790,6,45,42.32,0,25.5,1121.05,0.0,0,1904.4,3,0,0,0,1,0,1,0,1,0,0,0,1,1,0,0,0,1,0,0,0,0,0,0,0,0,0,1,0,1,0,0,1
54,0,37.59485,-122.051521,66472,3,49,13.13,0,19.0,918.7,0.0,0,643.37,3,0,0,0,1,0,1,0,1,0,0,0,1,0,0,0,0,1,0,0,0,0,0,0,0,0,1,0,0,1,0,0,1
44,0,37.685052,-121.912061,28568,6,29,49.96,0,19.55,521.8,0.0,0,1448.84,3,0,0,0,1,0,1,0,0,1,0,0,1,0,0,0,0,1,0,0,0,0,0,0,0,0,0,1,1,1,0,0,1
37,2,37.758019,-122.138678,42854,0,3,11.27,0,20.55,57.4,0.0,0,33.81,3,0,0,0,0,1,0,0,0,0,0,0,1,0,0,0,0,1,0,0,0,0,0,0,0,0,1,0,1,1,0,0,1
55,0,37.83726,-122.287648,24589,5,71,44.82,0,20.85,1539.75,0.0,0,3182.22,4,1,0,0,1,0,1,0,0,0,0,0,1,0,0,0,0,1,0,0,0,0,0,0,0,0,1,0,0,0,0,0,1
49,0,37.84551,-122.235181,15438,0,1,36.28,0,20.75,20.75,0.0,0,36.28,3,1,0,0,0,0,0,0,0,0,0,0,1,0,0,0,0,1,0,0,0,0,0,0,0,0,0,0,0,1,0,0,1
43,0,37.858898,-122.240512,12448,0,71,39.08,0,25.55,1898.1,0.0,0,2774.68,5,1,0,0,0,0,0,0,0,0,0,0,1,1,0,0,0,1,0,0,0,0,0,0,0,0,0,1,0,0,0,0,1
23,2,37.885629,-122.46858,13065,8,69,26.44,0,20.55,1403.1,0.0,0,1824.36,4,1,1,0,1,1,1,1,0,0,0,0,1,0,0,0,0,1,0,0,0,0,0,0,0,0,1,0,1,1,0,0,1
43,0,38.24458,-122.956268,330,0,7,41.57,0,20.35,150.6,0.0,0,290.99,5,0,0,0,0,0,0,0,0,0,0,1,1,0,0,0,0,1,0,0,0,0,0,0,0,0,0,0,0,1,0,0,1
47,0,38.010092,-122.689442,1025,0,59,47.17,0,20.2,1192.3,0.0,0,2783.03,4,1,0,0,0,0,0,0,0,0,0,0,1,0,0,0,0,1,0,0,0,0,0,0,0,0,0,1,1,0,0,0,1
44,0,38.021772,-122.691744,821,0,3,6.61,0,18.8,56.0,0.0,0,19.83,4,0,0,0,0,0,0,0,0,0,0,1,1,0,0,0,0,1,0,0,0,0,0,0,0,0,0,0,0,1,0,0,1
21,0,37.937082,-122.532369,6773,3,15,12.41,0,20.45,330.8,0.0,0,186.15,4,0,1,0,1,0,1,0,0,0,0,0,1,0,0,0,0,1,0,0,0,0,0,0,0,0,0,0,0,1,0,0,1
62,0,38.112166,-122.634384,24741,0,49,29.18,0,20.7,1032.05,0.0,0,1429.82,3,0,0,0,1,0,0,0,0,0,0,0,1,0,0,0,0,1,0,0,0,0,0,0,0,0,1,0,0,1,0,0,1
31,2,37.942551,-122.491642,6448,8,13,48.7,0,24.5,343.6,0.0,0,633.1,5,1,0,0,1,1,1,0,0,0,0,0,1,1,0,0,0,1,0,0,0,0,0,0,0,0,1,0,0,0,0,0,1
25,2,37.848641,-122.515692,11213,7,1,18.63,0,20.15,20.15,0.0,0,18.63,3,1,1,0,1,1,1,0,0,0,0,1,1,0,0,0,0,1,0,0,0,0,0,0,0,0,0,0,1,0,0,0,1
52,2,37.921137,-122.657562,781,7,25,13.06,0,20.05,520.1,0.0,0,326.5,4,0,0,0,1,1,1,0,0,1,0,0,1,0,0,0,0,1,0,0,0,0,0,0,0,0,1,0,0,1,0,0,1
64,3,38.240769,-122.901041,384,6,71,16.13,0,19.6,1387.45,0.0,0,1145.23,5,1,0,0,1,1,1,1,0,0,0,0,1,0,0,0,0,1,0,0,0,0,0,0,0,0,0,1,1,0,0,0,1
57,0,37.013471,-121.877877,24227,5,67,7.91,0,20.85,1327.4,0.0,0,529.97,5,0,0,0,1,0,1,1,0,0,0,0,1,0,0,0,0,1,0,0,0,0,0,0,0,0,1,0,1,0,0,0,1
23,3,37.078873,-122.090386,6407,4,10,20.05,0,20.0,200.0,0.0,0,200.5,4,0,1,0,1,1,1,0,0,0,0,1,1,0,0,0,0,1,0,0,0,0,0,0,0,0,0,1,0,1,0,0,1
31,0,36.784481,-121.759054,8582,0,21,22.53,0,20.35,422.7,0.0,0,473.13,5,1,0,0,0,0,0,0,0,0,0,0,1,0,0,0,0,1,0,0,0,0,0,0,0,0,1,0,1,1,0,0,1
21,2,37.114335,-122.237162,857,0,1,47.25,0,20.25,20.25,0.0,0,47.25,3,1,1,0,0,1,0,0,0,0,0,1,1,0,0,0,0,1,0,0,0,0,0,0,0,0,0,0,1,1,0,0,1
58,0,37.089111,-122.062213,8728,0,17,30.07,0,19.4,358.05,0.0,0,511.19,3,0,0,0,0,0,0,0,0,0,1,0,1,0,0,0,0,1,0,0,0,0,0,0,0,0,0,1,0,1,0,0,1
57,3,37.222842,-121.988727,13290,10,1,32.78,0,19.2,19.2,0.0,0,32.78,5,1,0,0,1,1,1,0,0,0,0,0,1,0,0,0,0,1,0,0,0,0,0,0,0,0,0,0,0,1,0,0,1
61,1,37.007882,-122.065975,4563,0,8,14.37,0,20.35,178.7,0.0,0,114.96,3,1,0,0,0,1,0,0,0,0,0,0,1,0,0,0,0,1,0,0,0,0,0,0,0,0,0,0,0,1,0,0,1
40,0,36.931654,-121.752383,81141,0,66,32.22,0,25.45,1699.15,0.0,0,2126.52,3,1,0,0,0,0,0,1,0,0,0,0,1,1,0,0,0,1,0,0,0,0,0,0,0,0,1,0,0,0,0,0,1
38,2,37.284265,-121.827673,57748,0,21,8.68,0,20.75,452.2,0.0,0,182.28,3,0,0,0,0,1,0,0,0,0,1,0,1,0,0,0,0,1,0,0,0,0,0,0,0,0,0,0,0,1,0,0,1
54,3,37.255479,-121.889838,31926,5,8,43.05,0,21.05,139.75,0.0,0,344.4,3,0,0,0,1,1,1,0,0,0,0,0,1,0,0,0,0,1,0,0,0,0,0,0,0,0,0,0,0,1,0,0,1
46,2,37.246064,-121.749494,14792,7,51,16.85,0,24.95,1222.25,0.0,0,859.35,4,1,0,0,1,1,1,0,0,0,0,0,1,1,0,0,0,1,0,0,0,0,0,0,0,0,0,1,1,1,0,0,1
30,2,37.218705,-121.762429,7023,8,28,19.18,0,20.3,487.95,0.0,0,537.04,3,1,0,0,1,1,1,0,0,0,0,0,1,0,0,0,0,1,0,0,0,0,0,0,0,0,0,1,1,1,0,0,1
49,0,37.339533,-121.777179,44103,10,42,45.75,0,20.25,835.5,0.0,0,1921.5,5,1,0,0,1,0,1,0,0,0,0,0,1,0,0,0,0,1,0,0,0,0,0,0,0,0,0,1,0,0,0,0,1
26,0,38.071327,-120.632221,4264,0,4,22.54,0,19.4,93.4,0.0,0,90.16,5,1,1,0,0,0,0,0,0,0,0,0,1,0,0,0,0,1,0,0,0,0,0,0,0,0,0,0,0,1,0,0,1
38,0,38.208336,-120.339938,115,2,68,26.64,0,24.95,1614.9,0.0,0,1811.52,5,0,0,0,1,0,1,1,0,0,0,0,1,1,0,0,0,1,0,0,0,0,0,0,0,0,0,1,1,1,0,0,1
60,0,38.156971,-120.849231,11266,0,3,40.98,0,19.55,61.05,0.0,0,122.94,4,0,0,0,0,0,0,0,0,0,0,0,1,0,0,0,0,1,0,0,0,0,0,0,0,0,0,0,0,0,0,0,1
64,0,38.169605,-121.310964,4176,0,59,41.23,0,24.45,1493.1,0.0,0,2432.57,4,0,0,0,0,0,0,0,1,0,0,0,1,1,0,0,0,1,0,0,0,0,0,0,0,0,0,1,0,0,0,0,1
58,0,37.394411,-120.127262,986,1,67,11.74,0,25.6,1784.9,0.0,0,786.58,3,1,0,0,1,0,1,1,0,0,0,0,1,1,0,0,0,1,0,0,0,0,0,0,0,0,0,1,0,1,0,0,1
55,2,37.420273,-120.66527,55,1,4,16.68,0,24.1,73.1,0.0,0,66.72,3,1,0,0,1,1,1,0,0,0,0,1,1,1,0,0,0,1,0,0,0,0,0,0,0,0,1,0,0,1,0,0,1
58,0,37.127386,-120.506422,808,0,1,1.61,0,19.75,19.75,0.0,0,1.61,5,1,0,0,0,0,0,0,0,0,0,1,1,0,0,0,0,1,0,0,0,0,0,0,0,0,0,0,1,1,0,0,1
19,2,37.654551,-119.822984,579,7,54,41.58,0,24.05,1230.9,0.0,0,2245.32,4,1,1,0,1,1,1,0,1,0,0,0,1,1,0,0,0,1,0,0,0,0,0,0,0,0,0,1,1,0,0,0,1
45,2,37.818543,-121.006907,11474,0,18,30.22,0,25.3,454.65,0.0,0,543.96,4,0,0,0,0,1,0,0,0,0,1,0,1,1,0,0,0,1,0,0,0,0,0,0,0,0,0,1,0,1,0,0,1
37,1,37.479926,-120.230424,128,8,11,49.19,0,20.0,196.35,0.0,0,541.0899999999999,5,0,0,0,1,1,1,0,0,0,1,0,1,0,0,0,0,1,0,0,0,0,0,0,0,0,1,0,1,1,0,0,1
23,0,37.555631,-120.911653,2130,0,39,29.79,0,20.7,762.45,0.0,0,1161.81,4,0,1,0,0,0,0,0,0,0,0,0,1,0,0,0,0,1,0,0,0,0,0,0,0,0,0,1,0,1,0,0,1
36,0,37.249377,-120.249581,3256,0,37,34.37,0,20.15,785.75,0.0,0,1271.6899999999998,5,1,0,0,0,0,0,0,0,0,0,0,1,0,0,0,0,1,0,0,0,0,0,0,0,0,1,0,0,1,0,0,1
60,0,37.361987,-120.748394,12672,8,72,26.98,0,26.0,1776.0,0.0,0,1942.56,4,0,0,0,1,0,1,1,0,0,0,0,1,1,0,0,0,1,0,0,0,0,0,0,0,0,0,1,1,1,0,0,1
27,2,37.750822,-121.238423,19867,2,22,49.51,0,19.9,400.3,0.0,0,1089.22,4,0,1,0,1,1,1,0,0,0,1,0,1,0,0,0,0,1,0,0,0,0,0,0,0,0,0,0,0,1,0,0,1
45,0,37.785033,-120.776141,25384,2,30,22.89,0,20.7,587.1,0.0,0,686.7,5,1,0,0,1,0,1,0,0,0,0,0,1,0,0,0,0,1,0,0,0,0,0,0,0,0,1,0,0,1,0,0,1
22,0,37.982716,-120.343732,25340,4,67,33.01,0,19.65,1335.2,0.0,0,2211.67,4,0,1,0,1,0,1,0,0,0,0,0,1,0,0,0,0,1,0,0,0,0,0,0,0,0,0,1,0,1,0,0,1
52,0,33.141265,-116.967221,48690,0,1,2.29,0,20.95,20.95,0.0,0,2.29,3,1,0,0,0,0,0,0,0,0,0,1,1,0,0,0,0,1,0,0,0,0,0,0,0,0,0,0,0,0,0,0,1
27,1,38.460517,-122.790335,36125,8,41,39.53,0,19.5,798.2,0.0,0,1620.73,4,1,1,0,1,1,1,0,1,0,0,0,1,0,0,0,0,1,0,0,0,0,0,0,0,0,1,0,0,0,0,0,1
37,1,38.731055,-123.316553,747,8,72,2.57,0,26.25,1988.05,0.0,0,185.04,4,0,0,0,1,1,1,0,0,0,0,0,1,1,0,0,0,1,0,0,0,0,0,0,0,0,0,1,1,0,0,0,1
32,0,39.710591,-123.682799,176,0,9,45.99,0,20.45,147.55,0.0,0,413.91,4,0,0,0,0,0,0,0,0,0,0,1,1,0,0,0,0,1,0,0,0,0,0,0,0,0,0,0,1,1,0,0,1
32,3,38.965804,-122.631779,13485,3,19,31.7,0,20.2,387.4,0.0,0,602.3,3,1,0,0,1,1,1,0,0,0,0,0,1,0,0,0,0,1,0,0,0,0,0,0,0,0,0,1,0,1,0,0,1
56,0,39.239818,-123.565432,371,0,6,6.93,0,20.15,130.5,0.0,0,41.58,5,1,0,0,0,0,0,0,0,0,0,0,1,0,0,0,0,1,0,0,0,0,0,0,0,0,0,0,0,0,0,0,1
42,0,39.045246,-122.743181,175,0,7,33.18,0,18.95,130.55,0.0,0,232.26,5,1,0,0,0,0,0,0,0,0,0,1,1,0,0,0,0,1,0,0,0,0,0,0,0,0,0,0,1,1,0,0,1
51,1,38.52576,-123.013347,4913,5,72,37.11,0,20.55,1432.55,0.0,0,2671.92,5,1,0,0,1,1,1,0,0,0,0,0,1,0,0,0,0,1,0,0,0,0,0,0,0,0,0,1,0,0,0,0,1
64,0,38.93706,-123.118111,1373,0,4,3.69,0,25.25,101.9,0.0,0,14.76,5,1,0,0,0,0,0,0,0,0,0,1,1,1,0,0,0,1,0,0,0,0,0,0,0,0,0,0,0,1,0,0,1
40,1,38.505995,-123.187019,438,2,16,31.99,0,19.75,313.4,0.0,0,511.84,4,1,0,0,1,1,1,0,0,0,0,0,1,0,0,0,0,1,0,0,0,0,0,0,0,0,0,0,0,0,0,0,1
26,0,39.806141,-123.531098,2706,2,71,39.44,0,19.1,1372.45,0.0,0,2800.24,4,0,1,0,1,0,1,0,0,0,0,0,1,0,0,0,0,1,0,0,0,0,0,0,0,0,0,1,0,1,0,0,1
29,0,39.245911,-123.77214,882,0,58,49.02,0,20.8,1212.25,0.0,0,2843.1600000000003,4,1,1,0,0,0,0,0,1,0,0,0,1,0,0,0,0,1,0,0,0,0,0,0,0,0,0,1,0,1,0,0,1
51,3,39.12334,-122.838198,2223,1,10,18.62,0,20.15,220.8,0.0,0,186.2,5,0,0,0,1,1,1,0,0,0,0,0,1,0,0,0,0,1,0,0,0,0,0,0,0,0,0,1,0,1,0,0,1
52,0,39.094102,-123.500853,1113,0,10,10.46,0,21.2,222.65,0.0,0,104.6,4,0,0,0,0,0,0,0,0,0,0,0,1,0,0,0,0,1,0,0,0,0,0,0,0,0,0,0,1,0,0,0,1
31,2,38.911299,-123.609588,1352,1,39,5.88,0,24.2,914.6,0.0,0,229.32,3,0,0,0,1,1,1,0,0,0,0,0,1,1,0,0,0,1,0,0,0,0,0,0,0,0,1,0,1,1,0,0,1
40,0,39.408634,-123.045516,1884,0,11,48.92,0,20.3,246.3,0.0,0,538.12,3,0,0,0,0,0,0,0,0,0,0,0,1,0,0,0,0,1,0,0,0,0,0,0,0,0,0,0,0,0,0,0,1
45,0,38.527297,-122.810044,23701,0,67,43.3,0,26.1,1759.55,0.0,0,2901.1,3,0,0,0,0,0,0,0,0,0,0,0,1,1,0,0,0,1,0,0,0,0,0,0,0,0,0,1,1,1,0,0,1
50,2,40.796621,-124.15428,23224,1,11,15.04,0,25.0,300.7,0.0,0,165.44,4,0,0,0,1,1,1,0,0,0,0,0,1,1,0,0,0,1,0,0,0,0,0,0,0,0,0,1,0,1,0,0,1
55,0,40.839958,-124.003757,19596,7,72,37.98,0,24.15,1776.45,0.0,0,2734.56,5,0,0,0,1,0,1,0,0,0,0,0,1,1,0,0,0,1,0,0,0,0,0,0,0,0,0,1,1,1,0,0,1
31,1,40.372532,-123.525626,695,9,7,39.98,0,20.25,144.35,0.0,0,279.86,3,1,0,0,1,1,1,0,0,0,0,0,1,0,0,0,0,1,0,0,0,0,0,0,0,0,0,0,0,1,0,0,1
28,0,33.362575,-117.299644,42239,0,2,13.89,0,20.7,39.85,0.0,0,27.78,4,0,1,0,0,0,0,0,0,0,0,0,1,0,0,0,0,1,0,0,0,0,0,0,0,0,0,0,1,0,0,0,1
50,0,40.665952,-124.240051,1447,0,13,21.36,0,19.3,279.3,0.0,0,277.68,5,0,0,0,0,0,0,0,0,0,1,0,1,0,0,0,0,1,0,0,0,0,0,0,0,0,0,0,1,1,0,0,1
59,3,41.336354,-124.044354,494,4,72,48.29,0,24.05,1709.15,0.0,0,3476.88,4,0,0,0,1,1,1,0,0,0,0,0,1,1,0,0,0,1,0,0,0,0,0,0,0,0,0,1,1,0,0,0,1
23,0,41.269521,-123.546958,574,0,2,4.92,0,18.75,53.15,0.0,0,9.84,4,0,1,0,0,0,0,0,0,0,0,0,1,0,0,0,0,1,0,0,0,0,0,0,0,0,0,0,0,0,0,0,1
42,3,40.274302,-124.210902,300,1,40,3.01,0,20.15,777.35,0.0,0,120.4,5,0,0,0,1,1,1,0,0,0,0,0,1,0,0,0,0,1,0,0,0,0,0,0,0,0,0,1,0,0,0,0,1
23,3,40.184094,-123.745487,163,2,44,36.86,0,20.0,860.85,0.0,0,1621.84,3,1,1,0,1,1,1,0,0,0,0,0,1,0,0,0,0,1,0,0,0,0,0,0,0,0,1,0,0,0,0,0,1
42,2,33.362575,-117.299644,42239,1,37,31.83,0,26.45,911.6,0.0,0,1177.71,4,0,0,0,1,1,1,0,0,0,0,0,1,1,0,0,0,1,0,0,0,0,0,0,0,0,0,0,0,1,0,0,1
34,0,38.431407,-120.8421,222,0,23,10.41,0,19.65,478.1,0.0,0,239.43,3,0,0,0,0,0,0,0,0,0,1,0,1,0,0,0,0,1,0,0,0,0,0,0,0,0,1,0,1,1,0,0,1
31,3,38.912881,-121.082766,24944,4,42,34.66,0,19.05,761.85,0.0,0,1455.7199999999998,4,0,0,0,1,1,1,0,0,0,0,0,1,0,0,0,0,1,0,0,0,0,0,0,0,0,1,0,1,0,0,0,1
43,2,38.311609,-121.554034,699,0,22,34.07,0,20.15,432.5,0.0,0,749.54,5,1,0,0,0,1,0,0,0,0,1,0,1,0,0,0,0,1,0,0,0,0,0,0,0,0,0,0,0,1,0,0,1
42,0,38.392821,-121.799917,18529,0,25,6.0,0,19.2,532.1,0.0,0,150.0,4,0,0,0,0,0,0,0,0,1,0,0,1,0,0,0,0,1,0,0,0,0,0,0,0,0,0,0,1,1,0,0,1
49,0,38.69549,-121.307864,41636,0,20,48.03,0,19.25,375.25,0.0,0,960.6,3,0,0,0,1,0,0,0,0,0,1,0,1,0,0,0,0,1,0,0,0,0,0,0,0,0,0,0,0,0,0,0,1
36,0,38.434138,-121.30587,38534,0,51,47.43,0,20.45,1042.65,0.0,0,2418.93,4,1,0,0,0,0,0,0,0,0,0,0,1,0,0,0,0,1,0,0,0,0,0,0,0,0,0,1,0,1,0,0,1
41,3,39.031876,-120.811141,5714,0,19,24.1,0,20.0,377.55,0.0,0,457.9,3,1,0,0,0,1,0,0,0,0,1,0,1,0,0,0,0,1,0,0,0,0,0,0,0,0,0,0,1,0,0,0,1
52,0,38.631489,-120.015167,129,0,2,26.9,0,19.9,57.4,0.0,0,53.8,4,0,0,0,0,0,0,0,0,0,0,1,1,0,0,0,0,1,0,0,0,0,0,0,0,0,0,0,0,0,0,0,1
26,1,38.674276,-121.961866,844,0,52,23.12,0,25.6,1334.5,0.0,0,1202.24,3,1,1,0,0,1,0,0,0,0,0,0,1,1,0,0,0,1,0,0,0,0,0,0,0,0,0,1,0,1,0,0,1
35,3,38.549822,-121.266725,929,1,13,40.2,0,19.85,252.0,0.0,0,522.6,4,1,0,0,1,1,1,0,0,0,1,0,1,0,0,0,0,1,0,0,0,0,0,0,0,0,0,0,1,1,0,0,1
34,0,38.883224,-121.15918,6096,0,35,35.5,0,20.75,700.45,0.0,0,1242.5,4,0,0,0,0,0,0,0,0,1,0,0,1,0,0,0,0,1,0,0,0,0,0,0,0,0,1,0,0,1,0,0,1
55,0,38.545775,-120.743325,364,0,32,41.52,0,19.8,607.7,0.0,0,1328.64,4,1,0,0,0,0,0,0,0,1,0,0,1,0,0,0,0,1,0,0,0,0,0,0,0,0,1,0,0,1,0,0,1
21,0,38.432145,-120.77069,4610,2,20,19.15,0,20.0,416.45,0.0,0,383.0,5,0,1,0,1,0,1,0,0,0,1,0,1,0,0,0,0,1,0,0,0,0,0,0,0,0,1,0,1,1,0,0,1
28,0,38.578604,-122.024579,8406,9,60,31.29,0,20.5,1198.8,0.0,0,1877.4,5,1,1,0,1,0,1,0,1,0,0,0,1,0,0,0,0,1,0,0,0,0,0,0,0,0,0,1,1,0,0,0,1
49,3,38.748316,-120.675512,4829,2,19,32.47,0,19.9,357.7,0.0,0,616.93,5,1,0,0,1,1,1,0,0,0,1,0,1,0,0,0,0,1,0,0,0,0,0,0,0,0,1,0,0,1,0,0,1
28,2,39.084645,-120.894014,8525,1,71,20.49,0,19.9,1397.3,0.0,0,1454.79,3,0,1,0,1,1,1,1,0,0,0,0,1,0,0,0,0,1,0,0,0,0,0,0,0,0,0,1,0,1,0,0,1
31,0,39.00978,-120.978273,31,0,72,23.43,0,20.8,1521.2,0.0,0,1686.96,5,1,0,0,0,0,0,1,0,0,0,0,1,0,0,0,0,1,0,0,0,0,0,0,0,0,0,1,1,1,0,0,1
22,0,38.684437,-121.055634,22028,0,35,42.02,0,20.6,754.0,0.0,0,1470.7,4,1,1,0,0,0,0,0,0,1,0,0,1,0,0,0,0,1,0,0,0,0,0,0,0,0,1,0,0,0,0,0,1
24,0,38.823278,-121.281856,15494,0,22,23.03,0,20.3,467.15,0.0,0,506.66,4,1,1,0,0,0,0,0,0,0,1,0,1,0,0,0,0,1,0,0,0,0,0,0,0,0,1,0,0,1,0,0,1
56,0,38.574856,-121.46504,16164,0,23,46.17,0,20.45,481.1,0.0,0,1061.91,5,1,0,0,0,0,0,0,0,0,1,0,1,0,0,0,0,1,0,0,0,0,0,0,0,0,1,0,0,1,0,0,1
47,0,38.556306,-121.495817,21313,5,68,22.83,0,25.25,1728.2,0.0,0,1552.4399999999998,3,1,0,0,1,0,1,1,0,0,0,0,1,1,0,0,0,1,0,0,0,0,0,0,0,0,0,1,0,0,0,0,1
42,0,38.512569,-121.495184,44683,0,56,32.88,0,19.7,1051.9,0.0,0,1841.28,4,0,0,0,0,0,0,0,1,0,0,0,1,0,0,0,0,1,0,0,0,0,0,0,0,0,0,1,0,0,0,0,1
22,2,38.590035,-121.412455,30715,3,72,19.04,0,25.0,1738.9,0.0,0,1370.88,4,1,1,0,1,1,1,1,0,0,0,0,1,1,0,0,0,1,0,0,0,0,0,0,0,0,0,1,0,0,0,0,1
55,1,38.494832,-121.529447,42832,5,1,47.46,0,19.85,19.85,0.0,0,47.46,3,1,0,0,1,1,1,0,0,0,0,0,1,0,0,0,0,1,0,0,0,0,0,0,0,0,1,0,0,1,0,0,1
63,2,38.619049,-121.517552,31422,7,35,24.23,0,19.9,666.0,0.0,0,848.0500000000001,3,1,0,0,1,1,1,0,0,0,0,0,1,0,0,0,0,1,0,0,0,0,0,0,0,0,1,0,0,0,0,0,1
62,3,38.646209,-121.52446,8403,5,6,44.13,0,19.7,94.45,0.0,0,264.78000000000003,3,0,0,0,1,1,1,0,0,0,0,0,1,0,0,0,0,1,0,0,0,0,0,0,0,0,1,0,0,1,0,0,1
62,1,39.19514,-121.503883,38091,0,62,17.56,0,24.4,1413.0,0.0,0,1088.72,3,1,0,0,0,1,0,0,1,0,0,0,1,1,0,0,0,1,0,0,0,0,0,0,0,0,0,1,1,1,0,0,1
29,0,38.982373,-122.047751,4796,0,53,24.17,0,19.5,1050.5,0.0,0,1281.01,5,1,1,0,0,0,0,0,1,0,0,0,1,0,0,0,0,1,0,0,0,0,0,0,0,0,0,1,0,1,0,0,1
44,0,39.457388,-121.818201,3169,0,1,10.2,0,19.55,19.55,0.0,0,10.2,5,0,0,0,0,0,0,0,0,0,0,0,1,0,0,0,0,1,0,0,0,0,0,0,0,0,0,0,1,1,0,0,1
51,0,39.745712,-121.84333,35808,3,3,31.06,0,20.0,49.65,0.0,0,93.18,3,1,0,0,1,0,1,0,0,0,0,0,1,0,0,0,0,1,0,0,0,0,0,0,0,0,0,0,0,0,0,0,1
42,0,39.273096,-122.050763,7503,0,2,44.34,0,19.35,46.35,0.0,0,88.68,3,1,0,0,0,0,0,0,0,0,0,0,1,0,0,0,0,1,0,0,0,0,0,0,0,0,0,0,0,1,0,0,1
46,1,39.607831,-121.777959,3524,6,10,19.05,0,19.8,196.75,0.0,0,190.5,3,0,0,0,1,1,1,0,0,0,1,0,1,0,0,0,0,1,0,0,0,0,0,0,0,0,0,0,1,0,0,0,1
34,1,39.194539,-120.988066,23990,6,52,29.55,0,24.55,1331.05,0.0,0,1536.6,3,1,0,0,1,1,1,0,1,0,0,0,1,1,0,0,0,1,0,0,0,0,0,0,0,0,0,1,0,1,0,0,1
45,0,39.203817,-121.19584,9752,0,67,9.05,0,19.45,1195.95,0.0,0,606.35,4,1,0,0,0,0,0,1,0,0,0,0,1,0,0,0,0,1,0,0,0,0,0,0,0,0,1,0,1,1,0,0,1
60,0,39.099204,-121.137962,17922,7,1,6.64,0,20.3,20.3,0.0,0,6.64,5,0,0,0,1,0,1,0,0,0,0,0,1,0,0,0,0,1,0,0,0,0,0,0,0,0,0,0,1,0,0,0,1
21,0,39.333737,-120.858667,17269,0,1,1.5,0,19.9,19.9,0.0,0,1.5,5,0,1,0,0,0,0,0,0,0,0,0,1,0,0,0,0,1,0,0,0,0,0,0,0,0,0,0,0,1,0,0,1
40,0,39.288127,-122.415841,844,0,41,37.46,0,19.75,806.95,0.0,0,1535.86,3,0,0,0,0,0,0,0,0,0,0,0,1,0,0,0,0,1,0,0,0,0,0,0,0,0,1,0,1,1,0,0,1
60,2,39.58458,-121.093256,101,6,67,14.41,0,24.65,1620.45,0.0,0,965.47,5,1,0,0,1,1,1,0,0,0,0,0,1,1,0,0,0,1,0,0,0,0,0,0,0,0,0,1,0,0,0,0,1
29,1,40.587919,-122.464732,31586,2,69,23.55,0,20.2,1376.5,0.0,0,1624.95,3,1,1,0,1,1,1,0,0,0,0,0,1,0,0,0,0,1,0,0,0,0,0,0,0,0,0,1,0,0,0,0,1
28,3,40.527834,-122.318749,30338,0,37,10.23,0,20.3,755.4,0.0,0,378.51,3,0,1,0,0,1,0,0,0,0,0,0,1,0,0,0,0,1,0,0,0,0,0,0,0,0,1,0,0,0,0,0,1
60,2,41.212695,-122.392067,2602,8,57,29.64,0,20.75,1123.15,0.0,0,1689.48,3,1,0,0,1,1,1,0,0,0,0,0,1,0,0,0,0,1,0,0,0,0,0,0,0,0,0,1,0,1,0,0,1
51,0,41.599978,-122.539381,616,0,7,7.32,0,19.3,144.95,0.0,0,51.24,5,0,0,0,0,0,0,0,0,0,0,0,1,0,0,0,0,1,0,0,0,0,0,0,0,0,0,0,0,1,0,0,1
32,0,40.913192,-123.06597,734,4,50,46.91,0,20.55,1067.65,0.0,0,2345.5,3,1,0,0,1,0,1,0,0,0,0,0,1,0,0,0,0,1,0,0,0,0,0,0,0,0,0,1,0,1,0,0,1
29,0,41.10831,-121.360362,1554,0,7,16.2,0,19.9,173.15,0.0,0,113.4,3,0,1,0,0,0,0,0,0,0,0,1,1,0,0,0,0,1,0,0,0,0,0,0,0,0,1,0,0,1,0,0,1
26,2,41.251322,-122.105209,1586,6,38,2.86,0,20.45,781.25,0.0,0,108.68,4,0,1,0,1,1,1,0,0,0,0,0,1,0,0,0,0,1,0,0,0,0,0,0,0,0,0,0,0,1,0,0,1
48,3,41.737962,-123.07557,88,9,58,11.81,0,19.85,1158.85,0.0,0,684.98,4,0,0,0,1,1,1,0,1,0,0,0,1,0,0,0,0,1,0,0,0,0,0,0,0,0,0,1,1,1,0,0,1
55,0,40.617614,-122.512861,528,4,71,21.19,0,23.85,1672.1,0.0,0,1504.49,5,0,0,0,1,0,1,0,0,0,0,0,1,1,0,0,0,1,0,0,0,0,0,0,0,0,0,1,0,1,0,0,1
48,0,39.783747,-120.661032,1839,0,15,39.87,0,19.6,299.4,0.0,0,598.05,5,0,0,0,0,0,0,0,0,0,0,0,1,0,0,0,0,1,0,0,0,0,0,0,0,0,0,0,0,1,0,0,1
40,1,41.505916,-120.152505,857,1,51,28.96,0,19.55,1086.75,0.0,0,1476.96,4,1,0,0,1,1,1,0,1,0,0,0,1,0,0,0,0,1,0,0,0,0,0,0,0,0,0,1,0,1,0,0,1
45,2,39.745805,-120.580882,88,1,71,31.03,0,20.1,1389.6,0.0,0,2203.13,3,0,0,0,1,1,1,0,0,0,0,0,1,0,0,0,0,1,0,0,0,0,0,0,0,0,0,1,0,0,0,0,1
64,0,40.294034,-120.512622,3093,1,30,11.38,0,19.05,637.55,0.0,0,341.40000000000003,4,1,0,0,1,0,1,0,0,0,0,0,1,0,0,0,0,1,0,0,0,0,0,0,0,0,0,1,0,1,0,0,1
24,0,39.559709,-120.345639,227,0,1,49.51,0,18.9,18.9,0.0,0,49.51,4,1,1,0,0,0,0,0,0,0,0,1,1,0,0,0,0,1,0,0,0,0,0,0,0,0,0,0,0,1,0,0,1
27,1,41.813521,-121.492666,2595,4,10,4.16,0,24.4,253.9,0.0,0,41.6,5,1,1,0,1,1,1,0,0,0,0,0,1,1,0,0,0,1,0,0,0,0,0,0,0,0,0,0,1,1,0,0,1
55,1,40.345949,-120.081187,162,4,20,3.87,0,20.05,400.0,0.0,0,77.4,4,1,0,0,1,1,1,0,0,0,0,0,1,0,0,0,0,1,0,0,0,0,0,0,0,0,0,1,0,1,0,0,1
30,0,39.24124,-120.054765,678,0,29,15.06,0,19.4,554.25,0.0,0,436.74,3,0,0,0,0,0,0,0,0,0,0,0,1,0,0,0,0,1,0,0,0,0,0,0,0,0,0,1,0,1,0,0,1
56,0,33.949255,-118.246978,44586,0,13,46.92,0,20.4,251.65,0.0,0,609.96,5,1,0,0,0,0,0,0,0,0,0,0,1,0,0,0,0,1,0,0,0,0,0,0,0,0,0,0,1,0,0,0,1
27,0,34.039224,-118.266293,15140,8,2,36.05,0,19.85,52.0,0.0,0,72.1,5,0,1,0,1,0,1,0,0,0,0,1,1,0,0,0,0,1,0,0,0,0,0,0,0,0,0,0,0,0,0,0,1
49,0,34.052842,-118.264495,20692,0,18,10.67,0,19.55,389.25,0.0,0,192.06,4,0,0,0,0,0,0,0,0,0,1,0,1,0,0,0,0,1,0,0,0,0,0,0,0,0,0,0,1,1,0,0,1
46,0,34.028735,-118.317236,47143,0,71,44.84,0,25.05,1873.7,0.0,0,3183.6400000000003,5,0,0,0,1,0,0,0,0,0,0,0,1,1,0,0,0,1,0,0,0,0,0,0,0,0,0,1,0,1,0,0,1
19,2,34.017697,-118.200577,47487,6,24,25.84,0,20.8,469.65,0.0,0,620.16,5,1,1,0,1,1,1,0,0,1,0,0,1,0,0,0,0,1,0,0,0,0,0,0,0,0,1,0,1,1,0,0,1
20,2,34.046174,-118.446333,41175,2,56,31.53,0,24.45,1385.85,0.0,0,1765.68,3,0,1,0,1,1,1,0,1,0,0,0,1,1,0,0,0,1,0,0,0,0,0,0,0,0,0,1,1,1,0,0,1
24,0,34.030578,-118.399613,58218,2,71,33.61,0,24.45,1730.65,0.0,0,2386.31,3,1,1,0,1,0,1,0,0,0,0,0,1,1,0,0,0,1,0,0,0,0,0,0,0,0,0,1,0,0,0,0,1
42,0,34.051809,-118.383843,27799,10,26,1.75,0,19.2,459.6,0.0,0,45.5,3,0,0,0,1,0,1,0,0,1,0,0,1,0,0,0,0,1,0,0,0,0,0,0,0,0,1,0,0,1,0,0,1
44,2,34.108455,-118.362081,49839,10,16,7.14,0,19.7,301.55,0.0,0,114.24,3,0,0,0,1,1,1,0,0,0,1,0,1,0,0,0,0,1,0,0,0,0,0,0,0,0,0,1,0,1,0,0,1
33,0,33.92128,-118.274186,24511,0,25,13.36,0,20.6,541.5,0.0,0,334.0,3,1,0,0,0,0,0,0,0,1,0,0,1,0,0,0,0,1,0,0,0,0,0,0,0,0,0,0,0,1,0,0,1
43,0,34.003553,-118.308933,29299,0,6,29.09,0,19.65,116.85,0.0,0,174.54,5,0,0,0,0,0,0,0,0,0,0,0,1,0,0,0,0,1,0,0,0,0,0,0,0,0,0,1,0,1,0,0,1
25,0,34.002028,-118.430656,55204,0,12,8.82,0,20.1,223.6,0.0,0,105.84,4,0,1,0,0,0,0,0,0,0,1,0,1,0,0,0,0,1,0,0,0,0,0,0,0,0,0,0,0,1,0,0,1
53,1,33.970343,-118.171368,105285,9,72,48.04,0,19.7,1379.8,0.0,0,3458.88,3,0,0,0,1,1,1,0,0,0,0,0,1,0,0,0,0,1,0,0,0,0,0,0,0,0,0,1,0,1,0,0,1
53,0,34.063947,-118.383001,8321,0,41,2.32,0,19.85,810.45,0.0,0,95.12,5,0,0,0,0,0,0,0,0,0,0,0,1,0,0,0,0,1,0,0,0,0,0,0,0,0,0,1,1,1,0,0,1
40,0,33.912246,-118.236773,29825,8,72,4.15,0,25.4,1797.1,0.0,0,298.8,5,1,0,0,1,0,1,0,0,0,0,0,1,1,0,0,0,1,0,0,0,0,0,0,0,0,0,1,0,1,0,0,1
64,1,34.019323,-118.391902,15195,2,23,24.22,0,20.0,445.3,0.0,0,557.06,5,1,0,0,1,1,1,0,0,0,1,0,1,0,0,0,0,1,0,0,0,0,0,0,0,0,1,0,1,1,0,0,1
43,0,33.90139,-118.315697,26442,0,1,23.97,0,19.4,19.4,0.0,0,23.97,4,0,0,0,0,0,0,0,0,0,0,0,1,0,0,0,0,1,0,0,0,0,0,0,0,0,0,0,1,1,0,0,1
25,0,33.923573,-118.200669,69850,0,10,45.42,0,19.3,185.2,0.0,0,454.2000000000001,4,0,1,0,0,0,0,0,0,0,1,0,1,0,0,0,0,1,0,0,0,0,0,0,0,0,1,0,1,1,0,0,1
27,0,33.889632,-118.39737,33758,8,20,46.47,0,20.65,417.5,0.0,0,929.4,3,1,1,0,1,0,1,0,0,0,1,0,1,0,0,0,0,1,0,0,0,0,0,0,0,0,1,0,0,1,0,0,1
33,1,33.988572,-118.186565,28094,1,19,13.13,0,19.8,344.5,0.0,0,249.47000000000003,5,1,0,0,1,1,1,0,0,0,1,0,1,0,0,0,0,1,0,0,0,0,0,0,0,0,1,0,0,1,0,0,1
44,0,34.007353,-118.033683,32050,0,71,14.91,0,20.9,1493.2,0.0,0,1058.61,4,0,0,0,1,0,0,1,0,0,0,0,1,0,0,0,0,1,0,0,0,0,0,0,0,0,0,1,1,0,0,0,1
25,1,33.845706,-118.012204,44442,0,49,45.64,0,19.45,921.3,0.0,0,2236.36,5,0,1,0,0,1,0,0,0,0,0,0,1,0,0,0,0,1,0,0,0,0,0,0,0,0,1,0,0,1,0,0,1
38,1,33.818477,-118.038307,47344,2,7,35.26,0,19.85,144.15,0.0,0,246.82,3,0,0,0,1,1,1,0,0,0,0,1,1,0,0,0,0,1,0,0,0,0,0,0,0,0,0,1,0,1,0,0,1
38,1,33.989524,-118.089299,63288,10,21,18.0,0,19.8,350.1,0.0,0,378.0,3,1,0,0,1,1,1,0,0,0,0,0,1,0,0,0,0,1,0,0,0,0,0,0,0,0,1,0,0,1,0,0,1
49,2,33.801869,-117.995068,29694,8,22,45.35,0,20.75,452.35,0.0,0,997.7,4,0,0,0,1,1,1,0,0,0,0,0,1,0,0,0,0,1,0,0,0,0,0,0,0,0,1,0,0,0,0,0,1
35,0,33.391181,-118.421305,3699,3,2,5.42,0,20.35,41.85,0.0,0,10.84,4,0,0,0,1,0,1,0,0,0,0,1,1,0,0,0,0,1,0,0,0,0,0,0,0,0,0,0,0,1,0,0,1
43,2,33.887676,-118.127289,72893,3,57,12.26,0,19.75,1272.05,0.0,0,698.8199999999999,5,0,0,0,1,1,1,0,0,0,0,0,1,0,0,0,0,1,0,0,0,0,0,0,0,0,0,1,0,0,0,0,1
30,1,33.841027,-118.078097,20890,3,7,5.84,0,20.45,150.75,0.0,0,40.88,4,0,0,0,1,1,1,0,0,0,0,1,1,0,0,0,0,1,0,0,0,0,0,0,0,0,0,0,0,1,0,0,1
59,0,33.859171,-118.252272,25566,4,18,25.54,0,20.1,370.5,0.0,0,459.72,4,0,0,0,1,0,1,0,0,0,0,0,1,0,0,0,0,1,0,0,0,0,0,0,0,0,0,1,0,1,0,0,1
25,3,34.168686,-118.057505,10558,1,25,4.57,0,20.1,486.05,0.0,0,114.25,3,0,1,0,1,1,1,0,0,1,0,0,1,0,0,0,0,1,0,0,0,0,0,0,0,0,0,1,0,1,0,0,1
57,0,34.17051,-118.289463,23981,0,1,37.62,0,19.75,19.75,0.0,0,37.62,3,0,0,0,0,0,0,0,0,0,0,0,1,0,0,0,0,1,0,0,0,0,0,0,0,0,0,0,0,0,0,0,1
33,1,34.13658,-118.245839,41390,3,50,22.3,0,24.95,1261.45,0.0,0,1115.0,5,1,0,0,1,1,1,0,0,0,0,0,1,1,0,0,0,1,0,0,0,0,0,0,0,0,0,1,0,1,0,0,1
32,0,34.182378,-118.262922,9864,0,5,21.01,0,19.25,86.05,0.0,0,105.05,3,1,0,0,0,0,0,0,0,0,0,0,1,0,0,0,0,1,0,0,0,0,0,0,0,0,0,0,1,1,0,0,1
32,3,34.130861,-118.68346,23661,3,66,42.84,0,25.7,1714.55,0.0,0,2827.44,4,1,0,0,1,1,1,1,0,0,0,0,1,1,0,0,0,1,0,0,0,0,0,0,0,0,1,0,1,1,0,0,1
45,0,34.199787,-118.68493,23637,0,62,24.03,0,19.2,1123.65,0.0,0,1489.86,4,0,0,0,0,0,0,0,0,0,0,0,1,0,0,0,0,1,0,0,0,0,0,0,0,0,0,1,1,1,0,0,1
38,0,34.294142,-118.603883,35325,9,2,32.86,0,20.1,43.15,0.0,0,65.72,3,0,0,0,1,0,1,0,0,0,0,0,1,0,0,0,0,1,0,0,0,0,0,0,0,0,0,0,0,0,0,0,1
57,0,34.150354,-118.518292,27614,0,2,2.46,0,20.35,35.1,0.0,0,4.92,5,0,0,0,0,0,0,0,0,0,0,0,1,0,0,0,0,1,0,0,0,0,0,0,0,0,0,0,0,1,0,0,1
36,3,34.172071,-118.946262,37779,1,55,1.44,0,25.65,1388.0,0.0,0,79.2,5,0,0,0,1,1,1,0,1,0,0,0,1,1,0,0,0,1,0,0,0,0,0,0,0,0,0,1,1,1,0,0,1
25,0,34.200175,-118.540958,68018,0,72,29.29,0,24.75,1777.6,0.0,0,2108.88,5,1,1,0,0,0,0,1,0,0,0,0,1,1,0,0,0,1,0,0,0,0,0,0,0,0,0,1,0,0,0,0,1
28,3,34.291273,-118.505104,48867,0,8,1.95,0,19.45,159.2,0.0,0,15.6,5,1,1,0,0,1,0,0,0,0,0,0,1,0,0,0,0,1,0,0,0,0,0,0,0,0,0,0,0,0,0,0,1
42,0,34.214054,-118.88109,42526,0,1,23.67,0,19.65,19.65,0.0,0,23.67,3,0,0,0,0,0,0,0,0,0,0,1,1,0,0,0,0,1,0,0,0,0,0,0,0,0,0,0,0,1,0,0,1
48,0,34.191842,-118.822796,33057,0,54,27.3,0,20.0,1149.65,0.0,0,1474.2,3,1,0,0,0,0,0,0,1,0,0,0,1,0,0,0,0,1,0,0,0,0,0,0,0,0,0,1,0,1,0,0,1
23,0,34.19225,-118.776874,14814,1,20,27.96,0,20.35,393.15,0.0,0,559.2,3,0,1,0,1,0,1,0,0,0,0,0,1,0,0,0,0,1,0,0,0,0,0,0,0,0,1,0,0,1,0,0,1
61,0,34.195685,-118.490752,50047,0,12,25.57,0,24.95,280.4,0.0,0,306.84000000000003,5,1,0,0,0,0,0,0,0,0,1,0,1,1,0,0,0,1,0,0,0,0,0,0,0,0,1,0,0,1,0,0,1
49,2,34.15136,-118.364786,16996,0,60,16.59,0,19.95,1189.9,0.0,0,995.4,3,1,0,0,0,1,0,0,1,0,0,0,1,0,0,0,0,1,0,0,0,0,0,0,0,0,0,1,0,1,0,0,1
21,0,34.139082,-118.39275,26157,1,72,22.22,0,26.45,1914.5,0.0,0,1599.84,4,0,1,0,1,0,1,1,0,0,0,0,1,1,0,0,0,1,0,0,0,0,0,0,0,0,0,1,0,1,0,0,1
28,0,33.990646,-117.663025,75319,0,9,4.02,0,19.9,164.6,0.0,0,36.17999999999999,4,1,1,0,0,0,0,0,0,0,0,0,1,0,0,0,0,1,0,0,0,0,0,0,0,0,1,0,1,0,0,0,1
51,0,33.976753,-117.897367,46342,0,10,17.01,0,24.5,270.15,0.0,0,170.10000000000002,3,0,0,0,0,0,0,0,0,0,1,0,1,1,0,0,0,1,0,0,0,0,0,0,0,0,0,0,1,1,0,0,1
38,2,34.144703,-117.770299,35530,5,10,46.23,0,19.7,197.54,0.0,0,462.3,5,1,0,0,1,1,1,0,0,0,0,1,1,0,0,0,0,1,0,0,0,0,0,0,0,0,1,0,1,1,0,0,1
55,0,33.999992,-117.535395,18980,0,1,1.48,0,20.6,20.6,0.0,0,1.48,3,1,0,0,0,0,0,0,0,0,0,1,1,0,0,0,0,1,0,0,0,0,0,0,0,0,0,0,0,1,0,0,1
48,0,34.035602,-117.591528,56280,2,61,11.53,0,25.45,1538.6,0.0,0,703.3299999999999,4,1,0,0,1,0,1,0,1,0,0,0,1,1,0,0,0,1,0,0,0,0,0,0,0,0,0,1,0,0,0,0,1
50,2,34.074087,-117.605618,49474,8,12,33.9,0,21.15,306.05,0.0,0,406.8,4,1,0,0,1,1,1,0,0,0,1,0,1,0,0,0,0,1,0,0,0,0,0,0,0,0,0,0,1,0,0,0,1
37,2,34.102119,-117.815532,33878,5,2,7.27,0,20.3,40.25,0.0,0,14.54,4,1,0,0,1,1,1,0,0,0,0,1,1,0,0,0,0,1,0,0,0,0,0,0,0,0,0,0,0,1,0,0,1
32,1,32.67117,-117.00232,17389,0,70,26.85,0,20.15,1411.2,0.0,0,1879.5,3,0,0,0,1,1,0,0,0,0,0,0,1,0,0,0,0,1,0,0,0,0,0,0,0,0,0,1,1,1,0,0,1
60,0,32.636792,-117.054989,74025,10,12,40.34,0,20.05,264.55,0.0,0,484.08,4,0,0,0,1,0,1,0,0,0,1,0,1,0,0,0,0,1,0,0,0,0,0,0,0,0,0,1,1,0,0,0,1
64,3,33.098018,-117.258203,43161,6,69,11.47,0,20.15,1337.5,0.0,0,791.4300000000001,4,0,0,0,1,1,1,0,0,0,0,0,1,0,0,0,0,1,0,0,0,0,0,0,0,0,0,1,0,0,0,0,1
28,3,33.081478,-117.033814,49281,0,70,1.22,0,25.15,1790.15,0.0,0,85.39999999999999,3,1,1,0,1,1,0,0,0,0,0,0,1,1,0,0,0,1,0,0,0,0,0,0,0,0,0,1,0,1,0,0,1
29,0,33.351059,-117.420557,98239,0,1,7.32,0,20.55,20.55,0.0,0,7.32,4,1,1,0,0,0,0,0,0,0,0,1,1,0,0,0,0,1,0,0,0,0,0,0,0,0,0,0,0,1,0,0,1
48,4,33.162624,-117.170863,52664,1,54,41.93,0,20.35,1092.35,0.0,0,2264.22,3,0,0,0,1,1,1,0,0,0,0,0,1,0,0,0,0,1,0,0,0,0,0,0,0,0,0,1,1,0,0,0,1
64,0,32.747484,-117.166877,30202,1,61,10.94,0,20.25,1278.8,5.15,0,667.3399999999999,3,0,0,0,1,0,1,0,0,0,0,0,1,0,0,0,0,1,0,0,0,0,0,0,0,0,0,1,0,1,0,0,1
27,2,32.807867,-117.060993,25569,1,5,41.21,0,20.55,99.45,0.0,0,206.05,3,1,1,0,1,1,1,0,0,0,0,0,1,0,0,0,0,1,0,0,0,0,0,0,0,0,1,0,0,0,0,0,1
24,1,32.85723,-117.209774,34902,1,30,12.85,0,19.7,599.25,49.79,0,385.5,3,0,1,0,1,1,1,0,0,0,0,0,1,0,0,0,0,1,0,0,0,0,0,0,0,0,0,1,0,1,0,0,1
61,0,32.677716,-117.047666,36351,0,1,44.22,0,19.1,19.1,0.0,0,44.22,4,1,0,0,0,0,0,0,0,0,0,0,1,0,0,0,0,1,0,0,0,0,0,0,0,0,0,0,0,1,0,0,1
39,0,32.730583,-115.501083,3535,7,60,30.14,0,19.95,1258.15,0.0,0,1808.4,4,1,0,0,1,0,1,0,0,0,0,0,1,0,0,0,0,1,0,0,0,0,0,0,0,0,0,1,0,1,0,0,1
50,0,32.811001,-115.152865,8062,0,18,31.33,0,19.25,331.35,0.0,0,563.9399999999999,5,1,0,0,0,0,0,0,0,0,1,0,1,0,0,0,0,1,0,0,0,0,0,0,0,0,0,0,0,1,0,0,1
52,1,33.695532,-116.310571,23971,0,4,32.15,0,20.4,84.75,0.0,0,128.6,3,0,0,0,0,1,0,0,0,0,0,0,1,0,0,0,0,1,0,0,0,0,0,0,0,0,1,0,1,1,0,0,1
52,2,33.543835,-115.993906,8768,4,65,36.5,0,24.75,1715.1,0.0,0,2372.5,5,1,0,0,1,1,1,0,0,0,0,0,1,1,0,0,0,1,0,0,0,0,0,0,0,0,0,1,0,1,0,0,1
63,1,34.097863,-116.594561,3499,6,70,10.46,0,25.35,1715.15,0.0,0,732.2,3,1,0,0,1,1,1,1,0,0,0,0,1,1,0,0,0,1,0,0,0,0,0,0,0,0,0,1,0,1,0,0,1
44,2,33.906496,-116.569499,732,0,62,24.48,0,20.0,1250.1,0.0,0,1517.76,3,1,0,0,0,1,0,0,0,0,0,0,1,0,0,0,0,1,0,0,0,0,0,0,0,0,0,1,0,0,0,0,1
19,0,33.745746,-116.514215,18884,0,34,36.75,0,20.35,673.2,0.0,0,1249.5,5,0,1,0,0,0,0,0,0,0,0,0,1,0,0,0,0,1,0,0,0,0,0,0,0,0,0,0,0,1,0,0,1
45,0,33.28156,-115.955541,799,0,18,12.97,0,23.75,424.5,0.0,0,233.46,4,1,0,0,0,0,0,0,0,0,1,0,1,1,0,0,0,1,0,0,0,0,0,0,0,0,1,0,0,1,0,0,1
44,1,34.242058,-116.89802,5447,0,35,25.52,0,20.1,644.5,0.0,0,893.1999999999999,4,0,0,0,0,1,0,0,0,0,0,0,1,0,0,0,0,1,0,0,0,0,0,0,0,0,1,0,1,1,0,0,1
58,0,33.982787,-117.057627,7334,0,2,1.97,0,19.75,39.3,0.0,0,3.94,4,1,0,0,0,0,0,0,0,0,0,0,1,0,0,0,0,1,0,0,0,0,0,0,0,0,0,0,0,1,0,0,1
63,0,34.255203,-117.175654,455,0,50,37.95,0,19.75,989.05,0.0,0,1897.5,4,0,0,0,0,0,0,0,1,0,0,0,1,0,0,0,0,1,0,0,0,0,0,0,0,0,1,0,0,0,0,0,1
59,0,34.248061,-117.29028,10484,0,31,34.57,0,20.45,638.55,0.0,0,1071.67,3,1,0,0,0,0,0,0,0,0,0,0,1,0,0,0,0,1,0,0,0,0,0,0,0,0,0,1,0,1,0,0,1
22,1,34.875144,-116.821698,678,9,9,30.83,0,20.35,191.1,0.0,0,277.47,3,0,1,0,1,1,1,0,0,0,0,0,1,0,0,0,0,1,0,0,0,0,0,0,0,0,0,1,0,1,0,0,1
56,0,34.049671,-117.468896,29847,0,51,44.35,0,24.95,1288.0,0.0,0,2261.85,5,0,0,0,0,0,0,0,1,0,0,0,1,1,0,0,0,1,0,0,0,0,0,0,0,0,0,1,0,0,0,0,1
33,0,34.711224,-114.702256,5488,0,38,41.63,0,20.05,741.5,0.0,0,1581.94,5,0,0,0,0,0,0,0,0,1,0,0,1,0,0,0,0,1,0,0,0,0,0,0,0,0,0,1,0,1,0,0,1
62,0,34.186211,-117.07683,5395,0,37,30.17,0,19.8,695.05,0.0,0,1116.29,5,0,0,0,0,0,0,0,0,1,0,0,1,0,0,0,0,1,0,0,0,0,0,0,0,0,1,0,1,0,0,0,1
62,1,34.142747,-117.300864,24644,0,61,32.05,0,25.0,1498.35,0.0,0,1955.05,4,0,0,0,0,1,0,0,1,0,0,0,1,1,0,0,0,1,0,0,0,0,0,0,0,0,0,1,1,1,0,0,1
37,0,33.994676,-117.372498,18999,0,3,34.89,13,44.75,148.05,0.0,10,104.67,5,0,0,0,0,0,0,0,0,0,0,0,1,0,1,0,0,0,0,0,0,0,0,0,0,0,0,0,0,1,0,0,1
50,0,33.888323,-117.277533,1005,0,6,31.02,0,19.7,129.55,0.0,0,186.12,5,0,0,0,0,0,0,0,0,0,0,1,1,0,0,0,0,1,0,0,0,0,0,0,0,0,0,0,0,1,0,0,1
44,0,33.739415,-116.968339,29687,6,34,4.42,0,20.05,679.0,0.0,0,150.28,3,1,0,0,1,0,1,0,0,1,0,0,1,0,0,0,0,1,0,0,0,0,0,0,0,0,0,1,0,1,0,0,1
29,0,33.755039,-116.741796,3588,0,25,29.38,0,20.75,499.4,0.0,0,734.5,3,1,1,0,0,0,0,0,0,1,0,0,1,0,0,0,0,1,0,0,0,0,0,0,0,0,0,1,1,1,0,0,1
22,1,33.923149,-117.244933,61205,0,10,7.86,0,19.95,219.5,0.0,0,78.60000000000001,5,1,1,0,0,1,0,0,0,0,0,0,1,0,0,0,0,1,0,0,0,0,0,0,0,0,1,0,1,0,0,0,1
51,3,33.688546,-117.788091,27369,0,33,21.16,0,20.15,682.15,0.0,0,698.28,3,1,0,0,0,1,0,0,0,1,0,0,1,0,0,0,0,1,0,0,0,0,0,0,0,0,1,0,1,1,0,0,1
25,3,33.667145,-117.732135,6301,9,65,34.03,0,25.3,1748.55,0.0,0,2211.9500000000003,4,0,1,0,1,1,1,0,0,0,0,0,1,1,0,0,0,1,0,0,0,0,0,0,0,0,0,1,1,0,0,0,1
60,2,33.678591,-117.905471,48207,4,43,2.81,0,24.25,1077.95,0.0,0,120.83,4,1,0,0,1,1,1,0,0,0,0,0,1,1,0,0,0,1,0,0,0,0,0,0,0,0,0,1,0,1,0,0,1
24,1,33.721917,-118.043237,32304,4,35,41.02,0,20.05,746.75,0.0,0,1435.7,3,1,1,0,1,1,1,0,0,1,0,0,1,0,0,0,0,1,0,0,0,0,0,0,0,0,1,0,0,0,0,0,1
63,0,33.744439,-117.98588,8660,0,1,13.08,0,20.2,20.2,0.0,0,13.08,5,1,0,0,0,0,0,0,0,0,0,0,1,0,0,0,0,1,0,0,0,0,0,0,0,0,0,0,0,1,0,0,1
61,0,33.603282,-117.821841,5597,7,70,9.03,0,25.15,1940.85,0.0,0,632.0999999999999,4,1,0,0,1,0,1,1,0,0,0,0,1,1,0,0,0,1,0,0,0,0,0,0,0,0,0,1,0,0,0,0,1
20,3,33.521447,-117.602555,34321,5,18,20.0,0,19.35,309.25,0.0,0,360.0,5,0,1,0,1,1,1,0,0,0,0,0,1,0,0,0,0,1,0,0,0,0,0,0,0,0,0,1,0,1,0,0,1
40,2,33.748635,-117.906125,70011,1,54,28.87,0,24.75,1342.15,0.0,0,1558.98,3,0,0,0,1,1,1,0,0,0,0,0,1,1,0,0,0,1,0,0,0,0,0,0,0,0,1,0,1,0,0,0,1
40,3,33.719869,-117.907063,91188,1,51,42.55,0,23.95,1216.35,0.0,0,2170.05,5,1,0,0,1,1,1,0,0,0,0,0,1,1,0,0,0,1,0,0,0,0,0,0,0,0,1,0,1,1,0,0,1
19,0,33.714829,-117.872941,62634,0,2,40.28,0,20.05,42.7,0.0,0,80.56,5,1,1,0,0,0,0,0,0,0,0,0,1,0,0,0,0,1,0,0,0,0,0,0,0,0,0,0,0,1,0,0,1
52,0,33.738543,-117.785046,17494,0,31,26.16,0,20.9,689.35,0.0,0,810.96,5,0,0,0,0,0,0,0,0,0,0,0,1,0,0,0,0,1,0,0,0,0,0,0,0,0,0,1,0,1,0,0,1
37,1,33.850452,-117.726668,19629,1,22,37.4,0,19.95,433.5,0.0,0,822.8,3,1,0,0,1,1,1,0,0,0,1,0,1,0,0,0,0,1,0,0,0,0,0,0,0,0,1,0,0,1,0,0,1
36,0,33.764018,-117.931507,43491,1,70,28.54,0,24.25,1724.15,0.0,0,1997.8,4,1,0,0,1,0,1,1,0,0,0,0,1,1,0,0,0,1,0,0,0,0,0,0,0,0,0,1,0,0,0,0,1
46,0,33.925833,-117.559639,22443,0,20,29.12,0,19.6,356.15,0.0,0,582.4,4,1,0,0,0,0,0,0,0,0,1,0,1,0,0,0,0,1,0,0,0,0,0,0,0,0,0,0,1,1,0,0,1
50,2,33.817473,-117.810462,5935,1,22,37.7,0,20.25,488.25,0.0,0,829.4000000000001,3,1,0,0,1,1,1,0,0,0,1,0,1,0,0,0,0,1,0,0,0,0,0,0,0,0,1,0,0,0,0,0,1
25,0,33.784597,-117.844535,15396,0,63,16.57,0,20.6,1298.7,0.0,0,1043.91,5,0,1,0,0,0,0,0,0,0,0,0,1,0,0,0,0,1,0,0,0,0,0,0,0,0,0,1,1,1,0,0,1
38,2,33.81859,-117.821288,40915,1,70,48.44,0,19.8,1378.75,0.0,0,3390.8,4,0,0,0,1,1,1,1,0,0,0,0,1,0,0,0,0,1,0,0,0,0,0,0,0,0,0,1,0,0,0,0,1
50,0,33.833686,-117.513063,21911,0,1,1.47,0,20.65,20.65,0.0,0,1.47,5,1,0,0,0,0,0,0,0,0,0,1,1,0,0,0,0,1,0,0,0,0,0,0,0,0,0,0,0,0,0,0,1
35,0,33.762351,-117.488725,13188,0,4,32.54,0,20.15,84.5,0.0,0,130.16,4,0,0,0,0,0,0,0,0,0,0,1,1,0,0,0,0,1,0,0,0,0,0,0,0,0,0,0,0,1,0,0,1
52,0,34.404544,-119.302118,6503,0,41,15.48,0,20.45,775.6,0.0,0,634.6800000000001,5,0,0,0,0,0,0,0,1,0,0,0,1,0,0,0,0,1,0,0,0,0,0,0,0,0,0,0,0,0,0,0,1
34,0,34.156629,-119.117218,77791,0,51,29.33,0,19.1,1007.8,0.0,0,1495.83,4,1,0,0,0,0,0,0,1,0,0,0,1,0,0,0,0,1,0,0,0,0,0,0,0,0,1,0,0,0,0,0,1
63,1,34.18454,-119.224666,25322,3,42,3.14,0,20.0,833.55,0.0,0,131.88,3,0,0,0,1,1,1,0,1,0,0,0,1,0,0,0,0,1,0,0,0,0,0,0,0,0,0,1,0,1,0,0,1
43,0,34.110124,-119.100972,25634,0,48,11.02,0,19.95,1004.5,0.0,0,528.96,5,1,0,0,0,0,0,0,1,0,0,0,1,0,0,0,0,1,0,0,0,0,0,0,0,0,1,0,0,0,0,0,1
54,0,34.296813,-118.685703,49027,0,48,30.82,0,24.0,1183.05,0.0,0,1479.36,3,0,0,0,0,0,0,0,1,0,0,0,1,1,0,0,0,1,0,0,0,0,0,0,0,0,0,1,0,1,0,0,1
36,0,34.419203,-119.710008,31727,0,27,20.18,0,19.15,501.35,0.0,0,544.86,5,0,0,0,0,0,0,0,0,0,0,0,1,0,0,0,0,1,0,0,0,0,0,0,0,0,1,0,0,1,0,0,1
49,2,34.406256,-119.726936,10986,5,25,19.09,0,19.15,477.6,0.0,0,477.25,4,1,0,0,1,1,1,0,0,0,0,0,1,0,0,0,0,1,0,0,0,0,0,0,0,0,0,0,1,1,0,0,1
56,0,34.460197,-119.802602,16477,0,13,10.11,0,19.75,265.75,0.0,0,131.43,5,1,0,0,0,0,0,0,0,0,1,0,1,0,0,0,0,1,0,0,0,0,0,0,0,0,0,1,0,1,0,0,1
58,0,36.315979,-119.710852,2872,0,2,6.65,0,19.4,61.05,0.0,0,13.3,5,0,0,0,0,0,0,0,0,0,0,0,1,0,0,0,0,1,0,0,0,0,0,0,0,0,0,0,0,1,0,0,1
42,0,35.116307,-118.817644,16206,0,65,33.71,0,26.5,1698.55,0.0,0,2191.15,3,0,0,0,0,0,0,0,1,0,0,0,1,1,0,0,0,1,0,0,0,0,0,0,0,0,0,1,0,0,0,0,1
31,1,35.523991,-118.400432,1954,0,55,27.7,0,19.15,998.1,0.0,0,1523.5,3,0,0,0,1,1,0,0,1,0,0,0,1,0,0,0,0,1,0,0,0,0,0,0,0,0,1,0,0,1,0,0,1
35,0,35.996923,-120.000951,1809,0,2,27.67,0,20.75,44.2,0.0,0,55.34,3,1,0,0,0,0,0,0,0,0,0,0,1,0,0,0,0,1,0,0,0,0,0,0,0,0,0,0,0,1,0,0,1
43,0,35.607875,-118.466318,5564,0,11,47.88,0,20.35,215.25,0.0,0,526.6800000000001,5,1,0,0,0,0,0,0,0,0,1,0,1,0,0,0,0,1,0,0,0,0,0,0,0,0,0,0,0,1,0,0,1
28,2,35.637715,-119.893068,2502,0,22,43.97,0,20.55,469.85,0.0,0,967.34,3,0,1,0,0,1,0,0,0,0,1,0,1,0,0,0,0,1,0,0,0,0,0,0,0,0,0,0,1,0,0,0,1
58,0,36.008958,-118.891593,65566,0,58,29.25,0,20.3,1131.5,0.0,0,1696.5,4,1,0,0,0,0,0,0,1,0,0,0,1,0,0,0,0,1,0,0,0,0,0,0,0,0,0,1,0,1,0,0,1
21,3,35.861928,-118.636698,266,0,6,38.28,0,26.35,184.05,0.0,0,229.68,3,1,1,0,0,1,0,0,0,0,0,1,1,1,0,0,0,1,0,0,0,0,0,0,0,0,0,0,0,1,0,0,1
33,0,36.141319,-119.129075,5689,0,6,32.34,0,20.65,109.3,0.0,0,194.04,5,1,0,0,0,0,0,0,0,0,0,1,1,0,0,0,0,1,0,0,0,0,0,0,0,0,0,0,0,1,0,0,1
45,2,35.939068,-119.043666,5868,0,39,46.57,0,25.45,958.45,0.0,0,1816.23,5,1,0,0,0,1,0,0,0,0,0,0,1,1,0,0,0,1,0,0,0,0,0,0,0,0,1,0,0,0,0,0,1
38,0,36.413433,-118.854708,2318,0,20,38.74,0,19.5,403.15,0.0,0,774.8000000000001,3,0,0,0,0,0,0,0,0,0,0,0,1,0,0,0,0,1,0,0,0,0,0,0,0,0,1,0,0,1,0,0,1
34,0,35.690535,-118.552784,2515,5,33,4.15,0,20.05,669.45,0.0,0,136.95000000000002,4,0,0,0,1,0,1,0,0,0,0,0,1,0,0,0,0,1,0,0,0,0,0,0,0,0,0,0,0,1,0,0,1
22,0,35.339796,-119.023552,44588,0,65,20.43,0,25.1,1725.0,0.0,0,1327.95,4,1,1,0,0,0,0,0,1,0,0,0,1,1,0,0,0,1,0,0,0,0,0,0,0,0,0,1,1,0,0,0,1
26,0,35.16207,-119.194488,20440,0,4,6.88,0,19.85,63.0,0.0,0,27.52,5,1,1,0,0,0,0,0,0,0,0,1,1,0,0,0,0,1,0,0,0,0,0,0,0,0,0,0,1,0,0,0,1
35,0,35.176236,-120.483243,24499,5,4,45.84,0,20.15,91.4,0.0,0,183.36,3,0,0,0,1,0,1,0,0,0,0,0,1,0,0,0,0,1,0,0,0,0,0,0,0,0,0,0,0,0,0,0,1
52,0,34.631362,-120.238218,4644,1,61,40.37,0,25.3,1554.9,0.0,0,2462.57,4,0,0,0,1,0,1,0,1,0,0,0,1,1,0,0,0,1,0,0,0,0,0,0,0,0,0,1,0,0,0,0,1
49,0,34.866032,-120.536546,210,0,4,23.04,0,19.7,117.8,0.0,0,92.16,3,1,0,0,0,0,0,0,0,0,0,0,1,0,0,0,0,1,0,0,0,0,0,0,0,0,1,0,0,1,0,0,1
31,2,35.120833,-120.61843,13106,8,1,30.38,0,19.75,19.75,0.0,0,30.38,4,1,0,0,1,1,1,0,0,0,0,0,1,0,0,0,0,1,0,0,0,0,0,0,0,0,0,0,0,0,0,0,1
21,1,35.634222,-120.728341,35586,6,45,17.23,0,19.2,903.7,0.0,0,775.35,3,1,1,0,1,1,1,0,1,0,0,0,1,0,0,0,0,1,0,0,0,0,0,0,0,0,0,1,0,0,0,0,1
24,1,35.886767,-120.608661,2666,5,41,16.02,0,20.0,879.8,0.0,0,656.8199999999999,3,1,1,0,1,1,1,0,0,0,0,0,1,0,0,0,0,1,0,0,0,0,0,0,0,0,0,1,1,1,0,0,1
47,0,34.943523,-120.256729,30540,0,4,6.86,0,19.95,68.2,0.0,0,27.44,4,1,0,0,0,0,0,0,0,0,0,0,1,0,0,0,0,1,0,0,0,0,0,0,0,0,1,0,0,1,0,0,1
40,0,38.184583,-119.286558,826,0,1,16.91,0,19.65,19.65,0.0,0,16.91,3,1,0,0,0,0,0,0,0,0,0,0,1,0,0,0,0,1,0,0,0,0,0,0,0,0,0,0,0,1,0,0,1
58,0,36.869584,-118.189241,734,0,12,41.78,0,19.3,228.75,0.0,0,501.36,5,0,0,0,0,0,0,0,0,0,0,0,1,0,0,0,0,1,0,0,0,0,0,0,0,0,1,0,0,1,0,0,1
38,0,37.730269,-119.055813,618,0,23,16.26,0,20.3,470.6,0.0,0,373.98,3,0,0,0,0,0,0,0,0,0,0,0,1,0,0,0,0,1,0,0,0,0,0,0,0,0,0,0,1,0,0,0,1
43,3,37.890145,-119.184087,504,5,24,46.3,0,19.7,494.05,0.0,0,1111.1999999999998,5,0,0,0,1,1,1,0,0,0,0,0,1,0,0,0,0,1,0,0,0,0,0,0,0,0,0,1,1,1,0,0,1
22,3,34.536232,-118.082935,67232,9,18,43.69,0,24.65,471.35,0.0,0,786.42,3,0,1,0,1,1,1,0,0,0,0,0,1,1,0,0,0,1,0,0,0,0,0,0,0,0,0,1,1,1,0,0,1
47,3,34.613476,-118.256358,34045,5,47,3.95,0,21.3,1041.8,0.0,0,185.65,4,0,0,0,1,1,1,0,0,0,0,0,1,0,0,0,0,1,0,0,0,0,0,0,0,0,0,1,1,0,0,0,1
31,0,33.507255,-117.029473,46171,0,67,4.72,0,19.8,1311.3,0.0,0,316.24,3,1,0,0,0,0,0,0,0,0,0,0,1,0,0,0,0,1,0,0,0,0,0,0,0,0,0,1,1,1,0,0,1
56,0,34.903052,-118.411251,14931,0,10,23.84,0,19.9,199.45,0.0,0,238.4,4,0,0,0,0,0,0,0,0,0,0,0,1,0,0,0,0,1,0,0,0,0,0,0,0,0,0,0,1,1,0,0,1
43,2,33.507255,-117.029473,46171,2,71,16.84,0,19.85,1326.35,0.0,0,1195.64,4,0,0,0,1,1,1,0,0,0,0,0,1,0,0,0,0,1,0,0,0,0,0,0,0,0,0,1,0,0,0,0,1
19,3,34.598221,-117.79593,6787,2,48,9.77,0,20.0,935.9,0.0,0,468.96,5,0,1,0,1,1,1,0,0,0,0,0,1,0,0,0,0,1,0,0,0,0,0,0,0,0,0,1,0,1,0,0,1
56,0,37.375816,-119.739935,1968,0,1,13.51,0,20.05,20.05,0.0,0,13.51,5,1,0,0,0,0,0,0,0,0,0,0,1,0,0,0,0,1,0,0,0,0,0,0,0,0,0,0,0,1,0,0,1
56,1,36.917652,-119.593757,46858,7,61,34.84,0,24.2,1445.2,0.0,0,2125.24,3,0,0,0,1,1,1,0,0,0,0,0,1,1,0,0,0,1,0,0,0,0,0,0,0,0,0,1,1,1,0,0,1
50,0,37.045728,-120.630682,9388,0,47,8.85,0,20.25,1029.8,0.0,0,415.95,3,0,0,0,0,0,0,0,0,0,0,0,1,0,0,0,0,1,0,0,0,0,0,0,0,0,0,1,0,1,0,0,1
63,2,36.789213,-119.140338,506,5,69,11.6,0,26.0,1796.55,0.0,0,800.4,3,1,0,0,1,1,1,0,0,0,0,0,1,1,0,0,0,1,0,0,0,0,0,0,0,0,0,1,1,0,0,0,1
56,0,36.785618,-120.625382,9491,0,2,3.82,0,19.9,33.7,0.0,0,7.64,5,1,0,0,0,0,0,0,0,0,0,1,1,0,0,0,0,1,0,0,0,0,0,0,0,0,0,0,1,1,0,0,1
35,1,37.483535,-119.679414,77,0,22,46.45,0,19.05,454.05,0.0,0,1021.9,3,0,0,0,1,1,0,0,0,0,1,0,1,0,0,0,0,1,0,0,0,0,0,0,0,0,0,0,0,0,0,0,1
62,0,36.625792,-119.672483,5635,0,53,18.81,0,19.85,1049.6,0.0,0,996.93,3,0,0,0,0,0,0,0,0,0,0,0,1,0,0,0,0,1,0,0,0,0,0,0,0,0,0,1,0,1,0,0,1
42,0,36.520537,-120.118055,152,0,22,10.36,0,20.3,475.1,0.0,0,227.92,5,1,0,0,0,0,0,0,0,0,1,0,1,0,0,0,0,1,0,0,0,0,0,0,0,0,1,0,0,1,0,0,1
53,0,36.633498,-119.298895,8449,0,12,23.2,0,20.4,266.6,0.0,0,278.4,4,0,0,0,0,0,0,0,0,0,1,0,1,0,0,0,0,1,0,0,0,0,0,0,0,0,0,0,0,1,0,0,1
48,0,36.636638,-119.421842,25923,0,1,4.09,0,20.3,20.3,0.0,0,4.09,5,0,0,0,0,0,0,0,0,0,0,0,1,0,0,0,0,1,0,0,0,0,0,0,0,0,0,0,0,1,0,0,1
38,3,36.819628,-119.440414,28991,1,53,20.44,0,20.2,1068.15,0.0,0,1083.3200000000002,4,1,0,0,1,1,1,0,0,0,0,0,1,0,0,0,0,1,0,0,0,0,0,0,0,0,1,0,0,1,0,0,1
54,1,36.545353,-119.338535,306,1,46,45.92,0,20.2,917.45,0.0,0,2112.32,3,1,0,0,1,1,1,0,0,0,0,0,1,0,0,0,0,1,0,0,0,0,0,0,0,0,0,1,1,1,0,0,1
42,0,36.456091,-119.486225,646,0,25,13.93,0,19.8,475.2,0.0,0,348.25,3,0,0,0,0,0,0,0,0,1,0,0,1,0,0,0,0,1,0,0,0,0,0,0,0,0,0,1,0,1,0,0,1
25,2,36.751489,-119.68072,54701,1,71,29.41,0,23.9,1663.5,0.0,0,2088.11,5,0,1,0,1,1,1,1,0,0,0,0,1,1,0,0,0,1,0,0,0,0,0,0,0,0,0,1,0,1,0,0,1
45,0,36.667794,-121.601306,58548,0,57,19.69,0,18.8,1094.35,0.0,0,1122.3300000000002,5,1,0,0,0,0,0,0,0,0,0,0,1,0,0,0,0,1,0,0,0,0,0,0,0,0,0,1,0,1,0,0,1
36,0,36.414611,-121.6386,6691,0,16,33.44,0,20.6,330.25,0.0,0,535.04,3,1,0,0,0,0,0,0,0,0,1,0,1,0,0,0,0,1,0,0,0,0,0,0,0,0,0,0,1,1,0,0,1
23,0,36.689582,-121.758398,21759,7,69,22.08,0,26.3,1763.55,0.0,0,1523.52,4,0,1,0,1,0,1,1,0,0,0,0,1,1,0,0,0,1,0,0,0,0,0,0,0,0,1,0,1,0,0,0,1
43,0,36.618337,-121.926417,15449,0,22,33.92,0,20.05,470.2,0.0,0,746.24,5,0,0,0,0,0,0,0,0,0,1,0,1,0,0,0,0,1,0,0,0,0,0,0,0,0,0,0,1,1,0,0,1
36,1,36.624641,-121.647195,407,4,72,20.56,0,24.45,1709.1,0.0,0,1480.32,3,0,0,0,1,1,1,1,0,0,0,0,1,1,0,0,0,1,0,0,0,0,0,0,0,0,0,1,0,0,0,0,1
61,2,37.684694,-122.40712,3635,0,30,4.27,0,25.35,723.3,0.0,0,128.1,3,1,0,0,0,1,0,0,0,1,0,0,1,1,0,0,0,1,0,0,0,0,0,0,0,0,1,0,0,0,0,0,1
49,1,37.285677,-122.224165,1622,8,30,11.6,0,19.3,602.9,0.0,0,348.0,4,0,0,0,1,1,1,0,0,1,0,0,1,0,0,0,0,1,0,0,0,0,0,0,0,0,0,1,0,1,0,0,1
33,0,37.266388,-122.26308,148,0,6,10.54,0,19.15,124.4,0.0,0,63.24,5,1,0,0,0,0,0,0,0,0,0,0,1,0,0,0,0,1,0,0,0,0,0,0,0,0,1,0,0,1,0,0,1
56,0,37.22565,-122.297533,2055,2,63,38.36,0,19.95,1234.8,0.0,0,2416.68,3,1,0,0,1,0,1,0,1,0,0,0,1,0,0,0,0,1,0,0,0,0,0,0,0,0,0,1,1,0,0,0,1
24,0,37.378541,-122.020456,64010,0,61,25.91,0,19.45,1336.35,0.0,0,1580.51,4,0,1,0,0,0,0,0,1,0,0,0,1,0,0,0,0,1,0,0,0,0,0,0,0,0,1,0,0,0,0,0,1
33,0,37.7795,-122.419233,28998,0,35,4.24,0,19.25,677.9,0.0,0,148.4,4,1,0,0,0,0,0,0,0,1,0,0,1,0,0,0,0,1,0,0,0,0,0,0,0,0,0,1,0,1,0,0,1
21,0,37.789168,-122.395009,2066,1,47,45.9,0,19.65,921.55,0.0,0,2157.3,5,0,1,0,1,0,1,0,1,0,0,0,1,0,0,0,0,1,0,0,0,0,0,0,0,0,0,1,0,0,0,0,1
35,0,37.768881,-122.395521,17372,9,3,11.77,0,20.85,72.0,0.0,0,35.31,3,0,0,0,1,0,1,0,0,0,0,0,1,0,0,0,0,1,0,0,0,0,0,0,0,0,0,0,0,1,0,0,1
46,0,37.791998,-122.408653,13723,0,3,35.59,0,19.65,68.35,0.0,0,106.77,5,1,0,0,0,0,0,0,0,0,0,0,1,0,0,0,0,1,0,0,0,0,0,0,0,0,0,0,1,1,0,0,1
40,0,37.800254,-122.436975,22920,0,3,12.05,0,21.2,52.05,0.0,0,36.150000000000006,5,1,0,0,0,0,0,0,0,0,0,0,1,0,0,0,0,1,0,0,0,0,0,0,0,0,1,0,0,1,0,0,1
40,1,37.820894,-122.369725,1458,8,14,15.33,0,19.7,263.65,0.0,0,214.62,4,0,0,0,1,1,1,0,0,0,1,0,1,0,0,0,0,1,0,0,0,0,0,0,0,0,0,1,1,1,0,0,1
27,0,37.746699,-122.442833,27906,0,13,22.01,0,20.3,275.4,0.0,0,286.13,4,0,1,0,0,0,0,0,0,0,1,0,1,0,0,0,0,1,0,0,0,0,0,0,0,0,0,0,1,1,0,0,1
22,3,37.802071,-122.411004,26831,1,23,48.02,0,24.35,538.5,0.0,0,1104.46,5,1,1,0,1,1,1,0,0,0,0,0,1,1,0,0,0,1,0,0,0,0,0,0,0,0,1,0,0,1,0,0,1
33,3,37.721052,-122.413573,40137,10,47,41.54,0,19.75,948.9,0.0,0,1952.38,3,0,0,0,1,1,1,0,1,0,0,0,1,0,0,0,0,1,0,0,0,0,0,0,0,0,0,1,0,1,0,0,1
56,1,37.556634,-122.317723,23393,0,12,26.17,0,24.0,269.65,0.0,0,314.04,3,1,0,0,1,1,0,0,0,0,0,0,1,1,0,0,0,1,0,0,0,0,0,0,0,0,0,1,1,0,0,0,1
39,1,37.724817,-122.224363,13996,9,71,18.99,0,23.9,1626.4,0.0,0,1348.29,4,1,0,0,1,1,1,1,0,0,0,0,1,1,0,0,0,1,0,0,0,0,0,0,0,0,0,1,0,1,0,0,1
22,1,37.791481,-121.903253,19777,3,33,1.71,0,24.15,800.3,0.0,0,56.43,4,0,1,0,1,1,1,0,0,1,0,0,1,1,0,0,0,1,0,0,0,0,0,0,0,0,1,0,0,1,0,0,1
19,0,37.815459,-121.977203,32873,0,69,42.49,0,19.1,1268.85,0.0,0,2931.81,3,1,1,0,0,0,0,1,0,0,0,0,1,0,0,0,0,1,0,0,0,0,0,0,0,0,0,1,1,1,0,0,1
55,0,38.287136,-122.02711,77683,0,4,34.86,0,19.95,59.25,0.0,0,139.44,5,1,0,0,0,0,0,0,0,0,0,0,1,0,0,0,0,1,0,0,0,0,0,0,0,0,0,0,1,1,0,0,1
35,2,38.265899,-121.939461,9978,10,59,18.75,0,19.5,1147.85,0.0,0,1106.25,3,1,0,0,1,1,1,0,1,0,0,0,1,0,0,0,0,1,0,0,0,0,0,0,0,0,0,1,0,1,0,0,1
55,2,37.639215,-122.037554,72993,9,62,11.15,0,20.65,1218.45,0.0,0,691.3000000000001,5,1,0,0,1,1,1,0,1,0,0,0,1,0,0,0,0,1,0,0,0,0,0,0,0,0,0,1,0,1,0,0,1
63,0,37.991259,-122.214945,22479,0,51,18.07,0,24.75,1234.6,0.0,0,921.57,3,1,0,0,0,0,0,0,1,0,0,0,1,1,0,0,0,1,0,0,0,0,0,0,0,0,0,1,0,1,0,0,1
44,2,37.907777,-122.127161,23996,6,61,25.4,0,19.75,1311.6,0.0,0,1549.4,3,0,0,0,1,1,1,0,1,0,0,0,1,0,0,0,0,1,0,0,0,0,0,0,0,0,0,1,0,1,0,0,1
26,3,37.504133,-122.032347,42491,7,38,49.9,0,19.95,756.4,0.0,0,1896.2,4,0,1,0,1,1,1,0,0,1,0,0,1,0,0,0,0,1,0,0,0,0,0,0,0,0,0,1,1,1,0,0,1
47,3,37.704384,-122.126703,36568,0,1,0.0,21,24.7,24.7,0.0,0,0.0,4,1,0,0,0,1,0,0,0,0,0,0,0,0,1,0,0,0,0,0,0,0,0,0,0,0,0,0,1,0,0,0,1
20,3,37.676249,-122.132415,26240,0,4,38.97,0,25.45,84.2,0.0,0,155.88,5,0,1,0,0,1,0,0,0,0,0,1,1,1,0,0,0,1,0,0,0,0,0,0,0,0,0,0,1,1,0,0,1
35,1,38.104705,-122.247387,37218,0,33,12.51,0,19.8,641.35,0.0,0,412.83,4,0,0,0,1,1,0,0,0,0,0,0,1,0,0,0,0,1,0,0,0,0,0,0,0,0,0,1,0,1,0,0,1
61,1,37.80707,-122.297401,21054,4,66,7.83,0,20.0,1374.2,0.0,0,516.78,3,1,0,0,1,1,1,0,0,0,0,0,1,0,0,0,0,1,0,0,0,0,0,0,0,0,0,1,0,1,0,0,1
55,3,37.808731,-122.238708,29964,7,10,13.83,0,20.05,218.5,0.0,0,138.3,4,1,0,0,1,1,1,0,0,0,0,0,1,0,0,0,0,1,0,0,0,0,0,0,0,0,0,0,1,1,0,0,1
60,0,37.84551,-122.235181,15438,0,57,1.69,0,20.65,1125.6,0.0,0,96.33,5,1,0,0,0,0,0,0,0,0,0,0,1,0,0,0,0,1,0,0,0,0,0,0,0,0,0,1,0,0,0,0,1
62,0,37.750553,-122.197175,30751,0,53,23.17,0,19.65,978.0,0.0,0,1228.01,3,1,0,0,0,0,0,0,0,0,0,0,1,0,0,0,0,1,0,0,0,0,0,0,0,0,0,1,0,0,0,0,1
54,1,37.863843,-122.275684,19763,9,38,26.84,0,20.2,746.05,0.0,0,1019.92,4,0,0,0,1,1,1,0,0,0,0,0,1,0,0,0,0,1,0,0,0,0,0,0,0,0,0,1,1,1,0,0,1
49,0,37.871416,-122.246597,21205,0,15,5.54,0,19.8,304.6,0.0,0,83.1,4,1,0,0,0,0,0,0,0,0,0,0,1,0,0,0,0,1,0,0,0,0,0,0,0,0,1,0,0,1,0,0,1
62,3,37.878554,-122.26609,10147,9,1,30.09,0,20.35,20.35,0.0,0,30.09,5,0,0,0,1,1,1,0,0,0,0,0,1,0,0,0,0,1,0,0,0,0,0,0,0,0,0,1,0,1,0,0,1
24,1,37.872902,-122.303708,8157,3,12,49.7,0,21.05,262.05,0.0,0,596.4000000000001,4,1,1,0,1,1,1,0,0,0,0,0,1,0,0,0,0,1,0,0,0,0,0,0,0,0,0,1,0,0,0,0,1
29,0,37.946617,-122.563571,12010,0,62,14.17,0,19.85,1253.65,0.0,0,878.54,5,1,1,0,0,0,0,0,0,0,0,0,1,0,0,0,0,1,0,0,0,0,0,0,0,0,0,1,0,0,0,0,1
44,0,38.343282,-122.9755,584,4,48,33.06,0,20.05,1036.0,0.0,0,1586.88,3,1,0,0,1,0,1,0,0,0,0,0,1,0,0,0,0,1,0,0,0,0,0,0,0,0,0,1,1,1,0,0,1
23,2,37.943087,-122.72379,1573,0,52,22.65,0,19.65,928.4,0.0,0,1177.8,4,1,1,0,0,1,0,0,0,0,0,0,1,0,0,0,0,1,0,0,0,0,0,0,0,0,1,0,0,1,0,0,1
35,3,38.021772,-122.691744,821,9,15,49.36,0,19.5,239.75,0.0,0,740.4,4,1,0,0,1,1,1,0,0,0,1,0,1,0,0,0,0,1,0,0,0,0,0,0,0,0,1,0,1,1,0,0,1
58,3,38.129308,-122.834815,406,1,24,7.37,0,24.2,609.05,0.0,0,176.88,5,1,0,0,1,1,1,0,0,0,0,0,1,1,0,0,0,1,0,0,0,0,0,0,0,0,0,1,0,1,0,0,1
20,2,37.901371,-122.572024,28727,1,37,2.68,0,19.35,683.75,0.0,0,99.16,5,0,1,0,1,1,1,0,0,0,0,0,1,0,0,0,0,1,0,0,0,0,0,0,0,0,0,0,0,0,0,0,1
21,0,38.237018,-122.77872,31930,0,33,14.48,0,20.35,689.75,0.0,0,477.84,3,1,1,0,0,0,0,0,0,0,0,0,1,0,0,0,0,1,0,0,0,0,0,0,0,0,0,1,0,1,0,0,1
59,1,37.99272,-122.575026,16849,1,13,16.4,0,20.45,254.5,0.0,0,213.2,3,0,0,0,1,1,1,0,0,0,1,0,1,0,0,0,0,1,0,0,0,0,0,0,0,0,0,0,1,1,0,0,1
46,0,38.00474,-122.663717,548,0,20,33.86,0,18.9,347.65,0.0,0,677.2,5,0,0,0,0,0,0,0,0,0,1,0,1,0,0,0,0,1,0,0,0,0,0,0,0,0,0,0,1,1,0,0,1
42,0,38.240769,-122.901041,384,0,13,46.3,0,19.45,232.1,0.0,0,601.9,5,0,0,0,0,0,0,0,0,0,1,0,1,0,0,0,0,1,0,0,0,0,0,0,0,0,0,0,0,1,0,0,1
38,3,38.339996,-122.935056,66,1,35,13.67,0,25.45,809.25,0.0,0,478.45,4,1,0,0,1,1,1,0,0,0,0,0,1,1,0,0,0,1,0,0,0,0,0,0,0,0,0,1,0,0,0,0,1
41,0,37.106902,-122.100006,1007,0,7,39.59,0,20.25,129.15,0.0,0,277.13,5,0,0,0,0,0,0,0,0,0,0,0,1,0,0,0,0,1,0,0,0,0,0,0,0,0,1,0,0,1,0,0,1
33,0,36.936228,-121.785559,4753,0,5,34.8,0,19.95,109.6,0.0,0,174.0,3,0,0,0,0,0,0,0,0,0,0,0,1,0,0,0,0,1,0,0,0,0,0,0,0,0,0,0,0,1,0,0,1
60,2,37.233034,-121.947427,24443,1,38,36.72,0,19.6,763.1,0.0,0,1395.36,3,0,0,0,1,1,1,0,0,0,0,0,1,0,0,0,0,1,0,0,0,0,0,0,0,0,1,0,0,1,0,0,1
52,1,36.863303,-121.781632,899,1,47,1.44,0,20.05,1016.7,0.0,0,67.67999999999999,5,0,0,0,1,1,1,0,0,0,0,0,1,0,0,0,0,1,0,0,0,0,0,0,0,0,0,1,0,1,0,0,1
22,0,36.525703,-120.952122,813,0,16,4.13,0,20.0,275.7,0.0,0,66.08,3,1,1,0,0,0,0,0,0,0,1,0,1,0,0,0,0,1,0,0,0,0,0,0,0,0,0,0,0,1,0,0,1
31,3,37.084697,-121.606417,5671,0,43,30.64,0,25.1,1070.15,0.0,0,1317.52,4,0,0,0,0,1,0,0,0,0,0,0,1,1,0,0,0,1,0,0,0,0,0,0,0,0,0,1,1,0,0,0,1
38,3,37.023669,-121.946461,9823,1,70,38.63,0,19.2,1401.4,0.0,0,2704.1000000000004,3,0,0,0,1,1,1,0,0,0,0,0,1,0,0,0,0,1,0,0,0,0,0,0,0,0,0,1,1,1,0,0,1
25,0,37.34667,-121.910019,18197,0,59,25.89,0,25.0,1510.5,0.0,0,1527.51,4,1,1,0,0,0,0,0,0,0,0,0,1,1,0,0,0,1,0,0,0,0,0,0,0,0,0,1,0,1,0,0,1
27,1,37.233226,-121.78809,10155,6,13,16.74,0,18.8,251.25,0.0,0,217.62,5,0,1,0,1,1,1,0,0,0,1,0,1,0,0,0,0,1,0,0,0,0,0,0,0,0,0,0,0,1,0,0,1
50,1,37.186141,-121.843554,37090,6,64,19.23,0,24.9,1595.5,0.0,0,1230.72,4,0,0,0,1,1,1,0,0,0,0,0,1,1,0,0,0,1,0,0,0,0,0,0,0,0,1,0,0,1,0,0,1
56,0,37.959706,-121.287669,7071,0,57,12.99,0,20.55,1252.85,0.0,0,740.4300000000001,3,1,0,0,0,0,0,0,1,0,0,0,1,0,0,0,0,1,0,0,0,0,0,0,0,0,0,1,0,1,0,0,1
20,0,37.954089,-121.329761,16357,0,4,18.28,0,19.65,67.55,0.0,0,73.12,3,1,1,0,0,0,0,0,0,0,0,1,1,0,0,0,0,1,0,0,0,0,0,0,0,0,0,0,1,1,0,0,1
42,1,38.002125,-121.324979,49965,1,71,19.49,0,24.7,1810.55,0.0,0,1383.79,4,0,0,0,1,1,1,0,0,0,0,0,1,1,0,0,0,1,0,0,0,0,0,0,0,0,0,1,0,0,0,0,1
48,0,37.946282,-121.139499,23789,0,16,24.79,0,19.75,294.9,0.0,0,396.64,5,1,0,0,0,0,0,0,0,0,0,0,1,0,0,0,0,1,0,0,0,0,0,0,0,0,0,0,0,1,0,0,1
33,0,38.029729,-121.387999,19109,0,4,6.36,0,23.9,97.5,0.0,0,25.44,4,0,0,0,0,0,0,0,0,0,0,1,1,1,0,0,0,1,0,0,0,0,0,0,0,0,1,0,0,0,0,0,1
44,0,38.32153,-120.236358,5159,0,1,27.08,0,19.95,19.95,0.0,0,27.08,4,1,0,0,0,0,0,0,0,0,0,1,1,0,0,0,0,1,0,0,0,0,0,0,0,0,0,0,0,1,0,0,1
54,0,38.047746,-121.030499,3148,0,69,17.74,0,19.3,1447.9,0.0,0,1224.06,5,1,0,0,0,0,0,0,0,0,0,0,1,0,0,0,0,1,0,0,0,0,0,0,0,0,0,1,1,0,0,0,1
48,3,38.304194,-120.592431,2718,6,8,17.2,0,19.5,159.35,0.0,0,137.6,4,0,0,0,1,1,1,0,0,0,0,0,1,0,0,0,0,1,0,0,0,0,0,0,0,0,0,1,0,0,0,0,1
21,0,38.264262,-120.515133,1692,0,17,42.42,0,19.55,280.85,0.0,0,721.14,3,0,1,0,0,0,0,0,0,0,0,0,1,0,0,0,0,1,0,0,0,0,0,0,0,0,1,0,0,1,0,0,1
42,1,37.553469,-120.952825,32881,7,46,27.65,0,20.25,890.35,0.0,0,1271.9,3,0,0,0,1,1,1,0,0,0,0,0,1,0,0,0,0,1,0,0,0,0,0,0,0,0,0,1,0,0,0,0,1
36,3,37.420273,-120.66527,55,0,3,18.43,0,20.2,50.6,0.0,0,55.29,3,1,0,0,0,1,0,0,0,0,0,0,1,0,0,0,0,1,0,0,0,0,0,0,0,0,0,0,0,0,0,0,1
60,0,37.435664,-121.049056,1508,0,3,2.69,0,19.95,58.0,0.0,0,8.07,3,0,0,0,0,0,0,0,0,0,0,0,1,0,0,0,0,1,0,0,0,0,0,0,0,0,0,0,0,1,0,0,1
40,2,37.127386,-120.506422,808,9,50,26.98,0,20.35,938.95,0.0,0,1349.0,5,1,0,0,1,1,1,0,0,0,0,0,1,0,0,0,0,1,0,0,0,0,0,0,0,0,1,0,1,1,0,0,1
45,2,37.555631,-120.911653,2130,9,60,32.12,0,20.95,1270.55,0.0,0,1927.2,5,1,0,0,1,1,1,0,0,0,0,0,1,0,0,0,0,1,0,0,0,0,0,0,0,0,0,1,1,0,0,0,1
55,0,38.109125,-120.078597,683,0,2,7.8,0,19.65,31.2,0.0,0,15.6,5,1,0,0,0,0,0,0,0,0,0,0,1,0,0,0,0,1,0,0,0,0,0,0,0,0,0,0,1,0,0,0,1
44,3,37.830267,-121.201018,36738,0,2,31.01,0,20.5,38.25,0.0,0,62.02,3,0,0,0,0,1,0,0,0,0,0,0,1,0,0,0,0,1,0,0,0,0,0,0,0,0,1,0,0,0,0,0,1
49,0,37.716186,-121.025836,26055,0,1,2.85,0,19.4,19.4,0.0,0,2.85,3,0,0,0,0,0,0,0,0,0,0,0,1,0,0,0,0,1,0,0,0,0,0,0,0,0,0,0,0,1,0,0,1
30,3,37.474396,-120.875917,40545,1,8,2.87,0,20.15,165.5,0.0,0,22.96,4,1,0,0,1,1,1,0,0,0,0,1,1,0,0,0,0,1,0,0,0,0,0,0,0,0,0,1,0,1,0,0,1
61,0,37.529656,-120.854357,24708,0,18,22.97,0,20.05,358.5,0.0,0,413.46,3,1,0,0,0,0,0,0,0,0,0,0,1,0,0,0,0,1,0,0,0,0,0,0,0,0,0,0,0,1,0,0,1
31,3,38.439696,-122.668817,22250,1,25,23.69,0,25.5,630.6,44.42,0,592.25,3,1,0,0,1,1,1,0,0,0,0,0,1,1,0,0,0,1,0,0,0,0,0,0,0,0,0,1,0,1,0,0,1
19,2,38.468893,-122.580539,25718,1,59,9.51,0,19.5,1222.65,0.0,0,561.09,4,0,1,0,1,1,1,0,0,0,0,0,1,0,0,0,0,1,0,0,0,0,0,0,0,0,0,1,0,1,0,0,1
48,3,39.756049,-123.358701,91,1,19,31.85,0,20.15,387.7,2.97,0,605.15,3,0,0,0,1,1,1,0,0,0,1,0,1,0,0,0,0,1,0,0,0,0,0,0,0,0,0,1,0,1,0,0,1
28,0,38.445603,-123.063756,187,0,44,47.53,0,20.05,845.25,15.31,0,2091.32,3,1,1,0,0,0,0,0,0,0,0,0,1,0,0,0,0,1,0,0,0,0,0,0,0,0,0,1,0,1,0,0,1
64,0,38.368744,-122.522642,4101,0,26,37.7,0,19.6,471.85,21.25,0,980.2,4,1,0,0,0,0,0,0,0,1,0,0,1,0,0,0,0,1,0,0,0,0,0,0,0,0,1,0,1,0,0,0,1
56,0,38.618347,-122.908422,17979,0,65,4.9,0,25.75,1654.75,41.74,0,318.5,5,1,0,0,0,0,0,0,0,0,0,0,1,1,0,0,0,1,0,0,0,0,0,0,0,0,0,1,0,1,0,0,1
61,3,38.419525,-122.521585,1653,3,1,16.02,0,20.05,20.05,0.0,0,16.02,5,0,0,0,1,1,1,0,0,0,0,0,1,0,0,0,0,1,0,0,0,0,0,0,0,0,0,0,0,1,0,0,1
27,0,39.245911,-123.77214,882,0,3,38.41,0,20.7,57.5,0.0,0,115.23,4,1,1,0,0,0,0,0,0,0,0,1,1,0,0,0,0,1,0,0,0,0,0,0,0,0,0,0,0,1,0,0,1
39,0,38.925545,-122.549083,2644,0,58,48.78,0,25.3,1474.35,0.0,0,2829.24,5,1,0,0,0,0,0,0,0,0,0,0,1,1,0,0,0,1,0,0,0,0,0,0,0,0,0,1,1,1,0,0,1
29,5,39.220368,-122.907693,2344,9,1,25.1,0,19.25,19.25,0.0,0,25.1,4,0,1,0,1,1,1,0,0,0,0,1,1,0,0,0,0,1,0,0,0,0,0,0,0,0,0,0,0,0,0,0,1
55,0,40.796621,-124.15428,23224,4,3,41.36,0,19.9,45.75,0.0,0,124.08,5,0,0,0,1,0,1,0,0,0,0,1,1,0,0,0,0,1,0,0,0,0,0,0,0,0,0,0,1,1,0,0,1
45,2,40.309088,-123.668201,199,2,62,1.87,0,20.45,1297.35,0.0,0,115.94,4,1,0,0,1,1,1,0,0,0,0,0,1,0,0,0,0,1,0,0,0,0,0,0,0,0,0,1,0,0,0,0,1
50,0,40.497283,-123.93037,1072,0,22,10.25,0,20.85,450.65,0.0,0,225.5,5,0,0,0,0,0,0,0,0,0,1,0,1,0,0,0,0,1,0,0,0,0,0,0,0,0,1,0,0,0,0,0,1
40,1,40.4785,-124.301372,2965,5,29,34.44,0,20.2,558.8,0.0,0,998.76,3,0,0,0,1,1,1,0,0,1,0,0,1,0,0,0,0,1,0,0,0,0,0,0,0,0,0,1,0,1,0,0,1
44,3,41.163637,-123.704841,3041,10,15,46.64,0,20.35,335.95,0.0,0,699.6,3,0,0,0,1,1,1,0,0,0,1,0,1,0,0,0,0,1,0,0,0,0,0,0,0,0,1,0,0,1,0,0,1
24,0,40.665952,-124.240051,1447,0,6,12.17,0,20.6,116.6,0.0,0,73.02,3,1,1,0,0,0,0,0,0,0,0,1,1,0,0,0,0,1,0,0,0,0,0,0,0,0,1,0,0,1,0,0,1
53,3,40.390301,-123.412327,265,0,4,29.09,0,19.55,68.8,0.0,0,116.36,4,1,0,0,1,1,0,0,0,0,0,1,1,0,0,0,0,1,0,0,0,0,0,0,0,0,0,1,0,1,0,0,1
24,2,41.269521,-123.546958,574,0,8,15.66,0,20.05,163.6,0.0,0,125.28,4,0,1,0,0,1,0,0,0,0,0,1,1,0,0,0,0,1,0,0,0,0,0,0,0,0,0,0,0,1,0,0,1
45,2,40.440636,-124.098739,1125,0,21,27.6,0,19.6,397.0,0.0,0,579.6,3,1,0,0,0,1,0,0,0,0,1,0,1,0,0,0,0,1,0,0,0,0,0,0,0,0,0,1,0,1,0,0,1
60,2,41.444606,-123.471895,202,6,48,18.64,0,20.2,1027.25,0.0,0,894.72,5,0,0,0,1,1,1,0,1,0,0,0,1,0,0,0,0,1,0,0,0,0,0,0,0,0,0,1,0,0,0,0,1
54,1,39.873371,-123.741474,321,4,67,17.43,0,24.9,1680.25,0.0,0,1167.81,5,0,0,0,1,1,1,0,0,0,0,0,1,1,0,0,0,1,0,0,0,0,0,0,0,0,0,1,1,1,0,0,1
35,0,38.592745,-121.540036,12756,0,32,15.53,0,19.9,601.55,0.0,0,496.96,3,0,0,0,0,0,0,0,0,1,0,0,1,0,0,0,0,1,0,0,0,0,0,0,0,0,0,0,0,0,0,0,1
48,0,38.681651,-122.130569,262,3,71,11.18,0,25.6,1888.25,0.0,0,793.78,5,0,0,0,1,0,1,0,0,0,0,0,1,1,0,0,0,1,0,0,0,0,0,0,0,0,0,1,0,1,0,0,1
19,3,38.544002,-121.685559,648,8,63,24.5,0,25.25,1573.05,0.0,0,1543.5,5,1,1,0,1,1,1,0,1,0,0,0,1,1,0,0,0,1,0,0,0,0,0,0,0,0,0,1,0,1,0,0,1
19,2,38.392821,-121.799917,18529,0,12,19.38,0,21.05,235.8,0.0,0,232.56,3,1,1,0,0,1,0,0,0,0,1,0,1,0,0,0,0,1,0,0,0,0,0,0,0,0,0,0,0,1,0,0,1
25,0,38.154823,-121.601358,2010,0,1,42.96,0,20.25,20.25,0.0,0,42.96,5,1,1,0,0,0,0,0,0,0,0,0,1,0,0,0,0,1,0,0,0,0,0,0,0,0,0,0,1,1,0,0,1
38,0,38.809175,-121.171375,11191,0,38,22.23,0,20.1,730.1,0.0,0,844.74,3,1,0,0,0,0,0,0,0,0,0,0,1,0,0,0,0,1,0,0,0,0,0,0,0,0,1,0,0,1,0,0,1
62,2,38.671295,-121.388251,32202,5,35,15.41,0,19.7,730.4,0.0,0,539.35,4,0,0,0,1,1,1,0,0,0,0,0,1,0,0,0,0,1,0,0,0,0,0,0,0,0,0,1,0,1,0,0,1
23,1,38.736685,-121.251984,25173,0,3,37.85,0,20.05,75.45,0.0,0,113.55,4,1,1,0,0,1,0,0,0,0,0,0,1,0,0,0,0,1,0,0,0,0,0,0,0,0,0,0,1,1,0,0,1
54,1,38.7904,-121.236973,21510,0,27,2.65,0,25.85,788.55,0.0,0,71.55,5,1,0,0,0,1,0,0,0,0,0,0,1,1,0,0,0,1,0,0,0,0,0,0,0,0,0,1,1,1,0,0,1
19,0,38.157794,-121.520223,1472,0,24,26.64,0,25.15,553.0,0.0,0,639.36,5,0,1,0,0,0,0,0,0,0,0,0,1,1,0,0,0,1,0,0,0,0,0,0,0,0,0,1,0,1,0,0,1
62,2,38.333133,-121.920151,63157,8,4,3.57,0,19.5,96.85,0.0,0,14.28,4,1,0,0,1,1,1,0,0,0,0,0,1,0,0,0,0,1,0,0,0,0,0,0,0,0,0,1,0,1,0,0,1
64,3,38.481902,-120.603668,1273,9,72,6.9,0,20.7,1482.3,0.0,0,496.8,5,0,0,0,1,1,1,0,0,0,0,0,1,0,0,0,0,1,0,0,0,0,0,0,0,0,0,1,1,1,0,0,1
58,0,38.627951,-121.593287,19050,0,66,21.23,0,19.35,1240.8,0.0,0,1401.18,3,1,0,0,0,0,0,0,0,0,0,0,1,0,0,0,0,1,0,0,0,0,0,0,0,0,0,1,0,0,0,0,1
42,3,39.218096,-120.79153,751,0,1,30.63,0,19.55,19.55,0.0,0,30.63,4,1,0,0,0,1,0,0,0,0,0,0,1,0,0,0,0,1,0,0,0,0,0,0,0,0,0,0,0,1,0,0,1
23,0,39.084645,-120.894014,8525,4,10,14.04,0,20.1,184.4,0.0,0,140.39999999999998,5,0,1,0,1,0,1,0,0,0,0,0,1,0,0,0,0,1,0,0,0,0,0,0,0,0,1,0,0,1,0,0,1
52,2,38.851842,-120.076204,69,4,58,43.52,0,19.55,1079.65,0.0,0,2524.1600000000003,4,0,0,0,1,1,1,0,0,0,0,0,1,0,0,0,0,1,0,0,0,0,0,0,0,0,0,1,0,1,0,0,1
39,1,38.625096,-121.383658,35426,10,43,14.97,0,19.2,776.25,9.48,0,643.71,4,1,0,0,1,1,1,0,0,0,0,0,1,0,0,0,0,1,0,0,0,0,0,0,0,0,1,0,1,1,0,0,1
43,1,38.542532,-121.378826,38818,9,40,27.95,0,25.25,1006.9,44.51,0,1118.0,5,1,0,0,1,1,1,0,0,0,0,0,1,1,0,0,0,1,0,0,0,0,0,0,0,0,0,1,0,1,0,0,1
42,3,38.685069,-121.543709,854,8,72,47.6,0,24.25,1784.5,49.76,0,3427.2000000000003,4,0,0,0,1,1,1,0,0,0,0,0,1,1,0,0,0,1,0,0,0,0,0,0,0,0,0,1,0,1,0,0,1
46,0,38.687367,-121.34848,31373,0,41,36.76,0,20.15,802.35,29.95,0,1507.16,3,1,0,0,0,0,0,0,0,0,0,0,1,0,0,0,0,1,0,0,0,0,0,0,0,0,0,1,0,1,0,0,1
40,3,39.19514,-121.503883,38091,10,16,12.82,0,19.35,275.9,33.24,0,205.12,5,0,0,0,1,1,1,0,0,0,0,0,1,0,0,0,0,1,0,0,0,0,0,0,0,0,0,0,0,1,0,0,1
35,0,39.125311,-121.392283,5654,0,17,27.66,0,19.15,343.45,28.63,0,470.22,3,1,0,0,0,0,0,0,0,0,0,0,1,0,0,0,0,1,0,0,0,0,0,0,0,0,0,1,0,1,0,0,1
52,2,38.982373,-122.047751,4796,10,58,25.86,0,20.5,1191.4,36.92,0,1499.88,4,0,0,0,1,1,1,0,0,0,0,0,1,0,0,0,0,1,0,0,0,0,0,0,0,0,0,1,0,1,0,0,1
20,1,39.292334,-121.320597,1477,1,19,31.58,0,24.9,467.7,0.0,0,600.02,3,0,1,0,1,1,1,0,0,0,0,0,1,1,0,0,0,1,0,0,0,0,0,0,0,0,0,1,1,0,0,0,1
56,0,39.745712,-121.84333,35808,0,9,43.83,0,19.5,150.35,0.0,0,394.47,4,0,0,0,0,0,0,0,0,0,0,0,1,0,0,0,0,1,0,0,0,0,0,0,0,0,0,0,0,0,0,0,1
35,0,39.578792,-120.780786,404,0,1,17.94,0,19.55,19.55,0.0,0,17.94,4,1,0,0,0,0,0,0,0,0,0,1,1,0,0,0,0,1,0,0,0,0,0,0,0,0,0,0,0,1,0,0,1
36,3,38.931425,-121.946081,19,1,27,2.4,0,19.9,550.1,0.0,0,64.8,5,0,0,0,1,1,1,0,0,0,0,0,1,0,0,0,0,1,0,0,0,0,0,0,0,0,0,1,0,1,0,0,1
45,2,39.933852,-121.584371,11168,1,59,2.47,0,20.6,1286.0,0.0,0,145.73000000000002,5,0,0,0,1,1,1,0,1,0,0,0,1,0,0,0,0,1,0,0,0,0,0,0,0,0,0,1,0,1,0,0,1
47,0,39.333737,-120.858667,17269,0,35,17.2,0,21.45,705.45,0.0,0,602.0,3,1,0,0,0,0,0,0,0,0,0,0,1,0,0,0,0,1,0,0,0,0,0,0,0,0,0,1,0,0,0,0,1
56,3,39.082568,-121.55325,6439,1,18,28.06,0,20.05,345.9,0.0,0,505.08,5,1,0,0,1,1,1,0,0,0,1,0,1,0,0,0,0,1,0,0,0,0,0,0,0,0,1,0,0,0,0,0,1
61,0,39.624561,-121.552866,17782,0,6,7.35,0,19.55,124.45,0.0,0,44.1,5,0,0,0,0,0,0,0,0,0,0,1,1,0,0,0,0,1,0,0,0,0,0,0,0,0,0,1,0,1,0,0,1
29,0,39.34128,-120.786867,145,0,26,6.38,0,19.4,525.55,4.25,0,165.88,4,1,1,0,0,0,0,0,0,0,0,0,1,0,0,0,0,1,0,0,0,0,0,0,0,0,1,0,0,1,0,0,1
32,0,39.493991,-122.286363,8812,4,24,27.38,0,19.75,483.15,16.56,0,657.12,3,1,0,0,1,0,1,0,0,0,0,0,1,0,0,0,0,1,0,0,0,0,0,0,0,0,0,1,0,1,0,0,1
22,0,40.448632,-122.306657,21418,0,1,29.19,0,20.3,20.3,0.0,0,29.19,5,1,1,0,0,0,0,0,0,0,0,0,1,0,0,0,0,1,0,0,0,0,0,0,0,0,0,0,0,1,0,0,1
33,1,40.740138,-122.587476,373,2,18,39.56,0,25.1,428.45,14.57,0,712.08,4,0,0,0,1,1,1,0,0,0,1,0,1,1,0,0,0,1,0,0,0,0,0,0,0,0,0,1,0,1,0,0,1
57,3,41.599978,-122.539381,616,1,55,40.94,0,20.5,1177.95,5.83,0,2251.7,5,1,0,0,1,1,1,0,1,0,0,0,1,0,0,0,0,1,0,0,0,0,0,0,0,0,0,1,0,1,0,0,1
38,1,33.362575,-117.299644,42239,2,70,31.78,0,20.35,1458.1,35.44,0,2224.6,5,1,0,0,1,1,1,1,0,0,0,0,1,0,0,0,0,1,0,0,0,0,0,0,0,0,0,1,0,1,0,0,1
29,1,40.426679,-121.850421,598,0,19,35.45,0,20.5,398.55,24.07,0,673.5500000000001,4,0,1,0,0,1,0,0,0,0,1,0,1,0,0,0,0,1,0,0,0,0,0,0,0,0,0,1,0,1,0,0,1
32,0,40.186772,-122.388361,26438,0,18,1.42,0,19.65,411.25,0.0,0,25.56,3,1,0,0,0,0,0,0,0,0,1,0,1,0,0,0,0,1,0,0,0,0,0,0,0,0,1,0,0,1,0,0,1
38,3,40.923558,-122.059933,459,0,6,30.01,0,19.0,105.5,0.0,0,180.06,5,0,0,0,1,1,0,0,0,0,0,0,1,0,0,0,0,1,0,0,0,0,0,0,0,0,1,0,0,1,0,0,1
50,3,40.497441,-121.827524,4231,0,23,1.2,0,19.8,465.45,0.0,0,27.6,3,1,0,0,0,1,0,0,0,0,1,0,1,0,0,0,0,1,0,0,0,0,0,0,0,0,1,0,0,1,0,0,1
26,0,40.759401,-122.939337,3749,0,5,22.16,0,20.05,95.55,0.0,0,110.8,4,1,1,0,0,0,0,0,0,0,0,0,1,0,0,0,0,1,0,0,0,0,0,0,0,0,0,0,0,1,0,0,1
27,1,41.468877,-120.54229,5096,8,8,11.57,0,19.7,130.25,0.0,0,92.56,4,1,1,0,1,1,1,0,0,0,0,0,1,0,0,0,0,1,0,0,0,0,0,0,0,0,0,1,0,1,0,0,1
19,2,39.783747,-120.661032,1839,10,8,13.21,0,19.5,162.15,0.0,0,105.68,5,0,1,0,1,1,1,0,0,0,0,0,1,0,0,0,0,1,0,0,0,0,0,0,0,0,0,1,0,1,0,0,1
39,0,41.280341,-120.150381,132,0,2,12.68,0,20.3,41.2,0.0,0,25.36,5,0,0,0,0,0,0,0,0,0,0,0,1,0,0,0,0,1,0,0,0,0,0,0,0,0,0,0,0,1,0,0,1
50,0,39.637471,-120.226338,1822,0,22,35.4,0,19.25,412.55,0.0,0,778.8,3,0,0,0,0,0,0,0,0,0,0,0,1,0,0,0,0,1,0,0,0,0,0,0,0,0,1,0,1,1,0,0,1
37,3,41.042003,-120.506086,85,10,50,10.13,0,20.55,1070.25,0.0,0,506.50000000000006,4,0,0,0,1,1,1,0,0,0,0,0,1,0,0,0,0,1,0,0,0,0,0,0,0,0,0,1,0,1,0,0,1
51,2,38.735789,-119.85798,957,5,43,35.2,0,20.0,817.95,0.0,0,1513.6,5,0,0,0,1,1,1,0,0,0,0,0,1,0,0,0,0,1,0,0,0,0,0,0,0,0,1,0,0,1,0,0,1
21,1,40.181279,-120.392967,481,5,45,37.57,0,24.65,1171.3,0.0,0,1690.65,3,0,1,0,1,1,1,0,0,0,0,0,1,1,0,0,0,1,0,0,0,0,0,0,0,0,0,1,1,1,0,0,1
61,3,40.845738,-120.322219,61,0,23,7.11,0,23.85,625.65,0.0,0,163.53,5,0,0,0,1,1,0,0,0,0,0,0,1,1,0,0,0,1,0,0,0,0,0,0,0,0,0,1,0,1,0,0,1
41,0,39.672813,-120.456699,322,8,68,17.12,0,25.8,1911.5,0.0,0,1164.16,4,0,0,0,1,0,1,1,0,0,0,0,1,1,0,0,0,1,0,0,0,0,0,0,0,0,0,1,0,1,0,0,1
27,0,41.027281,-120.669427,72,0,14,9.19,0,20.05,299.3,0.0,0,128.66,5,1,1,0,0,0,0,0,0,0,0,0,1,0,0,0,0,1,0,0,0,0,0,0,0,0,0,0,1,0,0,0,1
42,0,34.048013,-118.293953,62784,0,3,14.79,0,20.4,63.15,0.0,0,44.37,4,0,0,0,0,0,0,0,0,0,0,1,1,0,0,0,0,1,0,0,0,0,0,0,0,0,0,0,0,1,0,0,1
53,1,34.027337,-118.28515,45025,8,71,14.86,0,19.7,1301.1,0.0,0,1055.06,5,1,0,0,1,1,1,1,0,0,0,0,1,0,0,0,0,1,0,0,0,0,0,0,0,0,0,1,0,1,0,0,1
63,0,34.044639,-118.240413,9732,0,9,34.79,0,20.15,238.15,0.0,0,313.11,4,0,0,0,0,0,0,0,0,0,0,1,1,0,0,0,0,1,0,0,0,0,0,0,0,0,0,0,0,0,0,0,1
46,3,34.039224,-118.266293,15140,9,46,12.68,0,19.4,958.15,0.0,0,583.28,4,0,0,0,1,1,1,0,0,0,0,0,1,0,0,0,0,1,0,0,0,0,0,0,0,0,0,1,0,1,0,0,1
29,0,34.029043,-118.239504,3012,6,59,31.43,0,20.35,1267.0,0.0,0,1854.37,5,0,1,0,1,0,1,0,0,0,0,0,1,0,0,0,0,1,0,0,0,0,0,0,0,0,1,0,0,1,0,0,1
56,0,34.089953,-118.294824,41713,9,24,35.8,0,20.1,533.9,0.0,0,859.1999999999999,3,1,0,0,1,0,1,0,0,1,0,0,1,0,0,0,0,1,0,0,0,0,0,0,0,0,1,0,0,1,0,0,1
37,0,34.050198,-118.210946,49431,0,57,38.73,0,20.75,1118.8,0.0,0,2207.61,3,1,0,0,0,0,0,0,0,0,0,0,1,0,0,0,0,1,0,0,0,0,0,0,0,0,0,1,0,1,0,0,1
60,0,33.994524,-118.149953,9805,0,2,35.5,0,20.1,39.8,0.0,0,71.0,5,0,0,0,0,0,0,0,0,0,0,0,1,0,0,0,0,1,0,0,0,0,0,0,0,0,0,0,0,1,0,0,1
38,3,34.137412,-118.207607,27866,3,51,37.63,0,19.4,997.75,0.0,0,1919.13,4,1,0,0,1,1,1,0,0,0,0,0,1,0,0,0,0,1,0,0,0,0,0,0,0,0,1,0,0,1,0,0,1
31,2,33.988543,-118.334081,44764,10,20,14.79,0,20.05,406.05,0.0,0,295.79999999999995,3,0,0,0,1,1,1,0,0,0,0,0,1,0,0,0,0,1,0,0,0,0,0,0,0,0,0,0,0,1,0,0,1
54,2,33.952714,-118.292061,87383,8,6,23.73,0,19.85,138.85,0.0,0,142.38,5,1,0,0,1,1,1,0,0,0,0,1,1,0,0,0,0,1,0,0,0,0,0,0,0,0,0,0,0,1,0,0,1
64,0,33.954017,-118.402447,39334,0,6,43.18,0,20.2,123.65,0.0,0,259.08,5,0,0,0,0,0,0,0,0,0,0,1,1,0,0,0,0,1,0,0,0,0,0,0,0,0,0,0,0,1,0,0,1
33,0,33.958149,-118.308441,47107,0,36,8.5,0,18.55,689.0,0.0,0,306.0,3,1,0,0,0,0,0,0,0,1,0,0,1,0,0,0,0,1,0,0,0,0,0,0,0,0,0,1,1,1,0,0,1
64,0,33.987945,-118.370442,8115,0,63,26.74,0,24.2,1618.2,0.0,0,1684.62,3,0,0,0,0,0,0,0,1,0,0,0,1,1,0,0,0,1,0,0,0,0,0,0,0,0,0,1,0,1,0,0,1
39,1,34.061918,-118.277939,44004,0,48,11.86,0,23.55,1173.35,0.0,0,569.28,3,1,0,0,1,1,0,0,1,0,0,0,1,1,0,0,0,1,0,0,0,0,0,0,0,0,0,1,0,1,0,0,1
48,0,34.001617,-118.222274,3642,5,49,49.58,0,20.45,900.9,0.0,0,2429.42,3,0,0,0,1,0,1,0,1,0,0,0,1,0,0,0,0,1,0,0,0,0,0,0,0,0,1,0,0,0,0,0,1
42,0,34.063947,-118.383001,8321,0,27,39.77,0,20.35,531.6,0.0,0,1073.7900000000002,3,1,0,0,0,0,0,0,0,1,0,0,1,0,0,0,0,1,0,0,0,0,0,0,0,0,0,1,0,1,0,0,1
54,0,33.88151,-118.234451,47305,0,7,1.41,0,23.5,173.0,0.0,0,9.87,4,1,0,0,0,0,0,0,0,0,0,1,1,1,0,0,0,1,0,0,0,0,0,0,0,0,0,0,0,1,0,0,1
62,2,34.019323,-118.391902,15195,0,19,36.16,0,20.85,467.5,0.0,0,687.04,4,1,0,0,0,1,0,0,0,0,0,0,1,0,0,0,0,1,0,0,0,0,0,0,0,0,0,1,0,1,0,0,1
48,3,33.97803,-118.217141,78114,3,12,19.28,0,20.3,224.5,0.0,0,231.36,5,0,0,0,1,1,1,0,0,0,0,0,1,0,0,0,0,1,0,0,0,0,0,0,0,0,0,1,0,0,0,0,1
44,0,33.873395,-118.37019,37322,0,54,10.83,0,20.5,1035.7,0.0,0,584.82,5,0,0,0,0,0,0,0,1,0,0,0,1,0,0,0,0,1,0,0,0,0,0,0,0,0,0,1,1,1,0,0,1
55,0,33.975332,-118.355252,30779,0,1,2.38,0,19.9,19.9,0.0,0,2.38,4,0,0,0,0,0,0,0,0,0,0,0,1,0,0,0,0,1,0,0,0,0,0,0,0,0,0,0,0,1,0,0,1
62,0,33.807882,-118.347957,34873,1,72,40.04,0,25.75,1864.2,0.0,0,2882.88,5,1,0,0,1,0,1,0,0,0,0,0,1,1,0,0,0,1,0,0,0,0,0,0,0,0,0,1,0,1,0,0,1
61,0,33.929704,-118.01208,37887,0,46,30.25,0,20.05,902.0,0.0,0,1391.5,5,1,0,0,0,0,0,0,1,0,0,0,1,0,0,0,0,1,0,0,0,0,0,0,0,0,0,1,0,0,0,0,1
57,0,33.976678,-118.065875,32148,1,37,45.19,0,19.5,805.2,0.0,0,1672.03,4,0,0,0,1,0,1,0,0,0,0,0,1,0,0,0,0,1,0,0,0,0,0,0,0,0,0,0,0,0,0,0,1
48,3,33.940619,-117.9513,67354,1,15,17.28,0,19.65,332.65,0.0,0,259.20000000000005,5,1,0,0,1,1,1,0,0,0,1,0,1,0,0,0,0,1,0,0,0,0,0,0,0,0,1,0,0,1,0,0,1
51,0,33.902045,-118.008961,47568,0,24,10.64,0,19.55,470.2,0.0,0,255.36,5,0,0,0,0,0,0,0,0,0,0,0,1,0,0,0,0,1,0,0,0,0,0,0,0,0,0,1,1,0,0,0,1
48,2,33.801869,-117.995068,29694,6,67,8.82,0,20.8,1411.9,0.0,0,590.94,4,1,0,0,1,1,1,0,0,0,0,0,1,0,0,0,0,1,0,0,0,0,0,0,0,0,0,1,1,1,0,0,1
50,0,33.8681,-118.067402,51556,0,1,31.97,0,20.35,20.35,0.0,0,31.97,5,1,0,0,0,0,0,0,0,0,0,0,1,0,0,0,0,1,0,0,0,0,0,0,0,0,0,0,0,1,0,0,1
35,0,33.847755,-118.112532,27563,0,10,3.01,0,24.0,226.55,0.0,0,30.1,5,1,0,0,0,0,0,0,0,0,1,0,1,1,0,0,0,1,0,0,0,0,0,0,0,0,0,0,1,0,0,0,1
31,0,33.75462,-118.071128,24180,0,52,21.98,0,19.65,1025.05,0.0,0,1142.96,4,1,0,0,0,0,0,0,0,0,0,0,1,0,0,0,0,1,0,0,0,0,0,0,0,0,0,1,0,1,0,0,1
43,0,33.760458,-118.129725,31352,0,27,2.59,0,19.4,460.25,29.59,0,69.92999999999999,4,1,0,0,0,0,0,0,0,0,0,0,1,0,0,0,0,1,0,0,0,0,0,0,0,0,0,0,1,1,0,0,1
36,0,33.802664,-118.179971,49647,0,1,7.76,0,19.9,19.9,0.0,0,7.76,3,1,0,0,0,0,0,0,0,0,0,0,1,0,0,0,0,1,0,0,0,0,0,0,0,0,0,0,1,1,0,0,1
55,1,33.781086,-118.199049,63136,5,69,20.98,0,25.6,1673.4,28.09,0,1447.62,4,0,0,0,1,1,1,0,0,0,0,0,1,1,0,0,0,1,0,0,0,0,0,0,0,0,0,1,1,0,0,0,1
38,2,33.771612,-118.143866,19034,6,14,26.99,0,19.75,309.35,6.49,0,377.86,3,1,0,0,1,1,1,0,0,0,1,0,1,0,0,0,0,1,0,0,0,0,0,0,0,0,1,0,0,1,0,0,1
63,0,34.196837,-118.142236,36243,0,48,32.04,0,19.85,916.0,0.0,0,1537.92,5,1,0,0,0,0,0,0,0,0,0,0,1,0,0,0,0,1,0,0,0,0,0,0,0,0,0,1,0,1,0,0,1
31,1,34.128284,-118.047732,30933,10,31,9.56,0,20.65,702.05,43.76,0,296.36,4,1,0,0,1,1,1,0,0,0,0,0,1,0,0,0,0,1,0,0,0,0,0,0,0,0,0,0,1,0,0,0,1
28,0,34.1528,-118.000482,41067,0,1,42.42,0,19.65,19.65,0.0,0,42.42,3,0,1,0,0,0,0,0,0,0,0,0,1,0,0,0,0,1,0,0,0,0,0,0,0,0,0,0,0,1,0,0,1
56,2,34.282704,-118.312929,18752,0,72,15.21,0,19.75,1567.0,25.98,0,1095.12,4,0,0,0,0,1,0,0,0,0,0,0,1,0,0,0,0,1,0,0,0,0,0,0,0,0,0,1,1,1,0,0,1
62,0,34.139402,-118.128658,23742,0,19,11.86,0,24.7,465.85,1.65,0,225.34,5,0,0,0,0,0,0,0,0,0,0,0,1,1,0,0,0,1,0,0,0,0,0,0,0,0,0,0,0,0,0,0,1
55,3,34.167926,-118.267539,21990,0,25,3.07,0,20.8,460.2,21.81,0,76.75,5,1,0,0,0,1,0,0,0,0,0,0,1,0,0,0,0,1,0,0,0,0,0,0,0,0,0,0,0,1,0,0,1
53,0,34.136306,-118.26036,17015,0,67,16.72,0,25.6,1790.35,46.06,0,1120.24,3,0,0,0,0,0,0,0,0,0,0,0,1,1,0,0,0,1,0,0,0,0,0,0,0,0,0,1,1,0,0,0,1
57,0,34.195386,-118.238508,16910,0,43,3.18,0,19.55,876.15,15.17,0,136.74,5,1,0,0,0,0,0,0,0,0,0,0,1,0,0,0,0,1,0,0,0,0,0,0,0,0,0,1,0,1,0,0,1
39,0,34.238208,-118.55029,25751,1,40,31.37,0,19.1,780.1,45.6,0,1254.8,3,0,0,0,1,0,1,0,0,0,0,0,1,0,0,0,0,1,0,0,0,0,0,0,0,0,0,1,0,1,0,0,1
54,3,34.236683,-118.517588,32307,1,6,41.36,0,20.4,107.6,0.0,0,248.16,5,1,0,0,1,1,1,0,0,0,0,0,1,0,0,0,0,1,0,0,0,0,0,0,0,0,0,1,1,1,0,0,1
36,0,34.422519,-118.420717,59259,1,72,36.03,0,25.85,1872.2,5.73,0,2594.16,5,1,0,0,1,0,1,0,0,0,0,0,1,1,0,0,0,1,0,0,0,0,0,0,0,0,0,1,0,1,0,0,1
49,0,34.178068,-118.615714,36123,0,4,27.04,0,20.7,83.75,0.0,0,108.16,4,1,0,0,0,0,0,0,0,0,0,0,1,0,0,0,0,1,0,0,0,0,0,0,0,0,0,0,1,1,0,0,1
26,1,34.364153,-118.615583,9937,1,8,42.67,0,19.05,201.7,0.0,0,341.36,3,0,1,0,1,1,1,0,0,0,0,0,1,0,0,0,0,1,0,0,0,0,0,0,0,0,0,1,0,1,0,0,1
54,3,34.506627,-118.699048,22177,1,8,13.43,0,19.6,125.0,0.0,0,107.44,5,1,0,0,1,1,1,0,0,0,0,1,1,0,0,0,0,1,0,0,0,0,0,0,0,0,0,1,0,1,0,0,1
64,0,34.178483,-118.431791,40376,0,35,42.8,0,20.2,684.4,0.0,0,1498.0,3,1,0,0,0,0,0,0,0,0,0,0,1,0,0,0,0,1,0,0,0,0,0,0,0,0,0,1,1,1,0,0,1
48,3,34.147149,-118.463365,22085,1,53,43.71,0,20.9,1146.05,0.0,0,2316.63,5,0,0,0,1,1,1,0,0,0,0,0,1,0,0,0,0,1,0,0,0,0,0,0,0,0,0,1,0,1,0,0,1
37,1,34.213049,-118.317651,25882,0,1,8.66,0,19.3,19.3,0.0,0,8.66,3,1,0,0,0,1,0,0,0,0,0,1,1,0,0,0,0,1,0,0,0,0,0,0,0,0,0,0,1,1,0,0,1
42,0,34.169706,-118.323548,18539,0,13,16.35,0,19.95,257.0,0.0,0,212.55,3,1,0,0,0,0,0,0,0,0,0,0,1,0,0,0,0,1,0,0,0,0,0,0,0,0,1,0,1,1,0,0,1
46,0,34.127621,-117.717863,34716,0,2,17.03,0,20.0,32.7,0.0,0,34.06,5,1,0,0,0,0,0,0,0,0,0,1,1,0,0,0,0,1,0,0,0,0,0,0,0,0,0,0,0,1,0,0,1
56,2,34.084747,-117.886844,17554,1,58,29.5,0,25.15,1509.9,0.0,0,1711.0,4,0,0,0,1,1,1,0,0,0,0,0,1,1,0,0,0,1,0,0,0,0,0,0,0,0,0,1,0,1,0,0,1
32,0,33.998471,-117.973758,53686,0,67,15.32,0,19.95,1311.75,0.0,0,1026.44,5,1,0,0,0,0,0,1,0,0,0,0,1,0,0,0,0,1,0,0,0,0,0,0,0,0,0,1,0,0,0,0,1
41,0,34.035602,-117.591528,56280,8,64,19.98,0,19.45,1208.6,0.0,0,1278.72,3,0,0,0,1,0,1,0,1,0,0,0,1,0,0,0,0,1,0,0,0,0,0,0,0,0,0,1,0,1,0,0,1
64,3,34.042286,-117.756106,69974,1,72,39.3,0,25.2,1787.35,0.0,0,2829.6,3,0,0,0,1,1,1,1,0,0,0,0,1,1,0,0,0,1,0,0,0,0,0,0,0,0,0,1,0,0,0,0,1
38,3,34.101608,-118.055848,32718,5,35,18.86,0,24.3,821.6,0.0,0,660.1,4,0,0,0,1,1,1,0,0,0,0,0,1,1,0,0,0,1,0,0,0,0,0,0,0,0,0,1,0,0,0,0,1
36,3,32.622999,-116.687855,727,3,25,2.82,0,18.7,383.65,0.0,0,70.5,4,0,0,0,1,1,1,0,0,1,0,0,1,0,0,0,0,1,0,0,0,0,0,0,0,0,0,1,1,1,0,0,1
32,3,32.759327,-116.99726,44652,9,57,26.67,0,20.1,1087.7,0.0,0,1520.19,5,0,0,0,1,1,1,0,1,0,0,0,1,0,0,0,0,1,0,0,0,0,0,0,0,0,0,1,1,0,0,0,1
48,2,32.800671,-116.483363,1604,0,44,14.37,0,19.55,819.95,0.0,0,632.28,3,1,0,0,0,1,0,0,1,0,0,0,1,0,0,0,0,1,0,0,0,0,0,0,0,0,0,1,0,0,0,0,1
48,1,32.587557,-116.636816,91,0,27,32.28,0,19.7,509.3,0.0,0,871.5600000000001,3,1,0,0,0,1,0,0,0,1,0,0,1,0,0,0,0,1,0,0,0,0,0,0,0,0,0,1,0,1,0,0,1
36,0,33.098018,-117.258203,43161,5,15,14.27,0,18.8,294.95,0.0,0,214.05,4,1,0,0,1,0,1,0,0,0,0,0,1,0,0,0,0,1,0,0,0,0,0,0,0,0,1,0,0,1,0,0,1
41,3,32.832706,-116.873258,61872,0,25,12.87,0,20.05,471.7,0.0,0,321.75,5,0,0,0,0,1,0,0,0,1,0,0,1,0,0,0,0,1,0,0,0,0,0,0,0,0,0,0,0,1,0,0,1
49,0,33.313828,-116.940501,2615,0,3,16.32,0,19.1,53.05,0.0,0,48.96,3,1,0,0,0,0,0,0,0,0,0,0,1,0,0,0,0,1,0,0,0,0,0,0,0,0,0,0,1,1,0,0,1
19,0,32.847336,-116.997605,53510,0,49,6.26,0,19.9,1022.6,0.0,0,306.74,3,1,1,0,0,0,0,0,1,0,0,0,1,0,0,0,0,1,0,0,0,0,0,0,0,0,0,1,1,1,0,0,1
53,0,33.25283,-116.986079,14575,0,15,16.13,0,19.8,309.4,0.0,0,241.95,5,1,0,0,0,0,0,0,0,0,0,0,1,0,0,0,0,1,0,0,0,0,0,0,0,0,0,0,1,0,1,0,1
45,1,32.99356,-117.207121,1072,7,13,5.58,0,19.75,246.7,0.0,0,72.54,3,0,0,0,1,1,1,0,0,0,0,0,1,0,0,0,0,1,0,0,0,0,0,0,0,0,0,1,1,0,0,0,1
59,1,33.762759,-116.324817,19702,9,43,28.03,0,24.45,993.15,41.33,0,1205.29,4,0,0,0,1,1,1,0,1,0,0,0,1,1,0,0,0,1,0,0,0,0,0,0,0,0,1,0,1,0,0,0,1
28,0,32.690654,-115.431225,27804,0,67,23.12,0,20.55,1343.4,30.53,0,1549.04,5,0,1,0,0,0,0,0,0,0,0,0,1,0,0,0,0,1,0,0,0,0,0,0,0,0,1,0,0,0,0,0,1
60,0,33.948558,-116.516976,22796,3,23,36.14,0,19.3,486.2,0.0,0,831.22,5,1,0,0,1,0,1,0,0,0,0,0,1,0,0,0,0,1,0,0,0,0,0,0,0,0,1,0,0,1,0,0,1
25,0,33.906496,-116.569499,732,0,51,19.23,0,20.65,1020.75,19.32,0,980.73,3,0,1,0,0,0,0,0,1,0,0,0,1,0,0,0,0,1,0,0,0,0,0,0,0,0,0,1,0,0,0,0,1
30,0,33.694501,-116.412711,29340,0,39,1.57,0,20.15,826.0,25.92,0,61.23,3,0,0,0,0,0,0,0,0,1,0,0,1,0,0,0,0,1,0,0,0,0,0,0,0,0,0,1,0,0,1,0,1
39,1,33.839989,-116.659215,24924,2,12,25.33,0,19.2,239.0,45.46,0,303.96,3,1,0,0,1,1,1,0,0,0,0,0,1,0,0,0,0,1,0,0,0,0,0,0,0,0,0,0,1,0,0,0,1
57,0,33.141265,-116.967221,48690,0,2,6.85,0,20.05,39.25,0.0,0,13.7,3,0,0,0,0,0,0,0,0,0,0,1,1,0,0,0,0,1,0,0,0,0,0,0,0,0,0,0,1,0,1,0,1
30,0,34.341737,-116.539416,2182,0,72,22.77,0,21.15,1419.4,19.31,0,1639.44,5,0,0,0,0,0,0,0,0,0,0,0,1,0,0,0,0,1,0,0,0,0,0,0,0,0,0,1,1,0,0,0,1
