Age,Number of Dependents,Latitude,Longitude,Population,Number of Referrals,Tenure in Months,Avg Monthly Long Distance Charges,Avg Monthly GB Download,Monthly Charge,Total Charges,Total Refunds,Total Extra Data Charges,Total Long Distance Charges,Satisfaction Score,Gender_Male,Under 30_Yes,Senior Citizen_Yes,Married_Yes,Dependents_Yes,Referred a Friend_Yes,Offer_Offer A,Offer_Offer B,Offer_Offer C,Offer_Offer D,Offer_Offer E,Phone Service_Yes,Multiple Lines_Yes,Internet Service_Yes,Internet Type_DSL,Internet Type_Fiber Optic,Internet Type_No Internet Service,Online Security_Yes,Online Backup_Yes,Device Protection Plan_Yes,Premium Tech Support_Yes,Streaming TV_Yes,Streaming Movies_Yes,Streaming Music_Yes,Unlimited Data_Yes,Contract_One Year,Contract_Two Year,Paperless Billing_Yes,Payment Method_Credit Card,Payment Method_Mailed Check,Churn Label
78,0,34.02381,-118.156582,68701,0,1,0.0,8,39.65,39.65,0.0,20,0.0,3,1,0,1,0,0,0,0,0,0,0,0,0,0,1,1,0,0,0,0,1,0,0,1,0,0,0,0,1,0,0,1
74,1,34.044271,-118.185237,55668,1,8,48.85,17,80.65,633.3,0.0,0,390.8,3,0,0,1,1,1,1,0,0,0,0,1,1,1,1,0,1,0,0,1,0,0,0,0,0,1,0,0,1,1,0,1
71,3,34.108833,-118.229715,47534,0,18,11.33,52,95.45,1752.55,45.61,0,203.94,2,1,0,1,0,1,0,0,0,0,1,0,1,1,1,0,1,0,0,0,0,0,1,1,1,1,0,0,1,0,0,1
78,1,33.936291,-118.332639,27778,1,25,19.76,12,98.5,2514.5,13.43,0,494.00000000000006,2,0,0,1,1,1,1,0,0,1,0,0,1,0,1,0,1,0,0,1,1,0,1,1,0,1,0,0,1,0,0,1
80,1,33.972119,-118.020188,26265,1,37,6.33,14,76.5,2868.15,0.0,0,234.21,2,0,0,1,1,1,1,0,0,1,0,0,1,1,1,0,1,0,0,0,0,0,0,0,0,1,0,0,1,0,0,1
72,1,33.989524,-118.089299,63288,0,27,3.33,18,78.05,2135.5,0.0,10,89.91,1,0,0,1,0,1,0,0,0,1,0,0,1,1,1,0,1,0,0,0,1,0,0,0,0,0,0,0,1,0,0,1
76,2,33.79499,-118.065591,21343,1,1,15.28,30,70.45,70.45,0.0,0,15.28,2,0,0,1,1,1,1,0,0,0,0,1,1,0,1,0,1,0,0,0,0,0,0,0,0,1,0,0,1,0,1,1
66,0,34.168686,-118.057505,10558,6,58,0.0,24,45.3,2651.2,40.95,0,0.0,1,1,0,1,1,0,1,0,1,0,0,0,0,0,1,1,0,0,0,1,1,0,0,1,0,1,0,0,1,0,0,1
70,2,34.139402,-118.128658,23742,0,15,44.07,19,74.45,1145.7,0.0,0,661.05,2,0,0,1,0,1,0,0,0,0,1,0,1,1,1,0,1,0,0,0,0,0,0,0,0,1,0,0,1,0,1,1
77,2,34.159007,-118.087353,32369,0,7,26.95,18,76.45,503.6,11.05,0,188.65,2,0,0,1,0,1,0,0,0,0,0,1,1,0,1,0,1,0,1,0,0,0,0,0,0,0,0,0,0,0,0,1
78,1,34.207295,-118.400022,57146,0,11,11.59,29,95.0,1120.3,0.0,120,127.49,1,0,0,1,0,1,0,0,0,0,1,0,1,0,1,0,1,0,0,1,0,0,1,1,0,0,0,0,1,0,0,1
65,0,34.097345,-117.906736,33817,0,15,29.11,29,74.4,1074.3,0.0,0,436.65,1,1,0,1,0,0,0,0,0,0,1,0,1,0,1,0,1,0,0,1,0,0,0,0,0,1,0,0,1,0,0,1
77,0,34.074492,-118.01462,62660,1,1,0.0,12,40.2,40.2,0.0,0,0.0,2,1,0,1,1,0,1,0,0,0,0,1,0,0,1,1,0,0,0,1,0,0,1,0,0,1,0,0,0,0,0,1
67,0,34.038983,-117.991372,30802,0,3,0.0,28,41.15,132.2,0.0,0,0.0,2,1,0,1,0,0,0,0,0,0,0,1,0,0,1,1,0,0,0,0,1,0,0,1,1,1,0,0,1,0,0,1
68,0,33.976753,-117.897367,46342,0,13,32.68,11,106.9,1364.3,0.0,10,424.84,1,1,0,1,0,0,0,0,0,0,1,0,1,1,1,0,0,0,0,1,1,0,1,1,0,0,0,0,1,0,0,1
68,0,34.074087,-117.605618,49474,0,16,9.43,9,94.45,1511.2,0.0,0,150.88,1,0,0,1,0,0,0,0,0,0,1,0,1,0,1,0,1,0,0,0,0,1,1,1,1,1,0,0,1,0,0,1
66,0,32.827184,-116.703729,16486,0,8,1.78,7,74.5,606.55,0.0,0,14.24,2,1,0,1,0,0,0,0,0,0,0,0,1,0,1,0,1,0,0,1,0,0,0,0,0,1,0,0,1,0,0,1
69,0,32.85723,-117.209774,34902,0,24,30.87,15,76.1,1712.7,0.0,0,740.88,2,1,0,1,0,0,0,0,0,1,0,0,1,1,1,0,1,0,0,0,0,0,0,0,0,1,0,0,1,0,0,1
74,0,32.85723,-117.209774,34902,0,4,31.61,2,95.45,396.1,0.0,0,126.44,3,0,0,1,0,0,0,0,0,0,0,1,1,1,1,0,1,0,0,0,0,0,1,1,0,1,0,0,1,0,0,1
76,0,32.85723,-117.209774,34902,2,32,47.34,10,74.9,2303.35,0.0,0,1514.88,2,1,0,1,1,0,1,0,0,1,0,0,1,1,1,0,1,0,0,0,0,0,0,0,0,1,0,0,1,0,0,1
77,0,32.85723,-117.209774,34902,1,24,16.1,12,93.15,2231.05,0.0,0,386.4,2,1,0,1,1,0,1,0,0,1,0,0,1,0,1,0,0,0,0,0,1,0,1,1,1,1,0,0,1,0,0,1
70,0,32.85723,-117.209774,34902,0,54,12.08,5,82.45,4350.1,0.0,0,652.32,1,0,0,1,0,0,0,0,1,0,0,0,1,1,1,1,0,0,1,1,0,1,1,1,1,1,1,0,0,0,0,1
74,0,32.85723,-117.209774,34902,0,2,13.17,10,70.35,139.05,0.0,0,26.34,3,0,0,1,0,0,0,0,0,0,0,1,1,0,1,0,1,0,0,0,0,0,0,0,0,1,0,0,1,0,0,1
77,0,32.85723,-117.209774,34902,0,21,0.0,8,41.9,840.1,0.0,0,0.0,1,0,0,1,0,0,0,0,0,0,0,0,0,0,1,0,0,0,1,0,0,0,1,0,0,1,0,0,1,0,0,1
71,0,32.85723,-117.209774,34902,0,27,0.0,13,30.75,805.1,0.0,140,0.0,1,1,0,1,1,0,0,0,0,0,0,0,0,0,1,0,0,0,1,0,0,0,0,0,0,0,0,0,0,1,0,1
79,0,32.85723,-117.209774,34902,1,11,29.54,0,19.95,214.75,0.0,0,324.94,1,1,0,1,1,0,1,0,0,0,0,0,1,0,0,0,0,1,0,0,0,0,0,0,0,0,0,0,0,0,1,1
66,0,32.85723,-117.209774,34902,2,55,42.82,27,85.45,4874.7,0.0,90,2355.1,1,0,0,1,1,0,1,0,1,0,0,0,1,1,1,0,1,0,0,1,1,0,0,0,0,0,0,0,1,0,0,1
77,0,32.85723,-117.209774,34902,0,3,9.22,14,81.35,233.7,0.0,0,27.660000000000004,1,1,0,1,0,0,0,0,0,0,0,1,1,1,1,0,1,0,0,1,0,0,0,0,0,1,0,0,1,0,0,1
80,0,33.53604,-116.119222,17018,0,1,35.09,17,75.3,75.3,0.0,20,35.09,2,0,0,1,0,0,0,0,0,0,0,1,1,0,1,0,1,0,0,0,1,0,0,0,0,0,0,0,1,0,0,1
77,0,34.004379,-117.447864,63999,0,5,0.0,26,28.45,131.05,0.0,0,0.0,2,0,0,1,0,0,0,0,0,0,0,1,0,0,1,1,0,0,0,1,0,0,0,0,0,1,0,0,0,0,0,1
77,0,33.644585,-116.871544,39264,0,20,48.73,12,94.1,1782.4,0.0,80,974.6,1,0,0,1,0,0,0,0,0,0,0,0,1,1,1,0,1,0,0,1,1,0,0,1,0,0,0,0,1,0,0,1
72,0,33.970661,-117.255039,46214,4,5,45.76,22,74.35,334.8,0.0,0,228.8,1,0,0,1,1,0,1,0,0,0,0,1,1,1,1,0,1,0,0,0,0,0,0,0,0,1,0,0,1,0,0,1
80,0,33.828289,-117.201666,26357,2,27,7.02,25,75.2,1929.35,0.0,0,189.54,1,0,0,1,1,0,1,0,0,0,0,0,1,0,1,0,0,0,1,0,0,0,0,0,0,1,0,0,1,0,0,1
74,0,33.848733,-117.788357,36301,0,4,48.35,24,89.2,346.2,0.0,0,193.4,1,0,0,1,0,0,0,0,0,0,0,0,1,1,1,0,0,0,0,0,1,0,1,0,0,1,0,0,1,0,0,1
68,0,33.924143,-117.79387,1408,0,1,45.81,21,85.7,85.7,0.0,0,45.81,1,0,0,1,0,0,0,0,0,0,0,0,1,1,1,0,1,0,0,0,0,0,1,0,0,1,0,0,1,0,0,1
78,0,33.884073,-117.732197,20893,3,65,18.39,28,105.25,6786.4,0.0,0,1195.35,1,0,0,1,1,0,1,0,1,0,0,0,1,1,1,0,1,0,1,0,1,0,1,1,0,1,0,0,0,0,0,1
75,0,34.420998,-119.60137,576,3,49,22.92,14,90.05,4547.25,0.0,0,1123.0800000000002,2,1,0,1,1,0,1,0,1,0,0,0,1,1,1,0,1,0,0,1,0,0,0,1,0,1,0,0,0,1,0,1
77,0,34.419203,-119.710008,31727,1,43,14.52,5,110.75,4687.9,0.0,0,624.36,2,1,0,1,1,0,1,0,1,0,0,0,1,1,1,0,1,0,0,1,1,1,1,1,0,1,0,0,1,0,0,1
80,0,35.869626,-119.498771,1054,0,56,48.8,12,104.55,5794.65,0.0,0,2732.8,1,1,0,1,1,0,0,0,1,0,0,0,1,1,1,0,1,0,1,0,1,0,1,1,0,1,1,0,1,0,0,1
75,0,36.057458,-118.591951,191,7,20,5.31,10,94.55,1899.65,0.0,0,106.2,1,1,0,1,1,0,1,0,0,0,0,0,1,1,1,0,1,0,0,0,0,0,1,1,1,1,0,0,1,0,0,1
69,0,35.772244,-119.209689,37280,0,2,47.47,19,89.5,161.5,0.0,0,94.94,2,0,0,1,0,0,0,0,0,0,0,0,1,1,1,0,1,0,0,1,0,0,0,1,1,1,0,0,0,0,0,1
74,0,35.215731,-119.57013,626,0,8,27.95,0,19.65,164.3,0.0,0,223.6,2,0,0,1,0,0,0,0,0,0,0,0,1,0,0,0,0,1,0,0,0,0,0,0,0,0,0,0,0,0,0,1
76,0,33.507255,-117.029473,46171,0,52,0.0,18,49.15,2550.9,0.0,30,0.0,2,1,0,1,0,0,0,0,0,0,0,0,0,0,1,1,0,0,0,1,0,0,1,1,1,0,0,0,1,0,0,1
69,0,32.961064,-117.134917,47224,0,2,43.99,27,49.25,91.1,0.0,0,87.98,2,1,0,1,0,0,0,0,0,0,0,0,1,0,1,1,0,0,1,0,0,0,0,0,0,1,0,0,1,0,0,1
72,0,32.961064,-117.134917,47224,1,33,27.78,8,94.5,3105.55,0.0,0,916.74,3,1,0,1,1,0,1,0,0,0,0,0,1,1,1,0,1,0,0,0,0,0,1,1,0,1,0,0,1,0,0,1
69,0,32.961064,-117.134917,47224,0,30,45.88,19,91.7,2758.15,0.0,0,1376.4,1,0,0,1,0,0,0,0,0,0,0,0,1,1,1,0,1,0,1,1,1,0,0,0,0,1,0,0,0,1,0,1
73,0,32.961064,-117.134917,47224,0,20,44.44,13,98.55,1842.8,0.0,120,888.8,3,1,0,1,0,0,0,0,0,0,0,0,1,1,1,0,1,0,0,0,1,0,1,1,0,0,0,0,1,0,0,1
65,0,36.798882,-120.019511,807,0,46,2.37,20,110.0,4874.8,0.0,0,109.02,1,0,0,1,0,0,0,0,0,0,0,0,1,1,1,0,1,0,1,1,1,0,1,1,1,1,1,0,1,0,0,1
74,0,36.545322,-119.642281,26213,1,7,21.91,11,95.6,644.35,0.0,0,153.37,3,1,0,1,1,0,1,0,0,0,0,0,1,1,1,0,0,0,0,0,0,0,1,1,0,1,0,0,1,0,0,1
65,0,36.719141,-119.202677,3146,0,4,36.93,18,78.85,292.8,0.0,0,147.72,3,0,0,1,0,0,0,0,0,0,0,0,1,0,1,0,1,0,0,0,0,0,1,0,0,1,0,0,1,0,0,1
66,0,36.654614,-119.903674,35790,0,55,37.38,7,100.0,5509.3,0.0,100,2055.9,3,0,0,1,0,0,0,0,0,0,0,0,1,1,1,0,1,0,0,0,1,0,1,1,1,0,1,0,1,0,0,1
71,0,35.930782,-121.189757,254,1,20,5.37,24,73.65,1463.5,0.0,0,107.4,1,1,0,1,1,0,1,0,0,0,0,0,1,0,1,0,1,0,0,1,0,0,0,0,0,1,0,0,1,0,0,1
65,0,37.7795,-122.419233,28998,0,9,48.71,15,100.5,918.6,0.0,0,438.39,1,1,0,1,0,0,0,0,0,0,0,0,1,1,1,0,1,0,0,0,1,0,1,1,1,1,0,0,1,0,0,1
69,0,37.791998,-122.408653,13723,0,10,5.46,24,72.85,688.65,0.0,30,54.6,1,1,0,1,0,0,0,0,0,0,0,0,1,0,1,0,1,0,0,1,0,0,0,0,0,0,0,0,1,0,0,1
75,0,37.758085,-122.434801,30587,0,1,36.92,6,73.55,73.55,0.0,0,36.92,2,1,0,1,1,0,0,0,0,0,0,0,1,1,1,0,1,0,0,0,0,0,0,0,0,1,0,0,1,0,0,1
75,0,37.820894,-122.369725,1458,0,3,41.9,11,79.4,205.05,0.0,0,125.7,1,0,0,1,0,0,0,0,0,0,0,0,1,1,1,0,1,0,0,1,0,0,0,0,0,1,0,0,1,0,0,1
68,0,37.386978,-122.177746,1723,0,4,6.68,17,84.6,360.1,0.0,0,26.72,1,0,0,1,0,0,0,0,0,0,0,0,1,1,1,0,0,0,0,0,0,0,0,1,0,1,0,0,1,0,0,1
71,0,38.140719,-121.838298,138,0,35,20.83,19,99.05,3395.8,0.0,120,729.05,1,1,0,1,0,0,0,0,0,0,0,0,1,1,1,0,1,0,0,0,1,0,1,1,0,0,0,0,1,0,0,1
80,0,37.83323,-121.601461,10153,0,2,26.62,11,44.95,85.15,0.0,0,53.24,2,1,0,1,0,0,0,0,0,0,0,1,1,0,1,1,0,0,0,0,0,0,0,0,0,1,0,0,0,1,0,1
66,0,37.516791,-121.899117,46917,0,8,11.57,27,100.3,832.35,0.0,0,92.56,1,1,0,1,0,0,0,0,0,0,0,0,1,0,1,0,1,0,1,0,0,1,1,1,1,1,0,0,0,1,0,1
73,0,37.571748,-121.659562,75929,2,44,0.0,28,30.35,1359.7,0.0,0,0.0,1,1,0,1,1,0,1,0,0,0,0,0,0,0,1,0,0,0,0,1,0,0,0,0,0,1,0,0,1,0,0,1
77,0,38.489789,-122.27011,63947,1,62,7.11,16,103.75,6383.35,0.0,0,440.82,1,1,0,1,1,0,1,0,0,0,0,0,1,1,1,0,1,0,0,1,1,0,1,1,1,1,1,0,1,0,0,1
76,0,37.633361,-121.862395,36669,1,33,33.19,15,80.6,2656.5,0.0,0,1095.27,2,0,0,1,1,0,1,0,0,0,0,0,1,1,1,0,0,0,0,1,0,0,0,0,0,1,0,0,1,0,0,1
65,0,37.766556,-121.976784,44078,0,4,49.5,23,94.3,424.45,0.0,0,198.0,2,0,0,1,0,0,0,0,0,0,0,1,1,1,1,0,1,0,0,0,0,0,1,1,1,1,0,0,1,0,0,1
75,0,37.685052,-121.912061,28568,1,27,10.6,23,75.5,1893.95,0.0,0,286.2,1,1,0,1,1,0,1,0,0,0,0,0,1,1,1,0,1,0,0,0,0,0,0,0,0,1,0,0,1,0,0,1
75,0,37.871416,-122.246597,21205,0,8,40.45,29,100.6,819.4,0.0,0,323.6,1,1,0,1,0,0,0,0,0,0,0,1,1,1,1,0,1,0,0,0,1,0,1,1,0,1,0,0,1,0,0,1
68,0,37.897753,-122.279391,11889,1,3,25.77,2,88.3,273.75,0.0,0,77.31,1,0,0,1,1,0,1,0,0,0,0,1,1,0,1,0,1,0,1,0,0,1,1,0,0,1,0,0,1,0,1,1
71,0,37.872902,-122.303708,8157,0,8,42.93,9,92.1,729.95,0.0,0,343.44,1,0,0,1,0,0,0,0,0,0,0,1,1,0,1,0,1,0,0,0,1,0,1,1,0,1,0,0,1,0,0,1
74,0,37.946617,-122.563571,12010,0,14,11.31,24,90.45,1266.1,0.0,0,158.34,3,1,0,1,0,0,0,0,0,0,0,0,1,0,1,0,1,0,0,0,0,0,1,1,0,1,0,0,0,1,0,1
77,0,38.010092,-122.689442,1025,0,12,0.0,10,43.65,526.95,0.0,0,0.0,1,1,0,1,0,0,0,0,0,0,0,0,0,0,1,1,0,0,0,0,1,1,0,1,0,1,0,0,1,0,0,1
73,0,36.936228,-121.785559,4753,0,13,40.37,21,74.3,940.35,0.0,0,524.81,1,0,0,1,0,0,0,0,0,0,0,0,1,0,1,0,1,0,0,0,1,0,0,0,0,1,0,0,1,0,0,1
68,0,37.03889,-121.528955,49968,0,11,3.96,27,89.7,1047.7,0.0,0,43.56,2,0,0,1,0,0,0,0,0,0,0,0,1,0,1,0,1,0,0,0,0,0,1,1,0,1,0,0,0,0,0,1
74,0,37.222842,-121.988727,13290,1,17,28.18,16,100.45,1622.45,0.0,0,479.06,3,1,0,1,1,0,1,0,0,0,0,0,1,1,1,0,0,0,0,0,1,0,1,1,0,1,0,0,1,1,0,1
65,0,37.316146,-121.936285,32804,1,39,33.25,26,105.65,4284.8,0.0,0,1296.75,3,1,0,1,1,0,1,0,0,0,0,0,1,1,1,0,1,0,0,1,1,0,1,1,1,1,0,0,1,0,0,1
73,0,37.28682,-121.723877,15798,5,11,17.25,27,104.05,1133.65,0.0,0,189.75,3,0,0,1,1,0,1,0,0,0,0,0,1,1,1,0,1,0,0,0,1,1,1,1,0,1,0,0,1,0,0,1
74,0,38.358464,-120.579304,21,1,3,3.29,9,80.4,224.05,0.0,0,9.87,2,0,0,1,1,0,1,0,0,0,0,1,1,0,1,0,1,0,0,0,0,0,1,0,0,1,0,0,1,0,0,1
80,0,38.085839,-120.37855,2144,0,21,34.62,14,60.05,1236.15,0.0,0,727.02,1,1,0,1,0,0,0,0,0,0,0,0,1,0,1,1,0,0,0,0,1,0,1,0,0,1,0,0,1,0,0,1
76,0,33.141265,-116.967221,48690,0,16,38.75,16,96.15,1529.2,0.0,0,620.0,2,0,0,1,0,0,0,0,0,0,0,0,1,1,1,0,1,0,0,0,0,0,1,1,0,1,0,0,1,0,0,1
73,0,33.840524,-118.148403,30173,0,46,6.13,30,95.25,4424.2,0.0,0,281.98,2,0,0,1,0,0,0,0,0,0,0,0,1,0,1,0,1,0,0,1,0,0,1,1,0,1,1,0,0,1,0,1
70,0,38.493888,-122.777141,476,1,68,24.13,24,89.6,6127.6,0.0,0,1640.84,1,0,0,1,1,0,1,1,0,0,0,0,1,1,1,0,1,0,0,1,0,0,0,1,0,1,0,0,1,0,0,1
75,0,39.12334,-122.838198,2223,1,7,13.63,27,89.5,676.7,0.0,0,95.41,2,1,0,1,1,0,1,0,0,0,0,1,1,0,1,0,1,0,0,0,0,0,1,1,0,1,0,0,1,0,0,1
74,0,40.166028,-123.584144,261,1,15,45.25,22,85.6,1345.55,0.0,0,678.75,1,1,0,1,1,0,1,0,0,0,0,0,1,1,1,0,0,0,0,0,0,0,0,1,0,1,0,0,1,0,0,1
76,0,40.825486,-124.049485,1689,0,16,19.18,22,86.6,1281.0,0.0,0,306.88,3,1,0,1,0,0,0,0,0,0,0,0,1,1,1,0,1,0,0,0,0,0,1,0,0,1,0,0,1,0,0,1
75,0,40.665952,-124.240051,1447,0,1,29.68,18,69.25,69.25,0.0,0,29.68,2,0,0,1,0,0,0,0,0,0,0,1,1,0,1,0,0,0,0,0,0,0,0,0,0,1,0,0,1,0,0,1
74,0,40.485849,-124.163234,3284,0,1,0.0,5,25.2,25.2,0.0,0,0.0,1,0,0,1,0,0,0,0,0,0,0,0,0,0,1,0,0,0,0,0,0,0,0,0,0,1,0,0,1,0,0,1
73,0,38.544002,-121.685559,648,0,13,19.03,24,95.05,1290.0,0.0,0,247.39,1,0,0,1,0,0,0,0,0,0,0,0,1,1,1,0,1,0,0,0,0,0,1,1,1,1,0,0,1,0,0,1
69,0,38.672638,-121.147403,51855,0,1,20.06,24,79.2,79.2,0.0,0,20.06,3,0,0,1,0,0,0,0,0,0,0,0,1,0,1,0,1,0,0,0,0,0,1,0,0,1,0,0,1,0,0,1
75,0,38.674276,-121.961866,844,1,34,2.88,4,94.25,3217.55,0.0,0,97.92,1,0,0,1,1,0,1,0,0,0,0,0,1,1,1,0,1,0,0,1,1,0,0,1,0,1,0,0,1,0,0,1
65,0,38.833554,-121.498102,901,0,4,12.68,10,99.8,442.85,0.0,0,50.72,1,0,0,1,0,0,0,0,0,0,0,0,1,0,1,0,1,0,0,1,1,0,1,1,1,1,0,0,1,1,0,1
77,0,38.984756,-121.345074,1219,0,2,19.27,18,93.85,170.85,0.0,0,38.54,3,0,0,1,0,0,0,0,0,0,0,0,1,1,1,0,1,0,0,0,0,0,1,1,0,1,0,0,1,0,0,1
67,0,39.043387,-121.409837,3600,0,9,30.8,18,84.4,732.5,0.0,0,277.2,2,1,0,1,0,0,0,0,0,0,0,0,1,1,1,0,1,0,0,0,0,0,0,1,0,1,0,0,1,1,0,1
78,0,38.591134,-121.161585,299,0,5,42.33,9,75.55,349.65,0.0,0,211.65,1,0,0,1,0,0,0,0,0,0,0,0,1,0,1,0,1,0,0,0,1,0,0,0,0,1,0,0,1,1,0,1
65,0,40.171312,-121.120605,86,0,22,40.18,8,96.7,2082.95,0.0,100,883.96,1,1,0,1,0,0,0,0,0,0,1,0,1,1,1,0,1,0,0,0,0,0,1,1,1,0,0,0,1,0,0,1
74,0,39.381174,-121.21191,614,0,19,39.97,9,88.2,1775.8,0.0,0,759.43,1,1,0,1,0,0,0,0,0,0,1,0,1,1,1,0,1,0,0,1,0,0,1,0,0,1,0,0,1,0,0,1
70,0,40.077028,-121.494168,1351,0,15,46.38,19,75.65,1146.65,0.0,0,695.7,3,1,0,1,0,0,0,0,0,0,1,0,1,1,1,0,1,0,0,0,0,0,0,0,0,1,0,0,0,0,0,1
69,0,39.099204,-121.137962,17922,0,1,11.34,20,74.7,74.7,0.0,0,11.34,1,1,0,1,0,0,0,0,0,0,0,0,1,1,1,0,1,0,0,0,0,0,0,0,0,1,0,0,1,0,0,1
76,0,39.333737,-120.858667,17269,0,1,0.0,26,25.8,25.8,0.0,20,0.0,1,0,0,1,0,0,0,0,0,0,0,0,0,0,1,1,0,0,0,0,0,0,0,0,0,0,0,0,1,0,1,1
71,0,33.141265,-116.967221,48690,0,10,41.37,14,95.35,898.35,0.0,0,413.7,1,1,0,1,0,0,0,0,0,0,1,0,1,1,1,0,1,0,0,0,0,0,1,1,0,1,0,0,1,0,0,1
76,0,33.362575,-117.299644,42239,0,3,30.14,6,45.0,127.1,0.0,10,90.42,3,0,0,1,0,0,0,0,0,0,0,0,1,0,1,1,0,0,0,0,0,0,0,0,0,0,0,0,0,0,0,1
77,0,40.704293,-122.803899,1845,1,12,6.97,19,80.45,950.2,0.0,0,83.64,2,1,0,1,1,0,1,0,0,0,1,0,1,0,1,0,1,0,0,0,0,0,0,1,0,1,0,0,1,0,0,1
74,0,40.582399,-122.195512,4931,0,2,6.51,11,74.7,165.4,0.0,0,13.02,2,1,0,1,0,0,0,0,0,0,0,0,1,0,1,0,1,0,0,1,0,0,0,0,0,1,0,0,1,0,0,1
77,0,40.923558,-122.059933,459,0,1,49.6,20,88.8,88.8,0.0,10,49.6,1,1,0,1,0,0,0,0,0,0,0,0,1,1,1,0,1,0,0,0,1,0,1,0,0,0,0,0,1,0,0,1
76,0,32.957195,-117.202542,28201,1,13,1.47,5,89.05,1169.35,0.0,0,19.11,1,1,0,1,1,0,1,0,0,0,1,0,1,0,1,0,1,0,0,1,0,1,0,1,0,1,0,0,1,0,0,1
77,0,32.957195,-117.202542,28201,0,23,31.17,23,94.75,2293.6,0.0,0,716.9100000000001,2,0,0,1,0,0,0,0,0,0,1,0,1,0,1,0,1,0,0,1,0,0,1,1,0,1,0,0,1,0,0,1
80,0,32.957195,-117.202542,28201,1,17,36.82,6,85.35,1463.45,0.0,0,625.94,1,0,0,1,1,0,1,0,0,0,1,0,1,1,1,0,1,0,1,0,1,0,0,0,0,1,0,0,1,0,0,1
68,0,32.957195,-117.202542,28201,0,17,40.93,2,45.05,770.6,0.0,0,695.81,1,1,0,1,0,0,0,0,0,0,0,0,1,0,1,1,0,0,0,0,0,0,0,0,0,1,0,0,1,0,0,1
79,0,32.957195,-117.202542,28201,0,42,9.53,17,84.65,3541.35,0.0,0,400.26,2,0,0,1,0,0,0,0,0,0,0,0,1,1,1,0,1,0,0,0,0,0,1,0,0,1,0,0,1,0,0,1
65,0,32.957195,-117.202542,28201,0,1,42.3,16,79.1,79.1,0.0,0,42.3,3,1,0,1,0,0,0,0,0,0,0,0,1,0,1,0,1,0,0,0,0,0,1,0,0,1,0,0,1,0,0,1
68,0,32.898613,-117.202937,4258,0,1,39.78,12,50.15,50.15,0.0,0,39.78,2,1,0,1,0,0,0,0,0,0,0,1,1,0,1,0,0,0,0,0,1,0,0,0,0,1,0,0,1,0,1,1
72,0,33.86532,-118.396336,18693,0,1,34.51,15,69.6,69.6,0.0,0,34.51,1,0,0,1,0,0,0,0,0,0,0,1,1,0,1,0,1,0,0,0,0,0,0,0,0,1,0,0,1,0,0,1
66,0,33.845706,-118.012204,44442,0,41,27.95,23,113.2,4689.5,0.0,0,1145.95,1,0,0,1,0,0,0,0,0,0,0,0,1,1,1,0,1,0,1,1,1,0,1,1,1,1,0,0,1,0,0,1
68,0,33.874224,-117.993368,33528,0,13,26.11,4,90.5,1201.15,29.84,140,339.43,1,1,0,1,0,0,0,0,0,0,0,0,1,0,1,0,1,0,0,0,0,0,1,1,1,0,0,0,1,0,0,1
69,0,33.781086,-118.199049,63136,1,32,5.99,23,85.0,2642.05,49.57,0,191.68,1,1,0,1,1,0,1,0,0,0,0,0,1,1,1,0,1,0,0,0,0,0,0,1,1,1,0,0,1,0,0,1
76,0,34.110444,-118.156957,23984,1,32,49.6,10,85.3,2661.1,0.0,0,1587.2,1,1,0,1,1,0,1,0,0,0,0,0,1,1,1,0,1,0,0,0,0,0,0,1,1,1,0,0,0,0,0,1
70,0,34.167926,-118.267539,21990,1,57,0.0,3,44.85,2572.95,12.07,0,0.0,2,1,0,1,1,0,1,0,0,0,0,0,0,0,1,0,0,0,0,0,0,0,1,1,1,1,0,0,1,0,0,1
71,0,34.136306,-118.26036,17015,0,1,15.28,14,45.1,45.1,0.0,0,15.28,2,1,0,1,0,0,0,0,0,0,0,1,1,0,1,0,0,0,0,0,0,0,0,0,0,1,0,0,0,0,0,1
75,0,34.200175,-118.540958,68018,0,1,0.0,26,43.3,43.3,0.0,0,0.0,3,1,0,1,0,0,0,0,0,0,0,1,0,0,1,1,0,0,0,1,1,0,0,1,0,1,0,0,1,0,0,1
67,0,34.321621,-118.399841,81986,0,38,26.1,27,57.15,2250.65,0.0,0,991.8,1,0,0,1,0,0,0,0,0,0,0,0,1,0,1,1,0,0,1,1,0,0,0,0,0,1,0,0,1,1,0,1
65,0,34.177267,-118.31003,11517,1,35,15.98,22,100.5,3653.35,0.0,0,559.3000000000001,1,0,0,1,1,0,1,0,0,0,0,0,1,1,1,0,0,0,1,1,0,1,1,0,0,1,0,0,1,0,0,1
80,0,34.187599,-118.387125,45358,0,1,15.24,14,45.1,45.1,0.0,0,15.24,1,0,0,1,0,0,0,0,0,0,0,1,1,0,1,1,0,0,0,0,0,0,0,0,0,1,0,0,0,1,0,1
71,0,33.990646,-117.663025,75319,1,30,4.65,29,50.4,1527.5,0.0,0,139.5,3,1,0,1,1,0,1,0,0,0,0,0,1,0,1,1,0,0,0,1,0,0,0,0,0,1,0,0,1,0,0,1
70,0,34.127621,-117.717863,34716,0,5,12.27,20,78.95,378.4,0.0,0,61.35,3,0,0,1,0,0,0,0,0,0,0,1,1,0,1,0,1,0,0,0,0,0,0,1,0,1,0,0,0,0,0,1
73,0,32.825086,-117.199424,51213,0,1,30.17,6,93.55,93.55,0.0,0,30.17,1,1,0,1,0,0,0,0,0,0,0,1,1,1,1,0,1,0,0,0,0,0,1,1,0,1,0,0,1,0,0,1
78,0,32.825086,-117.199424,51213,1,58,49.38,19,108.85,6287.25,0.0,0,2864.04,1,1,0,1,1,0,1,0,0,0,0,0,1,1,1,0,1,0,1,1,1,0,1,1,0,1,1,0,1,0,0,1
76,0,32.825086,-117.199424,51213,0,16,17.51,7,84.75,1350.15,0.0,0,280.16,2,0,0,1,0,0,0,0,0,0,0,0,1,1,1,0,1,0,0,0,0,0,1,0,0,1,0,0,1,0,0,1
73,0,32.825086,-117.199424,51213,0,1,22.5,27,69.95,69.95,0.0,10,22.5,2,0,0,1,0,0,0,0,0,0,0,1,1,0,1,0,1,0,0,0,0,0,0,0,0,0,0,0,1,0,0,1
68,0,32.85723,-117.209774,34902,1,5,47.28,11,81.0,371.65,40.64,10,236.4,1,0,0,1,1,0,1,0,0,0,0,1,1,1,1,0,1,0,0,1,0,0,0,0,0,0,0,0,1,0,0,1
79,0,33.889605,-115.257009,964,0,21,42.27,7,96.8,2030.3,10.2,0,887.6700000000001,1,1,0,1,0,0,0,0,0,0,0,0,1,0,1,0,1,0,0,0,1,0,1,1,0,1,0,0,1,0,0,1
67,0,33.141265,-116.967221,48690,0,43,31.83,10,108.15,4600.7,0.0,0,1368.6899999999998,1,0,0,1,0,0,0,0,0,0,0,0,1,0,1,0,1,0,1,1,0,1,1,1,0,1,0,0,1,1,0,1
69,0,33.362575,-117.299644,42239,1,32,33.74,6,93.2,2931.0,17.88,0,1079.68,3,0,0,1,1,0,1,0,0,0,0,0,1,1,1,0,1,0,0,0,0,0,1,1,0,1,0,0,1,0,0,1
72,0,34.358321,-117.618263,4253,0,1,18.2,13,70.55,70.55,0.0,0,18.2,3,0,0,1,0,0,0,0,0,0,0,1,1,0,1,0,1,0,0,0,0,0,0,0,0,1,0,0,1,0,0,1
75,0,33.907361,-117.109972,12743,1,29,25.78,28,98.5,3004.15,37.55,40,747.62,3,1,0,1,1,0,1,0,0,0,0,0,1,1,1,0,1,0,0,0,1,0,1,1,1,0,0,0,1,0,0,1
67,0,33.581045,-117.14719,18311,1,13,31.7,6,95.25,1233.65,48.09,0,412.1,1,1,0,1,1,0,1,0,0,0,0,0,1,1,1,0,0,0,0,0,0,0,1,1,1,1,0,0,1,0,0,1
72,0,33.82769,-117.102244,7344,1,7,8.92,17,74.4,527.9,32.46,0,62.44,3,1,0,1,1,0,1,0,0,0,0,0,1,1,1,0,1,0,0,0,0,0,0,0,0,1,0,0,1,1,0,1
68,0,33.703976,-117.824172,17621,0,2,21.57,28,88.55,179.25,0.0,0,43.14,1,0,0,1,0,0,0,0,0,0,0,0,1,1,1,0,1,0,0,0,1,0,0,1,1,1,0,0,1,0,0,1
68,0,33.600987,-117.862734,13422,0,1,43.61,2,91.3,91.3,0.0,0,43.61,3,0,0,1,0,0,0,0,0,0,0,0,1,0,1,0,1,0,0,0,0,0,1,1,1,1,0,0,1,0,0,1
75,0,33.744439,-117.98588,8660,1,7,16.05,22,70.1,467.55,20.23,0,112.35,2,1,0,1,1,0,1,0,0,0,0,0,1,0,1,0,1,0,0,0,0,0,0,0,0,1,0,0,1,1,0,1
74,0,33.601309,-117.902304,4242,1,57,49.91,21,95.25,5427.05,12.59,0,2844.87,2,1,0,1,1,0,1,0,0,0,0,0,1,1,1,0,1,0,0,1,1,0,0,1,0,1,0,0,1,0,0,1
78,0,33.62251,-117.927024,22133,4,1,17.35,23,100.8,100.8,0.0,0,17.35,1,0,0,1,1,0,1,0,0,0,0,0,1,1,1,0,1,0,0,0,1,0,1,1,0,1,0,0,1,0,0,1
66,0,33.765893,-117.881533,37879,2,17,1.05,8,76.45,1233.4,0.0,0,17.85,1,1,0,1,1,0,1,0,0,0,0,0,1,0,1,0,1,0,0,1,0,0,0,0,0,1,0,0,1,0,0,1
73,0,34.404544,-119.302118,6503,0,3,18.38,20,86.85,220.95,0.0,0,55.14,2,0,0,1,0,0,0,0,0,0,0,0,1,0,1,0,1,0,0,0,1,0,1,0,0,1,0,0,1,0,0,1
79,0,34.419203,-119.710008,31727,1,66,28.86,25,99.5,6822.15,0.0,0,1904.76,1,1,0,1,1,0,1,1,0,0,0,0,1,1,1,0,1,0,0,0,1,0,1,1,0,1,0,0,1,1,0,1
69,0,34.437945,-119.77191,15757,1,69,48.88,4,108.4,7318.2,0.0,0,3372.7200000000003,3,1,0,1,1,0,1,1,0,0,0,0,1,1,1,0,1,0,0,1,1,1,1,1,0,1,0,1,1,0,0,1
65,0,33.507255,-117.029473,46171,2,15,44.13,3,83.05,1258.3,0.0,110,661.95,3,0,0,1,1,0,1,0,0,0,0,0,1,1,1,0,1,0,0,0,1,1,0,0,0,0,0,0,1,0,0,1
68,0,35.939068,-119.043666,5868,0,56,34.58,4,104.75,5510.65,0.0,0,1936.48,3,0,0,1,0,0,0,0,0,0,0,0,1,1,1,0,1,0,0,1,1,0,1,1,0,1,1,0,1,0,0,1
79,0,33.507255,-117.029473,46171,0,21,21.15,9,94.25,1973.75,0.0,0,444.15,2,0,0,1,0,0,0,0,0,0,0,0,1,1,1,0,1,0,0,0,0,0,1,1,0,1,0,0,1,0,0,1
80,0,35.842889,-121.004862,1363,0,1,47.97,8,70.15,70.15,0.0,0,47.97,2,0,0,1,0,0,0,0,0,0,0,0,1,0,1,0,1,0,0,0,0,0,0,0,0,1,0,0,1,0,0,1
77,0,35.050345,-120.489599,15405,3,32,7.92,3,106.35,3520.75,0.0,0,253.44,2,1,0,1,1,0,1,0,0,0,0,0,1,1,1,0,1,0,0,1,1,0,1,1,0,1,0,0,0,0,0,1
65,0,37.890145,-119.184087,504,1,40,49.5,20,94.55,3640.45,0.0,0,1980.0,1,0,0,1,1,0,1,0,0,0,0,0,1,1,1,0,1,0,0,0,0,0,1,1,1,1,0,0,1,1,0,1
66,0,34.598221,-117.79593,6787,0,2,0.0,6,24.45,47.5,0.0,0,0.0,3,1,0,1,0,0,0,0,0,0,0,0,0,0,1,1,0,0,0,0,0,0,0,0,0,1,0,0,1,1,0,1
75,0,36.814539,-119.711868,33856,0,7,39.51,13,84.8,546.95,0.0,0,276.57,3,1,0,1,0,0,0,0,0,0,0,0,1,1,1,0,1,0,0,0,0,0,1,0,0,0,0,0,1,0,0,1
74,0,36.497895,-119.285484,5519,0,31,39.36,4,99.95,3186.65,0.0,0,1220.16,3,0,0,1,0,0,0,0,0,0,0,0,1,1,1,0,1,0,0,1,0,0,1,1,0,1,0,0,1,0,0,1
80,0,36.789213,-119.140338,506,0,14,29.96,7,104.85,1531.4,0.0,0,419.44,1,0,0,1,0,0,0,0,0,0,0,0,1,1,1,0,1,0,0,1,1,0,1,1,0,1,0,0,1,0,0,1
74,0,36.625792,-119.672483,5635,0,15,23.53,9,74.2,1133.9,43.31,0,352.95000000000005,1,1,0,1,0,0,0,0,0,0,0,0,1,1,1,0,1,0,0,0,0,0,0,0,0,1,0,0,1,1,0,1
70,0,36.959731,-120.653519,343,0,59,10.78,15,93.85,5574.75,8.13,0,636.02,2,1,0,1,1,0,0,0,0,0,0,0,1,1,1,0,1,0,0,0,0,0,1,1,0,1,0,0,1,0,0,1
76,0,36.635661,-120.288644,1130,3,46,49.11,17,100.7,4541.2,46.64,0,2259.06,1,1,0,1,1,0,1,0,0,0,0,0,1,1,1,0,1,0,1,1,1,0,1,0,0,1,0,0,1,0,0,1
72,0,35.930782,-121.189757,254,0,25,36.36,6,89.7,2187.55,23.33,0,909.0,3,0,0,1,0,0,0,0,0,0,0,0,1,1,1,0,1,0,0,1,0,0,0,1,0,1,0,0,1,0,0,1
66,0,35.989792,-121.055933,538,0,16,32.11,14,96.4,1581.2,47.2,0,513.76,3,0,0,1,0,0,0,0,0,0,0,0,1,1,1,0,1,0,0,0,0,0,1,1,0,1,0,0,1,0,0,1
75,0,36.689582,-121.758398,21759,0,1,41.2,15,69.5,69.5,0.0,80,41.2,2,1,0,1,0,0,0,0,0,0,0,0,1,0,1,0,1,0,0,0,0,0,0,0,0,0,0,0,1,0,0,1
65,0,36.125529,-120.864443,521,1,36,24.54,5,85.25,3132.75,0.0,0,883.4399999999999,2,1,0,1,1,0,1,0,0,0,0,0,1,1,1,0,1,0,0,0,0,0,0,1,1,1,0,0,1,1,0,1
79,0,37.680844,-122.48131,63337,0,45,10.67,17,62.7,2791.5,0.0,0,480.15,1,1,0,1,0,0,0,0,0,0,0,0,1,0,1,1,0,0,1,0,1,0,0,1,0,1,1,0,0,1,0,1
73,0,37.794487,-122.42227,56330,0,25,46.34,22,105.95,2655.25,0.0,0,1158.5,2,1,0,1,0,0,0,0,0,1,0,0,1,1,1,0,1,0,0,1,1,0,1,1,0,1,0,0,0,1,0,1
79,0,37.800254,-122.436975,22920,0,39,41.93,23,95.65,3759.05,0.0,150,1635.27,1,1,0,1,0,0,0,0,0,1,0,0,1,1,1,0,1,0,0,0,0,0,1,1,0,0,0,0,1,0,0,1
70,0,37.820894,-122.369725,1458,1,31,47.95,21,98.9,2911.3,0.0,0,1486.45,2,0,0,1,1,0,1,0,0,1,0,0,1,0,1,0,1,0,0,0,1,1,1,1,0,1,0,0,1,0,0,1
71,0,37.556634,-122.317723,23393,0,3,30.25,28,76.05,231.8,0.0,0,90.75,1,1,0,1,0,0,0,0,0,0,0,0,1,1,1,0,1,0,0,0,0,0,0,0,0,1,0,0,1,0,0,1
69,0,38.013825,-122.039144,36186,0,1,33.84,5,69.75,69.75,0.0,0,33.84,1,1,0,1,0,0,0,0,0,0,0,0,1,0,1,0,1,0,0,0,0,0,0,0,0,1,0,0,1,0,0,1
70,0,37.656695,-122.048361,11147,0,33,17.24,25,110.45,3655.45,0.0,70,568.92,1,0,0,1,0,0,0,0,0,1,0,0,1,1,1,0,1,0,0,1,1,1,1,1,1,0,0,0,1,0,0,1
71,0,38.232389,-122.324944,26894,1,7,42.92,2,99.25,665.45,0.0,0,300.44,2,1,0,1,1,0,1,0,0,0,0,0,1,1,1,0,1,0,0,0,1,0,1,1,1,1,0,0,1,0,0,1
67,0,37.963995,-122.288296,25399,0,19,16.78,15,79.85,1471.75,0.0,0,318.82000000000005,3,1,0,1,0,0,0,0,0,0,0,0,1,1,1,0,1,0,0,0,1,0,0,0,0,1,0,0,1,0,0,1
67,0,37.972662,-122.491452,40239,2,8,26.99,2,80.45,583.45,0.0,0,215.92,1,1,0,1,1,0,1,0,0,0,0,0,1,0,1,0,1,0,0,0,0,0,1,0,0,1,0,0,1,1,0,1
69,0,38.135897,-122.563683,16429,0,13,7.22,28,100.8,1308.1,0.0,0,93.86,1,0,0,1,0,0,0,0,0,0,1,0,1,1,1,0,1,0,1,0,0,0,1,1,0,1,0,0,1,0,0,1
75,0,37.921137,-122.657562,781,0,10,7.51,18,79.25,793.55,0.0,0,75.1,1,1,0,1,0,0,0,0,0,0,1,0,1,0,1,0,1,0,0,0,0,0,0,1,0,1,0,0,1,0,0,1
67,0,37.233034,-121.947427,24443,0,5,45.72,6,89.5,477.7,0.0,0,228.6,2,1,0,1,0,0,0,0,0,0,0,0,1,0,1,0,1,0,0,0,0,0,1,1,0,1,0,0,1,0,0,1
66,0,36.863303,-121.781632,899,0,1,38.78,23,86.05,86.05,0.0,0,38.78,1,1,0,1,1,0,0,0,0,0,0,0,1,1,1,0,1,0,0,0,0,0,1,0,0,1,0,0,1,0,0,1
67,0,37.34667,-121.910019,18197,0,10,0.0,4,34.7,329.8,0.0,0,0.0,1,0,0,1,0,0,0,0,0,0,1,0,0,0,1,1,0,0,0,0,0,0,0,1,0,1,0,0,1,0,0,1
71,0,37.327069,-121.916819,27023,1,53,21.67,6,60.05,3229.65,0.0,100,1148.51,1,1,0,1,1,0,1,0,0,0,0,0,1,1,1,0,0,0,1,0,0,1,0,0,0,0,1,0,1,0,0,1
74,0,37.375156,-121.795867,60620,1,16,26.12,8,74.3,1178.25,0.0,0,417.92,1,1,0,1,1,0,1,0,0,0,1,0,1,0,1,0,1,0,0,1,0,0,0,0,0,1,0,0,1,1,0,1
70,0,38.002125,-121.324979,49965,0,9,17.56,27,74.55,622.9,33.25,0,158.04,1,0,0,1,0,0,0,0,0,0,0,0,1,1,1,0,1,0,0,0,0,0,0,0,0,1,0,0,1,0,0,1
76,0,38.071327,-120.632221,4264,1,32,43.51,22,104.9,3351.55,33.73,0,1392.32,1,1,0,1,1,0,1,0,0,1,0,0,1,1,1,0,1,0,0,0,1,1,1,1,0,1,0,0,1,0,0,1
67,0,38.244806,-120.417301,88,1,1,17.36,29,74.4,74.4,0.0,30,17.36,3,1,0,1,1,0,1,0,0,0,0,0,1,1,1,0,1,0,0,0,0,0,0,0,0,0,0,0,1,0,0,1
80,0,37.4695,-120.672724,809,0,8,14.89,20,69.7,560.85,0.0,0,119.12,1,1,0,1,0,0,0,0,0,0,0,0,1,0,1,0,1,0,0,0,0,0,0,0,0,1,0,0,1,0,0,1
67,0,37.394411,-120.127262,986,1,12,30.63,27,98.1,1060.2,49.06,0,367.56,3,0,0,1,1,0,1,0,0,0,1,0,1,1,1,0,1,0,0,1,1,0,1,0,0,1,0,0,1,0,0,1
68,0,37.605926,-120.69955,1055,1,4,18.91,20,99.6,347.65,25.79,0,75.64,1,0,0,1,1,0,1,0,0,0,0,0,1,1,1,0,1,0,1,0,0,0,1,1,0,1,0,0,1,0,0,1
69,0,37.990574,-120.261821,1519,1,70,17.45,20,102.95,7101.5,15.24,0,1221.5,1,1,0,1,1,0,1,0,0,0,0,0,1,1,1,0,1,0,0,1,1,0,1,1,0,1,0,0,1,0,0,1
80,0,33.141265,-116.967221,48690,0,1,28.64,5,71.0,71.0,0.0,0,28.64,3,0,0,1,0,0,0,0,0,0,0,0,1,0,1,0,1,0,0,0,0,0,0,0,0,1,0,0,1,0,0,1
73,0,33.141265,-116.967221,48690,1,47,26.95,26,70.55,3309.25,26.99,0,1266.65,3,0,0,1,1,0,1,0,0,0,0,0,1,0,1,0,1,0,0,0,0,0,0,0,0,1,0,0,0,0,0,1
73,0,39.710591,-123.682799,176,1,1,37.3,8,69.25,69.25,0.0,0,37.3,1,0,0,1,1,0,1,0,0,0,0,0,1,0,1,0,1,0,0,0,0,0,0,0,0,1,0,0,1,0,0,1
65,0,39.094102,-123.500853,1113,0,12,28.63,7,83.8,1029.75,44.58,80,343.56,1,1,0,1,0,0,0,0,0,0,1,0,1,0,1,0,0,0,0,1,1,1,0,0,0,0,0,0,1,1,0,1
73,0,38.911299,-123.609588,1352,0,53,0.0,25,54.45,2854.55,20.16,0,0.0,2,1,0,1,0,0,0,0,0,0,0,0,0,0,1,1,0,0,0,1,1,0,1,1,0,1,0,0,1,0,0,1
78,0,39.724433,-123.767578,309,0,41,22.56,15,99.8,4259.3,8.88,0,924.96,1,1,0,1,1,0,0,0,0,0,0,0,1,1,1,0,1,0,0,0,1,0,1,1,0,1,0,0,1,0,0,1
68,0,41.867908,-123.794144,532,0,5,2.27,17,70.25,331.9,12.48,0,11.35,2,1,0,1,0,0,0,0,0,0,0,0,1,0,1,0,1,0,0,0,0,0,0,0,0,1,0,0,1,1,0,1
65,0,39.955587,-123.681175,200,1,69,16.34,4,89.95,6143.15,6.79,110,1127.46,1,1,0,1,1,0,1,0,0,0,0,0,1,1,1,0,1,0,0,1,0,0,1,0,0,0,0,0,1,0,0,1
67,0,38.626128,-121.328011,58830,0,14,16.32,11,74.95,1036.75,39.29,0,228.48,3,1,0,1,0,0,0,0,0,0,1,0,1,1,1,0,1,0,0,0,0,0,0,0,0,1,0,0,1,0,0,1
70,0,38.69508,-121.271616,43718,0,32,33.22,9,74.4,2276.95,44.31,0,1063.04,1,0,0,1,0,0,0,0,0,1,0,0,1,0,1,0,1,0,0,1,0,0,0,0,0,1,0,0,1,0,0,1
69,0,38.313447,-121.123886,1745,1,50,4.6,24,71.05,3444.85,0.0,0,230.0,3,0,0,1,1,0,1,0,0,0,0,0,1,0,1,0,0,0,0,0,0,0,0,0,0,1,0,0,1,0,0,1
73,0,38.883224,-121.15918,6096,0,2,0.0,13,30.4,78.65,0.0,0,0.0,1,0,0,1,0,0,0,0,0,0,0,0,0,0,1,1,0,0,0,0,1,0,0,0,0,1,0,0,1,0,0,1
74,0,38.759751,-121.288545,30614,0,23,17.62,29,106.4,2483.5,0.0,0,405.2600000000001,1,1,0,1,0,0,0,0,0,0,0,0,1,1,1,0,1,0,0,1,1,0,1,1,0,1,0,0,1,0,0,1
78,0,38.983388,-120.988814,1526,0,2,5.49,25,85.55,187.45,0.0,0,10.98,3,0,0,1,0,0,0,0,0,0,0,1,1,1,1,0,1,0,0,0,0,0,1,0,0,1,0,0,1,0,0,1
77,0,38.584505,-121.491956,16599,1,30,6.23,4,79.65,2365.15,0.0,0,186.9,3,1,0,1,1,0,1,0,0,1,0,0,1,0,1,0,1,0,0,1,1,0,0,0,0,1,0,0,1,1,0,1
70,0,38.567594,-121.437507,15975,0,1,22.92,0,19.45,19.45,0.0,0,22.92,1,0,0,1,0,0,0,0,0,0,0,0,1,0,0,0,0,1,0,0,0,0,0,0,0,0,0,0,1,0,0,1
78,0,38.685069,-121.543709,854,0,32,48.95,9,85.95,2628.6,0.0,0,1566.4,3,0,0,1,1,0,0,0,0,1,0,0,1,1,1,0,1,0,0,0,0,0,1,0,0,1,0,0,1,1,0,1
75,0,38.646096,-121.442433,34894,0,16,36.83,16,59.4,1023.9,0.0,0,589.28,1,0,0,1,0,0,0,0,0,0,0,0,1,0,1,1,0,0,0,0,0,1,1,0,0,1,0,0,0,0,0,1
75,0,39.449794,-121.936372,303,0,38,47.39,2,99.55,3734.25,0.0,0,1800.82,1,0,0,1,0,0,0,0,0,1,0,0,1,1,1,0,1,0,0,0,0,1,1,1,0,1,0,0,1,0,0,1
76,0,39.562239,-121.14836,282,0,2,12.96,20,95.1,180.25,0.0,0,25.92,3,1,0,1,0,0,0,0,0,0,0,1,1,0,1,0,1,0,0,1,1,1,0,1,0,1,0,0,1,1,0,1
70,0,39.971228,-121.041166,6189,1,17,9.5,16,81.5,1329.2,0.0,0,161.5,2,1,0,1,1,0,1,0,0,0,0,0,1,0,1,0,1,0,0,0,0,0,0,1,0,1,0,0,0,0,0,1
67,0,39.172777,-121.805845,3193,1,3,0.0,20,36.45,93.7,0.0,0,0.0,1,1,0,1,1,0,1,0,0,0,0,1,0,0,1,1,0,0,0,0,0,0,1,0,0,1,0,0,1,1,0,1
69,0,40.022184,-121.062384,73,0,1,0.0,21,25.05,25.05,0.0,0,0.0,1,0,0,1,0,0,0,0,0,0,0,1,0,0,1,1,0,0,0,0,0,0,0,0,0,1,0,0,0,1,0,1
70,0,41.171578,-120.913161,615,1,43,0.0,21,55.55,2342.2,0.0,0,0.0,1,0,0,1,1,0,1,0,1,0,0,0,0,0,1,1,0,0,0,1,1,0,1,1,0,1,0,0,0,1,0,1
74,0,39.884395,-122.587513,263,2,10,46.5,4,86.65,856.65,0.0,0,465.0,1,1,0,1,1,0,1,0,0,0,0,0,1,1,1,0,0,0,0,0,0,0,0,1,0,1,0,0,1,0,0,1
77,0,40.186772,-122.388361,26438,0,37,41.85,2,106.75,4056.75,0.0,0,1548.45,1,0,0,1,0,0,0,0,0,1,0,0,1,1,1,0,1,0,1,1,0,0,1,1,0,1,0,0,1,0,0,1
66,0,40.012675,-120.101857,1177,1,12,48.5,4,101.35,1218.55,0.0,0,582.0,1,1,0,1,1,0,1,0,0,0,0,0,1,1,1,0,1,0,0,1,0,0,1,1,0,1,0,0,1,0,0,1
70,0,39.600599,-120.636358,348,0,35,35.1,29,95.45,3474.05,0.0,80,1228.5,2,1,0,1,0,0,0,0,0,1,0,0,1,1,1,0,1,0,0,0,0,0,1,1,0,0,0,0,1,0,0,1
68,0,39.24124,-120.054765,678,0,1,45.8,10,69.6,69.6,0.0,0,45.8,2,0,0,1,0,0,0,0,0,0,0,1,1,0,1,0,1,0,0,0,0,0,0,0,0,1,0,0,1,0,0,1
65,0,34.027337,-118.28515,45025,0,1,18.37,13,78.45,78.45,0.0,0,18.37,1,0,0,1,0,0,0,0,0,0,0,1,1,0,1,0,1,0,0,0,0,0,1,0,0,1,0,0,0,0,0,1
76,0,32.898613,-117.202937,4258,0,9,12.91,21,84.45,762.5,0.0,0,116.19,3,0,0,1,0,0,0,0,0,0,0,1,1,1,1,0,1,0,0,0,0,0,0,1,0,1,0,0,1,0,0,1
73,0,34.066303,-118.435479,44150,0,38,5.75,30,70.15,2497.35,0.0,0,218.5,3,1,0,1,0,0,0,0,0,1,0,0,1,0,1,0,0,0,0,1,1,1,1,0,0,1,1,0,1,1,0,1
70,0,34.099869,-118.326843,30568,0,51,19.49,11,97.8,4913.3,0.0,0,993.99,2,1,0,1,0,0,0,0,1,0,0,0,1,1,1,0,1,0,0,0,1,0,1,1,0,1,0,0,1,0,0,1
68,0,34.110845,-118.259595,29310,0,5,41.83,25,83.15,446.05,0.0,0,209.15,3,0,0,1,0,0,0,0,0,0,0,0,1,1,1,0,1,0,0,0,0,0,1,0,0,1,0,0,1,1,0,1
77,0,33.993991,-118.39704,31963,0,2,23.46,25,75.45,158.4,0.0,0,46.92,3,0,0,1,0,0,0,0,0,0,0,0,1,1,1,0,1,0,0,0,0,0,0,0,0,1,0,0,1,1,0,1
73,0,34.019323,-118.391902,15195,0,2,25.74,6,54.85,104.2,0.0,0,51.48,1,0,0,1,0,0,0,0,0,0,0,0,1,0,1,1,0,0,1,1,0,0,0,0,0,1,0,0,0,1,0,1
71,0,33.876482,-118.284077,9960,1,1,4.89,11,95.1,95.1,0.0,0,4.89,1,1,0,1,1,0,1,0,0,0,0,0,1,1,1,0,1,0,0,0,0,0,1,1,0,1,0,0,1,0,0,1
69,0,33.833699,-118.314387,40705,1,53,7.94,6,101.9,5549.4,0.0,0,420.82,1,1,0,1,1,0,1,0,1,0,0,0,1,1,1,0,1,0,0,1,0,0,1,1,0,1,0,0,1,0,0,1
80,0,34.015217,-118.109962,62425,1,51,22.14,30,93.8,4750.95,0.0,0,1129.14,1,1,0,1,1,0,1,0,1,0,0,0,1,1,1,0,1,0,1,0,1,0,1,0,0,1,0,0,1,0,0,1
66,0,33.847755,-118.112532,27563,0,72,6.03,2,104.15,7689.95,0.0,0,434.16,3,1,0,1,1,0,0,0,0,0,0,0,1,1,1,0,1,0,0,1,1,0,1,1,0,1,0,1,1,0,0,1
79,0,34.128284,-118.047732,30933,0,5,4.59,11,91.4,449.75,0.0,0,22.95,1,1,0,1,0,0,0,0,0,0,0,0,1,0,1,0,1,0,0,0,0,0,1,1,0,1,0,0,1,0,0,1
80,0,34.224377,-118.632656,49242,0,1,28.49,18,75.35,75.35,0.0,0,28.49,3,1,0,1,0,0,0,0,0,0,0,0,1,1,1,0,1,0,0,0,0,0,0,0,0,1,0,0,1,0,0,1
78,0,34.364153,-118.615583,9937,0,11,4.1,5,84.8,906.85,0.0,0,45.1,2,0,0,1,0,0,0,0,0,0,0,0,1,1,1,0,1,0,0,0,0,0,0,1,0,1,0,0,1,1,0,1
67,0,34.506627,-118.699048,22177,1,50,31.56,4,95.05,4888.7,0.0,50,1578.0,3,0,0,1,1,0,1,0,1,0,0,0,1,1,1,0,1,0,0,1,1,0,1,0,0,0,0,0,1,0,0,1
73,0,34.178483,-118.431791,40376,0,5,18.69,28,50.35,237.25,0.0,0,93.45,1,1,0,1,0,0,0,0,0,0,0,0,1,0,1,1,0,0,0,0,1,0,0,0,0,1,0,0,0,0,0,1
75,0,34.207295,-118.400022,57146,0,5,36.36,12,89.8,502.6,0.0,0,181.8,1,1,0,1,0,0,0,0,0,0,0,0,1,1,1,0,1,0,0,1,0,0,0,1,0,1,0,0,1,0,0,1
67,0,34.066964,-117.937007,44099,0,9,10.66,15,99.45,919.4,0.0,0,95.94,1,1,0,1,0,0,0,0,0,0,0,0,1,1,1,0,1,0,0,1,0,0,1,1,0,1,0,0,1,1,0,1
75,0,32.673483,-116.472863,3133,0,2,9.55,28,70.2,115.95,0.0,0,19.1,1,0,0,1,0,0,0,0,0,0,0,0,1,0,1,0,1,0,0,0,0,0,0,0,0,1,0,0,1,0,0,1
80,0,32.605012,-116.97595,9278,2,51,43.58,22,84.2,4146.05,0.0,0,2222.58,2,1,0,1,1,0,1,0,1,0,0,0,1,1,1,0,0,0,0,1,1,0,0,0,0,1,0,0,1,0,0,1
72,0,32.730264,-116.950963,7863,0,26,1.26,18,105.75,2710.25,0.0,90,32.76,1,1,0,1,1,0,0,0,0,1,0,0,1,1,1,0,1,0,0,1,1,0,1,1,1,0,0,0,0,0,0,1
70,0,33.290907,-117.202895,3849,1,18,0.0,12,48.35,810.7,0.0,0,0.0,2,0,0,1,1,0,1,0,0,0,0,0,0,0,1,1,0,0,0,0,1,0,1,1,1,1,0,0,1,0,0,1
73,0,33.079834,-117.134275,17944,1,1,24.24,9,49.55,49.55,0.0,0,24.24,1,0,0,1,1,0,1,0,0,0,0,1,1,0,1,0,0,0,1,0,0,0,0,0,0,1,0,0,1,0,0,1
75,0,33.384345,-117.072619,1831,1,2,6.86,20,50.15,115.1,0.0,0,13.72,1,0,0,1,1,0,1,0,0,0,0,1,1,0,1,1,0,0,0,1,0,0,0,0,0,1,0,0,0,1,0,1
70,0,33.313828,-116.940501,2615,1,29,35.38,21,95.9,2745.2,0.0,50,1026.02,3,1,0,1,1,0,1,0,0,1,0,0,1,1,1,0,1,0,0,1,1,0,0,1,1,0,0,0,1,0,0,1
77,0,33.22784,-117.200024,44692,0,1,0.0,15,25.25,25.25,0.0,0,0.0,2,0,0,1,0,0,0,0,0,0,0,1,0,0,1,1,0,0,0,0,0,0,0,0,0,1,0,0,0,0,0,1
80,0,32.961064,-117.134917,47224,1,46,5.36,22,101.0,4680.05,0.0,0,246.56,1,1,0,1,1,0,1,0,1,0,0,0,1,1,1,0,1,0,0,0,1,0,1,1,0,1,0,0,1,0,0,1
78,0,33.537646,-116.291089,3873,0,1,24.75,22,71.15,71.15,0.0,20,24.75,3,0,0,1,0,0,0,0,0,0,0,1,1,0,1,0,1,0,0,0,0,0,0,0,0,0,0,0,1,0,0,1
69,0,33.832799,-116.250973,5529,0,20,11.82,5,79.15,1520.9,0.0,0,236.4,1,0,0,1,0,0,0,0,0,0,0,0,1,1,1,0,1,0,1,0,0,0,0,0,0,1,0,0,1,0,0,1
71,0,33.906496,-116.569499,732,1,46,48.62,3,80.4,3605.2,0.0,20,2236.52,3,1,0,1,1,0,1,0,1,0,0,0,1,0,1,0,1,0,0,0,0,0,0,1,0,0,0,0,1,0,0,1
70,0,34.248061,-117.29028,10484,0,2,25.19,14,93.85,196.75,0.0,0,50.38,1,1,0,1,0,0,0,0,0,0,0,0,1,1,1,0,1,0,0,0,0,0,1,1,0,1,0,0,1,0,0,1
66,0,34.508417,-116.856103,5256,0,1,26.22,22,55.8,55.8,0.0,0,26.22,1,0,0,1,0,0,0,0,0,0,0,1,1,0,1,0,0,0,1,0,1,0,0,0,0,1,0,0,1,0,0,1
77,0,34.003243,-117.138286,31230,0,41,42.06,21,98.4,4187.75,0.0,0,1724.46,1,1,0,1,0,0,0,0,1,0,0,0,1,1,1,0,1,0,0,0,1,0,1,1,0,1,0,0,1,0,0,1
71,0,34.186211,-117.07683,5395,1,66,30.03,15,79.4,5154.6,0.0,150,1981.98,1,1,0,1,1,0,1,0,0,0,0,0,1,1,1,1,0,0,1,1,1,1,1,0,0,0,0,1,0,1,0,1
68,0,34.567058,-117.362329,12083,0,35,39.69,25,101.4,3496.3,0.0,0,1389.15,3,1,0,1,0,0,0,0,0,1,0,0,1,1,1,0,1,0,0,0,1,0,1,1,0,1,0,0,1,0,0,1
71,0,34.358321,-117.618263,4253,0,10,16.88,24,89.8,914.3,0.0,0,168.79999999999998,2,1,0,1,1,0,0,0,0,0,0,0,1,1,1,0,1,0,0,0,1,0,0,1,0,1,0,0,1,0,0,1
79,0,34.084909,-117.258107,12149,0,26,34.69,27,91.25,2351.8,0.0,0,901.94,3,0,0,1,0,0,0,0,0,1,0,0,1,0,1,0,1,0,0,0,0,0,1,1,0,1,0,0,1,0,0,1
80,0,33.885499,-117.324959,17147,0,18,2.36,21,85.45,1505.85,0.0,0,42.48,1,0,0,1,0,0,0,0,0,0,0,0,1,1,1,0,1,0,0,1,0,1,0,0,0,1,0,0,1,0,0,1
65,0,33.705836,-117.318204,4546,0,1,28.46,12,71.65,71.65,0.0,0,28.46,2,1,0,1,0,0,0,0,0,0,0,1,1,0,1,0,1,0,0,0,0,0,0,0,0,1,0,0,1,0,0,1
70,0,33.787298,-117.320676,36817,0,1,48.95,23,74.2,74.2,0.0,0,48.95,2,0,0,1,0,0,0,0,0,0,0,1,1,1,1,0,1,0,0,0,0,0,0,0,0,1,0,0,1,0,0,1
68,0,33.475493,-117.219551,3070,8,43,31.25,20,101.0,4388.4,0.0,150,1343.75,1,1,0,1,1,0,1,0,1,0,0,0,1,1,1,0,1,0,0,1,0,0,1,1,0,0,0,0,1,0,0,1
80,0,33.507255,-117.029473,46171,3,25,33.63,25,89.05,2177.45,0.0,0,840.7500000000001,1,1,0,1,1,0,1,0,0,1,0,0,1,1,1,0,1,0,1,0,0,0,0,1,0,1,1,0,1,0,0,1
77,0,33.716136,-117.752574,26419,1,36,16.61,3,96.5,3436.1,0.0,0,597.96,3,1,0,1,1,0,1,0,0,0,0,0,1,1,1,0,1,0,0,1,0,0,1,1,0,1,0,0,1,0,0,1
65,0,33.600987,-117.862734,13422,1,1,49.6,13,70.85,70.85,0.0,0,49.6,2,1,0,1,1,0,1,0,0,0,0,1,1,0,1,0,1,0,0,0,0,0,0,0,0,1,0,0,0,1,0,1
66,0,33.766004,-117.786763,44117,1,41,45.04,29,111.95,4534.9,0.0,0,1846.64,2,1,0,1,1,0,1,0,1,0,0,0,1,1,1,0,0,0,0,1,1,1,1,1,0,1,1,0,1,0,0,1
70,0,34.227846,-119.079903,42853,0,1,16.19,12,69.1,69.1,0.0,0,16.19,3,1,0,1,0,0,0,0,0,0,0,0,1,0,1,0,1,0,0,0,0,0,0,0,0,1,0,0,0,0,0,1
69,0,34.297628,-119.014627,2966,0,2,43.96,14,78.55,149.55,0.0,0,87.92,2,0,0,1,0,0,0,0,0,0,0,1,1,1,1,0,1,0,0,0,1,0,0,0,0,1,0,0,1,0,0,1
66,0,36.186867,-120.387793,18036,0,49,32.36,2,96.2,4718.25,0.0,0,1585.64,2,1,0,1,0,0,0,0,1,0,0,0,1,1,1,0,1,0,0,0,0,0,1,1,0,1,0,0,1,0,0,1
75,0,35.846067,-119.004073,823,0,6,8.91,27,74.4,434.1,0.0,20,53.46,1,0,0,1,0,0,0,0,0,0,0,1,1,0,1,0,1,0,0,0,1,0,0,0,0,0,0,0,0,0,0,1
75,0,36.217864,-120.080117,6918,1,7,21.43,12,84.55,646.85,0.0,0,150.01,1,0,0,1,1,0,1,0,0,0,0,1,1,1,1,0,1,0,0,0,0,0,0,1,0,1,0,0,1,0,0,1
67,0,35.38381,-119.730885,302,0,20,29.29,15,85.8,1727.5,0.0,0,585.8,1,0,0,1,0,0,0,0,0,0,1,0,1,1,1,0,1,0,0,0,0,0,0,1,1,1,0,0,1,1,0,1
75,0,36.303793,-119.375646,44741,0,54,33.49,8,101.5,5373.1,0.0,0,1808.46,2,0,0,1,1,0,0,0,1,0,0,0,1,1,1,0,1,0,0,1,0,0,1,1,1,1,1,0,1,1,0,1
74,0,35.710244,-118.881679,88,0,2,15.32,21,69.6,131.65,0.0,0,30.64,3,0,0,1,0,0,0,0,0,0,0,1,1,0,1,0,1,0,0,0,0,0,0,0,0,1,0,0,1,0,0,1
74,0,34.95703,-117.73045,2241,0,30,0.0,7,40.3,1172.95,0.0,100,0.0,2,0,0,1,0,0,0,0,0,0,0,0,0,0,1,0,0,0,0,0,1,0,1,0,0,0,0,0,1,0,0,1
67,0,34.613476,-118.256358,34045,1,58,3.18,5,98.7,5812.6,0.0,0,184.44,1,1,0,1,1,0,1,0,1,0,0,0,1,1,1,0,1,0,0,0,1,0,1,1,1,1,0,0,1,0,0,1
74,0,34.598221,-117.79593,6787,1,68,21.33,24,100.2,6851.65,0.0,0,1450.4399999999998,1,0,0,1,1,0,1,0,0,0,0,0,1,1,1,0,0,0,0,1,0,0,1,1,1,1,0,0,1,0,0,1
69,0,36.520537,-120.118055,152,1,24,13.38,12,93.55,2264.05,0.0,0,321.12,2,0,0,1,1,0,1,0,0,0,0,0,1,1,1,0,1,0,0,0,0,0,1,1,1,1,0,0,1,0,0,1
70,0,36.622237,-119.521126,12587,1,27,39.49,7,95.55,2510.2,0.0,0,1066.23,1,1,0,1,1,0,1,0,0,0,0,0,1,1,1,0,1,0,0,1,1,0,0,1,1,1,0,0,1,0,0,1
79,0,37.691561,-122.445202,47453,0,2,0.0,11,24.35,41.85,0.0,0,0.0,1,0,0,1,0,0,0,0,0,0,0,0,0,0,1,1,0,0,0,0,0,0,0,0,0,1,0,0,0,0,0,1
76,0,37.45567,-122.407992,17929,0,29,20.98,16,98.65,2862.75,0.0,0,608.42,1,0,0,1,0,0,0,0,0,0,0,0,1,1,1,0,1,0,0,0,0,1,1,1,0,1,0,0,0,0,0,1
78,0,37.266388,-122.26308,148,1,5,6.66,14,79.9,343.95,0.0,20,33.3,2,1,0,1,1,0,1,0,0,0,0,0,1,1,1,0,1,0,0,0,1,0,0,0,0,0,0,0,1,0,0,1
79,0,37.454924,-122.203168,6876,0,28,28.14,10,103.3,2890.65,0.0,0,787.9200000000001,2,0,0,1,0,0,0,0,0,0,0,0,1,1,1,0,1,0,0,0,1,1,1,1,0,1,0,0,1,0,0,1
73,0,37.791222,-122.402241,384,0,24,3.23,26,102.95,2496.7,0.0,0,77.52,3,1,0,1,0,0,0,0,0,0,0,0,1,1,1,0,1,0,0,1,1,0,1,1,0,1,0,0,1,1,0,1
74,0,37.990118,-122.012188,18650,7,43,8.75,13,109.55,4830.25,0.0,0,376.25,2,0,0,1,1,0,1,0,1,0,0,0,1,1,1,0,1,0,1,0,1,1,1,1,0,1,1,0,1,1,0,1
73,0,38.049292,-122.228415,3193,0,2,5.57,24,66.4,94.55,0.0,0,11.14,1,1,0,1,0,0,0,0,0,0,0,0,1,0,1,0,0,0,1,0,1,0,1,0,0,1,0,0,0,0,0,1
71,0,38.287136,-122.02711,77683,6,66,49.85,14,100.05,6871.9,0.0,0,3290.1,2,1,0,1,1,0,1,0,0,0,0,0,1,1,1,0,1,0,0,0,0,1,1,1,0,1,0,0,1,1,0,1
68,0,37.996462,-122.293716,16717,1,66,27.75,11,105.95,6975.25,0.0,0,1831.5,2,0,0,1,1,0,1,0,0,0,0,0,1,1,1,0,1,0,0,0,1,1,1,1,0,1,1,0,1,1,0,1
70,0,38.035707,-122.196821,173,0,31,15.43,2,73.9,2217.15,0.0,0,478.33,1,0,0,1,0,0,0,0,0,0,0,0,1,1,1,0,1,0,0,0,0,0,0,0,0,1,0,0,1,0,0,1
66,0,38.104705,-122.247387,37218,0,37,3.3,2,96.55,3580.3,0.0,0,122.1,2,0,0,1,0,0,0,0,0,0,0,0,1,1,1,0,1,0,0,0,0,0,1,1,0,1,0,0,1,0,0,1
65,0,37.776523,-122.219268,54876,0,24,28.98,30,101.25,2440.15,0.0,0,695.52,3,1,0,1,0,0,0,0,0,0,0,0,1,1,1,0,1,0,0,1,0,0,1,1,1,1,0,0,1,0,0,1
78,0,37.980269,-122.342635,55720,0,2,43.66,25,44.15,92.65,0.0,0,87.32,2,1,0,1,0,0,0,0,0,0,0,0,1,0,1,1,0,0,0,0,0,0,0,0,0,1,0,0,1,0,0,1
74,0,38.018065,-122.546024,28403,0,8,13.8,6,75.75,606.25,0.0,0,110.4,3,0,0,1,0,0,0,0,0,0,0,0,1,1,1,0,1,0,0,0,0,0,0,0,0,1,0,0,1,0,0,1
78,0,37.924014,-122.511694,9038,1,1,17.51,21,80.3,80.3,0.0,0,17.51,1,1,0,1,1,0,1,0,0,0,0,0,1,1,1,0,1,0,1,0,0,0,0,0,0,1,0,0,1,0,0,1
79,0,38.060264,-122.830646,1885,0,9,43.34,2,80.85,751.65,0.0,0,390.06000000000006,2,0,0,1,0,0,0,0,0,0,0,0,1,0,1,0,1,0,0,0,0,0,1,0,0,1,0,0,1,0,0,1
76,0,37.171727,-122.142961,10520,0,49,44.88,15,90.85,4515.85,0.0,0,2199.1200000000003,2,0,0,1,0,0,0,0,1,0,0,0,1,1,1,0,1,0,0,0,1,0,0,1,0,1,0,0,1,1,0,1
67,0,37.161544,-121.649371,41707,0,1,0.0,9,25.1,25.1,0.0,0,0.0,3,1,0,1,0,0,0,0,0,0,0,0,0,0,1,0,0,0,0,0,0,0,0,0,0,1,0,0,1,0,0,1
80,0,37.34667,-121.910019,18197,0,17,30.37,28,89.15,1496.9,0.0,0,516.29,1,0,0,1,0,0,0,0,0,0,1,0,1,0,1,0,1,0,0,1,1,0,1,0,0,1,0,0,1,0,0,1
77,0,37.902422,-121.440029,49657,0,3,2.98,3,79.9,260.9,0.0,0,8.94,2,1,0,1,0,0,0,0,0,0,0,0,1,0,1,0,1,0,0,0,0,0,1,0,0,1,0,0,1,0,0,1
73,0,38.044523,-121.348048,30814,0,30,43.61,8,99.7,2967.35,0.0,80,1308.3,1,0,0,1,0,0,0,0,0,0,0,0,1,1,1,0,1,0,0,1,0,0,1,1,0,0,0,0,1,0,0,1
74,0,38.147852,-120.440124,4353,1,41,45.84,18,83.75,3273.55,0.0,0,1879.44,1,1,0,1,1,0,1,0,1,0,0,0,1,1,1,0,1,0,1,0,1,0,0,0,0,1,0,0,1,0,0,1
76,0,37.435664,-121.049056,1508,1,42,2.9,21,74.15,3229.4,0.0,0,121.8,1,0,0,1,1,0,1,0,1,0,0,0,1,0,1,0,1,0,1,0,0,0,0,0,0,1,0,0,1,1,0,1
78,0,37.40122,-120.514191,23100,0,72,25.77,6,92.45,6440.25,0.0,0,1855.44,1,0,0,1,1,0,0,0,0,0,0,0,1,1,1,1,0,0,1,1,1,1,1,1,0,1,0,1,0,1,0,1
78,0,37.672906,-120.946594,47613,1,11,1.28,14,99.55,1131.2,0.0,0,14.08,3,0,0,1,1,0,1,0,0,0,1,0,1,1,1,0,1,0,0,0,1,0,1,1,0,1,0,0,1,0,0,1
66,0,37.716186,-121.025836,26055,0,8,5.02,26,81.25,585.95,0.0,0,40.16,1,1,0,1,0,0,0,0,0,0,0,0,1,1,1,0,1,0,0,0,1,0,0,0,0,1,0,0,1,0,0,1
69,0,37.421299,-120.599587,11463,0,1,22.56,2,50.55,50.55,0.0,0,22.56,1,0,0,1,0,0,0,0,0,0,0,0,1,1,1,0,0,0,0,0,0,0,0,0,0,1,0,0,0,1,0,1
74,0,38.838088,-122.73203,1591,0,27,31.17,25,85.25,2287.25,0.0,0,841.59,1,0,0,1,0,0,0,0,0,0,0,0,1,1,1,0,1,0,0,0,0,0,0,1,1,1,0,0,1,0,0,1
68,0,39.305545,-123.743697,2229,0,1,16.37,7,85.05,85.05,0.0,0,16.37,1,0,0,1,0,0,0,0,0,0,0,0,1,1,1,0,1,0,0,0,0,0,0,1,1,1,0,0,1,0,0,1
68,0,40.94338,-123.831799,1584,0,54,45.77,10,79.5,4370.25,0.0,0,2471.5800000000004,1,0,0,1,0,0,0,0,0,0,0,0,1,1,1,0,1,0,0,1,0,0,0,0,0,1,0,0,1,0,0,1
68,0,38.508735,-121.678813,67411,0,4,26.23,29,74.9,321.75,0.0,0,104.92,1,0,0,1,0,0,0,0,0,0,0,0,1,1,1,0,1,0,0,0,0,0,0,0,0,1,0,0,1,0,0,1
75,0,38.652065,-121.25441,40750,0,25,36.5,30,102.8,2660.2,0.0,0,912.5,1,0,0,1,0,0,0,0,0,0,0,0,1,1,1,0,1,0,1,1,0,0,1,1,0,1,0,0,1,1,0,1
73,0,38.636102,-120.522149,659,0,9,10.04,13,83.85,790.15,0.0,0,90.36,1,1,0,1,0,0,0,0,0,0,0,0,1,1,1,0,1,0,0,0,0,0,0,1,0,1,0,0,1,0,0,1
72,0,38.830739,-122.196202,228,0,27,16.94,11,88.3,2467.75,0.0,0,457.38000000000005,3,0,0,1,0,0,0,0,0,0,0,0,1,1,1,0,1,0,0,0,1,0,0,1,0,1,0,0,0,1,0,1
68,0,38.809175,-121.171375,11191,1,56,33.81,29,100.65,5688.05,0.0,130,1893.36,1,0,0,1,1,0,1,0,0,0,0,0,1,1,1,0,0,0,0,0,1,0,1,1,0,0,0,0,1,0,0,1
74,0,38.736685,-121.251984,25173,1,66,21.7,3,80.55,5265.1,0.0,0,1432.2,3,0,0,1,1,0,1,0,0,0,0,0,1,1,1,0,0,0,0,1,1,0,1,1,0,1,0,1,1,0,0,1
71,0,38.546999,-120.271114,5501,1,24,2.05,22,78.85,1772.25,0.0,0,49.2,1,1,0,1,1,0,1,0,0,0,0,0,1,1,1,0,1,0,1,0,0,0,0,0,0,1,0,0,1,0,0,1
75,0,39.279068,-120.414275,88,1,24,0.0,5,39.1,971.3,0.0,0,0.0,1,1,0,1,1,0,1,0,0,0,0,0,0,0,1,1,0,0,1,0,0,0,0,1,0,1,0,0,0,0,0,1
66,0,39.681488,-121.83721,32848,1,65,18.69,30,106.25,6979.8,0.0,0,1214.85,1,0,0,1,1,0,1,0,0,0,0,0,1,1,1,0,1,0,0,1,1,0,1,1,0,1,1,0,1,0,0,1
76,0,39.53222,-122.594879,587,0,1,21.85,29,94.0,94.0,0.0,0,21.85,1,1,0,1,0,0,0,0,0,0,0,0,1,1,1,0,1,0,0,0,0,0,1,1,0,1,0,0,1,0,0,1
67,0,39.033058,-121.895718,531,0,15,4.28,6,89.85,1424.95,0.0,0,64.2,2,0,0,1,0,0,0,0,0,0,1,0,1,1,1,0,1,0,0,1,0,0,0,1,0,1,0,0,0,0,0,1
79,0,39.424957,-122.039307,495,0,8,45.16,15,105.5,829.55,0.0,0,361.28,3,0,0,1,0,0,0,0,0,0,0,0,1,1,1,0,1,0,0,1,1,0,1,1,0,1,0,0,1,0,0,1
78,0,39.117537,-122.284654,4579,0,7,32.4,7,73.75,545.15,0.0,0,226.8,2,1,0,1,0,0,0,0,0,0,0,0,1,1,1,0,1,0,0,0,0,0,0,0,0,1,0,0,0,1,0,1
79,0,39.075694,-121.70606,27786,0,9,2.45,7,54.55,494.05,0.0,0,22.05,1,1,0,1,0,0,0,0,0,0,0,1,1,1,1,1,0,0,1,0,0,0,0,0,0,1,0,0,0,0,0,1
78,0,40.448632,-122.306657,21418,0,37,26.95,17,76.25,2841.55,0.0,0,997.15,3,0,0,1,0,0,0,0,0,1,0,0,1,1,1,0,1,0,0,0,0,0,0,0,0,1,0,0,1,0,0,1
71,0,41.096569,-121.879082,265,0,3,2.26,3,70.4,204.7,0.0,0,6.779999999999999,3,0,0,1,0,0,0,0,0,0,0,1,1,0,1,0,1,0,0,0,0,0,0,0,0,1,0,0,1,0,0,1
76,0,40.789799,-121.474529,397,9,48,43.04,5,117.45,5438.9,0.0,0,2065.92,1,0,0,1,1,0,1,0,0,0,0,0,1,1,1,0,1,0,1,1,1,1,1,1,0,1,0,0,0,0,0,1
65,0,40.704293,-122.803899,1845,0,8,0.0,4,29.4,221.9,0.0,0,0.0,1,1,0,1,0,0,0,0,0,0,0,1,0,0,1,1,0,0,0,0,1,0,0,0,0,1,0,0,1,0,0,1
75,0,39.884395,-122.587513,263,1,37,46.61,26,85.7,3171.15,0.0,0,1724.57,2,1,0,1,1,0,1,0,0,1,0,0,1,1,1,0,1,0,0,0,0,0,1,0,0,1,0,0,1,0,0,1
75,0,40.497441,-121.827524,4231,0,28,9.67,28,106.15,3152.5,0.0,0,270.76,1,0,0,1,0,0,0,0,0,1,0,0,1,1,1,0,1,0,0,1,1,0,1,1,0,1,0,0,1,0,0,1
69,0,40.759401,-122.939337,3749,0,36,23.33,23,90.85,3186.7,0.0,0,839.8799999999999,1,1,0,1,0,0,0,0,0,1,0,0,1,1,1,0,1,0,1,0,0,0,1,0,0,1,0,0,1,0,0,1
68,3,33.362575,-117.299644,42239,1,4,42.13,52,46.0,181.6,0.0,0,168.52,1,0,0,1,1,1,1,0,0,0,0,1,1,0,1,0,0,0,0,0,0,0,0,0,0,1,0,0,0,0,0,1
66,0,33.973616,-118.24902,54492,0,8,5.21,8,94.45,742.95,0.0,0,41.68,1,0,0,1,0,0,0,0,0,0,0,1,1,0,1,0,1,0,0,0,1,0,1,1,0,1,0,0,1,1,0,1
65,0,34.059281,-118.30742,43019,0,50,18.92,11,95.7,4816.7,0.0,0,946.0,3,1,0,1,0,0,0,0,0,0,0,0,1,1,1,0,1,0,0,0,0,0,1,1,1,1,0,0,1,0,0,1
77,0,34.099869,-118.326843,30568,1,61,35.11,17,104.4,6405.0,0.0,0,2141.71,1,0,0,1,1,0,1,0,0,0,0,0,1,1,1,0,1,0,0,1,1,0,1,1,0,1,1,0,1,1,0,1
66,0,34.089953,-118.294824,41713,1,40,0.0,3,39.3,1637.4,0.0,0,0.0,3,0,0,1,1,0,1,0,0,0,0,0,0,0,1,0,0,0,0,1,0,0,1,0,0,1,0,0,1,0,0,1
72,0,33.952714,-118.292061,87383,0,2,41.43,20,44.7,93.7,0.0,0,82.86,1,1,0,1,0,0,0,0,0,0,0,1,1,0,1,0,0,0,0,0,0,0,0,0,0,1,0,0,1,0,0,1
77,0,33.956228,-118.120993,24908,0,10,6.01,27,85.55,851.75,0.0,0,60.1,1,1,0,1,1,0,0,0,0,0,1,0,1,1,1,0,1,0,0,0,0,0,0,1,0,1,0,0,0,0,0,1
66,0,33.97803,-118.217141,78114,1,16,9.93,27,85.35,1375.15,0.0,0,158.88,2,0,0,1,1,0,1,0,0,0,1,0,1,1,1,0,1,0,0,0,0,0,0,1,0,1,0,0,1,1,0,1
80,0,34.037037,-118.705803,11,0,2,31.91,30,79.6,195.05,0.0,0,63.82,3,0,0,1,0,0,0,0,0,0,0,1,1,0,1,0,0,0,0,0,0,0,0,1,0,1,0,0,1,0,0,1
68,0,34.079449,-118.548306,22548,0,19,28.12,25,90.6,1660.0,0.0,0,534.28,1,1,0,1,0,0,0,0,0,0,1,0,1,1,1,0,1,0,1,0,0,0,1,0,0,1,0,0,1,0,0,1
78,0,33.840524,-118.148403,30173,0,7,9.7,17,94.7,673.1,0.0,0,67.89999999999999,1,1,0,1,1,0,0,0,0,0,0,0,1,1,1,0,1,0,1,1,0,0,0,1,1,1,0,0,1,1,0,1
74,0,33.744119,-118.31448,21279,0,3,48.34,20,77.0,237.75,0.0,0,145.02,1,1,0,1,0,0,0,0,0,0,0,0,1,1,1,0,1,0,0,0,0,0,0,0,0,1,0,0,1,0,0,1
74,0,33.752524,-118.210737,38427,1,40,19.76,22,99.2,4062.2,0.0,0,790.4000000000001,3,0,0,1,1,0,1,0,0,0,0,0,1,0,1,0,1,0,0,1,0,1,1,1,1,1,1,0,1,1,0,1
65,0,33.823943,-118.111335,37417,0,47,36.58,20,85.5,4042.3,0.0,50,1719.26,3,1,0,1,0,0,0,0,0,0,0,0,1,0,1,0,1,0,1,0,0,0,0,1,1,0,0,0,0,1,0,1
70,0,34.2112,-118.230625,7527,0,15,7.99,27,75.3,1147.45,0.0,0,119.85,3,0,0,1,0,0,0,0,0,0,0,0,1,0,1,0,1,0,0,1,0,0,0,0,0,1,0,0,1,1,0,1
70,0,34.159007,-118.087353,32369,3,24,49.76,11,104.25,2433.9,0.0,0,1194.24,1,1,0,1,1,0,1,0,0,1,0,0,1,1,1,0,1,0,0,1,1,0,1,1,1,1,0,0,1,0,0,1
75,0,34.122671,-118.112911,13158,0,15,12.08,5,80.2,1217.25,0.0,0,181.2,1,1,0,1,0,0,0,0,0,0,0,0,1,1,1,0,1,0,0,1,0,0,0,0,0,1,0,0,1,0,0,1
70,0,34.422519,-118.420717,59259,0,1,7.23,2,69.65,69.65,0.0,0,7.23,2,1,0,1,0,0,0,0,0,0,0,0,1,0,1,0,1,0,0,0,0,0,0,0,0,1,0,0,1,0,0,1
71,0,34.506627,-118.699048,22177,1,36,31.65,15,84.1,3021.6,0.0,0,1139.4,1,1,0,1,1,0,1,0,0,1,0,0,1,1,1,0,1,0,0,0,0,0,0,1,0,1,0,0,1,0,0,1
79,0,34.17847,-118.459472,23646,1,34,25.84,15,79.6,2718.3,0.0,0,878.56,1,0,0,1,1,0,1,0,0,1,0,0,1,1,1,0,1,0,0,1,0,0,0,0,0,1,0,0,1,1,0,1
79,0,34.188339,-118.300942,18112,0,1,0.0,26,36.45,36.45,0.0,0,0.0,3,0,0,1,0,0,0,0,0,0,0,0,0,0,1,0,0,0,0,0,0,0,1,0,0,1,0,0,1,0,0,1
73,0,34.174493,-117.87068,57775,1,47,38.31,7,80.35,3825.85,0.0,90,1800.5700000000002,1,0,0,1,1,0,1,0,0,0,0,0,1,1,1,0,1,0,1,0,0,0,0,0,0,0,0,0,0,0,0,1
74,0,34.079934,-118.046695,30211,1,24,0.0,29,40.65,933.3,0.0,0,0.0,1,0,0,1,1,0,1,0,0,1,0,0,0,0,1,0,0,0,0,0,1,0,0,1,0,1,0,0,1,1,0,1
80,0,34.083086,-117.737997,46626,1,43,13.84,18,107.55,4533.9,0.0,140,595.12,2,0,0,1,1,0,1,0,0,0,0,0,1,1,1,0,0,0,0,0,1,1,1,1,0,0,1,0,1,0,0,1
69,0,34.065108,-118.082791,61623,1,16,15.16,7,98.75,1587.55,0.0,0,242.56,2,1,0,1,1,0,1,0,0,0,0,0,1,1,1,0,1,0,0,0,1,0,1,1,0,1,0,0,1,0,0,1
71,0,32.787836,-117.232376,46086,0,5,30.05,11,69.05,318.5,0.0,0,150.25,3,0,0,1,0,0,0,0,0,0,0,0,1,0,1,0,1,0,0,0,0,0,0,0,0,1,0,0,1,1,0,1
73,0,32.787836,-117.232376,46086,0,37,38.06,19,101.1,3744.05,0.0,0,1408.22,1,1,0,1,0,0,0,0,0,1,0,0,1,1,1,0,1,0,0,0,1,0,1,1,0,1,0,0,1,0,0,1
79,0,32.787836,-117.232376,46086,0,5,0.0,15,45.7,198.0,0.0,0,0.0,3,0,0,1,0,0,0,0,0,0,0,0,0,0,1,1,0,0,0,0,0,0,1,1,0,1,0,0,0,0,0,1
67,0,32.787836,-117.232376,46086,1,28,16.43,20,101.3,2812.2,0.0,0,460.04,3,0,0,1,1,0,1,0,0,1,0,0,1,1,1,0,1,0,0,0,0,1,1,1,0,1,0,0,1,1,0,1
72,0,32.886925,-117.152162,74232,1,10,11.12,30,92.5,934.1,0.0,100,111.2,1,1,0,1,1,0,1,0,0,0,0,0,1,0,1,0,1,0,0,1,1,1,1,0,0,0,0,0,1,1,0,1
75,0,32.886925,-117.152162,74232,0,1,39.61,16,74.45,74.45,0.0,0,39.61,3,0,0,1,0,0,0,0,0,0,0,0,1,1,1,0,1,0,0,0,0,0,0,0,0,1,0,0,1,1,0,1
76,0,32.886925,-117.152162,74232,0,10,0.0,20,29.65,291.4,0.0,110,0.0,2,0,0,1,0,0,0,0,0,0,0,0,0,0,1,0,0,0,0,0,0,1,0,0,0,0,0,0,1,0,0,1
69,0,32.886925,-117.152162,74232,0,3,5.54,16,70.3,235.5,0.0,0,16.62,3,0,0,1,0,0,0,0,0,0,0,0,1,0,1,0,1,0,0,0,0,0,0,0,0,1,0,0,1,0,0,1
76,0,32.886925,-117.152162,74232,0,12,21.89,26,99.45,1200.15,0.0,0,262.68,3,1,0,1,0,0,0,0,0,0,0,0,1,1,1,0,1,0,0,0,1,0,1,1,0,1,0,0,1,0,0,1
68,0,32.886925,-117.152162,74232,0,26,9.09,12,89.15,2277.65,0.0,0,236.34,1,0,0,1,0,0,0,0,0,1,0,0,1,1,1,0,1,0,0,1,0,0,1,0,0,1,0,0,1,0,0,1
77,0,32.886925,-117.152162,74232,1,1,0.0,19,24.8,24.8,0.0,0,0.0,1,0,0,1,1,0,1,0,0,0,0,0,0,0,1,1,0,0,0,0,0,0,0,0,0,1,0,0,1,0,0,1
67,0,34.358321,-117.618263,4253,0,20,27.11,27,61.6,1174.35,0.0,0,542.2,1,0,0,1,0,0,0,0,0,0,0,0,1,1,1,1,0,0,0,0,0,0,0,1,0,1,0,0,1,1,0,1
67,0,34.04597,-117.011825,41575,0,32,25.45,18,96.15,3019.25,0.0,0,814.4,2,1,0,1,0,0,0,0,0,1,0,0,1,1,1,0,1,0,0,0,0,0,1,1,0,1,0,0,1,1,0,1
76,0,34.004379,-117.447864,63999,1,1,12.46,22,69.55,69.55,0.0,0,12.46,2,0,0,1,1,0,1,0,0,0,0,0,1,0,1,0,1,0,0,0,0,0,0,0,0,1,0,0,1,0,0,1
66,0,33.796568,-116.924723,21349,0,5,27.35,27,84.85,415.55,0.0,20,136.75,1,0,0,1,0,0,0,0,0,0,0,0,1,0,1,0,1,0,0,0,1,0,1,0,0,0,0,0,1,1,0,1
80,0,33.475493,-117.219551,3070,0,1,39.88,19,73.65,73.65,0.0,0,39.88,3,1,0,1,0,0,0,0,0,0,0,0,1,1,1,0,1,0,0,0,0,0,0,0,0,1,0,0,1,0,0,1
78,0,33.716136,-117.752574,26419,1,6,28.71,17,84.35,474.9,0.0,0,172.26,3,0,0,1,1,0,1,0,0,0,0,0,1,1,1,0,1,0,0,0,0,0,0,1,0,1,0,0,1,0,0,1
69,0,33.477923,-117.705314,27730,1,1,7.74,19,46.0,46.0,0.0,0,7.74,1,0,0,1,1,0,1,0,0,0,0,0,1,0,1,1,0,0,0,0,0,0,0,0,0,1,0,0,0,0,0,1
78,0,33.644849,-117.684254,59176,0,15,17.23,12,79.4,1156.1,0.0,0,258.45,1,1,0,1,0,0,0,0,0,0,0,0,1,0,1,0,1,0,0,0,0,0,0,1,0,1,0,0,1,0,0,1
78,0,33.679659,-118.016195,42663,1,16,45.9,5,71.8,1167.8,0.0,0,734.4,1,1,0,1,1,0,1,0,0,0,0,0,1,0,1,0,1,0,0,0,0,0,0,0,0,1,0,0,1,0,0,1
68,0,33.570023,-117.773669,25206,1,44,24.62,14,88.4,3912.9,0.0,0,1083.28,3,1,0,1,1,0,1,0,0,0,0,0,1,1,1,0,0,0,0,1,0,0,0,1,1,1,1,0,0,1,0,1
75,0,34.227846,-119.079903,42853,3,3,7.38,11,83.9,267.4,0.0,0,22.14,1,0,0,1,1,0,1,0,0,0,0,0,1,0,1,0,1,0,0,0,0,1,1,0,0,1,0,0,1,1,0,1
70,0,34.312945,-118.858169,32984,0,1,43.45,30,69.85,69.85,0.0,40,43.45,1,0,0,1,0,0,0,0,0,0,0,0,1,0,1,0,1,0,0,0,0,0,0,0,0,0,0,0,1,0,0,1
65,0,34.269449,-118.768471,64802,1,26,18.26,3,84.95,2169.75,0.0,0,474.7600000000001,3,0,0,1,1,0,1,0,0,1,0,0,1,0,1,0,1,0,0,1,0,0,0,1,1,1,0,0,0,0,0,1
71,0,35.916943,-120.129921,14697,0,22,46.11,27,90.5,1910.6,0.0,0,1014.42,1,1,0,1,0,0,0,0,0,0,0,0,1,1,1,0,1,0,0,0,0,1,1,0,0,1,0,0,1,0,0,1
72,0,36.301689,-119.018233,13333,0,40,0.0,6,55.8,2109.35,0.0,80,0.0,1,0,0,1,0,0,0,0,0,0,0,0,0,0,1,0,0,0,1,1,0,0,1,1,1,0,0,0,1,0,0,1
69,0,34.956577,-119.750142,798,0,1,19.87,0,20.05,20.05,0.0,0,19.87,1,1,0,1,0,0,0,0,0,0,0,1,1,0,0,0,0,1,0,0,0,0,0,0,0,0,0,0,0,1,0,1
70,0,35.233745,-120.626442,27047,0,10,16.85,30,84.6,865.55,0.0,0,168.5,3,0,0,1,0,0,0,0,0,0,0,0,1,0,1,0,1,0,0,0,1,0,0,1,1,1,0,0,1,1,0,1
80,0,34.758699,-120.275839,1328,1,1,22.86,0,20.85,20.85,0.0,0,22.86,3,0,0,1,1,0,1,0,0,0,0,1,1,0,0,0,0,1,0,0,0,0,0,0,0,0,0,0,1,1,0,1
73,0,35.059695,-120.604741,7435,1,58,16.94,19,105.5,6205.5,0.0,0,982.52,1,0,0,1,1,0,1,0,0,0,0,0,1,0,1,0,1,0,1,1,0,1,1,1,1,1,1,0,1,1,0,1
73,0,35.165668,-120.655842,8564,0,6,29.41,30,85.15,503.6,0.0,0,176.46,2,1,0,1,0,0,0,0,0,0,0,1,1,0,1,0,1,0,1,0,0,0,1,0,0,1,0,0,1,0,0,1
79,0,37.245505,-118.062943,1826,1,71,44.66,8,105.1,7548.1,0.0,0,3170.86,1,1,0,1,1,0,1,0,0,0,0,0,1,1,1,0,1,0,1,1,0,0,1,1,1,1,0,0,1,1,0,1
79,0,35.363339,-117.637641,207,1,20,4.77,17,90.8,1951.0,0.0,0,95.4,1,0,0,1,1,0,1,0,0,0,0,0,1,1,1,0,1,0,0,0,1,0,1,0,0,1,0,0,0,0,0,1
73,0,33.362575,-117.299644,42239,5,27,10.19,27,104.3,2867.75,0.0,0,275.13,1,0,0,1,1,0,1,0,0,1,0,0,1,1,1,0,1,0,1,0,0,1,1,1,0,1,0,0,1,0,0,1
77,0,36.523619,-119.386868,24206,2,13,37.86,19,70.15,916.75,0.0,90,492.18,2,0,0,1,1,0,1,0,0,0,0,0,1,0,1,0,1,0,0,0,0,0,0,0,0,0,0,0,1,0,0,1
68,0,37.004068,-119.930027,49247,5,68,1.98,19,96.55,6581.9,0.0,0,134.64,1,0,0,1,1,0,1,0,0,0,0,0,1,1,1,0,1,0,1,1,0,0,0,1,0,1,1,0,1,1,0,1
70,0,36.545322,-119.642281,26213,0,1,31.13,5,69.65,69.65,0.0,0,31.13,3,0,0,1,0,0,0,0,0,0,0,0,1,0,1,0,1,0,0,0,0,0,0,0,0,1,0,0,1,0,0,1
68,0,37.223,-119.001021,642,0,1,30.23,30,89.3,89.3,0.0,0,30.23,1,0,0,1,0,0,0,0,0,0,0,1,1,0,1,0,1,0,0,0,0,0,1,1,0,1,0,0,1,0,0,1
76,0,36.739385,-119.753649,47999,0,15,19.11,8,96.3,1426.75,0.0,150,286.65,1,0,0,1,0,0,0,0,0,0,0,0,1,0,1,0,1,0,1,0,1,1,0,1,0,0,0,0,1,1,0,1
68,0,36.596271,-121.442274,1140,0,9,12.18,6,85.05,746.5,0.0,30,109.62,3,1,0,1,0,0,0,0,0,0,0,1,1,1,1,0,1,0,0,0,0,0,0,1,0,0,0,0,1,0,0,1
80,0,36.125529,-120.864443,521,0,1,39.1,27,70.3,70.3,0.0,0,39.1,1,1,0,1,1,0,0,0,0,0,0,1,1,0,1,0,1,0,0,0,0,0,0,0,0,1,0,0,1,0,0,1
79,0,37.369709,-122.215844,6601,0,70,0.0,20,45.25,3264.45,0.0,0,0.0,2,1,0,1,0,0,0,0,0,0,0,0,0,0,1,1,0,0,0,0,0,0,1,1,0,1,1,0,1,0,0,1
78,0,37.461251,-122.235414,35737,0,20,5.71,22,71.3,1389.2,0.0,0,114.2,2,1,0,1,0,0,0,0,0,0,1,0,1,0,1,0,1,0,0,0,0,0,0,0,0,1,0,0,0,1,0,1
76,0,37.499411,-122.196318,32368,1,21,19.74,18,69.1,1474.75,0.0,0,414.54,2,1,0,1,1,0,1,0,0,0,1,0,1,0,1,0,1,0,0,0,0,0,0,0,0,1,0,0,1,0,0,1
65,0,37.776718,-122.495781,42476,0,1,28.82,22,86.0,86.0,0.0,0,28.82,1,0,0,1,0,0,0,0,0,0,0,1,1,0,1,0,1,0,0,1,0,0,0,1,1,1,0,0,1,0,0,1
80,0,37.722302,-122.491129,26297,1,46,0.0,15,59.9,2816.65,0.0,150,0.0,3,1,0,1,1,0,1,0,0,0,0,0,0,0,1,1,0,0,0,1,1,1,1,1,0,0,1,0,1,0,0,1
65,0,37.83323,-121.601461,10153,0,14,16.36,6,78.95,1101.85,0.0,0,229.04,1,0,0,1,0,0,0,0,0,0,1,0,1,1,1,0,1,0,0,1,0,0,0,0,0,1,0,0,1,0,0,1
78,0,37.971421,-121.971504,39888,0,47,16.83,12,85.2,3969.35,0.0,0,791.0099999999999,1,0,0,1,0,0,0,0,0,0,0,0,1,1,1,0,1,0,0,1,1,0,0,0,0,1,0,0,1,0,0,1
78,0,38.014457,-122.115432,46677,1,13,27.82,4,98.0,1237.85,0.0,0,361.66,1,1,0,1,1,0,1,0,0,0,1,0,1,0,1,0,1,0,0,1,1,0,1,1,0,1,0,0,1,0,0,1
68,0,37.827946,-122.107185,16510,0,3,35.43,18,105.0,294.45,0.0,0,106.29,3,1,0,1,0,0,0,0,0,0,0,1,1,1,1,0,1,0,0,1,1,0,1,1,0,1,0,0,1,0,0,1
73,0,38.489789,-122.27011,63947,1,26,9.28,26,93.85,2381.55,0.0,0,241.28,2,0,0,1,1,0,1,0,0,1,0,0,1,1,1,0,1,0,0,1,1,0,0,1,0,1,0,0,1,0,0,1
75,0,37.999406,-121.686241,27607,1,8,46.05,22,84.0,613.4,0.0,0,368.4,3,0,0,1,1,0,1,0,0,0,0,0,1,1,1,0,1,0,0,0,0,0,0,1,0,1,0,0,1,0,0,1
66,0,37.685052,-121.912061,28568,1,18,4.98,18,78.55,1422.65,0.0,0,89.64000000000001,3,1,0,1,1,0,1,0,0,0,1,0,1,0,1,0,1,0,0,0,0,0,0,1,0,1,0,0,0,0,0,1
73,0,37.803883,-122.208417,28900,0,4,0.0,19,25.2,102.5,0.0,0,0.0,3,1,0,1,0,0,0,0,0,0,0,1,0,0,1,1,0,0,0,0,0,0,0,0,0,1,0,0,1,0,0,1
73,0,37.83726,-122.287648,24589,0,15,17.19,19,55.0,757.1,0.0,0,257.85,1,0,0,1,0,0,0,0,0,0,1,0,1,1,1,1,0,0,0,0,0,1,0,0,0,1,0,0,0,1,0,1
70,0,37.945288,-122.383941,28450,1,3,32.31,27,94.6,279.55,0.0,0,96.93,1,1,0,1,1,0,1,0,0,0,0,1,1,1,1,0,1,0,0,0,0,0,1,1,0,1,0,0,1,0,0,1
74,0,37.937082,-122.532369,6773,1,53,39.36,23,103.85,5485.5,0.0,0,2086.08,1,1,0,1,1,0,1,0,0,0,0,0,1,1,1,0,1,0,0,1,1,0,1,1,0,1,0,0,1,0,0,1
70,0,37.078873,-122.090386,6407,1,68,47.17,29,105.3,7299.65,0.0,0,3207.56,3,1,0,1,1,0,1,0,0,0,0,0,1,1,1,0,1,0,0,1,1,0,1,1,0,1,0,0,1,0,0,1
71,0,37.171727,-122.142961,10520,0,25,47.66,23,88.95,2291.2,0.0,0,1191.5,2,1,0,1,0,0,0,0,0,1,0,0,1,1,1,0,1,0,0,1,0,0,1,0,0,1,0,0,1,0,0,1
66,0,37.279689,-121.954567,44976,1,66,48.87,13,110.85,7491.75,0.0,0,3225.42,1,1,0,1,1,0,1,0,0,0,0,0,1,1,1,0,1,0,0,1,1,1,1,1,0,1,1,0,1,0,0,1
68,0,37.114335,-122.237162,857,1,27,0.0,25,36.5,1032.0,0.0,30,0.0,1,1,0,1,1,0,1,0,0,1,0,0,0,0,1,1,0,0,0,0,0,0,0,1,0,0,0,0,0,0,0,1
73,0,37.161544,-121.649371,41707,1,29,6.25,21,94.45,2653.65,0.0,0,181.25,1,1,0,1,1,0,1,0,0,0,0,0,1,1,1,0,1,0,0,0,0,0,1,1,0,1,0,0,1,0,0,1
77,0,37.270938,-121.851046,36944,1,1,13.02,30,90.6,90.6,0.0,0,13.02,2,0,0,1,1,0,1,0,0,0,0,1,1,1,1,0,1,0,0,1,0,0,1,0,0,1,0,0,1,0,0,1
73,0,37.218705,-121.762429,7023,3,2,4.19,11,86.85,156.35,0.0,40,8.38,1,1,0,1,1,0,1,0,0,0,0,0,1,1,1,0,1,0,0,0,0,0,1,0,0,0,0,0,1,1,0,1
65,0,38.044523,-121.348048,30814,1,29,22.33,6,99.05,2952.85,0.0,0,647.5699999999999,1,0,0,1,1,0,1,0,0,0,0,0,1,1,1,0,1,0,0,0,1,0,1,1,1,1,0,0,1,0,0,1
65,0,38.055562,-120.456298,460,0,19,32.77,4,95.9,1777.9,0.0,0,622.6300000000001,1,1,0,1,0,0,0,0,0,0,1,0,1,0,1,0,1,0,0,0,1,0,1,1,1,1,0,0,1,1,0,1
78,0,38.169605,-121.310964,4176,0,47,14.22,11,95.05,4504.55,0.0,0,668.34,2,0,0,1,0,0,0,0,0,0,0,0,1,1,1,0,1,0,0,1,0,1,1,0,0,1,0,0,1,0,0,1
69,0,37.422961,-120.765493,10159,0,52,37.6,23,104.2,5568.35,0.0,0,1955.2,1,1,0,1,1,0,0,0,0,0,0,0,1,1,1,0,1,0,1,0,1,0,1,1,1,1,0,0,1,0,0,1
67,0,37.734971,-120.954271,16525,0,11,3.62,22,95.15,997.65,0.0,0,39.82,2,0,0,1,0,0,0,0,0,0,0,0,1,1,1,0,1,0,0,0,0,0,1,1,1,1,0,0,1,0,0,1
74,0,38.394091,-122.739814,30876,0,43,39.12,6,89.55,3856.75,0.0,0,1682.16,1,1,0,1,0,0,0,0,0,0,0,0,1,0,1,0,1,0,0,0,0,0,1,1,1,1,0,0,1,0,1,1
77,0,38.965804,-122.631779,13485,0,46,36.78,29,85.0,3969.4,0.0,0,1691.88,1,1,0,1,0,0,0,0,0,0,0,0,1,0,1,0,1,0,1,0,0,0,0,1,1,1,0,0,0,0,0,1
79,0,33.840524,-118.148403,30173,0,6,47.35,29,98.25,560.6,0.0,0,284.1,3,0,0,1,0,0,0,0,0,0,0,0,1,1,1,0,1,0,0,1,0,0,1,1,1,1,0,0,1,0,0,1
68,0,38.493888,-122.777141,476,0,1,0.0,9,25.7,25.7,0.0,0,0.0,1,0,0,1,0,0,0,0,0,0,0,0,0,0,1,0,0,0,0,0,0,0,0,0,0,1,0,0,1,0,1,1
76,0,39.080469,-122.955176,11180,6,1,41.16,6,76.4,76.4,0.0,0,41.16,2,0,0,1,1,0,1,0,0,0,0,0,1,0,1,0,1,0,0,1,0,0,0,0,0,1,0,0,1,0,1,1
80,2,39.141934,-122.770679,3002,5,22,0.0,18,40.05,880.2,0.0,0,0.0,1,1,0,1,1,1,1,0,0,0,0,0,0,0,1,0,0,0,1,0,0,0,0,1,0,1,0,0,0,0,1,1
72,0,38.696659,-123.436861,752,0,1,20.55,5,73.0,73.0,0.0,0,20.55,1,0,0,1,0,0,0,0,0,0,0,0,1,0,1,0,1,0,0,1,0,0,0,0,0,1,0,0,1,0,0,1
78,0,40.372532,-123.525626,695,0,33,38.53,2,83.85,2716.3,0.0,0,1271.49,2,1,0,1,0,0,0,0,0,0,0,0,1,1,1,0,1,0,0,1,1,0,0,0,0,1,0,0,1,1,0,1
67,0,40.057784,-123.679461,2423,0,2,12.52,25,70.65,142.35,0.0,0,25.04,1,0,0,1,0,0,0,0,0,0,0,0,1,0,1,0,1,0,0,0,0,0,0,0,0,1,0,0,1,0,0,1
74,0,38.99003,-121.114408,18197,0,26,47.63,26,95.0,2497.2,0.0,60,1238.38,1,0,0,1,0,0,0,0,0,0,0,0,1,1,1,0,1,0,1,1,0,0,0,1,0,0,0,0,1,0,0,1
68,0,38.636102,-120.522149,659,0,60,34.39,17,106.0,6441.4,0.0,110,2063.4,3,0,0,1,0,0,0,0,0,0,0,0,1,1,1,0,1,0,0,0,1,1,1,1,0,0,1,0,1,0,0,1
66,0,38.815515,-120.916997,485,5,38,15.78,30,74.95,2869.85,0.0,0,599.64,1,0,0,1,1,0,1,0,0,0,0,0,1,1,1,0,1,0,0,0,0,0,0,0,0,1,0,0,1,0,0,1
71,1,38.549822,-121.266725,929,3,1,8.38,19,49.25,49.25,0.0,0,8.38,3,1,0,1,1,1,1,0,0,0,0,0,1,0,1,1,0,0,0,0,0,1,0,0,0,1,0,0,1,1,0,1
65,0,38.759751,-121.288545,30614,2,7,34.66,3,101.95,700.85,0.0,0,242.62,1,1,0,1,1,0,1,0,0,0,0,0,1,1,1,0,1,0,0,0,1,0,1,1,1,1,0,0,1,0,0,1
65,0,38.470423,-121.114897,4731,0,2,20.99,22,94.0,181.7,0.0,0,41.98,1,1,0,1,0,0,0,0,0,0,0,1,1,1,1,0,1,0,0,0,0,0,1,1,1,1,0,0,1,0,0,1
69,0,38.486502,-121.334051,11396,1,51,17.87,9,77.5,3807.35,0.0,0,911.37,1,0,0,1,1,0,1,0,0,0,0,0,1,1,1,0,1,0,1,0,0,0,0,0,0,1,0,0,1,0,0,1
68,0,39.440687,-121.263583,1237,0,1,11.08,12,74.4,74.4,0.0,0,11.08,2,1,0,1,0,0,0,0,0,0,0,1,1,1,1,0,1,0,0,0,0,0,0,0,0,1,0,0,1,0,0,1
68,0,39.531028,-121.24807,452,1,47,8.97,19,100.05,4871.05,0.0,0,421.59,1,1,0,1,1,0,1,0,0,0,0,0,1,1,1,0,1,0,0,0,1,0,1,1,0,1,0,0,1,0,0,1
76,0,40.527834,-122.318749,30338,1,40,2.85,3,101.85,4086.3,0.0,0,114.0,1,1,0,1,1,0,1,0,0,0,0,0,1,1,1,0,1,0,1,0,0,0,1,1,0,1,0,0,0,0,0,1
74,0,40.692523,-122.369876,6277,1,1,0.0,18,25.05,25.05,0.0,0,0.0,1,1,0,1,1,0,1,0,0,0,0,1,0,0,1,0,0,0,0,0,0,0,0,0,0,1,0,0,0,0,0,1
79,0,41.962127,-122.527696,1026,0,2,45.41,18,74.85,156.4,0.0,0,90.82,2,1,0,1,0,0,0,0,0,0,0,1,1,1,1,0,1,0,0,0,0,0,0,0,0,1,0,0,1,0,1,1
69,0,40.408796,-121.579609,124,0,42,16.22,12,104.75,4323.45,0.0,0,681.24,1,0,0,1,0,0,0,0,0,0,0,0,1,1,1,0,1,0,0,1,1,0,1,1,0,1,0,0,1,0,0,1
74,0,39.884395,-122.587513,263,0,2,39.63,23,79.75,159.4,0.0,10,79.26,3,0,0,1,0,0,0,0,0,0,0,1,1,0,1,0,1,0,0,0,0,0,0,1,0,0,0,0,1,0,0,1
71,0,41.081847,-122.700545,734,1,14,47.01,19,100.2,1369.8,0.0,0,658.14,1,0,0,1,1,0,1,0,0,0,0,0,1,1,1,0,1,0,0,1,0,0,1,1,0,1,0,0,1,0,0,1
69,0,39.24124,-120.054765,678,0,66,9.9,25,110.9,7432.05,0.0,0,653.4,3,1,0,1,0,0,0,0,0,0,0,0,1,1,1,0,1,0,0,1,1,1,1,1,0,1,1,0,0,1,0,1
74,0,32.898613,-117.202937,4258,0,1,3.84,13,76.45,76.45,0.0,10,3.84,3,1,0,1,0,0,0,0,0,0,0,0,1,1,1,0,1,0,0,0,0,0,0,0,0,0,0,0,1,0,0,1
79,0,32.898613,-117.202937,4258,0,12,34.01,18,91.3,1094.5,0.0,0,408.12,2,0,0,1,0,0,0,0,0,0,0,0,1,1,1,0,1,0,0,1,0,0,1,0,0,1,0,0,1,0,0,1
69,0,32.898613,-117.202937,4258,0,6,47.9,6,95.75,573.75,0.0,0,287.4,3,1,0,1,1,0,0,0,0,0,0,1,1,0,1,0,1,0,0,0,1,0,1,1,0,1,0,0,1,0,0,1
80,0,33.927254,-118.249826,38128,0,27,42.91,5,81.45,2122.05,0.0,0,1158.57,3,1,0,1,0,0,0,0,0,0,0,0,1,1,1,0,1,0,0,1,0,0,0,0,0,1,0,0,1,0,0,1
65,0,33.921793,-118.140588,42459,0,3,26.32,8,91.05,289.1,0.0,0,78.96000000000001,2,1,0,1,0,0,0,0,0,0,0,1,1,1,1,0,1,0,0,0,1,0,1,0,0,1,0,0,0,0,0,1
78,0,33.86532,-118.396336,18693,1,2,17.73,18,79.2,172.85,0.0,0,35.46,3,0,0,1,1,0,1,0,0,0,0,1,1,1,1,0,1,0,0,0,1,0,0,0,0,1,0,0,0,0,0,1
75,0,33.936827,-118.359824,28680,0,14,35.07,10,74.3,1096.25,0.0,0,490.98,3,0,0,1,0,0,0,0,0,0,0,0,1,1,1,0,1,0,0,0,0,0,0,0,0,1,0,0,1,0,0,1
73,0,33.840399,-118.353714,41979,1,57,42.1,3,100.6,5746.15,0.0,0,2399.7000000000003,1,1,0,1,1,0,1,0,1,0,0,0,1,1,1,0,1,0,0,0,1,0,1,1,0,1,0,0,0,0,0,1
80,0,33.960891,-118.032222,38181,0,64,29.12,24,70.2,4481.0,0.0,0,1863.68,1,0,0,1,0,0,0,0,1,0,0,0,1,0,1,1,0,0,1,1,0,1,1,0,0,1,0,1,1,1,0,1
74,0,33.845706,-118.012204,44442,0,2,9.86,21,70.75,154.85,0.0,0,19.72,2,0,0,1,0,0,0,0,0,0,0,1,1,0,1,0,1,0,0,0,0,0,0,0,0,1,0,0,0,0,0,1
65,0,33.887676,-118.127289,72893,0,40,44.86,4,79.2,3233.85,0.0,0,1794.4,1,0,0,1,0,0,0,0,1,0,0,0,1,0,1,0,1,0,1,1,0,0,0,0,0,1,0,0,1,1,0,1
71,0,33.897122,-118.164432,55306,0,1,42.5,8,85.0,85.0,0.0,0,42.5,2,0,0,1,0,0,0,0,0,0,0,0,1,0,1,0,1,0,0,0,1,0,0,1,0,1,0,0,1,0,0,1
74,0,34.234912,-118.153729,20200,3,37,49.37,4,92.5,3473.4,0.0,0,1826.69,1,1,0,1,1,0,1,0,0,0,0,0,1,1,1,0,1,0,0,0,0,0,1,1,1,1,0,0,1,0,0,1
76,0,34.255442,-118.421314,97318,1,4,28.11,27,74.95,308.7,0.0,0,112.44,2,1,0,1,1,0,1,0,0,0,0,0,1,1,1,0,1,0,0,0,0,0,0,0,0,1,0,0,0,0,0,1
73,0,34.457005,-118.573726,17846,0,55,8.93,21,98.8,5617.75,0.0,0,491.15,2,1,0,1,0,0,0,0,1,0,0,0,1,1,1,0,1,0,1,0,0,0,1,1,1,1,0,0,1,0,0,1
71,0,34.214054,-118.88109,42526,1,32,2.08,25,80.3,2483.05,0.0,0,66.56,1,1,0,1,1,0,1,0,0,0,0,0,1,0,1,0,1,0,0,0,0,0,0,1,1,1,0,0,1,1,0,1
72,0,34.191842,-118.822796,33057,0,66,45.59,24,80.45,5224.35,0.0,140,3008.94,2,0,0,1,0,0,0,0,0,0,0,0,1,1,1,0,1,0,0,1,0,0,0,0,0,0,0,0,1,1,0,1
76,0,34.146957,-118.432138,29387,1,6,40.44,25,84.2,519.15,0.0,0,242.64,2,1,0,1,1,0,1,0,0,0,0,0,1,0,1,0,1,0,0,1,0,0,0,1,0,1,0,0,1,0,0,1
69,0,34.245289,-117.642503,23079,0,4,12.86,4,88.85,372.45,0.0,0,51.44,3,0,0,1,0,0,0,0,0,0,0,0,1,1,1,0,1,0,0,0,1,0,0,1,0,1,0,0,1,0,0,1
80,0,34.119363,-117.855059,25135,0,3,0.0,30,25.3,77.75,0.0,0,0.0,3,0,0,1,0,0,0,0,0,0,0,0,0,0,1,1,0,0,0,0,0,0,0,0,0,1,0,0,0,0,0,1
78,0,34.089927,-118.095645,38041,0,8,43.98,27,101.35,780.5,0.0,0,351.84,3,0,0,1,0,0,0,0,0,0,0,0,1,1,1,0,1,0,0,0,1,0,1,1,0,1,0,0,0,0,0,1
71,0,34.090925,-118.128164,54382,1,3,41.3,2,105.9,334.65,0.0,0,123.9,2,1,0,1,1,0,1,0,0,0,0,0,1,1,1,0,1,0,0,1,1,0,1,1,0,1,0,0,1,0,0,1
73,0,32.830852,-116.444601,81,1,43,17.43,26,103.0,4414.3,0.0,0,749.49,1,1,0,1,1,0,1,0,1,0,0,0,1,1,1,0,1,0,0,1,1,0,1,1,0,1,0,0,1,0,0,1
79,0,33.119028,-117.166036,6760,0,13,4.45,25,82.0,1127.2,0.0,0,57.85,2,0,0,1,0,0,0,0,0,0,0,0,1,1,1,0,1,0,0,0,0,0,0,1,0,1,0,0,1,0,0,1
72,0,32.741499,-117.127409,47689,1,27,45.82,13,101.25,2754.45,0.0,0,1237.14,1,0,0,1,1,0,1,0,0,0,0,0,1,0,1,0,1,0,1,0,1,0,1,1,0,1,0,0,1,0,0,1
69,0,32.787836,-117.232376,46086,0,25,18.46,3,89.5,2196.15,0.0,0,461.5,1,1,0,1,0,0,0,0,0,0,0,0,1,1,1,0,1,0,0,1,0,0,1,0,0,1,0,0,1,0,0,1
79,0,32.76501,-117.19938,24169,0,22,5.09,23,74.4,1692.6,0.0,0,111.98,1,0,0,1,0,0,0,0,0,0,0,0,1,1,1,0,1,0,0,0,0,0,0,0,0,0,0,0,1,0,0,1
68,0,32.707892,-117.05512,66838,1,18,25.27,15,99.75,1836.25,0.0,0,454.86,2,0,0,1,1,0,1,0,0,0,0,0,1,1,1,0,1,0,0,0,0,1,1,1,0,1,0,0,0,0,0,1
77,0,32.762506,-117.07245,56887,0,56,19.46,28,111.95,6418.9,0.0,0,1089.76,3,0,0,1,0,0,0,0,1,0,0,0,1,1,1,0,1,0,0,1,1,1,1,1,0,1,1,0,1,0,0,1
68,0,32.808814,-117.134694,25232,0,16,0.0,24,39.0,679.85,0.0,0,0.0,1,1,0,1,0,0,0,0,0,0,0,0,0,0,1,1,0,0,0,1,0,0,1,0,0,1,0,0,1,0,1,1
79,0,33.537646,-116.291089,3873,1,50,37.12,4,88.05,4367.35,0.0,100,1856.0,3,0,0,1,1,0,1,0,1,0,0,0,1,1,1,0,1,0,0,1,0,0,1,0,0,0,0,0,1,0,0,1
68,0,32.770393,-115.60915,43712,0,3,23.82,30,75.05,256.25,0.0,0,71.46000000000001,1,0,0,1,0,0,0,0,0,0,0,0,1,1,1,0,1,0,0,0,0,0,0,0,0,1,0,0,1,1,0,1
73,0,33.362575,-117.299644,42239,1,1,31.27,11,74.45,74.45,0.0,10,31.27,2,0,0,1,1,0,1,0,0,0,0,0,1,1,1,0,1,0,0,0,0,0,0,0,0,0,0,0,1,0,0,1
79,0,33.141265,-116.967221,48690,0,1,8.35,23,75.75,75.75,0.0,0,8.35,1,1,0,1,0,0,0,0,0,0,0,0,1,1,1,0,1,0,0,0,0,0,0,0,0,1,0,0,1,0,0,1
75,0,33.362575,-117.299644,42239,0,4,10.61,8,74.4,306.6,0.0,20,42.44,2,1,0,1,1,0,0,0,0,0,0,0,1,1,1,0,1,0,0,0,0,0,0,0,0,0,0,0,1,0,1,1
69,0,34.050198,-118.210946,49431,3,71,47.02,12,96.35,6766.95,0.0,0,3338.42,4,0,0,1,1,0,1,0,0,0,0,0,1,1,1,0,1,0,1,1,1,1,0,0,0,1,0,1,1,1,0,0
79,0,34.030578,-118.399613,58218,10,2,33.1,11,95.5,181.65,0.0,10,66.2,5,1,0,1,1,0,1,0,0,0,0,1,1,0,1,0,1,0,0,0,1,0,1,1,0,0,1,0,1,1,0,0
71,0,34.002642,-118.287596,56709,0,1,11.89,12,45.25,45.25,0.0,0,11.89,3,1,0,1,0,0,0,0,0,0,0,1,1,0,1,1,0,0,0,0,0,0,0,0,0,1,1,0,0,0,0,0
65,0,33.927254,-118.249826,38128,0,43,12.58,26,90.25,3838.75,0.0,0,540.94,4,0,0,1,0,0,0,0,1,0,0,0,1,1,1,0,1,0,0,1,0,0,1,0,0,1,1,0,1,0,0,0
65,0,34.003553,-118.308933,29299,9,25,30.6,2,69.5,1752.65,0.0,0,765.0,4,0,0,1,1,0,1,0,0,0,0,0,1,1,1,1,0,0,1,0,0,1,1,0,0,1,1,0,1,1,0,0
72,0,34.037251,-118.423573,24505,9,60,48.9,16,74.85,4456.35,0.0,0,2934.0,3,0,0,1,1,0,1,0,1,0,0,0,1,0,1,0,0,0,1,1,1,1,0,1,0,1,1,0,1,1,0,0
77,0,34.057496,-118.413959,2527,3,66,21.79,9,108.45,7076.35,0.0,0,1438.14,5,1,0,1,1,0,1,0,0,0,0,0,1,1,1,0,1,0,0,1,1,1,1,1,0,1,1,0,1,0,0,0
71,0,33.940884,-118.128628,40152,9,64,16.33,10,111.6,7099.0,0.0,0,1045.12,4,1,0,1,1,0,1,0,1,0,0,0,1,1,1,0,1,0,1,0,1,1,1,1,0,1,0,1,1,0,0,0
73,0,33.890853,-118.297967,47758,0,56,47.13,29,110.5,6139.5,0.0,0,2639.28,4,0,0,1,0,0,0,0,0,0,0,0,1,1,1,0,1,0,1,1,1,0,1,1,0,1,1,0,0,0,0,0
80,0,33.914775,-118.348083,93315,0,30,38.61,5,74.75,2111.3,0.0,0,1158.3,4,1,0,1,0,0,0,0,0,0,0,0,1,0,1,1,0,0,1,1,0,0,1,1,0,1,1,0,1,0,0,0
79,0,33.873395,-118.37019,37322,0,1,27.65,2,74.7,74.7,0.0,0,27.65,5,1,0,1,0,0,0,0,0,0,0,0,1,0,1,0,1,0,0,0,0,1,0,0,0,1,1,0,0,0,0,0
65,0,34.035849,-118.503508,11509,0,66,0.0,9,45.55,3027.25,0.0,0,0.0,5,0,0,1,1,0,0,1,0,0,0,0,0,0,1,0,0,0,0,1,1,0,1,0,0,1,1,0,0,0,0,0
73,0,33.867593,-118.080637,16398,0,71,0.0,20,56.45,3985.35,0.0,0,0.0,3,1,0,1,0,0,0,1,0,0,0,0,0,0,1,1,0,0,1,1,0,0,1,1,1,1,1,0,1,0,0,0
71,0,33.897122,-118.164432,55306,1,72,20.48,6,88.05,6425.65,0.0,0,1474.56,3,0,0,1,1,0,1,1,0,0,0,0,1,1,1,1,0,0,1,1,1,1,1,1,1,1,0,1,1,1,0,0
66,0,33.719221,-118.073596,1107,7,71,30.72,0,23.95,1756.2,0.0,0,2181.12,3,1,0,1,1,0,1,1,0,0,0,0,1,1,0,0,0,1,0,0,0,0,0,0,0,0,0,1,0,0,0,0
66,0,34.214054,-118.88109,42526,1,23,42.59,2,86.8,1975.85,0.0,0,979.57,3,1,0,1,1,0,1,0,0,0,0,0,1,1,1,0,1,0,0,0,0,0,0,1,1,1,1,0,0,0,0,0
77,0,34.098275,-117.967399,76890,2,65,38.32,25,94.4,6126.15,0.0,0,2490.8,4,0,0,1,1,0,1,0,0,0,0,0,1,0,1,0,1,0,1,1,1,0,0,1,1,1,1,0,0,0,0,0
68,0,33.942895,-117.725644,66754,0,13,10.51,20,54.8,731.3,0.0,0,136.63,4,0,0,1,0,0,0,0,0,0,0,0,1,0,1,1,0,0,0,1,1,0,0,0,0,1,1,0,1,0,0,0
66,0,33.990646,-117.663025,75319,0,4,36.4,29,75.35,273.4,0.0,0,145.6,3,1,0,1,0,0,0,0,0,0,0,1,1,0,1,0,1,0,1,0,0,0,0,0,0,1,1,0,0,0,0,0
69,0,33.998471,-117.973758,53686,5,29,0.0,23,45.0,1228.65,0.0,0,0.0,3,0,0,1,1,0,1,0,0,0,0,0,0,0,1,0,0,0,1,0,1,0,0,1,0,1,1,0,1,0,0,0
79,0,34.144703,-117.770299,35530,1,57,36.66,9,89.85,4925.35,0.0,0,2089.62,5,1,0,1,1,0,1,0,0,0,0,0,1,1,1,0,1,0,0,1,0,0,0,1,0,1,1,0,1,0,0,0
67,0,34.035602,-117.591528,56280,0,19,7.95,12,105.0,2007.25,0.0,20,151.05,3,0,0,1,0,0,0,0,0,0,0,0,1,0,1,0,1,0,1,1,0,1,1,1,0,0,1,0,1,0,1,0
68,0,34.083086,-117.737997,46626,3,20,27.56,3,107.05,2172.05,0.0,0,551.1999999999999,3,1,0,1,1,0,1,0,0,0,0,0,1,1,1,0,1,0,0,1,0,1,1,1,0,1,1,0,0,0,0,0
79,0,34.114772,-118.089431,23444,5,21,42.95,30,64.95,1339.8,0.0,0,901.95,4,1,0,1,1,0,1,0,0,0,0,0,1,0,1,1,0,0,1,1,0,0,0,1,0,1,1,0,1,0,0,0
77,0,32.607964,-117.059459,71126,0,6,8.06,19,89.35,567.8,0.0,0,48.36,3,0,0,1,0,0,0,0,0,0,0,1,1,0,1,0,1,0,0,0,0,0,1,1,0,1,1,0,1,0,0,0
73,0,32.912664,-116.635387,1587,4,35,2.12,3,100.8,3437.5,0.0,0,74.2,5,1,0,1,1,0,1,0,0,0,0,0,1,1,1,0,1,0,0,0,1,0,1,1,0,1,1,0,1,0,0,0
71,1,32.800671,-116.483363,1604,9,38,28.3,27,101.15,3741.85,0.0,0,1075.4,5,1,0,1,1,1,1,0,0,0,0,0,1,1,1,0,1,0,0,1,0,0,1,1,0,1,1,0,0,0,0,0
67,0,33.290907,-117.202895,3849,0,5,9.56,13,69.35,341.6,0.0,0,47.8,4,0,0,1,1,0,0,0,0,0,0,1,1,0,1,0,1,0,0,0,0,0,0,0,0,1,1,0,1,0,0,0
68,0,33.362575,-117.299644,42239,9,11,29.15,2,82.9,880.05,0.0,0,320.65,4,0,0,1,1,0,1,0,0,0,1,0,1,0,1,0,1,0,0,0,0,1,1,0,0,1,1,0,1,0,0,0
75,3,32.980678,-116.262854,3577,3,28,0.0,58,35.9,973.65,0.0,40,0.0,5,0,0,1,1,1,1,0,0,0,0,0,0,0,1,1,0,0,0,0,0,0,1,0,0,0,1,0,1,0,0,0
79,0,32.853743,-117.25034,42617,0,17,1.06,25,82.65,1470.05,0.0,0,18.02,4,0,0,1,0,0,0,0,0,0,1,0,1,1,1,0,1,0,0,0,1,0,0,0,0,1,1,0,1,1,0,0
69,0,33.012751,-117.200617,7615,0,32,19.92,14,54.65,1830.1,0.0,10,637.44,5,0,0,1,0,0,0,0,0,0,0,0,1,0,1,1,0,0,0,1,0,1,0,0,0,0,1,0,0,0,0,0
72,0,33.119028,-117.166036,6760,0,1,7.77,22,72.1,72.1,0.0,0,7.77,4,0,0,1,0,0,0,0,0,0,0,1,1,1,1,0,1,0,0,0,0,0,0,0,0,1,1,0,1,0,0,0
69,0,33.323705,-116.626907,1205,9,64,3.76,11,97.0,6430.9,0.0,0,240.64,3,0,0,1,1,0,1,0,0,0,0,0,1,0,1,0,1,0,1,1,1,0,0,1,0,1,1,0,0,0,0,0
72,0,32.716007,-117.117462,47140,0,7,16.36,28,89.15,574.35,0.0,0,114.52,5,0,0,1,0,0,0,0,0,0,0,0,1,0,1,0,1,0,0,0,0,0,1,1,0,1,1,0,1,0,0,0
70,0,32.71346,-117.236378,18525,0,16,9.72,29,54.1,889.0,0.0,0,155.52,3,0,0,1,0,0,0,0,0,0,1,0,1,1,1,1,0,0,1,0,0,0,0,0,0,1,1,0,1,0,0,0
78,0,32.555828,-117.040073,28488,1,72,0.0,24,64.8,4732.35,0.0,0,0.0,3,1,0,1,1,0,1,1,0,0,0,0,0,0,1,1,0,0,1,1,1,1,1,1,0,1,0,1,1,0,0,0
77,0,33.929812,-116.76058,2355,5,27,33.57,21,84.8,2309.55,0.0,0,906.39,3,1,0,1,1,0,1,0,0,0,0,0,1,1,1,1,0,0,0,1,1,1,1,1,0,1,1,0,1,0,0,0
73,0,32.690654,-115.431225,27804,0,2,23.91,22,44.3,89.3,0.0,0,47.82,3,0,0,1,0,0,0,0,0,0,0,1,1,0,1,0,0,0,0,0,0,0,0,0,0,1,1,0,1,0,0,0
76,0,33.829583,-116.474131,43141,10,42,42.29,10,95.05,3944.5,0.0,100,1776.18,4,0,0,1,1,0,1,0,0,0,0,0,1,1,1,0,1,0,0,0,0,0,1,1,0,0,1,0,1,0,0,0
78,0,33.889605,-115.257009,964,7,33,25.15,20,109.9,3694.7,0.0,0,829.9499999999999,3,1,0,1,1,0,1,0,0,0,0,0,1,1,1,0,1,0,1,0,1,1,1,1,0,1,1,0,1,0,0,0
74,0,33.832799,-116.250973,5529,0,33,0.0,11,54.6,1803.7,0.0,0,0.0,4,1,0,1,0,0,0,0,0,1,0,0,0,0,1,0,0,0,0,0,1,1,1,1,0,1,1,0,1,0,0,0
71,1,34.097863,-116.594561,3499,9,32,31.86,23,93.95,2861.45,0.0,0,1019.52,5,1,0,1,1,1,1,0,0,1,0,0,1,0,1,0,1,0,0,1,0,0,1,1,1,1,1,0,1,0,1,0
72,0,33.3249,-114.758334,291,10,48,12.6,21,70.65,3545.05,0.0,0,604.8,3,0,0,1,1,0,1,0,0,0,0,0,1,0,1,0,1,0,0,0,0,0,0,0,0,1,1,0,1,0,0,0
75,0,33.03679,-115.60503,2388,5,55,29.53,29,51.65,2838.55,0.0,0,1624.15,3,0,0,1,1,0,1,0,0,0,0,0,1,1,1,0,0,0,0,0,0,0,0,0,0,1,1,0,0,0,0,0
79,0,33.972293,-116.654195,805,4,52,29.15,9,105.1,5376.4,0.0,0,1515.8,4,1,0,1,1,0,1,0,0,0,0,0,1,1,1,0,1,0,0,1,1,0,1,1,1,1,1,0,1,0,0,0
76,0,34.059722,-117.39104,25995,0,49,24.84,14,101.55,5070.4,0.0,0,1217.16,3,0,0,1,0,0,0,0,0,0,0,0,1,1,1,0,1,0,1,0,0,0,1,1,1,1,1,0,0,1,0,0
78,0,34.136367,-117.460803,54586,0,22,49.98,28,69.75,1545.4,0.0,0,1099.56,3,0,0,1,0,0,0,0,0,0,1,0,1,0,1,1,0,0,1,0,1,1,0,1,1,1,1,0,1,0,1,0
75,0,34.103578,-117.04054,7324,5,72,21.37,13,116.05,8404.9,0.0,120,1538.64,3,1,0,1,1,0,1,1,0,0,0,0,1,1,1,0,1,0,1,1,1,1,1,1,1,0,0,1,1,0,0,0
66,0,35.478736,-115.516984,162,2,64,20.19,8,102.1,6538.45,0.0,0,1292.16,4,1,0,1,1,0,1,0,0,0,0,0,1,1,1,0,1,0,0,0,1,1,1,1,1,1,0,1,0,0,0,0
71,0,34.459322,-117.629729,4280,0,17,24.15,0,20.65,330.6,0.0,0,410.55,4,0,0,1,0,0,0,0,0,0,1,0,1,0,0,0,0,1,0,0,0,0,0,0,0,0,1,0,0,0,1,0
77,1,35.924252,-116.188668,87,6,35,14.19,17,76.05,2747.2,0.0,0,496.65,5,1,0,1,1,1,1,0,0,1,0,0,1,0,1,1,0,0,0,1,0,1,1,1,1,1,1,0,1,0,0,0
74,0,35.013299,-116.834092,1195,0,20,23.18,21,81.45,1671.6,0.0,0,463.6,5,0,0,1,0,0,0,0,0,0,1,0,1,0,1,0,1,0,0,0,0,0,0,1,1,1,1,0,1,0,0,0
73,0,33.9108,-117.398153,46550,9,61,34.24,20,64.05,3902.6,0.0,0,2088.6400000000003,4,1,0,1,1,0,1,0,0,0,0,0,1,1,1,1,0,0,0,1,0,0,0,1,1,1,1,0,0,0,0,0
73,0,33.705836,-117.318204,4546,4,71,43.99,17,80.7,5676.0,0.0,0,3123.29,3,0,0,1,1,0,1,1,0,0,0,0,1,1,1,0,1,0,1,0,0,0,0,0,0,1,0,1,1,1,0,0
78,0,33.923149,-117.244933,61205,1,20,32.54,5,94.3,1818.3,0.0,0,650.8,3,1,0,1,1,0,1,0,0,0,0,0,1,0,1,0,1,0,1,0,1,1,0,1,0,1,1,0,0,1,0,0
79,0,33.787298,-117.320676,36817,1,5,5.42,23,70.05,302.6,0.0,0,27.1,4,0,0,1,1,0,1,0,0,0,0,1,1,0,1,0,1,0,0,0,0,0,0,0,0,1,1,0,0,0,0,0
77,0,33.653338,-117.178271,14068,1,29,37.65,9,51.6,1442.0,0.0,0,1091.85,5,1,0,1,1,0,1,0,0,1,0,0,1,1,1,1,0,0,0,0,0,0,0,0,0,1,1,0,1,0,0,0
77,1,33.540604,-117.10909,25655,1,72,30.78,17,115.75,8399.15,0.0,110,2216.16,4,1,0,1,1,1,1,1,0,0,0,0,1,1,1,0,1,0,1,1,1,1,1,1,0,0,0,1,1,1,0,0
80,0,33.657433,-117.04254,4093,0,56,17.33,16,99.9,5706.3,0.0,0,970.48,3,0,0,1,0,0,0,0,0,0,0,0,1,1,1,0,1,0,0,1,1,1,1,0,0,1,0,1,1,0,0,0
80,1,33.698728,-117.67768,10936,0,68,32.11,12,107.15,7379.8,0.0,50,2183.48,5,1,0,1,1,1,0,1,0,0,0,0,1,1,1,0,1,0,0,0,1,1,1,1,0,0,1,0,1,1,0,0
80,0,33.570023,-117.773669,25206,9,50,14.49,17,101.9,5265.5,0.0,0,724.5,3,1,0,1,1,0,1,0,0,0,0,0,1,1,1,0,1,0,1,1,1,0,1,0,0,1,1,0,1,0,0,0
74,0,33.766004,-117.786763,44117,0,47,14.78,10,59.6,2754.0,0.0,0,694.66,3,1,0,1,0,0,0,0,0,0,0,0,1,1,1,1,0,0,0,1,0,1,0,0,0,1,0,1,0,0,0,0
76,0,33.712036,-117.950113,54548,6,28,45.67,8,110.85,3204.4,0.0,0,1278.76,4,0,0,1,1,0,1,0,0,1,0,0,1,1,1,0,1,0,0,1,1,1,1,1,0,1,1,0,1,0,0,0
68,0,33.807864,-117.923782,45086,3,35,20.44,18,94.55,3365.4,0.0,0,715.4000000000001,3,1,0,1,1,0,1,0,0,1,0,0,1,1,1,0,1,0,1,1,0,0,0,1,0,1,1,0,1,0,0,0
71,0,34.227846,-119.079903,42853,0,44,49.75,2,109.8,4860.35,0.0,0,2189.0,3,0,0,1,0,0,0,0,0,0,0,0,1,1,1,0,1,0,1,1,1,0,1,1,0,1,1,0,1,1,0,0
69,0,34.312945,-118.858169,32984,0,66,11.63,5,102.85,6976.75,0.0,60,767.58,3,0,0,1,0,0,0,1,0,0,0,0,1,1,1,0,1,0,0,0,1,1,1,1,0,0,1,0,1,1,0,0
73,3,34.223244,-119.18012,79736,1,10,0.0,53,34.55,362.6,0.0,0,0.0,4,1,0,1,1,1,1,0,0,0,0,0,0,0,1,0,0,0,0,0,0,0,0,1,0,1,1,0,1,0,0,0
74,0,34.269449,-118.768471,64802,7,66,25.51,15,104.6,6819.45,0.0,0,1683.66,3,0,0,1,1,0,1,1,0,0,0,0,1,1,1,0,1,0,0,1,1,0,1,1,0,1,1,0,0,1,0,0
72,0,34.297628,-119.014627,2966,0,72,44.81,14,111.65,7943.45,0.0,0,3226.32,5,0,0,1,0,0,0,1,0,0,0,0,1,1,1,0,1,0,0,1,1,1,1,1,0,1,0,1,0,0,0,0
70,0,35.451402,-119.488413,2078,0,49,47.72,21,89.85,4287.2,0.0,0,2338.28,4,0,0,1,0,0,0,0,0,0,0,0,1,0,1,0,1,0,0,1,1,0,0,1,0,1,1,0,1,0,0,0
74,0,35.846067,-119.004073,823,0,24,31.73,13,70.0,1732.6,0.0,140,761.52,3,1,0,1,0,0,0,0,0,1,0,0,1,0,1,0,1,0,0,0,0,0,0,0,0,0,1,0,0,1,0,0
80,0,35.957019,-119.330928,4198,0,65,44.23,27,110.35,7246.15,0.0,0,2874.95,3,1,0,1,0,0,0,0,0,0,0,0,1,1,1,0,1,0,1,0,1,1,1,1,0,1,0,1,1,0,0,0
74,0,36.141319,-119.129075,5689,0,40,28.54,24,103.75,4188.4,0.0,0,1141.6,3,0,0,1,0,0,0,0,0,0,0,0,1,1,1,0,1,0,0,0,1,1,1,1,0,1,1,0,1,1,0,0
65,0,36.464635,-119.094348,8870,0,22,34.39,0,20.05,417.0,0.0,0,756.58,3,0,0,1,0,0,0,0,0,0,0,0,1,0,0,0,0,1,0,0,0,0,0,0,0,0,1,0,1,1,0,0
72,1,35.383937,-119.020428,12963,1,47,42.29,22,84.95,4018.05,0.0,80,1987.63,3,1,0,1,1,1,1,0,0,0,0,0,1,0,1,0,1,0,0,1,0,0,1,0,0,0,1,0,1,0,0,0
76,0,35.140938,-119.051348,25126,0,27,34.39,19,104.65,2964.0,0.0,0,928.53,4,1,0,1,0,0,0,0,0,1,0,0,1,1,1,0,1,0,0,1,0,1,1,1,0,1,1,0,1,0,0,0
75,0,35.480896,-120.469476,1203,7,68,34.31,15,80.35,5589.3,0.0,0,2333.08,4,1,0,1,1,0,1,1,0,0,0,0,1,1,1,0,1,0,0,0,1,0,0,0,0,1,1,0,1,1,0,0
70,0,34.70434,-120.02609,1317,1,9,1.66,0,21.25,204.55,0.0,0,14.94,4,1,0,1,1,0,1,0,0,0,0,0,1,0,0,0,0,1,0,0,0,0,0,0,0,0,1,0,1,1,0,0
66,0,34.630356,-120.032564,5710,0,42,13.51,19,79.35,3344.1,0.0,0,567.42,4,1,0,1,0,0,0,0,0,0,0,0,1,1,1,0,1,0,0,1,0,0,0,0,0,1,1,0,1,0,0,0
68,0,35.634488,-120.293534,1255,0,72,48.51,17,89.85,6697.35,0.0,0,3492.72,3,0,0,1,1,0,0,1,0,0,0,0,1,1,1,0,0,0,1,1,1,1,1,1,0,1,0,1,1,0,0,0
69,0,37.653947,-118.231443,340,8,72,15.85,2,110.8,7882.25,0.0,0,1141.2,5,0,0,1,1,0,1,1,0,0,0,0,1,1,1,0,1,0,0,1,1,1,1,1,0,1,0,1,1,1,0,0
75,0,37.245505,-118.062943,1826,3,72,21.38,2,114.95,8196.4,0.0,0,1539.36,3,1,0,1,1,0,1,1,0,0,0,0,1,1,1,0,1,0,1,1,1,1,1,1,0,1,0,1,1,0,0,0
74,0,37.04584,-118.397236,13309,0,3,41.44,13,75.05,202.9,5.49,10,124.32,4,0,0,1,0,0,0,0,0,0,0,1,1,0,1,0,1,0,0,0,1,0,0,0,0,0,1,0,0,1,0,0
72,0,36.625792,-119.672483,5635,4,70,16.87,3,75.65,5411.4,25.67,0,1180.9,4,0,0,1,1,0,1,1,0,0,0,0,1,1,1,0,1,0,0,0,0,0,0,0,0,1,0,1,1,1,0,0
65,0,37.140104,-119.657092,173,0,5,30.14,0,20.05,94.15,0.0,0,150.7,5,1,0,1,0,0,0,0,0,0,0,1,1,0,0,0,0,1,0,0,0,0,0,0,0,0,1,0,0,0,0,0
70,3,36.749403,-119.787574,13858,4,60,19.68,53,93.25,5774.55,0.0,0,1180.8,3,1,0,1,1,1,1,0,0,0,0,0,1,1,1,0,1,0,1,1,0,0,0,1,0,1,1,0,1,0,0,0
65,0,37.349546,-122.134356,18486,0,26,29.88,0,19.3,504.2,9.49,0,776.88,5,1,0,1,0,0,0,0,0,1,0,0,1,0,0,0,0,1,0,0,0,0,0,0,0,0,1,0,0,1,0,0
66,0,37.601248,-122.403099,20350,0,7,26.29,20,84.35,609.65,29.17,10,184.03,3,0,0,1,0,0,0,0,0,0,0,1,1,0,1,0,1,0,0,0,1,0,1,0,0,0,1,0,1,0,0,0
70,0,37.540582,-122.509594,2346,0,27,35.76,4,110.5,2857.6,0.0,0,965.52,3,0,0,1,0,0,0,0,0,1,0,0,1,1,1,0,1,0,1,1,1,0,1,1,0,1,1,0,1,0,0,0
77,0,37.573633,-122.455167,38885,0,32,1.12,5,81.1,2619.25,19.25,0,35.84,4,1,0,1,0,0,0,0,0,1,0,0,1,1,1,0,1,0,0,0,1,0,0,0,0,1,1,0,1,1,0,0
72,0,37.794487,-122.42227,56330,0,15,1.67,21,89.0,1288.3,45.69,0,25.05,4,0,0,1,0,0,0,0,0,0,0,0,1,1,1,0,1,0,0,1,0,0,1,0,0,1,1,0,0,1,0,0
67,0,37.786031,-122.437301,33122,0,23,17.62,25,75.4,1643.55,0.0,80,405.2600000000001,4,0,0,1,0,0,0,0,0,0,0,0,1,0,1,0,1,0,1,0,0,0,0,0,0,0,1,0,1,0,0,0
77,0,37.736535,-122.45732,20643,0,22,23.43,22,81.7,1820.9,29.88,0,515.46,4,0,0,1,0,0,0,0,0,0,0,0,1,0,1,0,1,0,1,1,0,0,0,0,0,1,1,0,0,0,0,0
73,0,37.416159,-122.131337,24492,10,4,14.34,14,83.25,308.05,39.93,0,57.36,3,0,0,1,1,0,1,0,0,0,0,0,1,1,1,0,1,0,0,0,0,0,1,0,0,1,1,0,1,0,0,0
66,1,38.050558,-121.646924,2379,9,32,5.73,30,91.35,2896.55,26.98,0,183.36,5,0,0,1,1,1,1,0,0,1,0,0,1,1,1,0,1,0,0,0,1,0,1,0,0,1,1,0,1,1,0,0
80,0,37.924838,-122.289145,23141,10,7,0.0,13,29.8,220.45,11.83,0,0.0,3,1,0,1,1,0,1,0,0,0,0,1,0,0,1,1,0,0,1,0,0,0,0,0,0,1,1,0,0,0,0,0
76,0,38.265899,-121.939461,9978,9,8,22.4,23,60.9,551.95,16.58,0,179.2,3,1,0,1,1,0,1,0,0,0,0,1,1,0,1,1,0,0,1,0,0,0,1,0,0,1,1,0,0,0,0,0
80,0,37.572273,-121.964583,66543,0,56,37.3,8,73.25,4054.2,17.16,0,2088.8,3,0,0,1,0,0,0,0,0,0,0,0,1,1,1,1,0,0,1,0,1,1,0,1,0,1,0,1,0,0,0,0
69,0,38.093701,-122.276589,159,1,53,30.09,12,95.85,5016.25,18.85,0,1594.77,3,0,0,1,1,0,1,0,0,0,0,0,1,1,1,0,1,0,0,0,0,0,1,1,0,1,1,0,1,1,0,0
69,0,38.421458,-122.365048,2873,2,23,45.83,0,20.75,485.2,37.64,0,1054.09,5,1,0,1,1,0,1,0,0,0,0,0,1,0,0,0,0,1,0,0,0,0,0,0,0,0,1,0,1,0,0,0
73,0,37.787186,-122.14633,24518,0,5,14.22,4,84.7,392.5,41.2,0,71.10000000000001,4,0,0,1,0,0,0,0,0,0,0,1,1,0,1,0,1,0,0,1,0,0,1,0,0,1,1,0,1,0,0,0
67,0,37.750553,-122.197175,30751,5,45,40.85,24,86.1,3861.45,12.19,0,1838.25,4,0,0,1,1,0,1,0,0,0,0,0,1,0,1,0,1,0,0,0,1,0,0,1,0,1,1,0,1,0,0,0
69,0,37.863843,-122.275684,19763,2,60,24.62,30,110.0,6668.35,0.0,0,1477.2,5,0,0,1,1,0,1,0,0,0,0,0,1,0,1,0,1,0,1,1,1,1,1,1,0,1,0,1,1,0,0,0
80,0,38.325599,-122.642352,3777,5,72,15.23,2,112.4,8046.85,0.0,0,1096.56,3,0,0,1,1,0,1,1,0,0,0,0,1,1,1,0,1,0,1,1,1,0,1,1,0,1,0,1,1,0,0,0
68,0,37.921137,-122.657562,781,0,20,22.31,21,54.0,1055.9,0.0,0,446.2,4,1,0,1,0,0,0,0,0,0,0,0,1,0,1,1,0,0,1,0,0,1,0,0,0,1,1,0,0,1,0,0
71,0,37.106902,-122.100006,1007,0,59,6.13,2,79.2,4590.35,0.0,0,361.67,5,0,0,1,0,0,0,0,0,0,0,0,1,1,1,0,1,0,0,1,0,0,0,0,0,1,0,1,1,1,0,0
74,0,36.784481,-121.759054,8582,6,46,4.2,22,98.85,4564.9,0.0,0,193.2,5,1,0,1,1,0,1,0,0,0,0,0,1,1,1,0,1,0,0,0,1,0,1,1,0,1,1,0,1,0,0,0
69,0,37.333851,-121.891147,561,0,71,37.39,22,89.85,6293.45,0.0,140,2654.69,3,0,0,1,0,0,0,1,0,0,0,0,1,1,1,1,0,0,1,1,1,1,1,1,0,0,0,1,0,1,0,0
70,0,37.424655,-121.74841,40568,0,47,44.08,20,86.05,3865.6,0.0,0,2071.76,3,1,0,1,0,0,0,0,0,0,0,0,1,1,1,0,1,0,0,0,0,0,1,0,0,1,1,0,1,1,0,0
73,0,37.218705,-121.762429,7023,1,72,4.59,27,114.65,8333.95,0.0,0,330.48,3,0,0,1,1,0,1,1,0,0,0,0,1,1,1,0,1,0,1,1,1,1,1,1,0,1,0,1,1,0,0,0
73,0,37.954089,-121.329761,16357,8,14,45.76,0,19.65,228.65,0.0,0,640.64,5,1,0,1,1,0,1,0,0,0,0,0,1,0,0,0,0,1,0,0,0,0,0,0,0,0,1,0,0,1,0,0
65,1,37.902422,-121.440029,49657,8,11,28.64,22,75.2,775.3,0.0,0,315.04,5,1,0,1,1,1,1,0,0,0,0,0,1,1,1,0,1,0,0,0,0,0,0,0,0,1,1,0,1,1,0,0
65,0,37.956963,-120.863055,596,5,62,11.41,25,97.95,5936.55,0.0,0,707.42,5,0,0,1,1,0,1,0,0,0,0,0,1,1,1,0,1,0,0,1,1,0,1,0,0,1,1,0,1,1,0,0
67,0,38.184914,-120.364085,335,1,23,41.88,12,95.1,2326.05,0.0,0,963.24,3,0,0,1,1,0,1,0,0,0,0,0,1,0,1,0,1,0,1,0,0,0,1,1,1,1,1,0,1,0,0,0
72,0,38.128087,-121.4078,22073,1,71,37.53,24,82.7,5831.2,0.0,0,2664.63,3,0,0,1,1,0,1,1,0,0,0,0,1,1,1,1,0,0,1,1,1,1,0,1,1,1,0,1,1,0,0,0
68,0,38.244806,-120.417301,88,0,70,0.0,13,44.05,3011.65,0.0,0,0.0,3,1,0,1,0,0,0,1,0,0,0,0,0,0,1,0,0,0,0,1,1,0,1,0,0,1,1,0,1,1,0,0
77,2,38.192608,-120.957842,304,1,32,49.21,19,100.4,3217.65,0.0,0,1574.72,3,0,0,1,1,1,1,0,0,1,0,0,1,1,1,0,1,0,0,1,0,0,1,1,0,1,1,0,1,0,0,0
71,0,37.394411,-120.127262,986,1,43,4.59,5,94.3,3953.15,0.0,0,197.37,3,1,0,1,1,0,1,0,0,0,0,0,1,1,1,0,1,0,0,1,0,1,1,0,0,1,1,0,1,0,0,0
75,0,37.127386,-120.506422,808,0,71,47.86,16,104.05,7413.55,0.0,0,3398.06,5,0,0,1,0,0,0,1,0,0,0,0,1,1,1,0,1,0,0,0,1,0,1,1,0,1,0,1,0,0,0,0
70,0,37.5923,-120.853288,6822,1,20,8.98,16,60.0,1259.35,0.0,0,179.60000000000002,5,0,0,1,1,0,1,0,0,0,0,0,1,0,1,1,0,0,0,1,0,0,0,1,0,1,1,0,1,0,0,0
77,0,37.669516,-120.626964,8308,2,61,2.19,8,98.3,6066.55,0.0,0,133.59,3,1,0,1,1,0,1,0,0,0,0,0,1,1,1,0,1,0,0,1,1,1,1,0,0,1,1,0,1,1,0,0
76,0,39.225694,-123.717354,1054,6,23,46.82,11,90.45,2117.25,0.0,30,1076.86,4,1,0,1,1,0,1,0,0,0,0,0,1,0,1,0,1,0,0,0,0,0,1,1,0,0,1,0,1,0,0,0
67,0,38.838088,-122.73203,1591,5,55,33.21,4,88.8,4805.3,0.0,0,1826.55,3,0,0,1,1,0,1,0,0,0,0,0,1,0,1,0,1,0,0,0,1,1,1,0,0,1,0,1,0,1,0,0
67,0,39.756049,-123.358701,91,0,45,0.0,4,34.2,1596.6,0.0,0,0.0,3,0,0,1,0,0,0,0,1,0,0,0,0,0,1,0,0,0,0,0,0,0,0,1,0,0,1,0,0,0,0,0
71,2,38.368744,-122.522642,4101,0,56,10.57,28,94.8,5264.3,0.0,0,591.9200000000001,4,1,0,1,0,1,0,0,1,0,0,0,1,0,1,0,1,0,1,0,0,0,1,1,0,1,1,0,0,1,0,0
66,0,39.045246,-122.743181,175,0,4,8.75,4,80.25,303.7,0.0,30,35.0,4,0,0,1,0,0,0,0,0,0,0,0,1,1,1,0,1,0,1,0,0,0,0,0,0,0,1,0,1,0,0,0
75,0,38.93496,-122.792243,9902,5,49,26.0,16,88.2,4159.45,0.0,0,1274.0,4,1,0,1,1,0,1,0,1,0,0,0,1,1,1,0,1,0,1,1,1,0,0,0,0,1,1,0,1,0,0,0
78,0,39.806141,-123.531098,2706,2,71,12.26,3,99.4,7168.25,0.0,0,870.46,3,0,0,1,1,0,1,1,0,0,0,0,1,0,1,0,1,0,1,1,1,1,1,0,0,1,0,1,1,0,0,0
74,0,38.966713,-123.586412,586,3,72,28.72,25,114.85,8317.95,0.0,0,2067.84,3,0,0,1,1,0,1,1,0,0,0,0,1,1,1,0,1,0,1,1,1,1,1,1,0,1,0,1,1,0,0,0
75,0,39.298065,-123.25211,5995,3,72,16.72,9,84.45,5899.85,0.0,0,1203.84,3,1,0,1,1,0,1,1,0,0,0,0,1,1,1,0,0,0,1,1,1,0,1,1,0,1,0,1,0,1,0,0
71,0,39.724433,-123.767578,309,0,20,21.49,4,80.7,1614.2,0.0,0,429.8,5,0,0,1,0,0,0,0,0,0,0,0,1,0,1,0,1,0,0,0,0,0,1,0,0,1,1,0,0,0,0,0
66,0,38.734997,-121.463719,6197,4,61,26.55,2,82.15,4904.85,0.0,0,1619.55,3,1,0,1,1,0,1,0,1,0,0,0,1,1,1,0,1,0,0,1,0,0,0,0,0,1,1,0,1,0,0,0
79,0,38.598936,-120.963092,24738,0,29,6.59,21,101.45,2948.6,0.0,60,191.11,4,1,0,1,0,0,0,0,0,1,0,0,1,0,1,0,1,0,0,1,1,0,1,1,0,0,1,0,1,0,0,0
69,0,38.419088,-122.024568,32564,0,18,41.13,23,49.85,865.75,0.0,0,740.34,3,0,0,1,0,0,0,0,0,0,0,0,1,0,1,0,0,0,0,1,0,0,0,0,0,1,1,0,1,1,0,0
70,0,38.983388,-120.988814,1526,7,71,36.6,10,92.0,6585.2,0.0,0,2598.6,3,1,0,1,1,0,1,0,0,0,0,0,1,1,1,0,1,0,1,1,1,1,0,0,0,1,1,0,1,0,0,0
69,0,38.748316,-120.675512,4829,0,44,47.06,3,73.85,3122.4,0.0,100,2070.6400000000003,5,1,0,1,0,0,0,0,1,0,0,0,1,0,1,0,1,0,0,0,1,0,0,0,0,0,1,0,0,0,0,0
68,0,38.733908,-120.453416,8577,8,65,15.3,29,109.4,7227.45,0.0,0,994.5,3,0,0,1,1,0,1,0,1,0,0,0,1,1,1,0,1,0,1,1,1,0,1,1,0,1,1,0,1,1,0,0
66,0,38.784329,-121.373245,25418,5,58,45.37,28,97.8,5458.8,0.0,0,2631.46,3,0,0,1,1,0,1,0,1,0,0,0,1,1,1,0,1,0,0,1,0,0,1,1,0,1,1,0,1,0,0,0
67,0,38.550722,-121.457314,14966,0,6,2.03,0,19.5,106.8,0.0,0,12.18,3,0,0,1,0,0,0,0,0,0,0,1,1,0,0,0,0,1,0,0,0,0,0,0,0,0,0,1,0,0,0,0
69,0,38.53508,-121.444144,37031,0,52,0.0,19,48.8,2555.05,0.0,0,0.0,3,1,0,1,0,0,0,0,1,0,0,0,0,0,1,1,0,0,1,0,0,0,1,1,1,1,0,1,1,1,0,0
73,0,39.125311,-121.392283,5654,2,69,19.39,13,105.4,6998.95,0.0,0,1337.91,4,0,0,1,1,0,1,0,0,0,0,0,1,1,1,0,1,0,0,1,0,1,1,1,1,1,0,1,0,1,0,0
74,0,39.440687,-121.263583,1237,0,13,26.68,24,96.85,1235.55,0.0,0,346.84,4,0,0,1,0,0,0,0,0,0,0,0,1,0,1,0,1,0,0,0,1,0,1,1,1,1,0,1,1,0,0,0
70,0,39.432127,-121.099287,632,6,71,22.0,27,99.2,7213.75,0.0,0,1562.0,4,0,0,1,1,0,1,0,0,0,0,0,1,0,1,0,1,0,0,1,1,0,1,1,1,1,0,1,1,0,0,0
73,0,39.273096,-122.050763,7503,0,66,44.01,17,70.85,4738.85,0.0,0,2904.66,5,0,0,1,1,0,0,0,0,0,0,0,1,1,1,0,0,0,0,1,1,0,1,0,0,1,1,0,1,0,0,0
79,0,39.597975,-122.032248,1454,9,64,23.33,29,94.25,6081.4,0.0,0,1493.12,3,1,0,1,1,0,1,0,1,0,0,0,1,1,1,0,1,0,0,1,1,0,0,1,0,1,0,1,1,0,0,0
74,0,40.160386,-120.835428,2064,0,45,34.12,15,102.15,4735.35,0.0,0,1535.4,4,0,0,1,0,0,0,0,1,0,0,0,1,1,1,0,1,0,0,0,1,0,1,1,0,1,1,0,1,0,0,0
74,3,39.258746,-121.77697,8695,4,23,2.03,53,88.45,2130.55,0.0,0,46.69,5,0,0,1,1,1,1,0,0,0,0,0,1,0,1,0,1,0,0,1,1,0,0,1,0,1,0,1,1,0,0,0
68,0,39.117537,-122.284654,4579,2,7,3.19,26,64.2,475.0,0.0,0,22.33,4,1,0,1,1,0,1,0,0,0,0,0,1,1,1,0,0,0,1,1,0,1,0,0,0,1,0,1,0,0,0,0
75,0,41.486953,-120.913975,417,4,6,16.87,17,80.8,457.1,0.0,30,101.22,5,1,0,1,1,0,1,0,0,0,0,0,1,1,1,0,1,0,0,0,1,0,0,0,0,0,0,1,1,0,0,0
77,0,41.232128,-123.194748,170,0,4,30.11,25,69.35,261.65,0.0,0,120.44,3,1,0,1,0,0,0,0,0,0,0,0,1,0,1,0,1,0,0,0,0,0,0,0,0,1,0,1,0,0,0,0
75,0,41.528541,-122.955018,295,0,11,2.63,13,111.4,1183.05,0.0,40,28.93,3,1,0,1,0,0,0,0,0,0,0,0,1,1,1,0,1,0,0,1,1,1,1,1,0,0,0,1,1,0,0,0
78,0,40.913192,-123.06597,734,2,68,40.55,20,60.65,3975.9,0.0,0,2757.4,5,0,0,1,1,0,1,0,0,0,0,0,1,0,1,1,0,0,0,1,1,1,0,0,0,1,1,0,1,0,0,0
73,0,41.280478,-121.160249,386,4,21,30.3,18,71.7,1497.05,0.0,100,636.3000000000001,5,0,0,1,1,0,1,0,0,0,0,0,1,1,1,1,0,0,0,1,1,0,0,1,0,0,1,0,0,0,0,0
75,0,41.769709,-121.92063,816,0,65,0.0,9,53.5,3517.9,0.0,0,0.0,3,0,0,1,0,0,0,0,1,0,0,0,0,0,1,0,0,0,0,1,1,0,1,1,0,1,0,1,1,0,0,0
66,0,40.408796,-121.579609,124,0,50,10.6,14,106.8,5347.95,0.0,0,530.0,3,0,0,1,0,0,0,0,1,0,0,0,1,1,1,0,1,0,0,1,0,1,1,1,0,1,1,0,1,0,0,0
67,0,33.362575,-117.299644,42239,0,7,7.82,7,64.95,493.65,0.0,0,54.74,4,0,0,1,0,0,0,0,0,0,0,0,1,0,1,0,0,0,0,1,1,0,1,0,0,1,0,1,1,0,0,0
67,2,41.081847,-122.700545,734,4,72,16.82,25,104.1,7447.7,0.0,40,1211.04,3,1,0,1,1,1,1,0,0,0,0,0,1,0,1,0,1,0,1,0,1,1,1,1,0,0,0,1,1,1,0,0
68,0,41.042003,-120.506086,85,8,30,47.75,27,90.05,2627.2,0.0,0,1432.5,5,0,0,1,1,0,1,0,0,1,0,0,1,1,1,0,1,0,0,1,0,0,1,0,0,1,0,1,1,0,0,0
79,0,40.181279,-120.392967,481,7,38,4.75,24,102.6,4009.2,45.81,0,180.5,4,1,0,1,1,0,1,0,0,1,0,0,1,1,1,0,1,0,0,1,1,0,1,1,0,1,0,1,1,0,0,0
71,1,39.191797,-120.212401,942,10,60,18.23,11,80.95,4859.1,49.53,0,1093.8,4,1,0,1,1,1,1,0,0,0,0,0,1,1,1,0,1,0,1,0,0,0,0,0,0,1,0,1,1,0,0,0
69,0,34.00709,-118.258681,101215,4,65,48.53,9,108.8,7082.45,21.52,0,3154.4500000000003,5,0,0,1,1,0,1,0,0,0,0,0,1,1,1,0,1,0,0,1,1,0,1,1,0,1,0,1,1,0,0,0
70,0,34.099869,-118.326843,30568,3,67,2.67,25,105.4,7035.6,0.0,0,178.89,4,0,0,1,1,0,1,0,0,0,0,0,1,1,1,0,1,0,1,1,1,1,0,1,0,1,1,0,1,1,0,0
72,1,34.089953,-118.294824,41713,0,7,41.14,17,45.75,344.2,29.0,0,287.98,4,1,0,1,0,1,0,0,0,0,0,0,1,0,1,1,0,0,0,0,0,0,0,0,0,1,0,1,1,1,0,0
71,0,34.070291,-118.349191,32901,0,27,30.49,16,70.55,1943.9,29.99,0,823.2299999999999,3,1,0,1,1,0,0,0,0,1,0,0,1,0,1,0,1,0,0,0,0,0,0,0,0,1,0,1,1,0,0,0
68,0,34.044271,-118.185237,55668,4,55,22.74,21,90.45,5044.8,12.48,0,1250.6999999999998,4,0,0,1,1,0,1,0,0,0,0,0,1,1,1,0,1,0,0,1,1,1,0,0,0,1,0,1,0,0,0,0
74,0,34.108833,-118.229715,47534,0,3,46.65,25,73.85,196.4,0.0,0,139.95,4,0,0,1,0,0,0,0,0,0,0,0,1,0,1,0,1,0,0,0,1,0,0,0,0,1,0,1,0,0,0,0
69,0,34.057496,-118.413959,2527,0,30,19.92,30,69.1,2093.9,21.08,0,597.6,3,1,0,1,0,0,0,0,0,0,0,0,1,1,1,1,0,0,0,0,1,1,1,0,0,1,0,1,1,1,0,0
76,0,33.912246,-118.236773,29825,0,2,32.98,14,83.8,163.7,0.0,0,65.96,3,0,0,1,0,0,0,0,0,0,0,0,1,0,1,0,1,0,0,1,0,0,1,0,0,1,0,1,1,0,0,0
79,0,33.921793,-118.140588,42459,0,17,32.19,11,94.2,1608.15,36.4,0,547.23,4,0,0,1,0,0,0,0,0,0,0,0,1,1,1,0,1,0,0,0,0,0,1,1,1,1,0,1,1,0,0,0
80,2,33.97803,-118.217141,78114,10,61,4.51,22,99.0,5969.3,21.17,0,275.11,5,1,0,1,1,1,1,0,0,0,0,0,1,1,1,0,1,0,0,1,0,0,1,1,1,1,1,0,0,0,0,0
75,0,33.956445,-118.358634,37527,0,52,23.04,25,110.75,5832.0,6.26,0,1198.08,5,1,0,1,0,0,0,0,0,0,0,0,1,1,1,0,1,0,0,1,1,1,1,1,1,1,0,1,1,0,0,0
70,0,33.958134,-118.330905,13779,10,72,28.09,20,96.6,6827.5,0.0,0,2022.48,4,0,0,1,1,0,1,0,0,0,0,0,1,1,1,0,1,0,1,1,1,1,0,0,0,1,0,1,1,0,0,0
76,0,34.031529,-118.491156,23559,0,44,7.72,17,74.85,3268.05,17.91,0,339.68,5,0,0,1,0,0,0,0,0,0,0,0,1,0,1,1,0,0,0,0,1,1,1,1,1,1,1,0,0,0,0,0
67,0,33.902045,-118.008961,47568,0,65,4.4,10,109.05,7108.2,34.67,0,286.0,3,1,0,1,0,0,0,0,0,0,0,0,1,1,1,0,1,0,1,0,1,1,1,1,1,1,0,1,1,0,0,0
77,0,34.015217,-118.109962,62425,0,72,28.99,0,25.0,1802.55,28.93,0,2087.28,5,1,0,1,1,0,0,0,0,0,0,0,1,1,0,0,0,1,0,0,0,0,0,0,0,0,0,1,1,0,0,0
80,0,33.867593,-118.080637,16398,2,60,22.95,15,104.35,6339.45,41.23,0,1377.0,4,1,0,1,1,0,1,0,0,0,0,0,1,1,1,0,1,0,0,1,1,0,1,1,1,1,1,0,1,0,0,0
79,0,33.8681,-118.067402,51556,0,26,12.09,15,66.05,1652.4,47.73,0,314.34,5,0,0,1,0,0,0,0,0,0,0,0,1,1,1,1,0,0,0,0,0,1,0,1,1,1,0,1,1,0,0,0
79,0,33.847755,-118.112532,27563,2,42,35.38,7,105.2,4599.15,40.46,0,1485.96,3,0,0,1,1,0,1,0,0,0,0,0,1,1,1,0,1,0,1,0,1,0,1,1,1,1,1,0,1,0,0,0
66,0,33.797638,-118.11662,38902,0,23,8.72,18,79.35,1835.3,15.41,0,200.56,5,0,0,1,0,0,0,0,0,0,0,0,1,1,1,0,1,0,0,0,1,0,0,0,0,1,0,1,1,1,0,0
65,0,34.234912,-118.153729,20200,0,72,44.61,30,98.35,6929.4,0.0,0,3211.92,3,1,0,1,1,0,0,0,0,0,0,0,1,1,1,0,1,0,0,1,0,0,1,1,1,1,0,1,0,0,0,0
73,0,34.17051,-118.289463,23981,5,22,17.22,25,63.55,1381.8,0.0,0,378.84,3,0,0,1,1,0,1,0,0,0,1,0,1,1,1,1,0,0,1,1,0,1,0,0,0,1,0,1,1,1,0,0
69,0,34.195386,-118.238508,16910,0,54,18.58,14,90.05,4931.8,0.0,0,1003.32,5,1,0,1,0,0,0,0,0,0,0,0,1,1,1,0,1,0,0,1,0,0,0,1,0,1,0,1,1,0,0,0
78,0,34.238208,-118.55029,25751,1,47,46.77,24,67.45,3252.0,0.0,0,2198.19,3,0,0,1,1,0,1,0,0,0,0,0,1,1,1,1,0,0,1,1,1,0,0,0,0,1,0,1,1,1,0,0
78,0,34.231053,-118.338307,46639,0,52,0.0,23,50.5,2566.3,0.0,0,0.0,3,0,0,1,0,0,0,0,0,0,0,0,0,0,1,1,0,0,0,1,1,1,1,0,0,1,0,1,1,0,0,0
76,0,34.43987,-118.644609,24977,2,26,17.12,17,60.7,1597.4,0.0,0,445.12,5,0,0,1,1,0,1,0,0,0,0,0,1,0,1,0,0,0,0,0,1,0,0,1,0,1,1,0,0,1,0,0
71,0,34.157137,-118.548511,27424,0,48,5.87,2,99.0,4744.35,0.0,0,281.76,4,1,0,1,0,0,0,0,0,0,0,0,1,1,1,0,1,0,0,1,0,0,1,1,0,1,1,0,1,0,0,0
72,0,34.165783,-118.399795,27453,0,4,0.0,10,50.95,207.35,0.0,0,0.0,3,1,0,1,0,0,0,0,0,0,0,0,0,0,1,1,0,0,0,1,0,0,1,1,0,1,0,1,1,1,0,0
70,0,34.049172,-118.115022,26933,1,72,24.44,13,89.1,6352.4,0.0,0,1759.68,3,0,0,1,1,0,1,0,0,0,0,0,1,1,1,1,0,0,1,1,1,1,1,1,0,1,0,1,0,1,0,0
71,1,34.042286,-117.756106,69974,7,22,40.19,27,85.35,1961.6,0.0,0,884.18,5,0,0,1,1,1,1,0,0,0,1,0,1,1,1,0,1,0,0,0,0,0,1,0,0,1,0,1,0,0,0,0
74,0,33.200369,-116.192313,2863,0,24,8.66,27,54.8,1291.3,0.0,110,207.84,5,1,0,1,0,0,0,0,0,0,0,0,1,1,1,0,0,0,0,1,0,0,0,0,0,0,0,1,0,1,0,0
75,0,33.141265,-116.967221,48690,0,31,46.71,24,90.7,2845.15,0.0,100,1448.01,5,1,0,1,0,0,0,0,0,0,0,0,1,1,1,0,1,0,0,1,0,0,1,0,0,0,0,1,1,0,0,0
65,0,33.22784,-117.200024,44692,0,9,24.96,9,75.5,637.4,0.0,0,224.64,3,0,0,1,0,0,0,0,0,0,0,0,1,0,1,0,1,0,0,0,1,0,0,0,0,1,0,1,0,1,0,0
80,0,32.886925,-117.152162,74232,0,71,6.1,9,105.75,7382.85,0.0,0,433.1,4,1,0,1,0,0,0,0,0,0,0,0,1,1,1,0,1,0,0,1,0,1,1,1,0,1,1,0,0,0,0,0
76,0,33.752938,-116.230055,2743,7,1,17.84,20,74.3,74.3,0.0,0,17.84,5,1,0,1,1,0,1,0,0,0,0,0,1,1,1,0,1,0,0,0,0,0,0,0,0,1,0,1,0,0,0,0
73,0,33.537646,-116.291089,3873,0,1,32.61,27,70.6,70.6,0.0,30,32.61,4,0,0,1,0,0,0,0,0,0,0,1,1,0,1,0,1,0,0,0,0,0,0,0,0,0,0,1,1,1,0,0
67,0,33.03933,-115.191857,23394,0,28,12.72,23,64.45,1867.6,0.0,0,356.16,4,0,0,1,0,0,0,0,0,0,0,0,1,1,1,0,0,0,0,1,1,1,0,0,0,1,0,1,0,0,0,0
66,0,33.929812,-116.76058,2355,0,16,22.9,24,69.65,1043.3,0.0,0,366.4,3,1,0,1,0,0,0,0,0,0,1,0,1,0,1,0,1,0,0,0,0,0,0,0,0,1,0,1,0,0,0,0
65,0,34.273872,-114.192901,131,1,65,16.65,5,103.15,6792.45,0.0,0,1082.25,3,1,0,1,1,0,1,0,0,0,0,0,1,1,1,0,1,0,0,1,1,0,1,1,1,1,1,0,1,0,0,0
76,0,34.457829,-116.139589,14104,0,56,5.19,16,101.05,5594.0,0.0,10,290.64000000000004,3,1,0,1,0,0,0,0,0,0,0,0,1,1,1,0,1,0,0,0,1,0,1,1,0,0,0,1,1,0,0,0
79,0,34.159534,-116.425984,20486,1,72,17.3,23,84.1,5981.65,0.0,0,1245.6,3,1,0,1,1,0,1,0,0,0,0,0,1,1,1,1,0,0,1,1,1,0,1,1,0,1,0,1,1,1,0,0
76,0,34.136367,-117.460803,54586,7,11,24.42,29,70.2,834.7,0.0,0,268.62,3,1,0,1,1,0,1,0,0,0,1,0,1,0,1,0,1,0,0,0,0,0,0,0,0,1,0,1,1,0,0,0
77,0,33.994676,-117.372498,18999,7,30,40.5,8,74.85,2181.75,0.0,0,1215.0,5,1,0,1,1,0,1,0,0,0,0,0,1,1,1,1,0,0,0,0,1,0,1,1,0,1,0,1,0,0,0,0
71,0,33.548869,-117.334165,36149,0,59,19.14,13,94.05,5483.9,0.0,30,1129.26,3,0,0,1,1,0,0,0,0,0,0,0,1,1,1,0,1,0,1,1,1,1,0,0,0,0,1,0,1,0,0,0
75,0,33.475493,-117.219551,3070,5,72,28.5,5,102.65,7550.3,0.0,0,2052.0,3,1,0,1,1,0,1,0,0,0,0,0,1,1,1,0,1,0,1,1,1,0,0,1,0,1,0,1,1,1,0,0
75,0,33.617108,-117.253349,19368,2,71,1.23,9,95.5,6707.15,0.0,0,87.33,4,1,0,1,1,0,1,0,0,0,0,0,1,0,1,0,1,0,0,1,1,1,0,1,0,1,0,1,1,1,0,0
71,0,33.678591,-117.905471,48207,8,56,31.68,30,85.65,4824.45,0.0,0,1774.08,3,1,0,1,1,0,1,0,0,0,0,0,1,0,1,1,0,0,1,1,1,1,1,1,0,1,0,1,1,0,0,0
72,0,33.634626,-117.874882,28687,0,34,35.0,12,99.85,3343.15,0.0,0,1190.0,5,1,0,1,0,0,0,0,0,0,0,0,1,0,1,0,1,0,0,1,1,0,1,1,0,1,1,0,1,0,0,0
76,0,33.624654,-117.611733,42193,0,64,22.86,24,108.95,7111.3,0.0,0,1463.04,4,0,0,1,0,0,0,0,0,0,0,0,1,1,1,0,1,0,1,0,1,1,1,1,0,1,0,1,1,0,0,0
70,0,33.569186,-117.640055,350,0,20,48.46,23,89.95,1648.45,0.0,0,969.2,4,1,0,1,0,0,0,0,0,0,1,0,1,0,1,0,1,0,0,0,0,0,1,1,0,1,0,1,0,0,0,0
73,0,33.738543,-117.785046,17494,3,70,39.34,13,104.45,7349.35,0.0,0,2753.8,4,0,0,1,1,0,1,1,0,0,0,0,1,1,1,0,1,0,0,1,0,1,1,1,0,1,0,1,1,0,0,0
78,0,33.930199,-117.862898,34055,0,5,17.13,9,71.45,371.6,0.0,0,85.64999999999999,4,1,0,1,0,0,0,0,0,0,0,1,1,0,1,0,1,0,0,0,0,0,0,0,0,1,0,1,1,1,0,0
74,0,33.877639,-117.961212,46105,4,72,5.77,24,89.55,6448.85,0.0,0,415.44,3,0,0,1,1,0,1,1,0,0,0,0,1,1,1,1,0,0,1,1,1,1,1,1,0,1,0,1,1,1,0,0
73,0,33.786738,-117.982564,31428,0,66,28.06,20,100.8,6690.75,0.0,0,1851.96,4,0,0,1,1,0,0,1,0,0,0,0,1,1,1,0,1,0,0,1,0,0,1,1,0,1,0,1,1,0,0,0
69,0,33.792791,-117.789749,37916,7,72,5.27,9,74.4,5360.75,0.0,140,379.44,4,1,0,1,1,0,1,1,0,0,0,0,1,0,1,1,0,0,1,1,1,1,1,0,0,0,0,1,0,0,0,0
73,0,33.881158,-117.854783,48170,10,72,1.34,30,93.05,6735.05,0.0,0,96.48,3,1,0,1,1,0,1,1,0,0,0,0,1,1,1,0,1,0,1,1,1,1,0,0,0,1,0,1,1,0,0,0
79,0,34.205504,-118.993111,24945,5,52,39.0,11,104.45,5481.25,0.0,0,2028.0,3,1,0,1,1,0,1,0,0,0,0,0,1,0,1,0,1,0,1,0,1,1,1,1,0,1,1,0,1,0,0,0
72,0,34.581308,-118.931948,21633,0,40,44.14,23,91.55,3673.6,0.0,0,1765.6,3,0,0,1,0,0,0,0,0,0,0,0,1,0,1,0,1,0,0,0,0,0,1,1,0,1,0,1,1,0,0,0
75,0,34.110124,-119.100972,25634,10,44,20.83,9,104.15,4495.65,0.0,0,916.52,4,0,0,1,1,0,1,0,0,0,0,0,1,1,1,0,1,0,0,0,1,1,1,1,0,1,0,1,0,0,0,0
68,0,34.296813,-118.685703,49027,0,7,10.53,21,48.2,340.35,0.0,0,73.71,3,0,0,1,0,0,0,0,0,0,0,1,1,0,1,1,0,0,1,0,0,0,0,0,0,1,0,1,1,0,0,0
66,0,34.269449,-118.768471,64802,0,72,2.37,0,25.1,1789.9,0.0,0,170.64,5,1,0,1,0,0,0,1,0,0,0,0,1,1,0,0,0,1,0,0,0,0,0,0,0,0,0,1,1,1,0,0
74,0,34.297628,-119.014627,2966,0,8,39.86,23,100.15,908.55,0.0,0,318.88,4,0,0,1,0,0,0,0,0,0,0,1,1,1,1,0,1,0,0,0,0,1,1,1,1,1,0,1,1,1,0,0
78,0,34.406256,-119.726936,10986,7,8,25.57,12,64.4,581.7,0.0,0,204.56,5,1,0,1,1,0,1,0,0,0,0,1,1,0,1,0,0,0,0,0,1,1,0,1,1,1,0,1,1,1,0,0
73,0,35.865795,-118.69759,226,0,1,49.34,15,45.2,45.2,0.0,0,49.34,3,1,0,1,0,0,0,0,0,0,0,1,1,0,1,1,0,0,0,0,0,0,0,0,0,1,0,1,0,0,0,0
79,3,36.385818,-119.224243,4517,6,48,13.4,75,104.5,5068.05,0.0,0,643.2,3,0,0,1,1,1,1,0,0,0,0,0,1,0,1,0,1,0,1,0,1,1,1,1,1,1,0,1,1,0,0,0
69,0,35.637715,-119.893068,2502,0,65,32.41,21,95.45,6223.3,0.0,0,2106.65,4,0,0,1,0,0,0,0,0,0,0,0,1,1,1,0,1,0,0,1,1,0,1,0,0,1,0,1,1,0,0,0
68,0,35.957019,-119.330928,4198,4,26,46.24,4,85.7,2067.0,0.0,0,1202.24,3,0,0,1,1,0,1,0,0,0,0,0,1,0,1,0,1,0,0,0,1,0,1,0,0,1,0,1,1,1,0,0
70,0,36.008958,-118.891593,65566,1,35,45.13,10,102.05,3452.55,0.0,0,1579.5500000000002,5,0,0,1,1,0,1,0,0,0,0,0,1,1,1,0,1,0,0,0,1,0,1,1,1,1,0,1,0,0,0,0
69,0,36.175255,-119.813805,1729,6,16,48.41,6,85.05,1391.15,0.0,0,774.56,4,1,0,1,1,0,1,0,0,0,1,0,1,1,1,0,1,0,0,0,0,0,1,0,0,1,0,1,1,1,0,0
75,0,35.55647,-118.244914,1935,0,14,0.0,24,39.7,692.35,0.0,0,0.0,4,0,0,1,0,0,0,0,0,0,1,0,0,0,1,1,0,0,1,0,1,1,0,0,0,1,0,1,0,1,0,0
75,0,35.186644,-120.728305,812,0,18,1.92,25,93.9,1743.9,0.0,0,34.56,4,1,0,1,0,0,0,0,0,0,1,0,1,1,1,0,1,0,0,0,1,1,1,0,0,1,0,1,0,0,0,0
67,0,34.757477,-120.550507,6165,1,71,9.96,14,109.7,7904.25,0.0,0,707.1600000000001,3,0,0,1,1,0,1,1,0,0,0,0,1,0,1,0,1,0,1,1,1,1,1,1,1,1,0,1,1,0,0,0
65,0,35.886767,-120.608661,2666,1,48,25.19,22,91.05,4370.75,0.0,0,1209.12,4,1,0,1,1,0,1,0,0,0,0,0,1,1,1,0,1,0,0,0,1,0,0,1,1,1,0,1,1,1,0,0
67,0,35.151491,-117.927597,8316,1,31,44.26,22,90.7,2835.5,0.0,0,1372.06,3,0,0,1,1,0,1,0,0,0,0,0,1,1,1,0,1,0,0,0,1,0,1,0,0,1,1,0,1,0,0,0
74,0,34.501452,-118.207862,7831,1,38,49.82,27,95.0,3591.25,0.0,70,1893.16,4,0,0,1,1,0,1,0,0,0,0,0,1,1,1,0,1,0,1,1,0,0,0,1,1,0,1,0,0,1,0,0
72,1,38.184583,-119.286558,826,0,11,11.86,23,54.55,601.25,0.0,0,130.45999999999998,4,1,0,1,0,1,0,0,0,0,0,0,1,0,1,0,0,0,0,1,0,1,0,0,0,1,0,1,1,0,0,0
77,0,33.362575,-117.299644,42239,0,27,2.97,4,86.45,2401.05,0.0,0,80.19000000000001,4,0,0,1,0,0,0,0,0,0,0,0,1,1,1,0,1,0,0,1,1,0,0,0,0,1,0,1,1,0,0,0
72,0,34.613476,-118.256358,34045,0,1,2.97,5,70.05,70.05,0.0,0,2.97,3,1,0,1,0,0,0,0,0,0,0,1,1,0,1,0,1,0,0,0,0,0,0,0,0,1,0,1,1,0,0,0
75,0,33.507255,-117.029473,46171,10,59,4.21,21,82.95,4903.15,0.0,0,248.39,4,1,0,1,1,0,1,0,0,0,0,0,1,0,1,0,1,0,1,1,1,0,0,0,0,1,1,0,1,1,0,0
79,0,37.375816,-119.739935,1968,0,50,31.43,0,25.2,1306.3,0.0,0,1571.5,3,0,0,1,1,0,0,0,0,0,0,0,1,1,0,0,0,1,0,0,0,0,0,0,0,0,1,0,0,0,0,0
72,0,37.17277,-119.2997,273,0,31,47.48,8,73.55,2094.65,0.0,0,1471.88,3,0,0,1,0,0,0,0,0,0,0,0,1,0,1,0,1,0,1,0,0,0,0,0,0,1,0,1,1,1,0,0
66,0,36.917652,-119.593757,46858,0,2,24.95,22,81.5,162.55,0.0,0,49.9,4,0,0,1,0,0,0,0,0,0,0,0,1,0,1,0,1,0,0,0,0,0,1,0,0,1,0,1,0,1,0,0
65,0,37.027663,-119.69056,1125,0,4,4.29,7,74.45,294.45,0.0,0,17.16,3,0,0,1,0,0,0,0,0,0,0,0,1,1,1,0,1,0,0,0,0,0,0,0,0,1,0,1,1,0,0,0
66,0,36.478239,-119.52137,14088,10,57,46.62,4,90.65,5199.8,0.0,0,2657.34,4,1,0,1,1,0,1,0,0,0,0,0,1,0,1,0,1,0,0,1,1,0,1,0,0,1,1,0,1,0,0,0
77,0,37.290606,-119.216328,52,1,50,40.9,8,105.05,5163.3,0.0,0,2045.0,4,1,0,1,1,0,1,0,0,0,0,0,1,1,1,0,1,0,1,0,1,0,1,1,1,1,0,1,1,1,0,0
68,0,36.545353,-119.338535,306,5,61,19.14,0,25.0,1501.75,0.0,0,1167.54,3,1,0,1,1,0,1,0,0,0,0,0,1,1,0,0,0,1,0,0,0,0,0,0,0,0,0,1,0,0,0,0
65,0,36.624338,-121.615669,13027,5,72,8.68,0,24.3,1778.7,0.0,0,624.96,5,0,0,1,1,0,1,1,0,0,0,0,1,1,0,0,0,1,0,0,0,0,0,0,0,0,0,1,0,0,0,0
73,0,36.596271,-121.442274,1140,10,29,32.03,16,90.1,2656.7,0.0,0,928.87,3,1,0,1,1,0,1,0,0,0,0,0,1,0,1,0,1,0,1,0,1,0,0,1,1,1,1,0,0,0,0,0
69,0,37.266388,-122.26308,148,0,41,14.61,9,101.1,4016.2,0.0,0,599.01,5,0,0,1,0,0,0,0,0,0,0,0,1,0,1,0,1,0,0,0,1,1,1,1,1,1,1,0,1,0,0,0
67,0,37.449551,-122.183762,39062,1,70,18.67,21,92.2,6474.45,0.0,0,1306.9,4,0,0,1,1,0,1,1,0,0,0,0,1,1,1,1,0,0,1,1,1,1,1,1,1,1,0,1,1,0,0,0
67,0,37.499411,-122.196318,32368,0,8,42.53,6,69.95,562.7,0.0,0,340.24,3,1,0,1,0,0,0,0,0,0,0,0,1,0,1,0,1,0,0,0,0,0,0,0,0,1,0,1,1,1,0,0
80,0,37.654436,-122.426468,60599,0,2,7.03,0,19.2,37.2,0.0,0,14.06,5,1,0,1,0,0,0,0,0,0,0,0,1,0,0,0,0,1,0,0,0,0,0,0,0,0,0,1,0,0,0,0
80,1,37.722302,-122.491129,26297,0,30,37.42,17,101.3,2974.5,0.0,0,1122.6,4,0,0,1,0,1,0,0,0,0,0,0,1,1,1,0,1,0,0,0,0,1,1,1,1,1,0,1,1,0,0,0
67,0,37.444314,-122.149996,16198,0,57,11.23,30,69.85,4003.0,0.0,0,640.11,4,0,0,1,0,0,0,0,1,0,0,0,1,0,1,1,0,0,1,0,1,1,1,0,0,1,0,1,0,0,0,0
72,0,37.538309,-122.305109,37926,1,25,19.44,4,88.4,2191.15,0.0,0,486.00000000000006,3,0,0,1,1,0,1,0,0,0,0,0,1,0,1,0,1,0,0,1,1,0,0,1,1,1,0,1,0,0,0,0
73,2,37.708327,-122.083473,41698,1,28,4.71,21,51.0,1381.8,0.0,80,131.88,3,1,0,1,1,1,1,0,0,0,0,0,1,1,1,1,0,0,0,0,0,0,0,0,0,0,1,0,1,0,0,0
74,0,38.006047,-121.916834,78816,8,70,46.2,14,113.0,7987.6,0.0,0,3234.0,3,0,0,1,1,0,1,1,0,0,0,0,1,1,1,0,1,0,1,1,1,1,1,1,0,1,0,1,1,1,0,0
79,0,38.148862,-121.737696,5246,0,5,43.99,27,59.9,287.85,0.0,20,219.95,4,0,0,1,0,0,0,0,0,0,0,0,1,0,1,1,0,0,1,1,0,1,0,0,0,0,0,1,0,1,0,0
73,0,37.758019,-122.138678,42854,10,33,44.54,18,93.55,3055.5,0.0,0,1469.82,4,1,0,1,1,0,1,0,0,0,0,0,1,0,1,0,1,0,1,1,0,1,0,1,0,1,1,0,1,0,0,0
65,0,37.787186,-122.14633,24518,0,4,41.98,0,20.05,91.45,0.0,0,167.92,5,0,0,1,0,0,0,0,0,0,0,0,1,0,0,0,0,1,0,0,0,0,0,0,0,0,0,1,0,1,0,0
79,0,37.980269,-122.342635,55720,6,72,14.75,16,116.75,8277.05,0.0,0,1062.0,3,0,0,1,1,0,1,1,0,0,0,0,1,1,1,0,1,0,1,1,1,1,1,1,0,1,0,1,1,1,0,0
79,0,38.24458,-122.956268,330,0,34,14.23,13,96.35,3190.25,0.0,0,483.82,4,0,0,1,0,0,0,0,0,0,0,0,1,1,1,0,1,0,0,1,0,1,1,0,0,1,0,1,1,0,0,0
65,0,38.065359,-122.665566,607,8,41,0.0,9,53.95,2215.4,0.0,0,0.0,3,1,0,1,1,0,1,0,1,0,0,0,0,0,1,0,0,0,0,1,1,0,1,1,1,1,0,1,1,0,0,0
78,1,37.942551,-122.491642,6448,8,56,5.93,19,72.6,4084.35,0.0,140,332.08,4,0,0,1,1,1,1,0,1,0,0,0,1,0,1,1,0,0,1,0,0,1,1,1,0,0,0,1,1,1,0,0
75,0,37.114335,-122.237162,857,0,52,42.19,11,72.95,3829.75,0.0,0,2193.88,3,1,0,1,0,0,0,0,1,0,0,0,1,1,1,0,1,0,0,0,0,0,0,0,0,1,0,1,1,0,0,0
70,0,37.089111,-122.062213,8728,6,60,24.68,19,89.45,5294.6,0.0,10,1480.8,3,0,0,1,1,0,1,0,1,0,0,0,1,1,1,0,1,0,0,1,0,0,0,1,0,0,0,1,0,0,0,0
75,0,37.424655,-121.74841,40568,0,7,0.0,26,44.4,265.8,0.0,0,0.0,4,1,0,1,0,0,0,0,0,0,0,0,0,0,1,1,0,0,0,1,0,1,0,1,0,1,0,1,1,0,0,0
75,0,37.956963,-120.863055,596,0,37,0.0,29,36.65,1315.0,0.0,0,0.0,5,1,0,1,0,0,0,0,0,1,0,0,0,0,1,1,0,0,0,1,1,0,0,0,0,1,0,1,0,0,0,0
76,3,37.873283,-121.292034,5094,8,65,1.58,27,103.9,6767.1,0.0,0,102.7,3,0,0,1,1,1,1,0,1,0,0,0,1,1,1,0,1,0,0,0,1,1,1,1,0,1,1,0,1,0,0,0
72,0,37.420273,-120.66527,55,0,66,36.48,5,63.85,4174.35,0.0,0,2407.68,3,0,0,1,0,0,0,1,0,0,0,0,1,1,1,1,0,0,1,1,0,1,0,0,0,1,1,0,1,1,0,0
69,0,37.666587,-120.411517,1749,5,60,10.4,5,99.0,6017.9,0.0,150,624.0,3,1,0,1,1,0,1,0,1,0,0,0,1,1,1,0,1,0,0,0,0,1,1,1,0,0,0,1,1,0,0,0
69,0,37.581496,-119.972762,433,4,70,40.94,8,88.55,6306.5,0.0,0,2865.8,3,1,0,1,1,0,1,0,0,0,0,0,1,1,1,1,0,0,1,1,1,1,1,1,0,1,0,1,1,1,0,0
76,0,38.121601,-120.133915,1278,0,67,38.85,19,101.4,6841.05,0.0,0,2602.9500000000003,4,1,0,1,0,0,0,0,0,0,0,0,1,1,1,0,1,0,0,0,1,0,1,1,0,1,0,1,1,1,0,0
78,1,37.529656,-120.854357,24708,2,72,9.88,16,90.15,6716.45,0.0,0,711.36,3,0,0,1,1,1,1,0,0,0,0,0,1,1,1,0,0,0,1,1,1,1,1,1,0,1,0,1,1,0,0,0
68,0,38.107441,-120.230625,4848,0,67,44.56,29,116.1,7839.85,0.0,40,2985.52,3,1,0,1,0,0,0,0,0,0,0,0,1,1,1,0,1,0,1,1,1,1,1,1,0,0,0,1,1,1,0,0
65,0,38.578807,-123.19338,1575,0,6,12.67,20,74.1,450.9,0.0,0,76.02,3,0,0,1,0,0,0,0,0,0,0,0,1,0,1,0,1,0,1,0,0,0,0,0,0,1,0,1,1,0,0,0
78,0,39.108252,-123.645121,383,9,32,43.54,3,93.5,2970.8,0.0,0,1393.28,5,1,0,1,1,0,1,0,0,1,0,0,1,1,1,0,1,0,0,1,1,0,0,1,0,1,0,1,1,0,0,0
67,0,39.045246,-122.743181,175,1,8,0.0,27,43.35,371.4,0.0,0,0.0,3,1,0,1,1,0,1,0,0,0,0,0,0,0,1,0,0,0,0,1,1,0,0,1,0,1,0,1,1,1,0,0
73,2,39.141934,-122.770679,3002,0,33,12.75,19,105.35,3465.05,0.0,0,420.75,5,0,0,1,0,1,0,0,0,1,0,0,1,1,1,0,1,0,0,1,1,0,1,1,0,1,0,1,1,0,0,0
72,0,38.966713,-123.586412,586,7,55,12.91,21,113.6,6292.7,0.0,0,710.05,5,1,0,1,1,0,1,0,1,0,0,0,1,1,1,0,1,0,0,1,1,1,1,1,0,1,0,1,1,0,0,0
71,0,40.4785,-124.301372,2965,0,14,0.0,5,46.35,672.7,0.0,0,0.0,4,0,0,1,0,0,0,0,0,0,0,0,0,0,1,0,0,0,0,0,0,0,1,1,1,1,0,1,1,0,0,0
78,0,40.210895,-123.86,867,0,57,28.44,24,53.5,3035.8,0.0,0,1621.0800000000002,4,1,0,1,0,0,0,0,1,0,0,0,1,0,1,1,0,0,0,0,1,1,0,0,0,1,1,0,1,0,0,0
66,0,41.444606,-123.471895,202,8,37,15.6,19,90.0,3371.75,0.0,0,577.1999999999999,4,0,0,1,1,0,1,0,0,0,0,0,1,0,1,0,1,0,0,0,1,1,1,0,0,1,0,1,0,0,0,0
78,0,38.681651,-122.130569,262,0,24,18.39,0,20.3,459.95,0.0,0,441.36,5,0,0,1,0,0,0,0,0,0,0,0,1,0,0,0,0,1,0,0,0,0,0,0,0,0,0,1,1,1,0,0
76,2,38.311609,-121.554034,699,0,38,45.13,27,80.45,3162.65,0.0,0,1714.94,3,1,0,1,0,1,0,0,0,0,0,0,1,1,1,0,1,0,1,0,0,0,0,0,0,1,0,1,1,1,0,0
72,0,38.392821,-121.799917,18529,6,44,14.65,30,89.2,4040.2,0.0,0,644.6,4,1,0,1,1,0,1,0,1,0,0,0,1,1,1,0,1,0,0,0,1,0,1,0,0,1,0,1,1,0,0,0
73,0,38.349195,-121.902943,171,0,67,14.69,0,25.1,1672.15,0.0,0,984.23,3,1,0,1,0,0,0,0,0,0,0,0,1,1,0,0,0,1,0,0,0,0,0,0,0,0,0,1,0,1,0,0
75,0,38.336216,-120.76901,6202,7,25,38.59,24,69.3,1813.1,0.0,0,964.75,4,0,0,1,1,0,1,0,0,0,0,0,1,0,1,0,1,0,0,0,0,0,0,0,0,1,0,1,1,0,0,0
74,0,38.922812,-121.312005,15286,3,67,11.91,10,105.6,7112.15,0.0,0,797.97,3,0,0,1,1,0,1,0,0,0,0,0,1,1,1,0,1,0,1,1,0,0,1,1,1,1,1,0,1,0,0,0
76,0,38.809175,-121.171375,11191,9,72,0.0,9,64.45,4641.1,0.0,0,0.0,5,1,0,1,1,0,1,0,0,0,0,0,0,0,1,1,0,0,1,1,1,1,1,1,1,1,0,1,1,1,0,0
68,0,38.984756,-121.345074,1219,3,24,0.0,28,34.25,828.2,0.0,0,0.0,4,1,0,1,1,0,1,0,0,0,0,0,0,0,1,0,0,0,0,0,1,1,0,0,0,1,0,1,0,1,0,0
66,0,38.53508,-121.444144,37031,0,9,39.77,25,74.05,678.45,0.0,0,357.93,5,1,0,1,0,0,0,0,0,0,0,1,1,1,1,0,1,0,0,0,0,0,0,0,0,1,0,1,1,0,0,0
70,0,38.445939,-121.496855,9063,0,44,35.39,19,89.15,3990.75,0.0,0,1557.16,4,0,0,1,0,0,0,0,1,0,0,0,1,0,1,0,1,0,0,1,1,0,0,1,1,1,1,0,0,1,0,0
65,2,38.619049,-121.517552,31422,2,70,9.4,17,107.9,7475.85,0.0,20,658.0,3,0,0,1,1,1,1,0,0,0,0,0,1,1,1,0,1,0,0,1,1,1,1,1,1,0,1,0,1,0,0,0
73,1,38.660442,-121.346321,20993,8,68,35.14,0,19.5,1193.55,0.0,0,2389.52,3,1,0,1,1,1,1,0,0,0,0,0,1,0,0,0,0,1,0,0,0,0,0,0,0,0,1,0,0,0,0,0
68,0,39.657228,-121.37778,1279,10,72,15.82,13,78.45,5682.25,0.0,0,1139.04,3,0,0,1,1,0,1,0,0,0,0,0,1,1,1,1,0,0,1,1,1,1,0,1,1,1,0,1,0,0,0,0
76,0,39.203817,-121.19584,9752,0,4,35.67,8,72.75,317.75,0.0,0,142.68,4,0,0,1,0,0,0,0,0,0,0,0,1,0,1,0,1,0,0,1,0,0,0,0,0,1,0,1,0,0,0,0
65,0,39.732767,-122.042298,1931,0,3,37.78,28,94.85,335.75,0.0,0,113.34,4,1,0,1,0,0,0,0,0,0,0,1,1,1,1,0,1,0,0,0,0,0,1,1,1,1,0,1,1,0,0,0
76,0,39.937017,-121.058043,301,0,39,20.06,3,90.7,3413.25,0.0,0,782.3399999999999,4,1,0,1,0,0,0,0,0,0,0,0,1,1,1,0,1,0,0,1,0,0,0,1,1,1,0,1,0,0,0,0
79,0,40.587919,-122.464732,31586,0,12,0.0,4,29.35,381.2,38.98,0,0.0,3,1,0,1,0,0,0,0,0,0,0,0,0,0,1,1,0,0,0,1,0,0,0,0,0,1,0,1,1,1,0,0
69,0,39.84784,-122.544556,84,0,51,24.92,11,79.6,3974.7,16.73,0,1270.92,5,1,0,1,0,0,0,0,0,0,0,0,1,1,1,0,1,0,0,1,0,0,0,0,0,1,1,0,1,0,0,0
78,0,40.059385,-122.091481,3756,3,4,0.0,5,29.9,118.25,0.0,0,0.0,4,1,0,1,1,0,1,0,0,0,0,1,0,0,1,1,0,0,0,0,1,0,0,0,0,1,0,1,1,0,0,0
77,0,41.924174,-123.260788,332,0,17,17.26,25,101.8,1752.45,27.15,90,293.42,4,1,0,1,0,0,0,0,0,0,0,0,1,0,1,0,1,0,0,1,1,0,1,1,0,0,0,1,1,0,0,0
70,2,40.617614,-122.512861,528,1,66,44.38,28,110.6,7210.85,0.0,0,2929.0800000000004,4,0,0,1,1,1,1,0,0,0,0,0,1,1,1,0,1,0,1,1,0,1,1,1,0,1,1,0,1,1,0,0
71,0,33.973616,-118.24902,54492,1,69,18.41,17,109.95,7634.25,0.0,0,1270.29,5,1,0,1,1,0,1,0,0,0,0,0,1,1,1,0,1,0,0,1,1,1,1,1,0,1,0,1,1,0,0,0
68,0,33.949255,-118.246978,44586,0,38,46.96,13,94.75,3653.0,45.82,0,1784.48,3,1,0,1,0,0,0,0,0,0,0,0,1,1,1,0,1,0,0,0,0,0,1,1,0,1,0,1,0,0,0,0
71,0,34.044639,-118.240413,9732,7,66,7.86,26,107.35,7051.95,39.18,0,518.76,4,1,0,1,1,0,1,0,0,0,0,0,1,1,1,0,1,0,0,1,1,1,1,1,0,1,1,0,1,0,0,0
74,0,34.028735,-118.317236,47143,6,18,5.73,13,59.1,1011.05,31.05,0,103.14,3,1,0,1,1,0,1,0,0,0,0,0,1,0,1,1,0,0,1,0,0,0,0,1,0,1,0,1,1,1,0,0
78,0,33.994524,-118.149953,9805,0,49,35.65,3,43.8,2106.05,20.45,0,1746.85,5,0,0,1,0,0,0,0,0,0,0,0,1,0,1,1,0,0,0,0,0,0,0,0,0,1,0,1,0,1,0,0
70,0,33.954017,-118.402447,39334,0,2,21.9,22,84.05,186.05,0.0,0,43.8,3,0,0,1,0,0,0,0,0,0,0,1,1,1,1,0,1,0,0,0,0,0,0,1,0,1,0,1,1,0,0,0
65,0,33.958149,-118.308441,47107,0,71,25.61,23,105.9,7521.95,6.65,100,1818.31,3,0,0,1,0,0,0,0,0,0,0,0,1,1,1,0,1,0,0,1,1,0,1,1,1,0,1,0,1,0,0,0
68,0,34.057496,-118.413959,2527,0,64,27.7,21,74.65,4869.35,47.04,0,1772.8,4,0,0,1,0,0,0,0,0,0,0,0,1,1,1,1,0,0,0,1,1,1,0,1,0,1,0,1,0,1,0,0
73,0,34.062095,-118.401508,11355,0,11,2.81,3,55.6,580.8,15.2,0,30.91,4,0,0,1,0,0,0,0,0,0,0,0,1,1,1,1,0,0,1,0,0,0,0,0,0,1,0,1,1,0,0,0
68,0,33.912246,-118.236773,29825,0,57,32.12,15,104.9,5913.95,1.69,90,1830.84,5,1,0,1,0,0,0,0,0,0,0,0,1,1,1,0,1,0,0,1,0,1,1,1,0,0,0,1,1,0,0,0
65,0,34.035849,-118.503508,11509,7,67,49.94,0,20.05,1263.05,43.66,0,3345.98,5,0,0,1,1,0,1,0,0,0,0,0,1,0,0,0,0,1,0,0,0,0,0,0,0,0,0,1,1,0,0,0
77,0,34.026334,-118.474222,19975,7,70,35.39,25,113.65,7714.65,24.36,0,2477.3,4,0,0,1,1,0,1,0,0,0,0,0,1,1,1,0,1,0,1,1,1,1,1,1,0,1,0,1,1,0,0,0
68,0,33.79499,-118.065591,21343,2,40,15.15,18,98.15,4116.8,27.89,0,606.0,3,1,0,1,1,0,1,0,0,0,0,0,1,0,1,0,1,0,1,1,1,1,1,0,0,1,1,0,1,1,0,0
66,0,33.782068,-118.262263,53323,3,70,39.49,28,104.8,7308.95,6.11,0,2764.3,5,1,0,1,1,0,1,0,0,0,0,0,1,1,1,0,1,0,0,1,1,0,1,1,0,1,1,0,1,0,0,0
76,0,33.822295,-118.26411,55486,6,65,28.68,20,70.95,4555.2,7.43,0,1864.2,3,1,0,1,1,0,1,0,0,0,0,0,1,0,1,0,1,0,0,0,0,0,0,0,0,1,1,0,1,0,0,0
67,1,33.760458,-118.129725,31352,8,29,0.0,20,35.65,1025.15,25.07,0,0.0,5,0,0,1,1,1,1,0,0,0,0,0,0,0,1,1,0,0,0,1,1,0,0,0,0,1,0,1,1,1,0,0
80,0,34.234912,-118.153729,20200,0,15,39.57,16,91.5,1400.3,48.66,0,593.55,3,0,0,1,0,0,0,0,0,0,0,0,1,0,1,0,1,0,0,0,0,0,1,1,0,1,0,1,1,0,0,0
67,0,34.168686,-118.057505,10558,0,56,27.64,7,104.75,5841.35,36.52,0,1547.84,3,0,0,1,0,0,0,0,0,0,0,0,1,1,1,0,1,0,0,1,1,0,1,1,0,1,0,1,0,0,0,0
78,1,34.282704,-118.312929,18752,10,65,9.68,23,85.75,5688.45,38.09,0,629.1999999999999,3,1,0,1,1,1,1,0,0,0,0,0,1,1,1,0,1,0,1,1,0,0,0,0,0,1,0,1,1,0,0,0
66,0,34.146635,-118.139225,16812,6,65,32.08,8,100.75,6674.65,0.0,0,2085.2,3,1,0,1,1,0,1,0,0,0,0,0,1,1,1,0,1,0,1,0,0,0,1,1,0,1,1,0,1,0,0,0
76,0,34.167926,-118.267539,21990,0,38,3.42,15,83.45,3147.15,24.98,0,129.96,3,0,0,1,1,0,0,0,0,0,0,0,1,0,1,0,1,0,1,0,0,0,0,1,0,1,0,1,1,0,0,0
79,0,34.199787,-118.68493,23637,1,2,32.62,2,69.3,153.8,0.0,0,65.24,4,0,0,1,1,0,1,0,0,0,0,1,1,0,1,0,1,0,0,0,0,0,0,0,0,1,0,1,1,0,0,0
67,0,34.502432,-118.41459,40077,0,51,3.11,0,25.0,1260.7,0.0,0,158.61,4,1,0,1,0,0,0,0,0,0,0,0,1,1,0,0,0,1,0,0,0,0,0,0,0,0,1,0,0,0,0,0
74,0,34.130992,-118.894673,18735,0,43,8.81,7,84.85,3645.6,0.0,0,378.83,4,1,0,1,0,0,0,0,0,0,0,0,1,1,1,0,1,0,0,0,0,0,1,0,0,1,0,1,1,0,0,0
69,0,34.202494,-118.448048,51348,1,2,7.29,14,74.2,140.1,0.0,0,14.58,4,1,0,1,1,0,1,0,0,0,0,1,1,0,1,0,1,0,0,0,1,0,0,0,0,1,0,1,1,0,0,0
65,0,34.098275,-117.967399,76890,7,70,12.07,17,90.05,6333.4,0.0,0,844.9,3,1,0,1,1,0,1,0,0,0,0,0,1,1,1,1,0,0,1,1,1,1,1,1,1,1,0,1,0,1,0,0
80,0,34.04622,-118.053753,45645,0,33,0.0,16,59.45,1884.65,0.0,0,0.0,4,0,0,1,0,0,0,0,0,0,0,0,0,0,1,1,0,0,1,1,1,0,1,1,0,1,0,1,1,0,0,0
69,0,33.998471,-117.973758,53686,0,30,4.04,14,90.5,2595.85,0.0,0,121.2,3,1,0,1,0,0,0,0,0,0,0,0,1,1,1,0,1,0,1,0,0,0,0,1,0,1,0,1,1,1,0,0
74,0,34.057256,-117.667677,54254,0,32,48.62,12,79.5,2665.0,0.0,0,1555.84,4,0,0,1,0,0,0,0,0,0,0,0,1,0,1,0,1,0,0,0,0,0,0,1,0,1,0,1,1,0,0,0
71,0,34.105493,-117.660934,48827,7,34,26.49,18,90.15,3128.8,0.0,0,900.66,3,1,0,1,1,0,1,0,0,0,0,0,1,0,1,0,1,0,1,0,0,1,1,0,0,1,1,0,0,1,0,0
71,0,32.64164,-116.985026,12884,0,1,11.51,21,46.3,46.3,0.0,0,11.51,4,1,0,1,0,0,0,0,0,0,0,1,1,0,1,1,0,0,0,0,0,0,0,0,0,1,0,1,0,0,0,0
71,0,32.619465,-116.593605,905,0,55,0.0,23,50.05,2743.45,0.0,0,0.0,4,1,0,1,0,0,0,0,0,0,0,0,0,0,1,1,0,0,0,0,1,0,1,1,0,1,1,0,1,0,0,0
67,0,32.587557,-116.636816,91,6,69,34.55,19,87.3,6055.55,0.0,0,2383.95,3,0,0,1,1,0,1,0,0,0,0,0,1,0,1,0,1,0,1,1,0,0,0,1,0,1,1,0,0,1,0,0
80,0,33.148116,-117.306043,35582,1,33,0.0,4,50.0,1750.85,0.0,0,0.0,3,1,0,1,1,0,1,0,0,0,0,0,0,0,1,1,0,0,0,1,1,1,1,0,0,1,0,1,1,0,0,0
75,0,32.785165,-116.862648,40995,8,37,23.54,7,72.25,2575.45,0.0,0,870.98,3,1,0,1,1,0,1,0,0,0,0,0,1,0,1,0,1,0,0,0,0,0,0,0,0,1,0,1,1,0,0,0
67,2,32.79697,-116.969082,55277,1,62,45.76,12,96.1,6019.35,0.0,150,2837.12,4,0,0,1,1,1,1,0,0,0,0,0,1,1,1,0,1,0,0,1,1,0,0,1,0,0,0,1,1,1,0,0
68,0,32.853743,-117.25034,42617,0,1,17.6,2,71.25,71.25,0.0,10,17.6,4,0,0,1,0,0,0,0,0,0,0,0,1,0,1,0,1,0,0,0,0,0,0,0,0,0,0,1,1,0,0,0
75,0,32.909873,-116.906774,42277,0,72,24.67,26,113.8,7845.8,0.0,0,1776.2400000000002,3,1,0,1,0,0,0,0,0,0,0,0,1,1,1,0,1,0,1,1,1,1,1,1,0,1,0,1,0,0,0,0
74,0,33.309852,-116.823091,234,3,60,27.68,26,100.5,6029.0,0.0,0,1660.8,5,0,0,1,1,0,1,0,0,0,0,0,1,1,1,0,1,0,0,0,1,0,1,1,0,1,1,0,1,1,0,0
80,0,33.044541,-116.833922,33104,0,30,41.93,21,104.1,3121.1,0.0,0,1257.9,4,0,0,1,0,0,0,0,0,0,0,0,1,1,1,0,1,0,0,1,1,0,1,1,0,1,0,1,1,0,0,0
66,0,32.847336,-116.997605,53510,0,8,41.85,5,69.7,572.85,0.0,0,334.8,4,1,0,1,0,0,0,0,0,0,0,1,1,0,1,0,1,0,0,0,0,0,0,0,0,1,0,1,1,0,0,0
79,0,33.25283,-116.986079,14575,0,71,4.75,0,24.65,1766.75,0.0,0,337.25,3,1,0,1,0,0,0,1,0,0,0,0,1,1,0,0,0,1,0,0,0,0,0,0,0,0,0,1,1,1,0,0
73,0,33.17494,-117.242761,62036,2,70,15.9,0,19.55,1462.05,0.0,0,1113.0,3,0,0,1,1,0,1,1,0,0,0,0,1,0,0,0,0,1,0,0,0,0,0,0,0,0,0,1,1,1,0,0
74,0,32.716007,-117.117462,47140,4,49,1.67,15,49.8,2398.4,0.0,0,81.83,3,1,0,1,1,0,1,0,0,0,0,0,1,0,1,1,0,0,0,1,0,0,0,0,0,1,0,1,0,1,0,0
69,1,32.707892,-117.05512,66838,9,24,20.78,23,96.55,2263.45,0.0,0,498.72,5,0,0,1,1,1,1,0,0,0,0,0,1,0,1,0,1,0,0,0,1,0,1,1,1,1,0,1,1,0,0,0
71,0,33.694501,-116.412711,29340,0,11,41.58,3,78.5,874.2,0.0,0,457.38,3,1,0,1,0,0,0,0,0,0,0,0,1,0,1,0,1,0,0,0,0,0,0,1,1,1,0,1,1,0,0,0
65,0,34.667815,-117.536183,18980,0,72,26.87,20,108.1,7774.05,0.0,0,1934.64,5,0,0,1,0,0,0,1,0,0,0,0,1,1,1,0,1,0,0,1,1,1,1,1,1,1,0,1,1,0,0,0
73,0,34.875144,-116.821698,678,3,12,37.15,13,79.2,943.85,0.0,20,445.8,4,0,0,1,1,0,1,0,0,0,0,0,1,0,1,1,0,0,1,0,1,1,1,1,1,0,1,0,1,0,0,0
72,1,34.459322,-117.629729,4280,1,52,7.04,22,80.85,4079.55,0.0,0,366.08,3,1,0,1,1,1,1,0,0,0,0,0,1,1,1,1,0,0,0,1,1,0,1,1,1,1,1,0,1,0,0,0
71,0,33.482243,-116.827173,2433,0,18,7.51,24,73.55,1359.45,0.0,0,135.18,3,0,0,1,0,0,0,0,0,0,0,0,1,0,1,0,1,0,0,1,0,0,0,0,0,1,0,1,1,0,0,0
74,2,33.970661,-117.255039,46214,3,50,32.9,18,75.15,3822.45,0.0,0,1645.0,4,1,0,1,1,1,1,0,0,0,0,0,1,1,1,1,0,0,1,1,1,0,0,1,1,1,0,1,1,0,0,0
69,0,33.82769,-117.102244,7344,6,72,30.3,14,112.9,8061.5,0.0,20,2181.6,3,1,0,1,1,0,1,1,0,0,0,0,1,1,1,0,1,0,1,1,1,1,1,1,1,0,0,1,1,1,0,0
76,0,33.667145,-117.732135,6301,0,64,29.43,0,25.65,1740.8,0.0,0,1883.52,5,1,0,1,1,0,0,0,0,0,0,0,1,1,0,0,0,1,0,0,0,0,0,0,0,0,0,1,0,1,0,0
69,0,33.848733,-117.788357,36301,8,72,7.85,20,106.85,7677.4,0.0,100,565.1999999999999,4,0,0,1,1,0,1,1,0,0,0,0,1,1,1,0,1,0,1,1,0,0,1,1,1,0,1,0,1,0,0,0
73,0,33.902211,-117.914922,21157,0,7,11.01,18,51.3,419.35,0.0,0,77.07,4,0,0,1,0,0,0,0,0,0,0,0,1,0,1,0,0,0,0,1,0,0,0,0,0,1,0,1,1,1,0,0
67,0,33.925833,-117.559639,22443,1,52,4.11,17,109.1,5647.95,0.0,0,213.72000000000003,5,0,0,1,1,0,1,0,0,0,0,0,1,1,1,0,1,0,1,1,1,0,1,1,0,1,0,1,1,0,0,0
70,0,33.918043,-117.617809,16998,1,60,4.06,11,116.05,6925.9,0.0,0,243.6,3,0,0,1,1,0,1,0,0,0,0,0,1,1,1,0,1,0,1,1,1,1,1,1,0,1,0,1,1,0,0,0
79,0,34.404544,-119.302118,6503,4,67,7.2,23,94.65,6079.0,0.0,0,482.4,4,1,0,1,1,0,1,1,0,0,0,0,1,1,1,0,1,0,0,0,0,0,1,1,0,1,0,1,1,1,0,0
69,0,36.315979,-119.710852,2872,0,1,28.67,4,44.0,44.0,0.0,0,28.67,4,1,0,1,0,0,0,0,0,0,0,1,1,0,1,1,0,0,0,0,0,0,0,0,0,1,0,1,0,0,0,0
79,0,35.858054,-119.305858,9318,7,17,46.44,13,94.8,1563.9,0.0,0,789.48,3,1,0,1,1,0,1,0,0,0,0,0,1,1,1,0,1,0,0,0,0,0,1,1,0,1,0,1,1,0,0,0
70,0,35.996923,-120.000951,1809,9,52,27.74,18,106.5,5621.85,0.0,90,1442.48,5,0,0,1,1,0,1,0,0,0,0,0,1,1,1,0,1,0,0,1,1,0,1,1,0,0,1,0,1,0,0,0
70,0,35.861928,-118.636698,266,0,8,44.63,29,85.2,695.75,0.0,0,357.04,4,0,0,1,0,0,0,0,0,0,0,1,1,1,1,0,1,0,0,0,0,0,0,1,0,1,0,1,0,0,0,0
79,0,36.245926,-118.693138,3546,5,16,35.53,23,54.55,825.1,0.0,0,568.48,3,1,0,1,1,0,1,0,0,0,0,0,1,0,1,1,0,0,1,1,0,0,0,0,0,1,0,1,1,0,0,0
72,0,36.391777,-119.372842,36718,0,39,10.03,13,99.75,4036.0,0.0,0,391.17,3,0,0,1,0,0,0,0,0,0,0,0,1,1,1,0,1,0,0,0,1,0,1,1,0,1,0,1,1,0,0,0
76,0,35.236549,-120.727344,31982,0,52,11.01,18,108.1,5839.3,0.0,0,572.52,4,0,0,1,0,0,0,0,0,0,0,0,1,1,1,0,1,0,1,1,1,0,1,1,0,1,0,1,0,1,0,0
70,0,35.591387,-121.032256,6526,1,72,0.0,7,64.95,4546.0,0.0,30,0.0,3,1,0,1,1,0,1,1,0,0,0,0,0,0,1,1,0,0,1,1,1,1,1,1,0,0,0,1,1,1,0,0
70,1,35.059695,-120.604741,7435,1,68,20.31,13,84.65,5683.6,0.0,0,1381.08,3,1,0,1,1,1,1,1,0,0,0,0,1,1,1,0,1,0,0,1,1,0,0,0,0,1,0,1,1,0,0,0
77,0,35.634488,-120.293534,1255,3,59,0.0,6,64.05,3886.85,0.0,0,0.0,3,1,0,1,1,0,1,0,0,0,0,0,0,0,1,0,0,0,1,0,1,1,1,1,0,1,0,1,1,1,0,0
71,0,37.653947,-118.231443,340,5,46,21.46,15,100.25,4753.85,0.0,0,987.16,5,0,0,1,1,0,1,0,0,0,0,0,1,1,1,0,1,0,0,0,0,1,1,1,0,1,1,0,0,0,0,0
80,0,37.245505,-118.062943,1826,8,58,31.11,4,98.9,5780.7,0.0,0,1804.38,3,1,0,1,1,0,1,0,0,0,0,0,1,1,1,0,1,0,0,1,0,0,1,1,0,1,0,1,1,0,0,0
75,0,38.184583,-119.286558,826,0,11,48.33,17,60.25,662.95,0.0,120,531.63,3,1,0,1,0,0,0,0,0,0,0,0,1,1,1,1,0,0,1,1,0,0,0,0,0,0,0,1,0,0,0,0
72,0,35.358953,-118.527064,1022,0,34,0.0,28,56.25,1765.95,0.0,0,0.0,3,0,0,1,0,0,0,0,0,0,0,0,0,0,1,1,0,0,0,1,1,0,1,1,0,1,0,1,1,0,0,0
68,0,33.362575,-117.299644,42239,6,55,42.9,27,74.0,4052.4,0.0,0,2359.5,5,1,0,1,1,0,1,0,0,0,0,0,1,1,1,0,1,0,0,0,0,0,0,0,0,1,0,1,1,0,0,0
73,0,36.296851,-117.865469,318,0,9,24.85,15,79.55,718.55,0.0,10,223.65,5,1,0,1,0,0,0,0,0,0,0,1,1,0,1,0,1,0,0,0,0,0,0,1,0,0,0,1,1,0,0,0
79,1,35.405722,-117.773354,117,5,14,14.39,30,95.8,1346.3,0.0,0,201.46,3,0,0,1,1,1,1,0,0,0,0,0,1,1,1,0,1,0,0,0,0,0,1,1,0,1,0,1,1,0,0,0
72,0,37.007238,-119.505661,1314,2,34,12.98,8,71.55,2427.35,0.0,0,441.32,3,1,0,1,1,0,1,0,0,0,0,0,1,0,1,0,1,0,0,0,0,0,0,0,0,1,0,1,0,1,0,0
78,0,36.594542,-119.905245,265,10,19,19.57,27,94.95,1760.25,0.0,0,371.83,5,0,0,1,1,0,1,0,0,0,0,0,1,1,1,0,1,0,0,0,0,0,1,1,0,1,0,1,1,0,0,0
76,0,36.749403,-119.787574,13858,0,24,46.13,23,80.5,2088.45,0.0,0,1107.12,4,1,0,1,0,0,0,0,0,0,0,0,1,1,1,0,1,0,0,1,0,0,0,0,0,1,0,1,1,0,0,0
77,0,36.768774,-119.762633,31180,0,35,0.0,26,39.85,1434.6,0.0,0,0.0,4,0,0,1,0,0,0,0,0,0,0,0,0,0,1,0,0,0,0,0,1,0,1,0,0,1,0,1,1,0,0,0
69,0,36.878709,-119.7645,45087,0,71,22.19,0,24.85,1901.0,0.0,0,1575.49,5,1,0,1,1,0,0,1,0,0,0,0,1,1,0,0,0,1,0,0,0,0,0,0,0,0,0,1,0,0,0,0
71,0,36.623632,-119.741322,21010,8,7,41.97,11,89.0,605.45,0.0,0,293.79,4,1,0,1,1,0,1,0,0,0,0,0,1,0,1,0,1,0,0,0,0,0,1,1,1,1,0,1,1,0,0,0
65,0,36.793601,-119.761131,39148,0,57,0.0,26,55.0,3094.05,0.0,0,0.0,4,0,0,1,0,0,0,0,1,0,0,0,0,0,1,1,0,0,0,1,1,0,1,1,1,1,0,1,1,0,0,0
78,0,36.667794,-121.601306,58548,0,72,14.94,30,117.35,8436.25,0.0,0,1075.68,4,0,0,1,0,0,0,1,0,0,0,0,1,1,1,0,1,0,1,1,1,1,1,1,1,1,0,1,1,1,0,0
80,0,33.141265,-116.967221,48690,0,59,25.57,5,89.75,5496.9,0.0,0,1508.63,3,0,0,1,0,0,0,0,1,0,0,0,1,1,1,0,1,0,1,1,1,0,0,0,0,1,0,1,1,0,0,0
71,0,36.460611,-121.852507,13121,0,2,37.97,9,49.95,107.1,0.0,0,75.94,5,1,0,1,0,0,0,0,0,0,0,1,1,0,1,1,0,0,0,0,1,0,0,0,0,1,0,1,0,0,1,0
79,0,35.930782,-121.189757,254,0,32,25.89,0,19.8,587.7,0.0,0,828.48,4,1,0,1,0,0,0,0,0,0,0,0,1,0,0,0,0,1,0,0,0,0,0,0,0,0,1,0,0,1,0,0
78,0,37.57028,-122.365778,40346,0,12,43.4,24,73.3,828.05,0.0,0,520.8,4,1,0,1,0,0,0,0,0,0,0,0,1,1,1,0,1,0,0,0,0,0,0,0,0,1,0,1,1,1,0,0
80,0,37.419725,-122.062947,27822,0,45,18.46,3,70.05,3062.45,0.0,0,830.7,3,0,0,1,0,0,0,0,1,0,0,0,1,1,1,0,0,0,1,0,0,1,0,1,1,1,0,1,1,0,0,0
67,0,37.331762,-122.341444,291,0,5,18.38,15,85.55,408.5,0.0,0,91.9,4,1,0,1,0,0,0,0,0,0,0,1,1,0,1,0,1,0,0,1,0,0,0,1,1,1,0,1,1,0,0,0
74,1,37.773147,-122.411287,23036,9,61,39.31,10,65.2,3965.05,0.0,0,2397.9100000000003,4,0,0,1,1,1,1,0,1,0,0,0,1,1,1,1,0,0,0,0,1,0,1,0,0,1,1,0,1,0,0,0
73,0,37.801776,-122.402293,3337,8,14,45.46,4,75.1,1013.35,0.0,0,636.44,4,1,0,1,1,0,1,0,0,0,0,0,1,1,1,0,1,0,0,0,0,0,0,0,0,1,0,1,1,0,0,0
75,0,37.797526,-122.464531,2240,2,72,44.89,24,115.75,8443.7,0.0,120,3232.08,3,0,0,1,1,0,1,1,0,0,0,0,1,1,1,0,1,0,1,1,1,1,1,1,0,0,0,1,1,1,0,0
80,0,37.444314,-122.149996,16198,10,56,11.55,27,95.65,5471.75,21.71,0,646.8000000000001,3,0,0,1,1,0,1,0,1,0,0,0,1,1,1,0,1,0,1,1,1,1,0,0,0,1,1,0,0,0,0,0
65,0,37.924838,-122.289145,23141,0,46,41.17,30,104.45,4863.85,36.78,0,1893.82,3,0,0,1,0,0,0,0,1,0,0,0,1,1,1,0,1,0,0,1,1,0,1,1,1,1,0,1,1,0,0,0
70,0,38.232389,-122.324944,26894,5,4,6.03,8,70.2,280.35,30.75,0,24.12,5,1,0,1,1,0,1,0,0,0,0,0,1,0,1,0,1,0,0,0,0,0,0,0,0,1,0,1,1,0,0,0
80,0,37.504133,-122.032347,42491,0,32,31.57,4,90.95,2897.95,25.55,0,1010.24,4,0,0,1,0,0,0,0,0,1,0,0,1,0,1,0,1,0,0,0,0,0,1,1,0,1,0,1,0,0,0,0
79,0,38.581354,-122.296283,9423,7,67,42.07,12,60.95,4119.4,17.19,0,2818.69,3,1,0,1,1,0,1,1,0,0,0,0,1,0,1,0,0,0,1,1,0,1,0,0,0,1,1,0,1,0,0,0
68,0,37.687264,-122.15728,19815,0,29,8.88,22,58.55,1718.95,33.1,0,257.52000000000004,3,0,0,1,0,0,0,0,0,1,0,0,1,1,1,1,0,0,1,1,0,0,0,0,0,1,0,1,1,0,0,0
73,0,37.834341,-122.26437,21097,0,14,7.34,3,80.35,1058.1,32.71,0,102.76,4,0,0,1,0,0,0,0,0,0,0,0,1,1,1,0,1,0,0,0,1,0,0,0,0,1,0,1,1,0,0,0
70,0,37.878554,-122.26609,10147,0,18,25.7,23,84.95,1443.65,4.76,70,462.6,4,0,0,1,0,0,0,0,0,0,0,0,1,0,1,0,1,0,0,0,1,0,0,1,0,0,0,1,1,0,0,0
77,0,37.872902,-122.303708,8157,0,72,14.12,23,110.1,7746.7,44.81,0,1016.64,4,0,0,1,0,0,0,1,0,0,0,0,1,1,1,0,1,0,1,1,0,1,1,1,0,1,0,1,1,0,0,0
73,0,37.945288,-122.383941,28450,0,71,34.36,13,99.65,6951.15,3.33,0,2439.56,4,0,0,1,0,0,0,1,0,0,0,0,1,1,1,0,1,0,0,1,0,0,1,1,0,1,0,1,1,1,0,0
74,0,37.963995,-122.288296,25399,0,5,0.0,4,45.4,214.75,0.0,0,0.0,5,1,0,1,0,0,0,0,0,0,0,0,0,0,1,1,0,0,0,0,1,1,1,0,0,1,0,1,0,1,0,0
78,0,37.972662,-122.491452,40239,0,52,34.0,3,59.85,3103.25,19.16,0,1768.0,3,0,0,1,0,0,0,0,1,0,0,0,1,1,1,1,0,0,1,0,1,0,0,0,0,1,0,1,0,0,0,0
76,0,38.135897,-122.563683,16429,5,31,46.06,18,89.45,2807.65,31.58,0,1427.86,4,1,0,1,1,0,1,0,0,1,0,0,1,1,1,0,1,0,1,0,0,0,1,0,0,1,0,1,0,0,0,0
66,2,38.237018,-122.77872,31930,6,24,4.06,28,79.85,1857.75,0.0,0,97.44,3,1,0,1,1,1,1,0,0,1,0,0,1,1,1,0,1,0,1,0,0,0,0,0,0,1,0,1,1,0,0,0
65,0,38.235021,-122.557332,35419,9,36,47.16,28,54.1,1992.85,1.09,0,1697.7599999999998,3,1,0,1,1,0,1,0,0,1,0,0,1,0,1,1,0,0,0,0,1,1,0,0,0,1,1,0,0,1,0,0
65,0,37.106902,-122.100006,1007,0,4,31.13,15,48.75,179.85,0.0,0,124.52,3,0,0,1,0,0,0,0,0,0,0,0,1,1,1,1,0,0,0,0,0,0,0,0,0,1,0,1,0,0,1,0
76,1,37.084697,-121.606417,5671,7,46,20.42,16,110.2,4972.1,0.0,0,939.32,3,0,0,1,1,1,1,0,1,0,0,0,1,1,1,0,1,0,1,1,0,1,1,1,0,1,0,1,1,0,0,0
74,0,37.070177,-122.010077,14574,9,71,0.0,19,46.35,3353.4,18.64,0,0.0,4,1,0,1,1,0,1,1,0,0,0,0,0,0,1,1,0,0,1,1,1,1,0,0,0,1,0,1,0,1,0,0
76,0,37.946282,-121.139499,23789,0,45,15.65,18,93.9,4200.25,0.0,0,704.25,4,1,0,1,0,0,0,0,1,0,0,0,1,1,1,0,1,0,0,0,0,0,1,1,0,1,0,1,1,0,0,0
79,0,38.244806,-120.417301,88,8,26,18.66,11,98.1,2510.7,44.17,0,485.16,4,0,0,1,1,0,1,0,0,1,0,0,1,1,1,0,1,0,0,0,1,0,1,1,0,1,0,1,1,0,0,0
79,0,37.524721,-120.757977,5513,2,54,43.71,12,115.6,6431.05,0.0,0,2360.34,3,0,0,1,1,0,1,0,1,0,0,0,1,1,1,0,1,0,1,1,1,1,1,1,0,1,1,0,1,0,0,0
76,0,37.394536,-120.890747,7177,10,60,17.05,21,97.95,5867.0,0.0,0,1023.0,4,1,0,1,1,0,1,0,1,0,0,0,1,0,1,0,1,0,0,1,1,0,1,1,0,1,1,0,1,0,0,0
73,0,38.109125,-120.078597,683,4,72,33.68,10,77.35,5396.25,0.0,0,2424.96,4,1,0,1,1,0,1,1,0,0,0,0,1,1,1,1,0,0,0,1,1,1,1,0,0,1,0,1,0,1,0,0
79,0,38.121601,-120.133915,1278,0,70,47.27,3,75.5,5212.65,0.0,0,3308.9,4,0,0,1,0,0,0,1,0,0,0,0,1,1,1,0,0,0,0,1,1,1,1,0,0,1,0,1,1,0,0,0
80,0,37.410236,-121.320337,15536,7,10,25.13,30,75.3,720.45,0.0,0,251.3,4,1,0,1,1,0,1,0,0,0,0,0,1,0,1,0,1,0,1,0,0,0,0,0,0,1,0,1,0,0,0,0
74,0,37.521708,-120.426843,1158,0,9,7.11,12,49.2,447.9,0.0,0,63.99,4,1,0,1,0,0,0,0,0,0,0,0,1,0,1,1,0,0,0,0,0,1,0,0,0,1,0,1,0,0,1,0
68,0,33.141265,-116.967221,48690,2,32,2.17,11,79.3,2570.0,0.0,0,69.44,3,0,0,1,1,0,1,0,0,1,0,0,1,1,1,0,1,0,0,0,1,0,0,0,0,1,0,1,0,0,1,0
70,0,38.618347,-122.908422,17979,7,72,18.15,16,105.75,7629.85,0.0,80,1306.8,5,0,0,1,1,0,1,1,0,0,0,0,1,1,1,0,1,0,0,1,1,0,1,1,1,0,1,0,1,1,0,0
70,0,38.93496,-122.792243,9902,8,62,22.74,18,104.85,6312.9,0.0,0,1409.88,3,0,0,1,1,0,1,0,1,0,0,0,1,1,1,0,1,0,1,0,1,0,1,1,1,1,1,0,1,0,0,0
71,0,38.966713,-123.586412,586,0,69,13.36,10,74.1,5031.0,0.0,0,921.84,3,1,0,1,0,0,0,1,0,0,0,0,1,1,1,0,0,0,1,0,1,1,0,1,1,1,0,1,0,1,0,0
80,0,38.415003,-122.998726,1880,0,57,36.89,17,101.3,5779.6,0.0,0,2102.73,4,0,0,1,0,0,0,0,1,0,0,0,1,1,1,0,1,0,1,0,1,1,0,1,1,1,0,1,0,1,0,0
80,0,38.888351,-123.239647,335,0,65,18.23,3,99.1,6496.15,0.0,0,1184.95,4,1,0,1,0,0,0,0,1,0,0,0,1,0,1,0,1,0,0,1,1,0,1,1,1,1,0,1,1,0,0,0
80,0,40.4785,-124.301372,2965,0,4,19.0,17,94.75,422.4,0.0,0,76.0,4,1,0,1,0,0,0,0,0,0,0,0,1,0,1,0,1,0,0,0,1,0,1,1,1,1,0,1,1,0,0,0
73,0,40.342928,-124.063329,82,5,69,49.91,13,95.35,6382.0,0.0,0,3443.79,3,1,0,1,1,0,1,0,0,0,0,0,1,1,1,0,1,0,0,1,1,0,0,1,1,1,0,1,1,0,0,0
72,0,40.557314,-124.081662,1201,0,8,2.18,13,74.05,600.15,0.0,0,17.44,3,0,0,1,0,0,0,0,0,0,0,0,1,0,1,0,1,0,0,0,1,0,0,0,0,1,0,1,1,0,0,0
74,0,41.572813,-124.035011,1215,0,63,41.8,16,89.6,5538.8,0.0,0,2633.4,4,0,0,1,0,0,0,0,1,0,0,0,1,1,1,0,1,0,0,0,1,0,0,1,1,1,0,1,1,0,0,0
69,0,40.142256,-123.852927,1851,10,71,11.35,24,71.0,5012.1,0.0,0,805.85,3,1,0,1,1,0,1,0,0,0,0,0,1,0,1,1,0,0,1,1,0,1,1,0,0,1,1,0,1,0,0,0
65,0,40.89866,-123.539754,660,0,26,25.04,9,93.6,2404.1,0.0,0,651.04,5,1,0,1,0,0,0,0,0,1,0,0,1,1,1,0,1,0,0,0,0,0,1,1,1,1,0,1,1,0,0,0
73,0,38.921333,-120.897718,1140,0,18,47.34,7,58.4,964.9,0.0,0,852.1200000000001,4,1,0,1,0,0,0,0,0,0,1,0,1,1,1,1,0,0,1,1,0,0,0,0,0,1,0,1,1,1,0,0
66,0,38.154823,-121.601358,2010,0,72,31.31,18,107.4,7748.75,0.0,0,2254.32,4,0,0,1,0,0,0,0,0,0,0,0,1,1,1,0,1,0,1,1,1,1,0,1,1,1,0,1,1,0,0,0
68,0,38.875508,-121.765866,1793,10,70,38.5,25,90.85,6470.1,0.0,0,2695.0,4,0,0,1,1,0,1,0,0,0,0,0,1,1,1,0,1,0,1,0,0,0,0,1,1,1,0,1,1,0,0,0
75,0,38.803731,-121.043799,1173,0,21,24.91,17,104.35,2271.85,0.0,130,523.11,5,1,0,1,0,0,0,0,0,0,1,0,1,1,1,0,1,0,0,1,1,0,1,1,1,0,0,1,1,0,0,0
72,0,38.400264,-120.641274,4354,0,54,0.0,26,55.45,2966.95,0.0,0,0.0,3,1,0,1,0,0,0,0,0,0,0,0,0,0,1,1,0,0,0,1,1,0,1,1,1,1,1,0,1,0,0,0
69,0,38.688764,-121.457596,14010,0,56,46.67,18,96.85,5219.65,0.0,0,2613.52,3,0,0,1,0,0,0,0,0,0,0,0,1,1,1,0,1,0,1,1,0,0,0,1,1,1,0,1,1,0,0,0
67,0,38.333133,-121.920151,63157,0,64,10.07,26,102.1,6688.1,0.0,0,644.48,5,1,0,1,0,0,0,0,0,0,0,0,1,1,1,0,1,0,0,0,1,1,1,1,1,1,1,0,0,0,0,0
68,0,38.983388,-120.988814,1526,0,31,15.35,10,96.6,2877.95,0.0,0,475.85,5,1,0,1,0,0,0,0,0,1,0,0,1,1,1,0,1,0,0,0,1,1,1,0,0,1,0,1,1,0,0,0
66,0,38.805481,-120.13287,25,5,15,37.84,19,94.65,1285.05,0.0,0,567.6,3,0,0,1,1,0,1,0,0,0,1,0,1,0,1,0,1,0,0,1,0,0,1,1,1,1,0,1,1,0,0,0
79,0,38.749466,-121.184196,20675,0,64,4.99,0,20.05,1198.05,0.0,0,319.36,4,1,0,1,0,0,0,0,0,0,0,0,1,0,0,0,0,1,0,0,0,0,0,0,0,0,0,1,1,0,0,0
67,0,38.542532,-121.378826,38818,0,34,13.56,30,69.15,2275.1,0.0,0,461.04,3,1,0,1,0,0,0,0,0,1,0,0,1,0,1,0,1,0,0,0,0,0,0,0,0,1,0,1,0,1,0,0
77,1,38.445939,-121.496855,9063,5,71,32.12,0,19.8,1388.45,0.0,0,2280.52,4,1,0,1,1,1,1,0,0,0,0,0,1,0,0,0,0,1,0,0,0,0,0,0,0,0,0,1,0,1,0,0
80,1,39.657228,-121.37778,1279,7,71,48.59,15,69.2,4982.5,0.0,0,3449.8900000000003,4,0,0,1,1,1,1,0,0,0,0,0,1,1,1,1,0,0,1,1,0,0,1,0,0,1,1,0,0,0,0,0
68,0,39.461768,-121.195825,262,4,31,5.3,3,84.85,2633.4,0.0,0,164.29999999999998,3,0,0,1,1,0,1,0,0,1,0,0,1,1,1,0,1,0,0,0,0,0,0,1,1,1,0,1,1,0,0,0
80,0,38.931425,-121.946081,19,0,36,41.57,10,74.9,2659.45,0.0,0,1496.52,3,0,0,1,0,0,0,0,0,1,0,0,1,1,1,0,1,0,0,0,0,0,0,0,0,1,0,1,1,0,0,0
77,0,39.423046,-120.984472,565,5,64,14.87,16,80.3,5017.7,0.0,0,951.68,3,1,0,1,1,0,1,0,0,0,0,0,1,0,1,0,1,0,1,0,1,0,0,0,0,1,1,0,0,1,0,0
75,0,39.435756,-121.552071,1254,7,72,11.23,20,97.25,7133.1,0.0,0,808.5600000000001,5,1,0,1,1,0,1,0,0,0,0,0,1,1,1,0,1,0,0,1,0,0,1,1,1,1,1,0,1,1,0,0
73,0,39.493991,-122.286363,8812,0,43,0.0,18,33.45,1500.25,0.0,40,0.0,3,0,0,1,0,0,0,0,0,0,0,0,0,0,1,1,0,0,1,1,0,0,0,0,0,0,0,1,1,1,0,0
67,0,40.946785,-121.719489,4552,0,69,20.62,0,20.3,1356.3,0.0,0,1422.78,3,1,0,1,0,0,0,0,0,0,0,0,1,0,0,0,0,1,0,0,0,0,0,0,0,0,0,1,0,1,0,0
73,0,39.913777,-122.289984,13840,1,63,37.12,18,108.5,6991.9,0.0,0,2338.56,4,1,0,1,1,0,1,0,0,0,0,0,1,1,1,0,1,0,1,1,1,0,1,1,1,1,0,1,0,1,0,0
65,0,41.949216,-122.050062,1162,10,48,34.43,2,58.95,2789.7,0.0,0,1652.64,3,0,0,1,1,0,1,0,0,0,0,0,1,0,1,1,0,0,0,1,0,0,0,1,1,1,1,0,1,0,0,0
65,0,40.524535,-122.647172,911,0,46,16.04,26,69.1,3255.35,0.0,0,737.8399999999999,3,0,0,1,0,0,0,0,0,0,0,0,1,1,1,1,0,0,0,0,1,1,0,1,1,1,1,0,1,1,0,0
72,0,40.059385,-122.091481,3756,4,72,16.92,19,111.65,8022.85,0.0,110,1218.2400000000002,4,1,0,1,1,0,1,0,0,0,0,0,1,1,1,0,1,0,0,1,1,1,1,1,1,0,0,1,1,0,0,0
78,0,40.408796,-121.579609,124,0,20,25.51,9,84.35,1745.2,0.0,10,510.2000000000001,4,1,0,1,0,0,0,0,0,0,1,0,1,1,1,0,1,0,0,0,0,0,1,0,0,0,0,1,1,0,0,0
72,0,40.877552,-121.885884,431,2,57,48.16,10,71.1,4140.1,0.0,0,2745.12,5,1,0,1,1,0,1,0,0,0,0,0,1,1,1,1,0,0,0,1,1,0,1,0,0,1,1,0,1,1,0,0
70,0,41.33832,-122.290756,7309,4,44,44.44,6,85.15,3670.5,0.0,0,1955.36,4,0,0,1,1,0,1,0,0,0,0,0,1,0,1,0,1,0,1,1,0,1,0,0,0,1,0,1,1,0,0,0
77,0,39.955164,-122.018567,439,7,72,5.51,2,84.8,6141.65,0.0,0,396.72,4,1,0,1,1,0,1,0,0,0,0,0,1,0,1,0,1,0,1,1,0,1,0,0,0,1,0,1,1,1,0,0
65,0,41.266008,-120.490731,277,1,63,40.65,29,84.0,5329.55,0.0,0,2560.95,3,1,0,1,1,0,1,0,0,0,0,0,1,0,1,1,0,0,1,1,1,1,1,1,1,1,1,0,1,0,0,0
79,0,39.786755,-120.445626,4236,5,45,44.91,0,24.7,1174.35,0.0,0,2020.95,4,1,0,1,1,0,1,0,0,0,0,0,1,1,0,0,0,1,0,0,0,0,0,0,0,0,1,0,0,1,0,0
71,0,40.845738,-120.322219,61,0,45,12.67,4,97.05,4385.05,0.0,0,570.15,3,0,0,1,0,0,0,0,0,0,0,0,1,1,1,0,1,0,1,1,0,1,1,0,0,1,0,1,1,0,0,0
70,0,40.346634,-120.386422,408,0,16,22.02,5,74.45,1261.35,0.0,0,352.32,5,1,0,1,0,0,0,0,0,0,1,0,1,1,1,0,1,0,0,0,0,0,0,0,0,1,0,1,1,0,0,0
73,0,39.178337,-120.162806,4002,7,29,36.75,12,84.3,2357.75,0.0,0,1065.75,3,1,0,1,1,0,1,0,0,1,0,0,1,1,1,0,1,0,0,0,0,0,0,1,1,1,0,1,1,0,0,0
65,1,34.043144,-118.251977,3524,4,68,0.0,23,53.0,3656.25,0.0,0,0.0,4,0,0,1,1,1,1,0,0,0,0,0,0,0,1,1,0,0,0,1,1,0,1,1,1,1,0,1,1,0,0,0
79,0,34.049841,-118.33846,67520,8,13,48.15,6,93.8,1261.0,0.0,0,625.9499999999999,4,1,0,1,1,0,1,0,0,0,1,0,1,1,1,0,1,0,1,1,0,0,0,1,1,1,0,1,0,1,0,0
69,0,34.078991,-118.263804,73686,5,22,15.27,0,25.6,548.8,0.0,0,335.94,4,0,0,1,1,0,1,0,0,0,1,0,1,1,0,0,0,1,0,0,0,0,0,0,0,0,1,0,0,0,0,0
66,0,33.954017,-118.402447,39334,0,62,47.8,8,110.75,7053.35,0.0,0,2963.6,5,1,0,1,0,0,0,0,0,0,0,0,1,1,1,0,1,0,0,1,1,1,1,1,1,1,1,0,1,0,0,0
76,0,34.108833,-118.229715,47534,4,43,3.66,22,94.5,4156.8,0.0,0,157.38,3,0,0,1,1,0,1,0,0,0,0,0,1,1,1,0,1,0,1,1,0,0,1,0,0,1,0,0,1,0,0,0
78,0,34.057496,-118.413959,2527,0,23,0.0,2,34.65,768.45,0.0,0,0.0,4,1,0,1,0,0,0,0,0,0,0,0,0,0,1,0,0,0,0,0,0,0,0,1,1,1,0,0,1,0,0,0
73,0,34.137411,-118.328915,21728,10,71,0.0,28,52.3,3765.05,0.0,40,0.0,5,1,0,1,1,0,1,0,0,0,0,0,0,0,1,0,0,0,0,1,1,0,1,1,1,0,0,0,1,0,0,0
65,0,34.099891,-118.414338,21397,0,14,37.62,10,95.6,1273.3,0.0,0,526.68,3,1,0,1,0,0,0,0,0,0,0,0,1,1,1,0,1,0,0,0,0,0,1,1,1,1,0,0,1,0,0,0
75,2,33.914775,-118.348083,93315,0,48,0.0,19,29.9,1388.75,0.0,0,0.0,5,0,0,1,1,1,0,0,0,0,0,0,0,0,1,1,0,0,0,1,0,0,0,0,0,1,1,0,0,0,0,0
68,0,33.944624,-118.192615,96267,1,54,22.05,17,99.1,5437.1,0.0,0,1190.7,5,0,0,1,1,0,1,0,0,0,0,0,1,0,1,0,1,0,0,0,1,1,1,1,1,1,1,0,1,0,0,0
79,0,33.936291,-118.332639,27778,1,53,19.03,0,25.1,1275.6,0.0,0,1008.59,3,0,0,1,1,0,1,0,0,0,0,0,1,1,0,0,0,1,0,0,0,0,0,0,0,0,0,1,0,1,0,0
66,1,34.026334,-118.474222,19975,1,55,34.57,19,76.25,4154.55,0.0,0,1901.35,3,0,0,1,1,1,1,0,0,0,0,0,1,1,1,0,0,0,1,0,1,1,1,0,0,1,1,0,0,0,0,0
73,0,33.840399,-118.353714,41979,0,33,3.15,0,24.9,847.8,0.0,0,103.95,4,1,0,1,0,0,0,0,0,1,0,0,1,1,0,0,0,1,0,0,0,0,0,0,0,0,1,0,1,0,0,0
80,0,33.960891,-118.032222,38181,1,23,45.21,14,104.45,2184.85,0.0,60,1039.83,5,1,0,1,1,0,1,0,0,0,0,0,1,1,1,0,1,0,0,1,1,0,1,1,1,0,0,0,1,0,0,0
65,0,33.771612,-118.143866,19034,0,50,47.99,22,83.4,4113.7,0.0,0,2399.5,3,0,0,1,0,0,0,0,0,0,0,0,1,1,1,0,1,0,1,1,0,0,0,0,0,1,0,0,1,0,0,0
73,0,34.146635,-118.139225,16812,3,47,2.98,7,99.7,4747.2,0.0,140,140.06,3,0,0,1,1,0,1,0,0,0,0,0,1,1,1,0,1,0,0,0,1,0,1,1,1,0,0,0,0,0,0,0
73,0,34.167926,-118.267539,21990,0,2,15.19,30,72.6,154.3,0.0,0,30.38,3,1,0,1,0,0,0,0,0,0,0,0,1,1,1,0,1,0,0,0,0,0,0,0,0,1,0,0,1,0,1,0
70,0,34.153338,-118.262974,14493,0,55,29.3,10,116.5,6382.55,0.0,0,1611.5,4,1,0,1,0,0,0,0,0,0,0,0,1,1,1,0,1,0,1,1,1,1,1,1,0,1,0,0,1,0,0,0
67,0,34.136306,-118.26036,17015,0,71,34.8,21,106.8,7623.2,0.0,0,2470.8,3,1,0,1,0,0,0,0,0,0,0,0,1,1,1,0,1,0,0,1,0,1,1,1,0,1,0,1,1,0,0,0
75,0,34.129058,-118.759788,25303,7,3,0.0,3,30.75,82.85,0.0,0,0.0,5,0,0,1,1,0,1,0,0,0,0,0,0,0,1,1,0,0,0,1,0,0,0,0,0,1,0,0,1,0,0,0
65,0,34.370378,-118.504118,30742,8,41,46.46,2,94.55,3851.45,0.0,40,1904.86,3,1,0,1,1,0,1,0,1,0,0,0,1,0,1,0,1,0,0,1,0,0,1,1,1,0,0,0,1,0,0,0
78,0,34.177267,-118.31003,11517,0,41,6.33,15,104.4,4133.95,0.0,0,259.53000000000003,5,0,0,1,0,0,0,0,1,0,0,0,1,1,1,0,1,0,0,1,1,0,1,1,0,1,0,0,1,0,0,0
79,0,34.213049,-118.317651,25882,1,30,48.02,24,101.5,2917.65,0.0,0,1440.6,5,1,0,1,1,0,1,0,0,1,0,0,1,1,1,0,1,0,0,0,0,1,1,1,0,1,0,0,1,0,0,0
69,1,34.169706,-118.323548,18539,1,29,49.36,19,103.95,2964.8,0.0,0,1431.44,4,1,0,1,1,1,1,0,0,1,0,0,1,1,1,0,1,0,0,0,1,0,1,1,0,1,0,0,1,0,0,0
72,0,34.165783,-118.399795,27453,0,66,3.57,28,108.1,7238.6,0.0,0,235.62,3,0,0,1,0,0,0,0,0,0,0,0,1,1,1,0,1,0,0,1,1,0,1,1,0,1,1,0,0,0,0,0
69,0,34.084747,-117.886844,17554,2,38,0.0,30,24.85,955.75,0.0,0,0.0,3,1,0,1,1,0,1,0,0,1,0,0,0,0,1,0,0,0,0,0,0,0,0,0,0,1,0,0,1,0,0,0
77,0,34.14649,-117.849815,24973,9,17,3.83,20,92.55,1614.7,0.0,0,65.11,3,0,0,1,1,0,1,0,0,0,0,0,1,1,1,0,1,0,0,0,0,0,1,1,0,1,0,0,1,0,0,0
65,3,34.049172,-118.115022,26933,7,65,19.58,26,107.45,7047.5,0.0,0,1272.6999999999998,4,0,0,1,1,1,1,0,1,0,0,0,1,1,1,0,1,0,0,1,1,0,1,1,1,1,1,0,1,0,0,0
68,0,34.057256,-117.667677,54254,0,45,6.9,20,100.15,4459.8,0.0,0,310.5,4,0,0,1,0,0,0,0,1,0,0,0,1,1,1,0,1,0,0,0,1,0,1,1,0,1,1,0,1,0,0,0
65,0,34.061634,-117.893169,30458,10,65,36.49,9,105.85,6725.5,0.0,0,2371.85,4,0,0,1,1,0,1,0,1,0,0,0,1,0,1,0,1,0,0,1,1,1,1,1,1,1,0,1,1,1,0,0
68,0,32.605012,-116.97595,9278,7,71,30.59,19,107.5,7713.55,0.0,140,2171.89,3,1,0,1,1,0,1,0,0,0,0,0,1,1,1,0,1,0,1,1,1,0,1,1,0,0,0,0,1,0,0,0
79,0,32.912664,-116.635387,1587,0,35,3.04,18,73.0,2471.25,0.0,0,106.4,4,1,0,1,0,0,0,0,0,0,0,0,1,0,1,1,0,0,0,0,1,1,1,1,0,1,1,0,1,0,0,0
65,0,32.759327,-116.99726,44652,1,30,2.86,19,77.9,2351.45,0.0,0,85.8,3,1,0,1,1,0,1,0,0,0,0,0,1,1,1,0,1,0,0,0,0,0,0,0,0,1,0,0,0,0,1,0
77,0,32.733564,-117.033713,24961,5,54,32.56,16,110.45,6077.75,0.0,0,1758.2400000000002,4,1,0,1,1,0,1,0,1,0,0,0,1,1,1,0,1,0,0,1,1,1,1,1,0,1,0,1,1,0,0,0
77,0,32.67102,-117.095235,62355,0,55,0.0,30,44.85,2479.05,0.0,0,0.0,3,1,0,1,0,0,0,0,1,0,0,0,0,0,1,1,0,0,1,1,0,0,1,0,0,1,0,0,1,0,0,0
69,0,32.800671,-116.483363,1604,7,69,0.0,13,29.8,2134.3,0.0,0,0.0,3,1,0,1,1,0,1,0,0,0,0,0,0,0,1,1,0,0,0,0,1,0,0,0,0,1,1,0,1,1,0,0
79,0,32.730264,-116.950963,7863,3,9,22.79,0,19.85,183.15,0.0,0,205.11,3,1,0,1,1,0,1,0,0,0,0,0,1,0,0,0,0,1,0,0,0,0,0,0,0,0,1,0,0,1,0,0
73,0,32.948262,-117.256086,13945,3,66,6.94,23,108.1,7181.95,0.0,0,458.04,3,0,0,1,1,0,1,0,0,0,0,0,1,1,1,0,1,0,0,1,1,1,1,1,1,1,1,0,1,1,0,0
70,0,33.215251,-116.53633,339,1,50,9.18,2,108.75,5431.9,0.0,0,459.0,3,0,0,1,1,0,1,0,1,0,0,0,1,1,1,0,1,0,1,1,1,0,1,1,1,1,0,0,0,0,0,0
71,0,33.174725,-116.743329,1143,1,60,36.71,25,105.9,6401.25,0.0,110,2202.6,5,0,0,1,1,0,1,0,1,0,0,0,1,1,1,0,1,0,0,1,1,0,1,1,1,0,0,0,1,0,0,0
78,0,33.22784,-117.200024,44692,1,13,36.57,26,70.45,849.1,0.0,0,475.41,5,1,0,1,1,0,1,0,0,0,0,0,1,0,1,0,1,0,0,0,0,0,0,0,0,1,0,0,0,0,0,0
73,0,32.707892,-117.05512,66838,1,72,35.04,22,109.75,8075.35,0.0,0,2522.88,4,0,0,1,1,0,1,1,0,0,0,0,1,1,1,0,1,0,1,0,1,1,1,1,0,1,0,1,1,0,1,0
75,0,34.201108,-116.593456,354,0,50,17.65,29,104.95,5222.35,0.0,0,882.4999999999999,5,0,0,1,0,0,0,0,1,0,0,0,1,1,1,0,1,0,0,0,1,1,1,1,0,1,0,0,1,0,0,0
78,0,34.757783,-117.33997,4948,5,61,46.65,23,85.55,5251.75,0.0,0,2845.65,4,1,0,1,1,0,1,0,1,0,0,0,1,1,1,0,1,0,0,1,0,1,0,0,0,1,1,0,1,0,0,0
67,0,34.508417,-116.856103,5256,0,18,38.79,14,80.55,1411.65,0.0,0,698.22,5,1,0,1,0,0,0,0,0,0,0,0,1,1,1,0,1,0,0,1,0,0,0,0,0,1,0,0,1,1,0,0
66,0,34.238162,-117.534306,1090,4,72,32.37,22,78.5,5602.25,0.0,0,2330.64,3,0,0,1,1,0,1,1,0,0,0,0,1,1,1,0,1,0,1,0,0,0,0,0,0,1,0,1,0,0,0,0
71,0,34.647959,-117.296957,909,3,65,27.14,26,92.7,5968.4,0.0,0,1764.1,3,1,0,1,1,0,1,0,1,0,0,0,1,1,1,0,1,0,1,1,0,0,1,0,0,1,0,1,1,1,0,0
74,0,33.548869,-117.334165,36149,10,71,16.26,27,89.45,6435.25,0.0,0,1154.46,4,0,0,1,1,0,1,1,0,0,0,0,1,0,1,0,1,0,0,1,1,0,0,1,0,1,0,1,0,1,0,0
71,0,33.703976,-117.824172,17621,1,45,2.38,20,98.7,4525.8,0.0,0,107.1,3,1,0,1,1,0,1,0,1,0,0,0,1,1,1,0,1,0,0,1,1,1,1,0,0,1,1,0,1,0,0,0
69,0,33.429488,-117.609432,34946,0,67,2.57,21,92.45,6140.85,0.0,0,172.19,4,0,0,1,0,0,0,1,0,0,0,0,1,0,1,0,1,0,1,1,0,1,1,0,0,1,0,1,1,0,0,0
76,2,33.529047,-117.701175,62103,5,71,30.16,19,86.7,6179.35,0.0,0,2141.36,3,1,0,1,1,1,1,1,0,0,0,0,1,0,1,0,1,0,1,1,1,0,0,0,0,1,1,0,1,0,0,0
78,0,33.766004,-117.786763,44117,1,72,27.79,10,105.0,7578.05,0.0,0,2000.88,5,0,0,1,1,0,1,1,0,0,0,0,1,1,1,0,1,0,0,1,1,0,1,1,0,1,1,0,0,1,0,0
77,0,33.844983,-117.952151,60553,0,21,37.4,16,95.4,2025.1,0.0,0,785.4,4,0,0,1,0,0,0,0,0,0,0,0,1,1,1,0,1,0,0,0,0,0,1,1,0,1,0,0,1,0,0,0
72,0,33.83796,-117.870494,34398,1,71,46.82,18,115.05,8016.6,0.0,0,3324.22,4,1,0,1,1,0,1,1,0,0,0,0,1,1,1,0,1,0,1,1,1,1,1,1,0,1,0,1,1,0,0,0
76,0,33.868316,-117.929029,24502,0,14,48.01,2,78.85,1043.8,0.0,50,672.14,3,0,0,1,0,0,0,0,0,0,0,0,1,0,1,0,1,0,1,1,0,0,0,0,0,0,0,0,0,0,0,0
71,0,33.902211,-117.914922,21157,0,21,22.3,9,86.55,1857.25,0.0,0,468.3,5,1,0,1,1,0,0,0,0,0,0,0,1,0,1,0,1,0,0,0,1,0,1,0,0,1,0,0,0,0,0,0
79,0,33.782955,-118.026456,15878,0,21,23.23,0,20.5,429.55,0.0,0,487.83,4,1,0,1,0,0,0,0,0,0,0,0,1,0,0,0,0,1,0,0,0,0,0,0,0,0,1,0,0,0,0,0
72,0,33.819385,-117.600213,60294,7,56,27.56,29,76.85,4275.75,0.0,120,1543.36,3,0,0,1,1,0,1,0,1,0,0,0,1,1,1,0,1,0,0,0,0,1,0,0,0,0,0,0,1,0,0,0
77,0,34.279221,-119.221437,46894,0,49,36.47,21,103.0,5166.2,0.0,0,1787.03,4,0,0,1,0,0,0,0,1,0,0,0,1,1,1,0,1,0,1,1,1,1,0,1,1,1,1,0,0,0,0,0
65,0,34.438581,-119.685368,20893,0,46,11.93,26,91.3,4126.35,0.0,0,548.78,4,0,0,1,0,0,0,0,1,0,0,0,1,0,1,0,1,0,0,1,1,0,1,0,0,1,1,0,1,0,0,0
72,0,34.827662,-118.999073,4498,8,58,47.34,28,100.4,5749.8,0.0,0,2745.7200000000003,5,0,0,1,1,0,1,0,1,0,0,0,1,1,1,0,1,0,0,0,0,1,1,1,1,1,0,0,1,0,0,0
65,0,35.245035,-118.905553,15364,2,20,38.85,2,91.0,1859.5,0.0,0,777.0,5,0,0,1,1,0,1,0,0,0,0,0,1,0,1,0,1,0,0,0,0,0,1,1,1,1,1,0,1,0,0,0
65,0,36.205465,-119.085807,15508,7,62,27.49,3,89.8,5629.55,0.0,0,1704.38,3,1,0,1,1,0,1,0,1,0,0,0,1,1,1,0,1,0,0,1,0,0,0,1,1,1,0,0,1,0,0,0
68,0,35.38381,-119.730885,302,2,7,6.81,13,74.85,485.25,0.0,0,47.67,4,1,0,1,1,0,1,0,0,0,0,0,1,1,1,0,1,0,0,0,0,0,0,0,0,1,0,0,1,0,0,0
76,3,35.55647,-118.244914,1935,2,28,0.0,21,39.1,1096.6,0.0,0,0.0,3,0,0,1,1,1,1,0,0,0,0,0,0,0,1,1,0,0,0,1,0,0,0,1,1,1,1,0,1,0,0,0
70,0,35.383937,-119.020428,12963,2,70,14.48,7,105.35,7511.9,0.0,0,1013.6,4,1,0,1,1,0,1,1,0,0,0,0,1,0,1,0,1,0,1,1,1,0,1,1,1,1,0,1,0,1,0,0
73,0,35.453912,-120.69461,29539,9,39,20.15,21,101.25,3949.15,0.0,0,785.8499999999999,4,0,0,1,1,0,1,0,0,0,0,0,1,1,1,0,1,0,0,0,0,1,1,1,1,1,0,0,1,0,0,0
77,0,35.186644,-120.728305,812,10,43,37.09,8,100.55,4304.0,0.0,0,1594.87,4,1,0,1,1,0,1,0,1,0,0,0,1,0,1,0,1,0,0,1,1,0,1,1,1,1,1,0,1,0,0,0
74,0,34.70434,-120.02609,1317,2,34,12.33,23,64.2,2106.3,0.0,0,419.22,4,0,0,1,1,0,1,0,0,0,0,0,1,0,1,0,0,0,0,0,1,1,1,0,0,1,1,0,0,0,0,0
79,0,34.95934,-120.490081,43684,7,72,11.26,3,73.45,5329.0,0.0,0,810.72,3,1,0,1,1,0,1,1,0,0,0,0,1,1,1,0,0,0,0,0,1,0,1,1,1,1,0,1,1,1,0,0
69,0,34.501452,-118.207862,7831,0,29,10.55,2,79.3,2414.55,0.0,0,305.95000000000005,5,1,0,1,1,0,0,0,0,0,0,0,1,1,1,0,1,0,0,0,0,1,0,0,0,1,0,0,1,0,0,0
80,0,37.04584,-118.397236,13309,0,72,26.01,0,25.4,1809.35,0.0,0,1872.72,3,1,0,1,0,0,0,1,0,0,0,0,1,1,0,0,0,1,0,0,0,0,0,0,0,0,0,1,0,0,0,0
77,2,34.966777,-117.961179,7685,8,11,17.66,13,78.1,864.85,0.0,0,194.26,5,0,0,1,1,1,1,0,0,0,0,0,1,1,1,0,1,0,0,0,1,0,0,0,0,1,0,0,1,1,0,0
67,0,36.560498,-117.962461,71,0,49,43.19,10,81.35,4060.9,0.0,0,2116.31,4,1,0,1,0,0,0,0,1,0,0,0,1,1,1,0,0,0,1,1,1,1,0,1,1,1,0,1,0,1,0,0
79,0,34.712708,-117.889656,57794,10,69,0.0,12,56.55,3952.65,0.0,40,0.0,3,1,0,1,1,0,1,1,0,0,0,0,0,0,1,1,0,0,1,1,0,0,1,1,1,0,0,1,0,1,0,0
66,0,35.073777,-118.652112,25805,0,19,29.8,16,87.3,1637.3,0.0,0,566.2,3,1,0,1,0,0,0,0,0,0,0,0,1,0,1,0,1,0,1,0,0,0,0,1,1,1,0,0,1,0,0,0
72,0,37.458367,-119.345011,613,9,67,48.68,17,102.9,6989.7,0.0,0,3261.56,3,1,0,1,1,0,1,1,0,0,0,0,1,1,1,0,1,0,0,1,0,1,1,1,1,1,0,1,0,0,0,0
75,0,36.488056,-120.407691,1766,4,72,5.6,19,114.5,8331.95,0.0,0,403.2,3,1,0,1,1,0,1,1,0,0,0,0,1,1,1,0,1,0,1,1,1,1,1,1,1,1,0,1,1,0,1,0
65,0,36.5276,-119.865999,5446,0,38,4.09,0,20.2,735.9,0.0,0,155.42,3,0,0,1,0,0,0,0,0,0,0,0,1,0,0,0,0,1,0,0,0,0,0,0,0,0,0,1,0,0,1,0
71,0,37.100948,-120.270136,19391,8,40,28.56,18,55.8,2283.3,0.0,50,1142.4,3,1,0,1,1,0,1,0,0,0,0,0,1,0,1,1,0,0,0,0,0,0,0,1,1,0,1,0,0,0,0,0
70,0,36.657462,-119.595293,1965,0,59,24.27,9,99.5,5890.0,0.0,0,1431.93,5,0,0,1,0,0,0,0,0,0,0,0,1,1,1,0,1,0,0,0,1,0,1,1,1,1,1,0,1,0,0,0
79,0,36.397745,-120.119911,1852,9,15,22.83,26,96.5,1392.25,0.0,0,342.45,4,1,0,1,1,0,1,0,0,0,0,0,1,1,1,0,1,0,1,0,1,0,1,0,0,1,0,0,1,0,0,0
79,0,37.027663,-119.69056,1125,8,28,25.57,0,25.7,734.6,0.0,0,715.96,4,0,0,1,1,0,1,0,0,0,0,0,1,1,0,0,0,1,0,0,0,0,0,0,0,0,0,0,0,0,1,0
66,0,36.727418,-120.123526,14062,1,16,15.44,20,91.55,1540.05,0.0,0,247.04,5,1,0,1,1,0,1,0,0,0,0,0,1,0,1,0,1,0,0,0,1,1,0,1,1,1,0,0,1,0,0,0
75,0,37.290606,-119.216328,52,6,30,33.48,22,105.7,3181.8,0.0,0,1004.4,5,1,0,1,1,0,1,0,0,0,0,0,1,1,1,0,1,0,1,1,1,1,1,0,0,1,0,0,1,0,0,0
77,0,36.902954,-120.194274,28434,0,57,2.21,11,93.75,5625.55,0.0,0,125.97,3,1,0,1,0,0,0,0,0,0,0,0,1,1,1,0,1,0,1,0,0,1,0,1,1,1,0,1,0,0,0,0
66,0,36.799648,-119.801247,26580,1,72,18.74,14,109.75,7932.5,0.0,140,1349.28,4,1,0,1,1,0,1,1,0,0,0,0,1,1,1,0,1,0,0,1,1,1,1,1,1,0,0,1,1,0,0,0
66,0,36.78979,-119.929894,60889,1,34,2.07,16,75.55,2425.4,0.0,0,70.38,5,1,0,1,1,0,1,0,0,0,0,0,1,1,1,0,1,0,0,0,0,0,0,0,0,1,0,0,1,0,0,0
71,0,36.757345,-119.818274,16346,1,19,30.44,26,66.4,1286.05,0.0,0,578.36,4,1,0,1,1,0,1,0,0,0,0,0,1,0,1,1,0,0,1,0,1,0,1,0,0,1,0,0,0,0,0,0
65,0,36.362741,-121.869685,32857,0,35,16.91,30,70.55,2419.0,0.0,0,591.85,4,0,0,1,0,0,0,0,0,0,0,0,1,0,1,0,1,0,0,0,0,0,0,0,0,1,0,0,0,0,0,0
65,0,37.680844,-122.48131,63337,6,19,0.0,14,34.3,577.15,0.0,0,0.0,5,1,0,1,1,0,1,0,0,0,0,0,0,0,1,1,0,0,0,1,1,0,0,0,0,1,0,0,1,1,0,0
80,0,37.449551,-122.183762,39062,2,7,21.37,21,75.4,533.05,0.0,0,149.59,4,1,0,1,1,0,1,0,0,0,0,0,1,1,1,0,1,0,0,0,0,0,0,0,0,1,0,0,1,0,0,0
76,0,37.540582,-122.509594,2346,2,35,4.16,28,81.6,2815.25,0.0,0,145.6,3,1,0,1,1,0,1,0,0,0,0,0,1,1,1,0,1,0,0,0,1,0,0,0,0,1,1,0,1,0,0,0
74,0,37.410567,-122.297152,25569,0,35,32.92,22,110.8,3836.3,0.0,110,1152.2,3,0,0,1,0,0,0,0,0,0,0,0,1,1,1,0,1,0,1,1,1,1,1,1,1,0,1,0,1,0,0,0
74,0,37.794487,-122.42227,56330,4,44,1.89,0,19.35,847.25,0.0,0,83.16,5,1,0,1,1,0,1,0,0,0,0,0,1,0,0,0,0,1,0,0,0,0,0,0,0,0,0,1,1,1,0,0
65,0,37.386978,-122.177746,1723,4,59,0.0,23,50.25,2997.45,0.0,0,0.0,4,1,0,1,1,0,1,0,0,0,0,0,0,0,1,0,0,0,0,1,0,0,1,1,1,1,0,0,1,0,0,0
80,0,37.774633,-122.274434,58555,3,71,37.25,0,25.45,1789.65,0.0,0,2644.75,5,1,0,1,1,0,1,1,0,0,0,0,1,1,0,0,0,1,0,0,0,0,0,0,0,0,0,1,0,1,0,0
75,0,37.855717,-121.994813,15187,0,67,39.89,19,75.7,5060.85,0.0,0,2672.63,4,1,0,1,0,0,0,1,0,0,0,0,1,1,1,0,1,0,0,0,0,0,0,0,0,1,0,0,1,0,1,0
70,0,37.505768,-121.962472,56126,0,26,19.21,15,78.8,2006.1,0.0,0,499.46,3,0,0,1,0,0,0,0,0,0,0,0,1,0,1,0,1,0,0,0,0,0,0,1,1,1,0,0,1,0,0,0
68,0,37.571748,-121.659562,75929,4,62,4.76,3,89.1,5618.3,0.0,0,295.12,4,1,0,1,1,0,1,0,0,0,0,0,1,1,1,0,1,0,1,1,1,0,0,0,0,1,0,0,1,0,0,0
76,0,38.232389,-122.324944,26894,0,13,49.9,30,59.9,788.35,0.0,0,648.6999999999999,5,1,0,1,0,0,0,0,0,0,0,0,1,0,1,1,0,0,0,1,0,0,1,0,0,1,0,0,1,0,0,0
70,1,37.873916,-122.20522,17964,7,34,11.74,12,108.9,3625.2,0.0,30,399.16,3,1,0,1,1,1,1,0,0,0,0,0,1,1,1,0,1,0,0,1,1,1,1,1,1,0,0,0,1,0,0,0
75,1,38.148862,-121.737696,5246,8,57,28.25,15,95.3,5567.45,0.0,0,1610.25,3,0,0,1,1,1,1,0,0,0,0,0,1,0,1,0,1,0,0,1,1,1,1,0,0,1,0,0,1,1,0,0
69,0,38.105733,-122.186338,51665,0,62,19.52,3,84.45,4959.15,0.0,0,1210.24,4,0,0,1,0,0,0,0,0,0,0,0,1,1,1,0,1,0,0,0,0,0,1,0,0,1,1,0,0,0,0,0
80,0,37.897743,-122.263124,10737,0,11,26.84,15,79.15,827.7,0.0,140,295.24,5,1,0,1,0,0,0,0,0,0,1,0,1,0,1,0,1,0,0,0,0,0,0,1,1,0,0,0,1,1,0,0
72,0,38.326215,-122.718742,7936,0,60,10.2,29,71.75,4374.55,0.0,10,612.0,3,1,0,1,0,0,0,0,0,0,0,0,1,1,1,1,0,0,1,1,0,0,0,1,1,0,1,0,1,0,0,0
79,0,38.065359,-122.665566,607,1,50,36.58,23,100.65,5189.75,0.0,0,1829.0,3,0,0,1,1,0,1,0,0,0,0,0,1,1,1,0,1,0,0,0,0,1,1,1,1,1,1,0,1,0,0,0
66,0,37.942551,-122.491642,6448,0,51,47.46,0,19.6,967.9,0.0,0,2420.46,5,0,0,1,0,0,0,0,0,0,0,0,1,0,0,0,0,1,0,0,0,0,0,0,0,0,0,1,0,1,0,0
70,1,36.878364,-121.629781,3373,1,12,0.0,14,29.3,355.9,0.0,0,0.0,4,0,0,1,1,1,1,0,0,0,1,0,0,0,1,1,0,0,0,0,0,1,0,0,0,1,0,0,1,0,1,0
68,0,36.784481,-121.759054,8582,0,63,26.11,20,109.4,7031.45,0.0,0,1644.93,3,1,0,1,0,0,0,0,0,0,0,0,1,1,1,0,1,0,1,1,1,0,1,1,1,1,0,0,1,0,0,0
77,0,37.03889,-121.528955,49968,1,37,25.35,0,19.6,727.8,0.0,0,937.95,4,0,0,1,1,0,1,0,0,0,0,0,1,0,0,0,0,1,0,0,0,0,0,0,0,0,1,0,0,0,1,0
80,0,37.031404,-121.981865,8365,0,8,39.01,28,87.1,713.6,0.0,0,312.08,5,0,0,1,0,0,0,0,0,0,0,0,1,0,1,0,1,0,0,1,0,0,1,0,0,1,0,0,1,0,0,0
75,0,37.257772,-122.051824,30589,0,53,16.74,15,73.8,4003.85,0.0,0,887.2199999999999,3,0,0,1,0,0,0,0,0,0,0,0,1,0,1,0,1,0,0,1,0,0,0,0,0,1,0,0,1,1,0,0
69,1,37.277592,-121.986477,13481,9,64,37.09,0,24.4,1548.65,0.0,0,2373.76,3,1,0,1,1,1,1,0,0,0,0,0,1,1,0,0,0,1,0,0,0,0,0,0,0,0,0,1,1,0,0,0
69,0,37.974498,-121.319568,30476,0,1,22.34,12,70.2,70.2,0.0,0,22.34,5,0,0,1,0,0,0,0,0,0,0,0,1,0,1,0,1,0,0,0,0,0,0,0,0,1,0,0,1,0,0,0
72,0,38.033219,-121.297433,40611,0,69,23.4,27,110.25,7467.55,0.0,0,1614.6,3,0,0,1,0,0,0,0,0,0,0,0,1,1,1,0,1,0,1,0,1,1,1,1,1,1,0,1,0,1,0,0
67,1,37.943954,-120.67108,2633,6,66,39.38,30,104.9,6891.45,0.0,0,2599.0800000000004,4,0,0,1,1,1,1,0,0,0,0,0,1,1,1,0,1,0,0,1,1,0,1,1,1,1,1,0,1,0,0,0
69,0,37.818589,-120.256995,167,0,6,19.74,7,44.7,276.5,0.0,0,118.44,3,1,0,1,0,0,0,0,0,0,0,1,1,0,1,1,0,0,0,0,0,0,0,0,0,1,0,0,0,1,0,0
66,0,37.722127,-120.110174,2271,10,67,44.9,20,83.85,5588.8,0.0,0,3008.3,3,1,0,1,1,0,1,0,0,0,0,0,1,1,1,0,1,0,1,1,0,0,0,0,0,1,0,0,0,0,0,0
70,0,37.654551,-119.822984,579,3,23,31.53,20,90.0,2024.1,0.0,0,725.19,3,1,0,1,1,0,1,0,0,0,1,0,1,0,1,0,1,0,1,1,0,0,0,1,0,1,0,0,1,0,0,0
77,0,37.147198,-121.120161,7872,6,39,9.13,18,99.1,3877.95,0.0,0,356.07000000000005,3,0,0,1,1,0,1,0,0,0,0,0,1,0,1,0,1,0,1,1,0,0,1,1,0,1,1,0,0,0,1,0
71,0,37.249377,-120.249581,3256,0,26,33.74,7,85.8,2193.65,0.0,0,877.24,3,0,0,1,0,0,0,0,0,0,0,0,1,0,1,0,1,0,1,0,0,0,1,0,0,1,0,0,1,1,0,0
70,0,37.255637,-120.493537,59289,3,60,0.0,22,49.45,2907.55,0.0,40,0.0,3,0,0,1,1,0,1,0,0,0,0,0,0,0,1,1,0,0,0,1,0,0,1,1,0,0,0,1,1,1,0,0
77,0,38.121601,-120.133915,1278,4,45,9.39,22,75.15,3480.35,0.0,0,422.55,3,1,0,1,1,0,1,0,0,0,0,0,1,1,1,1,0,0,1,0,1,1,0,1,0,1,0,1,0,1,0,0
69,0,37.40122,-120.514191,23100,0,4,6.18,12,70.65,293.85,0.0,0,24.72,4,1,0,1,0,0,0,0,0,0,0,1,1,0,1,0,1,0,0,0,0,0,0,0,0,1,0,0,1,0,0,0
75,1,37.670526,-120.877572,13343,3,59,16.15,26,88.75,5348.65,0.0,0,952.85,3,0,0,1,1,1,1,0,0,0,0,0,1,1,1,0,1,0,0,0,1,0,0,1,0,1,0,0,1,1,0,0
78,0,37.343846,-121.039391,8504,0,35,26.19,19,91.0,3180.5,0.0,40,916.65,3,1,0,1,0,0,0,0,0,0,0,0,1,1,1,0,1,0,1,0,0,0,0,1,0,0,0,0,0,1,0,0
68,0,37.750778,-121.13238,12646,3,54,23.94,0,18.95,1031.1,0.0,0,1292.76,4,0,0,1,1,0,1,0,0,0,0,0,1,0,0,0,0,1,0,0,0,0,0,0,0,0,0,1,1,0,1,0
68,0,37.713152,-121.08739,12466,0,66,10.45,20,102.4,6471.85,0.0,0,689.6999999999999,3,0,0,1,0,0,0,0,0,0,0,0,1,1,1,0,1,0,1,0,0,0,1,1,1,1,0,1,1,0,0,0
66,0,37.669516,-120.626964,8308,0,42,27.0,30,55.65,2421.75,0.0,0,1134.0,4,0,0,1,0,0,0,0,0,0,0,0,1,1,1,0,0,0,0,0,1,0,0,0,0,1,0,0,0,0,0,0
78,0,33.141265,-116.967221,48690,0,18,21.09,18,74.7,1294.6,0.0,20,379.62,4,0,0,1,0,0,0,0,0,0,1,0,1,0,1,0,1,0,0,1,0,0,0,0,0,0,0,0,1,0,0,0
72,0,39.225694,-123.717354,1054,0,5,36.27,17,80.7,374.8,0.0,0,181.35,4,0,0,1,0,0,0,0,0,0,0,1,1,0,1,0,1,0,1,1,0,0,0,0,0,1,0,0,0,0,0,0
79,0,38.966713,-123.586412,586,6,33,44.1,22,100.6,3270.25,0.0,0,1455.3,4,1,0,1,1,0,1,0,0,0,0,0,1,1,1,0,1,0,0,1,0,0,1,1,0,1,0,0,1,0,0,0
73,0,38.787446,-122.58675,7789,10,54,35.16,5,74.0,3919.15,0.0,0,1898.64,5,1,0,1,1,0,1,0,0,0,0,0,1,1,1,0,1,0,0,0,0,0,0,0,0,1,0,0,0,0,0,0
67,0,38.911299,-123.609588,1352,0,54,38.48,13,99.05,5295.7,0.0,40,2077.92,5,1,0,1,1,0,0,0,0,0,0,0,1,1,1,0,1,0,0,0,1,0,1,1,0,0,0,0,1,1,0,0
73,0,39.222323,-122.985488,240,2,69,8.3,14,110.55,7610.1,0.0,0,572.7,3,1,0,1,1,0,1,0,0,0,0,0,1,1,1,0,1,0,1,0,1,1,1,1,0,1,1,0,1,0,1,0
72,0,40.726949,-124.217378,228,7,27,41.11,14,85.9,2220.1,0.0,0,1109.97,3,1,0,1,1,0,1,0,0,0,0,0,1,1,1,0,1,0,1,0,1,0,0,0,0,1,1,0,1,0,0,0
72,0,40.363446,-123.835041,400,10,31,0.0,21,50.4,1580.1,0.0,0,0.0,3,0,0,1,1,0,1,0,0,1,0,0,0,0,1,1,0,0,1,1,1,0,0,1,0,1,1,0,1,1,0,0
68,0,39.955587,-123.681175,200,0,67,48.43,28,54.9,3725.5,0.0,0,3244.81,4,0,0,1,0,0,0,0,0,0,0,0,1,1,1,1,0,0,0,1,0,0,0,0,0,1,0,0,0,0,0,0
75,0,38.69508,-121.271616,43718,0,55,29.6,3,100.15,5409.75,0.0,0,1628.0,4,0,0,1,0,0,0,0,0,0,0,0,1,1,1,0,1,0,0,0,1,0,1,1,0,1,1,0,1,0,0,0
76,0,38.69549,-121.307864,41636,4,54,0.0,4,24.95,1364.75,0.0,0,0.0,3,1,0,1,1,0,1,0,1,0,0,0,0,0,1,1,0,0,0,0,0,0,0,0,0,1,0,0,1,0,0,0
68,0,38.674276,-121.961866,844,0,2,31.74,25,56.55,118.25,0.0,0,63.48,4,0,0,1,0,0,0,0,0,0,0,1,1,1,1,1,0,0,0,1,0,0,0,0,0,1,0,0,1,1,0,0
65,0,38.606703,-120.586659,2958,0,67,34.23,11,105.05,7171.7,0.0,0,2293.41,4,1,0,1,0,0,0,0,0,0,0,0,1,0,1,0,1,0,1,1,0,1,1,1,1,1,0,1,1,0,0,0
76,0,38.71967,-121.862416,38547,9,65,8.59,7,104.35,6578.55,0.0,0,558.35,5,1,0,1,1,0,1,0,1,0,0,0,1,1,1,0,1,0,0,1,1,0,1,1,0,1,0,0,1,0,0,0
74,0,38.749466,-121.184196,20675,0,36,11.32,16,91.95,3301.05,17.76,0,407.52,5,0,0,1,1,0,0,0,0,1,0,0,1,1,1,0,1,0,0,1,0,0,1,0,0,1,0,0,1,1,0,0
79,0,38.784329,-121.373245,25418,0,54,5.14,6,65.25,3529.95,33.07,0,277.56,4,1,0,1,0,0,0,0,1,0,0,0,1,0,1,1,0,0,0,0,1,1,0,1,0,1,1,0,0,0,0,0
74,0,38.550722,-121.457314,14966,0,60,48.92,11,101.4,6176.6,0.0,0,2935.2000000000003,4,0,0,1,0,0,0,0,1,0,0,0,1,1,1,0,1,0,1,0,0,0,1,1,0,1,1,0,1,0,0,0
71,0,38.512569,-121.495184,44683,0,63,15.62,18,83.0,5243.05,0.0,0,984.06,3,0,0,1,0,0,0,0,1,0,0,0,1,1,1,1,0,0,1,1,1,1,1,0,0,1,1,0,0,0,0,0
70,0,38.475465,-121.443625,72199,9,2,34.99,24,70.1,141.65,0.0,0,69.98,4,1,0,1,1,0,1,0,0,0,0,1,1,0,1,0,1,0,0,0,0,0,0,0,0,1,0,0,0,0,0,0
77,0,38.494832,-121.529447,42832,7,69,14.76,14,84.9,5785.65,0.0,0,1018.44,3,1,0,1,1,0,1,0,0,0,0,0,1,1,1,0,1,0,1,1,0,0,0,0,0,1,0,0,1,1,0,0
71,1,39.273096,-122.050763,7503,1,58,18.43,10,89.85,5125.75,0.0,130,1068.94,3,1,0,1,1,1,1,0,1,0,0,0,1,1,1,0,1,0,1,1,0,1,0,0,0,0,1,0,1,0,0,0
77,2,39.607831,-121.777959,3524,0,66,3.27,10,116.25,7862.25,0.0,0,215.82,3,1,0,1,1,1,0,0,0,0,0,0,1,1,1,0,1,0,1,1,1,1,1,1,0,1,1,0,1,0,0,0
71,0,40.160386,-120.835428,2064,1,51,0.0,21,29.45,1459.35,0.0,0,0.0,4,1,0,1,1,0,1,0,1,0,0,0,0,0,1,1,0,0,0,1,0,0,0,0,0,1,0,0,1,1,0,0
69,0,39.258746,-121.77697,8695,0,50,25.23,23,70.35,3454.6,0.0,100,1261.5,3,1,0,1,0,0,0,0,1,0,0,0,1,1,1,1,0,0,1,1,0,0,1,0,0,0,0,0,1,0,0,0
67,0,39.69676,-121.644379,28318,1,72,17.71,4,109.55,7920.7,0.0,0,1275.12,3,1,0,1,1,0,1,0,0,0,0,0,1,1,1,0,1,0,1,1,1,0,1,1,1,1,0,1,1,0,0,0
76,0,40.648024,-123.465088,268,2,63,0.0,7,36.1,2298.9,0.0,0,0.0,3,1,0,1,1,0,1,0,1,0,0,0,0,0,1,1,0,0,1,0,0,1,0,0,0,1,1,0,0,0,0,0
77,0,40.913192,-123.06597,734,0,18,37.53,0,20.35,369.6,0.0,0,675.54,4,0,0,1,0,0,0,0,0,0,1,0,1,0,0,0,0,1,0,0,0,0,0,0,0,0,1,0,0,0,0,0
67,0,41.816595,-122.948287,482,8,28,24.35,15,105.8,2998.0,0.0,0,681.8000000000001,3,1,0,1,1,0,1,0,0,1,0,0,1,1,1,0,1,0,0,1,0,1,1,1,1,1,0,0,1,0,0,0
72,0,40.883853,-122.418258,1236,0,53,34.58,28,96.75,5206.55,0.0,0,1832.74,4,0,0,1,0,0,0,0,1,0,0,0,1,0,1,0,1,0,1,1,0,1,0,1,1,1,1,0,1,1,0,0
79,0,41.33832,-122.290756,7309,9,68,0.0,28,41.95,2965.75,0.0,0,0.0,3,1,0,1,1,0,1,0,0,0,0,0,0,0,1,0,0,0,1,1,1,0,0,0,0,1,0,1,1,0,0,0
66,0,41.750354,-120.403885,104,0,9,40.0,4,90.1,816.8,0.0,0,360.0,5,0,0,1,0,0,0,0,0,0,0,1,1,1,1,0,1,0,0,0,1,0,1,0,0,1,0,0,1,0,0,0
68,0,41.266008,-120.490731,277,0,54,45.43,2,72.1,3886.05,0.0,0,2453.22,5,0,0,1,0,0,0,0,1,0,0,0,1,1,1,0,0,0,0,1,0,1,1,0,0,1,1,0,0,1,0,0
78,0,39.786755,-120.445626,4236,0,64,19.2,18,103.5,6548.65,0.0,0,1228.8,3,1,0,1,0,0,0,0,1,0,0,0,1,1,1,0,1,0,1,1,0,0,1,1,1,1,0,0,1,0,0,0
76,0,39.061227,-120.179546,1291,5,72,27.74,3,109.7,7898.45,0.0,0,1997.28,4,1,0,1,1,0,1,0,0,0,0,0,1,1,1,0,1,0,0,1,1,1,1,1,1,1,0,1,0,1,0,0
72,0,34.017697,-118.200577,47487,5,72,47.4,28,84.1,6129.65,0.0,0,3412.8,3,0,0,1,1,0,1,0,0,0,0,0,1,1,1,1,0,0,1,1,1,0,1,1,1,1,0,1,1,1,0,0
68,0,34.066303,-118.435479,44150,0,16,39.52,17,78.75,1218.25,0.0,0,632.32,4,1,0,1,0,0,0,0,0,0,1,0,1,0,1,0,1,0,0,0,0,0,0,1,1,1,0,0,1,0,0,0
80,0,34.088017,-118.327168,32562,3,3,39.51,17,74.6,239.05,0.0,30,118.53,5,0,0,1,1,0,1,0,0,0,0,1,1,0,1,0,1,0,0,1,0,0,0,0,0,0,0,0,1,0,0,0
76,0,34.137411,-118.328915,21728,5,27,3.43,21,83.85,2310.2,0.0,0,92.61,5,0,0,1,1,0,1,0,0,1,0,0,1,1,1,1,0,0,0,1,1,1,1,1,1,1,0,0,0,0,0,0
78,0,34.102084,-118.451629,10470,0,35,31.64,7,99.05,3554.6,0.0,0,1107.4,4,0,0,1,0,0,0,0,0,1,0,0,1,1,1,0,1,0,1,0,0,0,1,1,1,1,0,0,1,0,0,0
74,0,34.062095,-118.401508,11355,0,2,19.09,30,43.95,85.1,0.0,0,38.18,5,0,0,1,0,0,0,0,0,0,0,1,1,0,1,1,0,0,0,0,0,0,0,0,0,1,0,0,0,0,0,0
70,0,33.936291,-118.332639,27778,9,72,8.48,0,25.7,1937.4,0.0,0,610.5600000000001,3,0,0,1,1,0,1,0,0,0,0,0,1,1,0,0,0,1,0,0,0,0,0,0,0,0,0,1,1,1,0,0
66,0,34.026334,-118.474222,19975,0,68,19.67,28,95.9,6503.2,0.0,0,1337.5600000000002,3,1,0,1,0,0,0,0,0,0,0,0,1,1,1,0,1,0,0,1,1,0,0,1,0,1,0,0,1,0,0,0
67,0,33.945318,-117.992066,19109,8,67,38.47,20,107.05,7142.5,0.0,0,2577.49,3,0,0,1,1,0,1,0,0,0,0,0,1,1,1,0,1,0,1,0,1,0,1,1,0,1,1,0,1,1,0,0
68,0,33.874224,-117.993368,33528,5,13,0.0,9,45.3,528.45,0.0,0,0.0,4,0,0,1,1,0,1,0,0,0,0,0,0,0,1,1,0,0,0,0,0,0,1,1,0,1,0,0,0,0,0,0
65,0,33.859171,-118.252272,25566,8,22,22.38,14,89.75,1938.9,0.0,0,492.36,3,1,0,1,1,0,1,0,0,0,0,0,1,0,1,0,1,0,0,0,0,0,1,1,1,1,0,0,1,0,0,0
76,0,33.783047,-118.1486,43467,7,51,2.21,10,93.65,4839.15,0.0,0,112.71,4,1,0,1,1,0,1,0,1,0,0,0,1,1,1,0,1,0,1,0,1,0,0,1,0,1,1,0,1,0,0,0
74,3,33.823943,-118.111335,37417,1,71,46.11,20,72.9,5139.65,0.0,20,3273.81,4,1,0,1,1,1,1,0,0,0,0,0,1,1,1,1,0,0,0,1,1,1,0,1,0,0,1,0,1,0,0,0
72,0,34.2112,-118.230625,7527,0,57,9.1,16,79.75,4438.2,0.0,0,518.6999999999999,4,1,0,1,0,0,0,0,1,0,0,0,1,1,1,1,0,0,0,1,1,0,1,1,0,1,0,1,1,0,0,0
69,0,34.168686,-118.057505,10558,9,62,24.62,29,79.95,4819.75,0.0,0,1526.44,4,0,0,1,1,0,1,0,1,0,0,0,1,0,1,1,0,0,1,0,1,1,1,1,0,1,0,1,1,1,0,0
72,0,34.370378,-118.504118,30742,1,70,33.74,24,105.55,7195.35,0.0,0,2361.8,4,0,0,1,1,0,1,0,0,0,0,0,1,1,1,0,1,0,0,1,0,1,1,1,0,1,1,0,1,0,0,0
80,0,34.321621,-118.399841,81986,0,45,4.14,20,85.7,3778.1,0.0,50,186.3,4,0,0,1,0,0,0,0,0,0,0,0,1,0,1,0,1,0,1,1,0,1,0,0,0,0,0,0,1,0,0,0
77,0,34.291273,-118.505104,48867,1,57,23.05,30,94.0,5438.95,0.0,0,1313.85,5,0,0,1,1,0,1,0,0,0,0,0,1,1,1,0,1,0,0,1,1,0,0,1,0,1,0,0,0,1,0,0
65,0,34.202494,-118.448048,51348,0,18,1.27,3,103.6,1806.35,0.0,10,22.86,4,0,0,1,0,0,0,0,0,0,0,0,1,1,1,0,1,0,0,1,0,1,1,1,1,0,0,0,1,1,0,0
69,0,34.152875,-118.486056,13129,0,6,48.32,11,79.7,497.6,0.0,0,289.92,5,1,0,1,0,0,0,0,0,0,0,1,1,0,1,0,1,0,0,0,0,0,1,0,0,1,0,0,1,0,0,0
71,0,34.139082,-118.39275,26157,0,1,40.38,6,45.85,45.85,0.0,0,40.38,5,1,0,1,0,0,0,0,0,0,0,0,1,0,1,1,0,0,0,0,0,0,0,0,0,1,0,0,1,1,0,0
68,0,34.067932,-117.785168,36057,0,71,3.91,12,99.65,7181.25,0.0,0,277.61,4,0,0,1,0,0,0,1,0,0,0,0,1,1,1,0,1,0,1,1,0,1,1,0,0,1,1,0,1,1,0,0
69,0,32.636792,-117.054989,74025,0,51,4.14,21,94.0,4905.75,0.0,0,211.14,4,1,0,1,0,0,0,0,0,0,0,0,1,0,1,0,1,0,0,0,1,0,1,1,1,1,1,0,1,0,0,0
75,0,32.64164,-116.985026,12884,1,56,26.82,18,68.45,4014.0,0.0,0,1501.92,4,0,0,1,1,0,1,0,0,0,0,0,1,1,1,0,0,0,1,1,1,1,0,0,0,1,1,0,1,1,0,0
77,0,32.605012,-116.97595,9278,0,64,0.0,21,43.85,2751.0,0.0,30,0.0,5,0,0,1,0,0,0,0,0,0,0,0,0,0,1,1,0,0,0,1,0,1,1,0,0,0,0,0,1,0,0,0
66,0,33.384345,-117.072619,1831,0,68,10.48,0,20.0,1396.0,0.0,0,712.64,5,1,0,1,0,0,0,1,0,0,0,0,1,0,0,0,0,1,0,0,0,0,0,0,0,0,0,1,1,1,0,0
79,0,33.22784,-117.200024,44692,0,67,28.88,11,64.55,4250.1,0.0,0,1934.96,3,1,0,1,0,0,0,1,0,0,0,0,1,1,1,1,0,0,1,1,0,1,0,0,0,1,0,1,1,0,0,0
66,0,32.716007,-117.117462,47140,3,42,22.89,12,95.55,3930.6,0.0,0,961.38,3,0,0,1,1,0,1,0,0,0,0,0,1,1,1,0,1,0,0,1,1,0,1,0,0,1,0,0,1,0,0,0
77,0,32.741852,-117.243453,27959,1,61,33.75,29,94.2,5895.45,0.0,0,2058.75,3,0,0,1,1,0,1,0,0,0,0,0,1,1,1,0,1,0,1,1,1,1,0,0,0,1,0,0,1,1,0,0
77,0,32.765299,-117.122565,33083,1,53,47.64,25,94.0,4871.45,0.0,0,2524.92,3,0,0,1,1,0,1,0,0,0,0,0,1,0,1,0,1,0,0,1,1,1,1,0,0,1,1,0,1,0,0,0
72,0,32.89325,-117.087091,29283,0,35,10.73,3,108.35,3726.15,0.0,0,375.55,3,0,0,1,0,0,0,0,0,1,0,0,1,1,1,0,1,0,1,1,1,0,1,1,1,1,1,0,1,0,0,0
78,0,34.137742,-114.36514,1564,8,72,0.0,26,63.1,4685.55,0.0,0,0.0,3,1,0,1,1,0,1,1,0,0,0,0,0,0,1,0,0,0,1,1,1,1,1,1,1,1,0,1,1,0,0,0
80,0,34.097863,-116.594561,3499,4,34,29.66,29,85.2,2874.45,0.0,0,1008.44,5,1,0,1,1,0,1,0,0,1,0,0,1,0,1,0,1,0,0,0,1,0,1,0,0,1,0,0,1,1,0,0
77,0,34.273872,-114.192901,131,2,63,18.14,2,103.5,6479.4,0.0,0,1142.82,4,0,0,1,1,0,1,0,0,0,0,0,1,1,1,0,1,0,0,1,1,0,1,1,1,1,0,0,1,0,0,0
75,0,33.849263,-116.382778,6242,0,6,0.0,24,44.4,263.05,0.0,0,0.0,5,0,0,1,0,0,0,0,0,0,0,0,0,0,1,1,0,0,0,0,0,0,1,1,1,1,0,0,1,0,0,0
67,0,34.457829,-116.139589,14104,2,55,9.08,23,60.0,3316.1,0.0,0,499.4,4,1,0,1,1,0,1,0,0,0,0,0,1,1,1,0,0,0,1,1,0,0,0,0,0,1,1,0,0,1,0,0
37,0,33.964131,-118.272783,58198,0,2,10.47,21,53.85,108.15,0.0,0,20.94,1,1,0,0,0,0,0,0,0,0,0,0,1,0,1,1,0,0,1,1,0,0,0,0,0,1,0,0,1,1,0,1
19,2,34.059281,-118.30742,43019,0,2,9.12,51,70.7,151.65,0.0,0,18.24,2,0,1,0,0,1,0,0,0,0,0,0,1,0,1,0,1,0,0,0,0,0,0,0,0,1,0,0,1,0,0,1
31,2,34.048013,-118.293953,62784,0,8,12.15,26,99.65,820.5,0.0,0,97.2,3,0,0,0,0,1,0,0,0,0,0,0,1,1,1,0,0,0,0,0,1,0,1,1,1,1,0,0,1,0,0,1
23,3,34.062125,-118.315709,1957,0,28,4.89,47,104.8,3046.05,0.0,0,136.92,3,0,1,0,1,1,0,0,0,1,0,0,1,1,1,0,1,0,0,0,1,1,1,1,1,1,0,0,1,0,0,1
38,1,34.039224,-118.266293,15140,0,49,44.33,11,103.7,5036.3,0.0,0,2172.17,1,1,0,0,0,1,0,0,0,0,0,0,1,1,1,0,1,0,0,1,1,0,1,1,1,1,0,0,1,0,0,1
21,0,32.898613,-117.202937,4258,6,10,9.41,69,55.2,528.35,0.0,0,94.1,1,0,1,0,1,0,1,0,0,0,0,0,1,0,1,0,0,0,0,0,1,1,0,0,0,1,0,0,0,1,0,1
29,0,34.066303,-118.435479,44150,0,1,33.58,0,20.15,20.15,0.0,0,33.58,1,1,1,0,0,0,0,0,0,0,0,0,1,0,0,0,0,1,0,0,0,0,0,0,0,0,0,0,0,1,0,1
61,1,34.099869,-118.326843,30568,1,47,31.35,16,99.35,4749.15,0.0,0,1473.45,1,1,0,0,1,1,1,0,0,0,0,0,1,1,1,0,1,0,0,1,0,0,1,1,1,1,0,0,1,0,0,1
27,0,34.089953,-118.294824,41713,1,1,0.0,58,30.2,30.2,0.0,0,0.0,1,1,1,0,1,0,1,0,0,0,0,0,0,0,1,1,0,0,0,1,0,0,0,0,0,1,0,0,0,0,0,1
20,0,34.078821,-118.177576,46960,0,17,40.55,41,64.7,1093.1,0.0,0,689.3499999999999,1,0,1,0,0,0,0,0,0,0,0,0,1,0,1,0,0,0,0,0,0,0,1,1,1,1,0,0,1,1,0,1
56,3,34.110845,-118.259595,29310,0,5,12.6,58,69.7,316.9,0.0,0,63.0,1,1,0,0,0,1,0,0,0,0,0,0,1,0,1,0,1,0,0,0,0,0,0,0,0,1,0,0,1,0,0,1
51,1,34.137412,-118.207607,27866,0,34,21.69,28,106.35,3549.25,0.0,0,737.46,2,1,0,0,0,1,0,0,0,1,0,0,1,1,1,0,1,0,0,1,1,0,1,1,1,1,0,0,1,0,0,1
48,2,34.11572,-118.192754,64672,0,11,27.57,18,97.85,1105.4,0.0,0,303.27,3,0,0,0,0,1,0,0,0,0,0,0,1,1,1,0,0,0,0,0,1,0,1,1,1,1,0,0,1,0,0,1
32,2,33.987945,-118.370442,8115,0,2,5.85,19,80.65,144.15,0.0,20,11.7,1,0,0,0,0,1,0,0,0,0,0,0,1,0,1,0,1,0,0,0,0,0,1,0,0,0,0,0,1,0,0,1
34,1,33.92128,-118.274186,24511,0,15,3.96,20,99.1,1426.4,0.0,0,59.4,1,0,0,0,0,1,0,0,0,0,0,0,1,0,1,0,1,0,1,1,0,0,1,1,1,1,0,0,1,1,0,1
41,2,34.063947,-118.383001,8321,0,9,27.21,29,94.4,857.25,0.0,0,244.89,3,0,0,0,0,1,0,0,0,0,0,0,1,1,1,0,1,0,0,0,0,0,1,1,1,1,0,0,0,0,0,1
32,3,33.97803,-118.217141,78114,0,1,13.13,57,79.35,79.35,0.0,0,13.13,1,0,0,0,0,1,0,0,0,0,0,0,1,0,1,0,1,0,0,0,0,0,1,0,0,1,0,0,1,0,0,1
34,5,33.923573,-118.200669,69850,1,7,8.69,53,75.15,496.9,0.0,0,60.83,1,0,0,0,1,1,1,0,0,0,0,0,1,0,1,0,1,0,0,0,1,0,0,0,0,1,0,0,1,0,0,1
34,3,33.977468,-118.445475,18058,0,12,25.34,56,78.95,927.35,0.0,80,304.08,1,0,0,0,0,1,0,0,0,0,0,0,1,1,1,0,1,0,1,0,0,0,0,0,0,0,0,0,1,0,0,1
30,0,33.956445,-118.358634,37527,0,5,34.26,0,21.05,113.85,0.0,0,171.29999999999998,3,1,0,0,0,0,0,0,0,0,0,1,1,0,0,0,0,1,0,0,0,0,0,0,0,0,0,0,0,1,0,1
26,0,34.031529,-118.491156,23559,4,68,14.79,47,110.0,7611.85,0.0,0,1005.72,2,1,1,0,1,0,1,1,0,0,0,0,1,1,1,0,1,0,0,1,1,1,1,1,1,1,0,1,1,0,0,1
37,1,33.867257,-118.330794,31678,0,55,49.06,27,96.75,5238.9,0.0,0,2698.3,1,1,0,0,1,1,0,0,0,0,0,0,1,1,1,0,1,0,1,1,0,0,1,0,0,1,0,0,1,0,0,1
62,2,33.976678,-118.065875,32148,1,10,24.48,30,100.25,1064.65,0.0,0,244.8,2,0,0,0,1,1,1,0,0,0,0,0,1,1,1,0,1,0,1,0,0,0,1,1,1,1,0,0,1,0,0,1
21,2,33.940619,-117.9513,67354,0,3,14.6,71,74.4,229.55,8.74,0,43.8,1,1,1,0,0,1,0,0,0,0,0,1,1,1,1,0,1,0,0,0,0,0,0,0,1,1,0,0,1,0,0,1
27,0,33.391181,-118.421305,3699,6,25,0.0,48,58.6,1502.65,4.48,0,0.0,1,0,1,0,1,0,1,0,0,1,0,0,0,0,1,1,0,0,1,1,1,0,1,1,1,1,0,0,1,1,0,1
64,0,33.798266,-118.300237,24660,0,1,0.0,22,35.45,35.45,0.0,0,0.0,3,1,0,0,0,0,0,0,0,0,0,1,0,0,1,1,0,0,0,0,0,0,0,1,1,1,0,0,1,0,0,1
45,0,33.840524,-118.148403,30173,0,2,46.84,3,44.35,81.25,0.0,0,93.68,3,1,0,0,0,0,0,0,0,0,0,1,1,0,1,1,0,0,0,0,0,0,0,0,0,1,0,0,0,0,0,1
53,0,33.736387,-118.284363,58639,0,8,48.14,18,71.15,563.65,0.0,0,385.12,1,0,0,0,0,0,0,0,0,0,0,1,1,1,1,1,0,0,1,0,0,1,0,1,1,1,0,0,0,0,0,1
63,0,33.822295,-118.26411,55486,0,1,14.12,24,45.65,45.65,0.0,0,14.12,1,1,0,0,0,0,0,0,0,0,0,1,1,0,1,0,0,0,0,0,0,0,0,0,0,1,0,0,1,0,0,1
32,4,33.783047,-118.1486,43467,0,7,20.52,28,95.0,655.5,36.6,10,143.64,1,1,0,0,0,1,0,0,0,0,0,1,1,1,1,0,0,0,0,0,0,0,1,1,1,0,0,0,0,1,0,1
26,1,34.196837,-118.142236,36243,5,20,36.6,51,82.4,1592.35,33.43,0,732.0,1,0,1,0,1,1,1,0,0,0,0,0,1,1,1,0,1,0,1,0,0,0,0,0,1,1,0,0,0,0,0,1
42,1,34.1528,-118.000482,41067,0,4,33.5,27,70.9,273.0,8.74,0,134.0,1,0,0,0,0,1,0,0,0,0,0,1,1,0,1,0,1,0,0,0,0,0,0,0,0,1,0,0,1,0,0,1
26,3,34.296574,-118.244839,26753,1,2,11.51,53,104.4,242.8,45.44,0,23.02,3,0,1,0,1,1,1,0,0,0,0,1,1,1,1,0,1,0,0,0,1,1,1,1,1,1,0,0,1,0,0,1
24,0,34.167465,-118.165327,27891,5,53,40.62,73,94.85,5000.2,18.55,0,2152.86,1,0,1,0,1,0,1,0,0,0,0,0,1,0,1,0,1,0,0,0,1,0,1,1,1,1,1,0,1,0,0,1
54,0,34.167926,-118.267539,21990,0,1,0.0,27,29.95,29.95,0.0,0,0.0,1,0,0,0,0,0,0,0,0,0,0,1,0,0,1,1,0,0,0,1,0,0,0,0,0,1,0,0,0,0,0,1
51,2,34.136306,-118.26036,17015,0,8,25.73,19,84.5,662.65,33.21,0,205.84,2,1,0,0,0,1,0,0,0,0,0,1,1,1,1,0,1,0,0,0,0,0,0,1,1,1,0,0,0,0,0,1
48,3,34.162515,-118.203869,31297,0,13,33.54,76,79.25,1111.65,48.25,0,436.02,1,0,0,0,0,1,0,0,0,0,0,0,1,0,1,0,1,0,0,1,1,0,0,0,0,1,0,0,1,0,0,1
29,0,34.182378,-118.262922,9864,4,1,0.0,29,24.8,24.8,0.0,0,0.0,1,0,1,0,1,0,1,0,0,0,0,1,0,0,1,1,0,0,0,0,0,0,0,0,1,1,0,0,1,0,0,1
39,2,34.224377,-118.632656,49242,5,6,42.08,29,91.0,531.0,0.0,0,252.48,2,1,0,0,1,1,1,0,0,0,0,0,1,0,1,0,1,0,0,1,1,0,0,1,1,1,0,0,1,0,0,1
62,3,34.266389,-118.459744,17112,0,1,23.2,21,79.9,79.9,0.0,0,23.2,2,1,0,0,0,1,0,0,0,0,0,0,1,0,1,0,1,0,0,0,0,0,0,1,1,1,0,0,0,0,0,1
43,1,34.502432,-118.41459,40077,0,19,28.35,19,106.6,1934.45,21.72,40,538.65,1,0,0,0,0,1,0,0,0,0,0,0,1,0,1,0,1,0,1,0,1,1,1,1,1,0,0,0,1,0,0,1
19,0,34.231053,-118.338307,46639,0,2,49.81,41,46.0,84.5,0.0,0,99.62,3,1,1,0,0,0,0,0,0,0,0,0,1,0,1,1,0,0,0,0,0,0,0,0,1,1,0,0,1,1,0,1
39,2,34.364153,-118.615583,9937,0,4,29.4,17,70.15,268.35,21.69,0,117.6,2,0,0,0,0,1,0,0,0,0,0,0,1,0,1,0,1,0,0,0,0,0,0,0,0,1,0,0,1,0,0,1
50,0,33.362575,-117.299644,42239,2,4,9.67,22,50.05,179.35,0.0,0,38.68,2,1,0,0,1,0,1,0,0,0,0,0,1,0,1,0,0,0,0,0,0,1,0,0,0,1,0,0,0,1,0,1
22,0,34.17847,-118.459472,23646,0,1,35.6,58,55.2,55.2,0.0,0,35.6,2,0,1,0,1,0,0,0,0,0,0,0,1,0,1,1,0,0,0,0,0,0,1,0,1,1,0,0,0,1,0,1
40,1,34.213049,-118.317651,25882,0,1,26.85,11,84.6,84.6,0.0,0,26.85,2,1,0,0,0,1,0,0,0,0,0,0,1,0,1,0,1,0,1,0,0,0,0,1,1,1,0,0,1,1,0,1
22,0,34.1692,-118.372498,36625,0,2,44.31,73,54.4,114.1,0.0,0,88.62,3,1,1,0,0,0,0,0,0,0,0,0,1,1,1,1,0,0,0,1,0,0,0,0,1,1,0,0,1,1,0,1
37,0,34.084747,-117.886844,17554,0,1,11.35,9,48.55,48.55,0.0,0,11.35,1,1,0,0,0,0,0,0,0,0,0,0,1,0,1,1,0,0,1,0,0,0,0,0,0,1,0,0,1,1,0,1
47,0,34.079934,-118.046695,30211,1,2,46.23,21,70.4,147.15,0.0,0,92.46,1,0,0,0,1,0,1,0,0,0,0,0,1,0,1,0,1,0,0,0,0,0,0,0,0,1,0,0,0,0,0,1
41,0,34.031441,-117.936436,84965,3,2,30.19,16,44.6,80.55,0.0,0,60.38,2,0,0,0,1,0,1,0,0,0,0,1,1,0,1,0,0,0,0,0,0,0,0,0,0,1,0,0,1,1,0,1
51,0,34.057256,-117.667677,54254,0,59,26.63,0,19.35,1099.6,14.22,0,1571.1699999999998,3,1,0,0,0,0,0,0,0,0,0,0,1,0,0,0,0,1,0,0,0,0,0,0,0,0,0,1,0,1,0,1
60,0,34.042286,-117.756106,69974,0,1,0.0,29,24.8,24.8,0.0,0,0.0,2,1,0,0,0,0,0,0,0,0,0,1,0,0,1,0,0,0,0,0,0,0,0,0,0,1,0,0,0,0,0,1
30,0,34.067932,-117.785168,36057,0,1,44.59,41,70.6,70.6,0.0,0,44.59,2,1,0,0,0,0,0,0,0,0,0,1,1,0,1,0,1,0,0,0,0,0,0,0,0,1,0,0,0,1,0,1
51,0,34.065108,-118.082791,61623,1,5,42.29,16,85.4,401.1,45.37,0,211.45,3,1,0,0,1,0,1,0,0,0,0,1,1,1,1,0,1,0,0,1,0,1,0,0,0,1,0,0,1,0,0,1
20,0,34.102119,-117.815532,33878,6,52,10.59,48,105.05,5624.85,27.6,0,550.68,2,0,1,0,1,0,1,0,0,0,0,0,1,1,1,0,1,0,0,1,1,0,1,1,1,1,0,0,1,0,0,1
52,0,34.061634,-117.893169,30458,6,18,1.51,28,95.15,1779.95,10.17,0,27.18,3,1,0,0,1,0,1,0,0,0,0,0,1,0,1,0,1,0,0,0,1,0,1,1,1,1,0,0,0,1,0,1
41,0,34.074736,-118.145959,30635,1,1,19.15,18,70.0,70.0,0.0,10,19.15,3,1,0,0,1,0,1,0,0,0,0,1,1,0,1,0,1,0,0,0,0,0,0,0,0,0,0,0,0,0,0,1
34,0,32.85723,-117.209774,34902,0,10,49.58,17,44.85,435.4,0.0,0,495.8,2,1,0,0,0,0,0,0,0,0,0,0,1,0,1,1,0,0,0,0,0,0,0,0,0,1,0,0,1,1,0,1
21,0,32.85723,-117.209774,34902,0,1,6.19,52,73.6,73.6,0.0,0,6.19,1,0,1,0,0,0,0,0,0,0,0,0,1,0,1,0,1,0,1,0,0,0,0,0,1,1,0,0,1,1,0,1
30,0,32.85723,-117.209774,34902,0,5,5.78,52,80.6,415.55,36.44,40,28.9,2,1,0,0,0,0,0,0,0,0,0,1,1,0,1,0,1,0,0,0,0,0,1,0,0,0,0,0,1,0,0,1
55,0,32.85723,-117.209774,34902,1,38,42.14,19,80.3,3058.65,0.0,0,1601.32,1,0,0,0,1,0,1,0,0,1,0,0,1,0,1,1,0,0,1,1,0,1,1,1,1,1,1,0,0,1,0,1
29,0,32.85723,-117.209774,34902,0,7,28.62,26,73.85,511.25,13.03,0,200.34,3,0,1,0,0,0,0,0,0,0,0,0,1,1,1,0,1,0,0,0,0,0,0,0,1,1,0,0,1,0,0,1
54,0,32.85723,-117.209774,34902,0,2,5.32,20,80.6,155.8,0.0,0,10.64,1,0,0,0,0,0,0,0,0,0,0,0,1,1,1,0,1,0,0,0,1,0,0,0,0,1,0,0,0,1,0,1
63,0,32.85723,-117.209774,34902,1,68,29.18,18,75.8,5293.95,0.0,90,1984.24,3,1,0,0,1,0,1,1,0,0,0,0,1,1,1,1,0,0,0,1,1,1,0,1,1,0,1,0,1,0,0,1
24,0,32.85723,-117.209774,34902,0,43,12.88,59,104.6,4759.85,0.0,0,553.84,1,0,1,0,0,0,0,0,0,0,0,0,1,1,1,0,1,0,0,1,1,0,1,1,1,1,0,1,1,0,0,1
61,0,32.85723,-117.209774,34902,2,63,48.95,13,103.4,6603.0,0.0,0,3083.8500000000004,2,1,0,0,1,0,1,0,0,0,0,0,1,1,1,0,1,0,0,1,1,0,1,1,1,1,0,0,1,0,0,1
47,0,32.85723,-117.209774,34902,0,2,10.53,8,90.4,168.2,0.0,0,21.06,3,0,0,0,0,0,0,0,0,0,0,1,1,0,1,0,1,0,0,0,0,0,1,1,1,1,0,0,1,0,0,1
26,0,32.85723,-117.209774,34902,5,4,28.77,19,84.8,371.9,0.0,0,115.08,3,1,1,0,1,0,1,0,0,0,0,1,1,1,1,0,1,0,0,1,1,0,0,0,1,1,0,0,1,0,0,1
40,0,32.85723,-117.209774,34902,0,10,27.1,11,80.25,846.0,0.0,0,271.0,3,0,0,0,0,0,0,0,0,0,0,0,1,0,1,0,1,0,0,0,0,0,0,1,1,1,0,0,1,0,0,1
54,0,32.85723,-117.209774,34902,0,5,20.86,8,96.5,492.55,0.0,0,104.3,3,1,0,0,0,0,0,0,0,0,0,1,1,0,1,0,1,0,0,0,1,0,1,1,1,1,0,0,0,0,0,1
22,0,32.85723,-117.209774,34902,0,2,40.43,27,85.65,181.5,0.0,0,80.86,1,1,1,0,0,0,0,0,0,0,0,1,1,1,1,0,0,0,0,0,0,0,1,0,1,1,0,0,1,0,0,1
48,0,32.85723,-117.209774,34902,1,25,8.91,10,104.95,2566.5,0.0,0,222.75,3,0,0,0,1,0,1,0,0,1,0,0,1,1,1,0,1,0,0,0,1,1,1,1,1,1,0,0,1,0,0,1
26,0,32.85723,-117.209774,34902,0,1,14.78,59,50.65,50.65,0.0,0,14.78,1,1,1,0,0,0,0,0,0,0,0,1,1,0,1,1,0,0,0,1,0,0,0,0,1,1,0,0,0,1,0,1
64,0,32.85723,-117.209774,34902,0,1,8.56,24,90.85,90.85,0.0,0,8.56,3,1,0,0,0,0,0,0,0,0,0,1,1,1,1,0,1,0,0,1,0,0,0,1,1,1,0,0,1,1,0,1
63,0,32.85723,-117.209774,34902,0,34,1.55,14,73.95,2524.45,0.0,0,52.7,3,0,0,0,0,0,0,0,0,1,0,0,1,0,1,0,1,0,0,1,0,0,0,0,0,1,0,0,1,1,0,1
30,0,32.85723,-117.209774,34902,2,69,48.8,26,99.45,7007.6,0.0,0,3367.2,3,1,0,0,1,0,1,1,0,0,0,0,1,1,1,0,1,0,0,0,1,0,1,1,1,1,0,0,1,1,0,1
59,0,32.85723,-117.209774,34902,0,1,36.63,0,19.9,19.9,0.0,0,36.63,3,0,0,0,0,0,0,0,0,0,0,1,1,0,0,0,0,1,0,0,0,0,0,0,0,0,0,0,1,1,0,1
52,0,32.85723,-117.209774,34902,0,1,14.17,0,19.6,19.6,0.0,0,14.17,1,1,0,0,0,0,0,0,0,0,0,1,1,0,0,0,0,1,0,0,0,0,0,0,0,0,0,0,1,1,0,1
23,0,32.790282,-115.689559,1632,4,22,4.01,53,83.3,1845.9,0.0,0,88.22,1,0,1,0,1,0,1,0,0,0,0,0,1,0,1,0,0,0,0,1,0,0,0,1,1,1,0,0,0,0,0,1
22,0,34.667815,-117.536183,18980,3,61,46.27,0,19.4,1182.55,0.0,0,2822.4700000000003,3,0,1,0,1,0,1,0,0,0,0,0,1,0,0,0,0,1,0,0,0,0,0,0,0,0,0,0,1,1,0,1
49,0,33.362575,-117.299644,42239,0,12,11.12,14,45.4,518.9,0.0,0,133.44,3,1,0,0,0,0,0,0,0,0,0,0,1,0,1,1,0,0,0,0,0,0,0,0,0,1,0,0,1,0,0,1
20,0,34.248061,-117.29028,10484,0,60,10.7,71,105.9,6396.45,0.0,0,642.0,2,0,1,0,0,0,0,0,0,0,0,0,1,1,1,0,1,0,0,1,1,0,1,1,1,1,0,0,1,0,0,1
54,0,34.875144,-116.821698,678,0,1,29.78,13,69.55,69.55,0.0,0,29.78,1,0,0,0,0,0,0,0,0,0,0,1,1,0,1,0,1,0,0,0,0,0,0,0,0,1,0,0,0,1,0,1
58,0,34.702766,-116.093376,23,1,28,16.85,13,81.05,2227.1,0.0,0,471.80000000000007,1,0,0,0,1,0,1,0,0,1,0,0,1,0,1,0,1,0,0,0,0,0,0,1,1,1,0,0,1,0,0,1
21,0,34.508417,-116.856103,5256,3,4,9.56,48,101.15,385.9,0.0,0,38.24,1,1,1,0,1,0,1,0,0,0,0,1,1,1,1,0,1,0,0,0,1,0,1,1,1,1,0,0,0,0,0,1
61,0,34.238162,-117.534306,1090,0,7,47.03,2,99.8,673.25,0.0,10,329.21000000000004,1,1,0,0,0,0,0,0,0,0,0,0,1,1,1,0,1,0,0,1,0,0,1,1,1,0,0,0,1,0,0,1
60,0,34.441123,-117.537886,12463,3,13,19.05,27,55.95,734.35,0.0,0,247.65,1,0,0,0,1,0,1,0,0,0,1,0,1,0,1,1,0,0,0,0,0,0,0,1,1,1,0,0,0,0,0,1
25,0,34.003243,-117.138286,31230,0,1,47.22,53,55.0,55.0,0.0,0,47.22,1,1,1,0,0,0,0,0,0,0,0,0,1,0,1,0,0,0,0,0,0,0,0,1,1,1,0,0,1,0,0,1
52,0,34.156758,-117.404686,18518,0,1,21.91,8,74.7,74.7,0.0,0,21.91,1,0,0,0,1,0,0,0,0,0,0,0,1,0,1,0,1,0,0,1,0,0,0,0,0,1,0,0,1,0,0,1
52,0,34.186211,-117.07683,5395,0,24,49.3,20,80.25,1861.5,0.0,0,1183.1999999999998,1,1,0,0,0,0,0,0,0,1,0,0,1,1,1,0,1,0,0,1,0,0,0,0,0,1,0,0,1,0,0,1
61,0,33.362575,-117.299644,42239,0,5,31.09,11,96.1,453.4,0.0,0,155.45,1,1,0,0,0,0,0,0,0,0,0,0,1,0,1,0,1,0,0,0,0,1,1,1,1,1,0,0,1,0,0,1
40,0,34.486835,-117.362274,63235,0,15,4.67,28,69.0,994.8,0.0,0,70.05,1,0,0,0,0,0,0,0,0,0,1,0,1,0,1,0,1,0,0,0,0,0,0,0,0,1,0,0,0,0,0,1
28,0,34.358321,-117.618263,4253,3,48,0.0,58,45.3,2145.0,0.0,140,0.0,1,0,1,0,1,0,1,0,0,0,0,0,0,0,1,0,0,0,1,0,1,0,0,1,1,0,0,0,1,0,0,1
32,0,34.105935,-117.2914,1779,1,8,32.32,25,83.55,680.05,0.0,0,258.56,1,0,0,0,1,0,1,0,0,0,0,0,1,0,1,0,0,0,0,1,0,0,1,0,0,1,0,0,1,0,0,1
32,0,34.106922,-117.297553,44556,0,1,14.02,2,74.35,74.35,0.0,0,14.02,1,1,0,0,0,0,0,0,0,0,0,0,1,1,1,0,1,0,0,0,0,0,0,0,0,1,0,0,1,0,0,1
28,0,33.890046,-117.455583,71678,1,2,9.79,41,74.4,139.4,0.0,0,19.58,1,0,1,0,1,0,1,0,0,0,0,0,1,0,1,0,1,0,1,0,0,0,0,0,0,1,0,0,1,0,0,1
51,0,33.930931,-117.361788,42425,0,22,0.0,16,43.75,903.6,0.0,0,0.0,3,1,0,0,0,0,0,0,0,0,1,0,0,0,1,1,0,0,0,1,1,0,0,1,1,1,1,0,1,0,0,1
49,0,33.888323,-117.277533,1005,0,12,16.07,14,99.7,1238.45,0.0,0,192.84,1,0,0,0,0,0,0,0,0,0,1,0,1,1,1,0,1,0,1,1,1,0,0,1,1,1,0,0,1,0,0,1
49,0,33.761894,-117.120868,4283,4,2,18.79,19,94.2,167.5,0.0,0,37.58,2,1,0,0,1,0,1,0,0,0,0,0,1,0,1,0,1,0,0,0,0,1,1,1,1,1,0,0,1,0,0,1
64,0,33.755039,-116.741796,3588,1,6,36.12,23,80.5,502.85,0.0,0,216.72,3,0,0,0,1,0,1,0,0,0,0,0,1,1,1,0,1,0,0,0,0,1,0,0,0,1,0,0,1,0,0,1
55,0,33.581045,-117.14719,18311,0,40,35.58,8,104.8,4131.95,0.0,0,1423.1999999999998,1,1,0,0,0,0,0,0,0,0,0,0,1,1,1,0,1,0,0,0,1,1,1,1,1,1,0,0,0,0,0,1
47,0,33.707483,-117.200006,18161,0,23,27.61,23,75.6,1758.6,0.0,0,635.03,1,0,0,0,0,0,0,0,0,0,1,0,1,1,1,0,1,0,0,0,0,0,0,0,0,1,0,0,0,0,0,1
22,0,33.69887,-117.25071,13151,2,34,23.09,52,100.05,3480.0,0.0,20,785.06,3,1,1,0,1,0,1,0,0,1,0,0,1,1,1,0,1,0,0,0,1,0,1,1,1,0,0,0,1,0,0,1
51,0,33.643095,-117.810896,41062,0,1,30.52,30,85.0,85.0,0.0,0,30.52,3,0,0,0,0,0,0,0,0,0,0,1,1,1,1,0,1,0,0,0,0,0,0,1,1,1,0,0,1,0,0,1
33,0,33.644849,-117.684254,59176,0,10,5.92,11,86.05,834.1,0.0,0,59.2,3,1,0,0,0,0,0,0,0,0,1,0,1,1,1,0,1,0,0,0,0,0,1,0,0,1,0,0,1,0,0,1
52,0,33.666301,-117.969501,56517,0,13,0.0,17,45.55,597.0,0.0,0,0.0,3,1,0,0,0,0,0,0,0,0,1,0,0,0,1,1,0,0,1,0,0,1,1,0,0,1,0,0,1,1,0,1
29,0,33.679659,-118.016195,42663,5,39,40.25,19,86.3,3266.0,0.0,0,1569.75,1,1,1,0,1,0,1,0,0,1,0,0,1,0,1,0,1,0,0,1,0,0,1,0,0,1,0,0,1,1,0,1
31,0,33.601309,-117.902304,4242,0,32,1.49,21,80.35,2596.15,0.0,0,47.68,1,1,0,0,0,0,0,0,0,1,0,0,1,1,1,0,1,0,0,1,0,0,0,0,0,1,0,0,1,0,0,1
44,0,33.748478,-117.858918,58157,0,35,10.49,17,100.25,3527.6,0.0,0,367.15,3,0,0,0,0,0,0,0,0,1,0,0,1,1,1,0,1,0,0,0,1,0,1,1,1,1,0,0,1,0,0,1
50,0,33.714829,-117.872941,62634,2,56,26.15,7,100.3,5614.45,0.0,100,1464.4,2,1,0,0,1,0,1,0,0,0,0,0,1,1,1,0,1,0,0,1,0,0,1,1,1,0,1,0,0,1,0,1
48,0,33.830209,-117.906099,68802,1,12,19.48,0,19.0,233.55,0.0,0,233.76,1,0,0,0,1,0,1,0,0,0,1,0,1,0,0,0,0,1,0,0,0,0,0,0,0,0,0,0,0,1,0,1
28,0,33.83796,-117.870494,34398,0,1,4.13,51,75.3,75.3,0.0,0,4.13,1,0,1,0,0,0,0,0,0,0,0,0,1,0,1,0,1,0,1,0,0,0,0,0,0,1,0,0,0,0,1,1
52,0,33.925833,-117.559639,22443,0,12,36.24,30,61.65,713.75,0.0,0,434.88,1,0,0,0,0,0,0,0,0,0,1,0,1,1,1,1,0,0,1,0,1,1,0,0,0,1,0,0,1,0,1,1
32,0,34.360261,-119.306383,32899,1,9,0.0,9,29.95,248.95,0.0,10,0.0,2,1,0,0,1,0,1,0,0,0,0,1,0,0,1,1,0,0,0,1,0,0,0,0,0,0,0,0,1,0,0,1
20,0,34.279221,-119.221437,46894,1,9,6.35,69,65.0,663.05,0.0,0,57.15,1,0,1,0,1,0,1,0,0,0,0,1,1,0,1,0,0,0,1,1,1,1,0,0,0,1,0,0,0,0,1,1
27,0,34.110124,-119.100972,25634,0,7,16.04,0,20.0,137.6,0.0,0,112.28,3,0,1,0,0,0,0,0,0,0,0,1,1,0,0,0,0,1,0,0,0,0,0,0,0,0,0,0,0,0,0,1
20,0,34.437945,-119.77191,15757,7,65,34.14,26,105.5,6985.65,0.0,0,2219.1,1,0,1,0,1,0,1,0,0,0,0,0,1,1,1,0,1,0,0,1,1,0,1,1,1,1,0,0,1,0,0,1
26,0,36.315979,-119.710852,2872,1,10,2.02,82,85.25,855.3,0.0,100,20.2,3,1,1,0,1,0,1,0,0,0,1,0,1,1,1,0,1,0,0,0,0,0,0,1,1,0,0,0,1,0,0,1
57,0,35.916943,-120.129921,14697,3,43,37.25,20,56.15,2499.3,0.0,0,1601.75,2,0,0,0,1,0,1,0,0,0,0,0,1,0,1,1,0,0,0,0,0,0,1,0,0,1,0,0,0,0,0,1
38,0,35.523991,-118.400432,1954,0,1,42.46,27,89.55,89.55,0.0,0,42.46,2,1,0,0,0,0,0,0,0,0,0,1,1,0,1,0,0,0,0,0,0,0,1,1,1,1,0,0,1,0,0,1
57,0,36.186867,-120.387793,18036,0,1,5.55,13,45.7,45.7,0.0,0,5.55,3,1,0,0,0,0,0,0,0,0,0,1,1,0,1,1,0,0,0,0,0,0,0,0,0,1,0,0,1,0,1,1
30,0,35.858054,-119.305858,9318,0,3,26.26,30,69.55,222.3,0.0,0,78.78,1,0,0,0,0,0,0,0,0,0,0,0,1,0,1,0,1,0,0,0,0,0,0,0,0,1,0,0,1,0,0,1
23,0,36.301689,-119.018233,13333,0,1,22.16,47,74.6,74.6,0.0,10,22.16,3,0,1,0,0,0,0,0,0,0,0,1,1,0,1,0,1,0,0,0,1,0,0,0,0,0,0,0,1,0,1,1
40,0,36.217864,-120.080117,6918,2,2,15.14,0,19.85,35.9,0.0,0,30.28,3,1,0,0,1,0,1,0,0,0,0,1,1,0,0,0,0,1,0,0,0,0,0,0,0,0,1,0,0,0,1,1
48,0,35.852892,-118.397782,1873,0,4,0.0,16,24.25,96.05,0.0,0,0.0,2,0,0,0,0,0,0,0,0,0,0,1,0,0,1,0,0,0,0,0,0,0,0,0,0,1,0,0,1,0,1,1
52,0,36.462671,-118.997291,293,0,2,7.64,27,69.65,145.15,0.0,0,15.28,2,0,0,0,0,0,0,0,0,0,0,1,1,0,1,0,1,0,0,0,0,0,0,0,0,1,0,0,0,0,0,1
47,0,36.205465,-119.085807,15508,0,4,45.4,27,45.65,191.05,0.0,0,181.6,1,0,0,0,0,0,0,0,0,0,0,0,1,0,1,1,0,0,0,0,0,0,0,0,0,1,0,0,0,0,1,1
23,0,33.507255,-117.029473,46171,0,1,32.86,58,75.05,75.05,0.0,0,32.86,2,0,1,0,0,0,0,0,0,0,0,1,1,1,1,0,1,0,0,0,0,0,0,0,0,1,0,0,1,0,1,1
19,0,35.861928,-118.636698,266,0,2,0.0,76,34.7,62.25,0.0,0,0.0,1,0,1,0,0,0,0,0,0,0,0,1,0,0,1,1,0,0,0,0,0,0,0,1,1,1,0,0,1,0,0,1
48,0,35.490705,-119.286833,15177,1,1,35.71,3,80.0,80.0,0.0,0,35.71,1,1,0,0,1,0,1,0,0,0,0,1,1,0,1,0,0,0,0,0,0,0,0,1,1,1,0,0,0,0,0,1
63,0,32.961064,-117.134917,47224,0,3,26.52,10,75.1,270.7,0.0,0,79.56,3,0,0,0,0,0,0,0,0,0,0,1,1,1,1,0,1,0,0,0,0,0,0,0,0,1,0,0,1,1,0,1
23,0,32.961064,-117.134917,47224,1,3,13.54,51,50.15,168.15,0.0,0,40.62,1,1,1,0,1,0,1,0,0,0,0,0,1,0,1,0,0,0,0,0,1,0,0,0,0,1,0,0,1,0,0,1
54,0,32.961064,-117.134917,47224,0,25,26.81,12,79.85,2015.35,0.0,0,670.25,2,0,0,0,0,0,0,0,0,1,0,0,1,0,1,0,1,0,1,1,0,0,0,0,0,1,0,0,1,0,0,1
27,0,32.961064,-117.134917,47224,0,1,38.44,0,19.55,19.55,0.0,0,38.44,2,1,1,0,0,0,0,0,0,0,0,0,1,0,0,0,0,1,0,0,0,0,0,0,0,0,0,0,0,0,1,1
48,0,32.961064,-117.134917,47224,1,4,4.14,30,85.95,381.3,0.0,0,16.56,3,0,0,0,1,0,1,0,0,0,0,0,1,1,1,0,1,0,0,0,0,0,0,1,1,1,0,0,1,0,0,1
26,0,32.961064,-117.134917,47224,0,3,36.48,59,45.35,141.5,0.0,0,109.44,3,1,1,0,0,0,0,0,0,0,0,0,1,0,1,1,0,0,0,0,0,0,0,0,0,1,0,0,1,0,0,1
29,0,32.961064,-117.134917,47224,0,45,4.48,51,87.25,3941.7,0.0,0,201.6,1,0,1,0,0,0,0,0,0,0,0,0,1,1,1,0,0,0,0,0,1,1,0,0,0,1,0,0,1,0,0,1
51,0,32.961064,-117.134917,47224,0,10,27.57,13,98.55,1008.55,0.0,0,275.7,1,1,0,0,0,0,0,0,0,0,1,0,1,1,1,0,1,0,1,0,0,0,1,1,1,1,0,0,0,0,0,1
37,0,35.214982,-118.59049,1436,0,15,24.63,13,85.9,1269.55,0.0,0,369.45,3,0,0,0,0,0,0,0,0,0,0,0,1,0,1,0,1,0,0,1,0,0,0,1,1,1,0,0,1,0,0,1
38,0,34.712708,-117.889656,57794,0,22,18.01,2,89.25,1907.85,0.0,0,396.22,1,0,0,0,0,0,0,0,0,0,0,0,1,0,1,0,1,0,0,0,0,0,1,1,1,1,0,0,0,0,0,1
31,0,34.741406,-118.38111,49309,1,3,26.71,11,70.3,208.85,0.0,0,80.13,1,1,0,0,1,0,1,0,0,0,0,0,1,0,1,0,1,0,0,0,0,0,0,0,0,1,0,0,1,0,0,1
49,0,34.557711,-118.029441,25370,0,15,48.93,15,93.35,1444.65,0.0,0,733.95,1,1,0,0,0,0,0,0,0,0,0,0,1,1,1,0,1,0,0,0,0,0,1,1,1,1,0,0,1,0,0,1
45,0,34.445239,-117.894868,1613,0,1,49.51,0,19.9,19.9,0.0,0,49.51,2,0,0,0,0,0,0,0,0,0,0,0,1,0,0,0,0,1,0,0,0,0,0,0,0,0,0,0,0,0,1,1
37,0,35.405722,-117.773354,117,1,5,41.57,27,88.9,454.15,0.0,0,207.85,1,0,0,0,1,0,1,0,0,0,0,0,1,0,1,0,0,0,1,0,1,0,0,1,1,1,0,0,1,0,1,1
24,0,33.507255,-117.029473,46171,1,33,41.8,41,95.8,3036.75,0.0,60,1379.4,2,1,1,0,1,0,1,0,0,1,0,0,1,0,1,0,1,0,0,0,1,0,1,1,1,0,1,0,1,0,0,1
42,0,33.507255,-117.029473,46171,0,2,41.18,14,82.0,184.65,0.0,0,82.36,3,1,0,0,0,0,0,0,0,0,0,0,1,1,1,0,1,0,0,1,0,0,0,0,0,1,0,0,1,0,0,1
63,0,34.598221,-117.79593,6787,0,2,25.49,9,45.35,89.5,0.0,0,50.98,1,1,0,0,0,0,0,0,0,0,0,0,1,0,1,1,0,0,0,0,0,0,0,0,0,1,0,0,0,0,0,1
41,0,37.458367,-119.345011,613,0,1,34.04,23,52.2,52.2,0.0,0,34.04,1,0,0,0,0,0,0,0,0,0,0,0,1,0,1,1,0,0,0,0,0,1,0,0,0,1,0,0,1,0,0,1
58,0,36.397745,-120.119911,1852,0,62,22.64,9,96.75,6125.4,0.0,0,1403.68,2,1,0,0,0,0,0,0,1,0,0,0,1,1,1,0,1,0,0,0,1,0,1,1,1,1,1,0,1,0,0,1
33,0,37.027663,-119.69056,1125,0,10,14.53,30,98.5,1058.25,0.0,110,145.29999999999998,1,0,0,0,0,0,0,0,0,0,0,0,1,1,1,0,1,0,0,0,0,1,1,1,1,0,0,0,1,0,0,1
61,0,36.727418,-120.123526,14062,0,6,11.97,27,85.35,489.45,0.0,0,71.82000000000001,3,1,0,0,0,0,0,0,0,0,0,0,1,0,1,0,1,0,0,1,0,0,1,0,0,1,0,0,1,0,0,1
54,0,36.902954,-120.194274,28434,1,40,22.56,4,101.3,4113.1,0.0,0,902.4,1,1,0,0,1,0,1,0,1,0,0,0,1,1,1,0,0,0,0,1,0,0,1,1,1,1,0,0,1,0,0,1
27,0,37.004068,-119.930027,49247,0,1,49.43,48,69.55,69.55,0.0,0,49.43,2,1,1,0,0,0,0,0,0,0,0,1,1,0,1,0,1,0,0,0,0,0,0,0,1,1,0,0,1,0,0,1
20,0,33.141265,-116.967221,48690,0,58,44.5,47,103.25,6017.65,0.0,0,2581.0,1,1,1,0,0,0,0,0,1,0,0,0,1,1,1,0,1,0,0,1,1,0,1,1,1,1,1,0,1,0,0,1
25,0,36.696759,-119.024051,571,0,70,12.19,42,104.0,7250.15,0.0,0,853.3,1,1,1,0,0,0,0,1,0,0,0,0,1,1,1,0,1,0,1,0,0,1,1,1,1,1,0,1,1,1,0,1
62,0,36.600185,-119.175655,9780,0,2,24.05,27,86.2,178.7,0.0,0,48.1,3,0,0,0,0,0,0,0,0,0,0,1,1,0,1,0,1,0,0,0,1,0,0,1,1,1,0,0,1,0,1,1
24,0,36.841655,-119.797113,3258,1,21,36.26,59,111.2,2317.1,0.0,120,761.4599999999999,3,1,1,0,1,0,1,0,0,0,0,0,1,1,1,0,1,0,0,1,1,1,1,1,1,0,0,0,1,0,0,1
41,0,36.600193,-120.153393,4318,1,16,31.73,25,89.45,1430.25,0.0,0,507.68,3,0,0,0,1,0,1,0,0,0,0,0,1,0,1,0,1,0,0,1,1,0,1,0,0,1,0,0,1,1,0,1
21,0,36.959731,-120.653519,343,1,60,33.25,52,90.95,5453.4,0.0,0,1995.0,3,1,1,0,1,0,1,0,1,0,0,0,1,0,1,0,1,0,0,1,1,0,1,0,1,1,1,0,0,0,0,1
58,0,36.993666,-119.348267,2633,1,50,29.43,14,108.55,5610.7,0.0,0,1471.5,2,0,0,0,1,0,1,0,1,0,0,0,1,1,1,0,1,0,1,1,0,1,1,1,1,1,1,0,0,0,0,1
45,0,36.768774,-119.762633,31180,0,1,32.44,12,44.4,44.4,0.0,0,32.44,1,1,0,0,0,0,0,0,0,0,0,1,1,0,1,1,0,0,0,0,0,0,0,0,0,1,0,0,0,0,1,1
59,0,36.833002,-119.82947,36274,1,12,37.65,0,19.8,229.6,0.0,0,451.8,3,0,0,0,1,0,1,0,0,0,0,0,1,0,0,0,0,1,0,0,0,0,0,0,0,0,1,0,0,0,0,1
21,0,36.732694,-119.783786,6848,0,1,32.85,53,89.9,89.9,0.0,0,32.85,1,1,1,0,0,0,0,0,0,0,0,1,1,0,1,0,1,0,0,0,0,0,1,1,1,1,0,0,1,0,0,1
41,0,33.141265,-116.967221,48690,0,62,32.58,15,100.15,6413.65,0.0,0,2019.96,3,0,0,0,0,0,0,0,1,0,0,0,1,1,1,0,1,0,0,0,1,0,1,1,1,1,1,0,1,0,0,1
58,0,36.460611,-121.852507,13121,0,1,1.28,27,50.8,50.8,0.0,0,1.28,1,1,0,0,0,0,0,0,0,0,0,1,1,0,1,1,0,0,0,1,0,0,0,0,0,1,0,0,0,0,0,1
55,0,36.220761,-120.980777,14477,0,3,47.62,29,95.1,307.4,0.0,0,142.86,1,0,0,0,0,0,0,0,0,0,0,1,1,0,1,0,0,0,0,1,0,0,1,1,1,1,0,0,1,0,0,1
52,0,35.989792,-121.055933,538,0,22,46.28,16,94.65,2104.55,0.0,40,1018.16,2,1,0,0,0,0,0,0,0,0,0,0,1,1,1,0,1,0,0,0,0,0,1,1,1,0,0,0,1,1,0,1
46,0,36.689582,-121.758398,21759,1,4,14.3,2,80.6,319.15,0.0,0,57.2,3,1,0,0,1,0,1,0,0,0,0,1,1,0,1,0,1,0,0,0,1,1,0,0,0,1,0,0,1,0,1,1
24,0,36.587497,-121.944815,4602,0,59,6.91,52,85.55,5084.65,0.0,0,407.69,3,1,1,0,1,0,0,0,1,0,0,0,1,1,1,0,1,0,0,0,0,0,0,1,1,1,1,0,0,0,0,1
58,0,37.509366,-122.306132,25566,0,60,0.0,5,50.8,3027.4,0.0,0,0.0,2,0,0,0,0,0,0,0,1,0,0,0,0,0,1,0,0,0,0,1,0,0,1,1,1,1,0,0,1,0,0,1
54,0,37.691561,-122.445202,47453,0,15,22.39,7,105.1,1582.75,0.0,0,335.85,1,0,0,0,0,0,0,0,0,0,0,0,1,0,1,0,1,0,1,0,1,1,1,1,1,1,0,0,0,0,0,1
53,0,37.266388,-122.26308,148,0,10,18.03,6,110.1,1043.3,0.0,0,180.3,1,1,0,0,0,0,0,0,0,0,0,0,1,0,1,0,1,0,1,1,1,1,1,1,1,1,0,0,1,0,0,1
40,0,37.352911,-122.093002,21496,0,6,25.93,24,83.9,497.55,0.0,0,155.57999999999998,1,0,0,0,0,0,0,0,0,0,0,0,1,0,1,0,1,0,0,0,1,0,0,1,1,1,0,0,0,0,0,1
48,0,37.380662,-122.086022,32143,3,63,8.98,16,100.55,6215.35,0.0,0,565.74,2,0,0,0,1,0,1,0,1,0,0,0,1,1,1,0,1,0,1,1,1,0,1,0,0,0,0,0,1,0,0,1
55,0,37.419725,-122.062947,27822,6,50,42.21,14,103.85,5017.9,0.0,0,2110.5,2,1,0,0,1,0,1,0,1,0,0,0,1,1,1,0,1,0,0,1,1,0,1,1,1,1,0,0,1,0,0,1
39,0,37.22565,-122.297533,2055,0,1,0.0,12,24.6,24.6,0.0,0,0.0,2,0,0,0,0,0,0,0,0,0,0,0,0,0,1,1,0,0,0,0,0,0,0,0,0,1,0,0,0,0,0,1
64,0,37.624436,-122.430661,39566,0,12,34.92,23,98.9,1120.95,0.0,0,419.04,1,0,0,0,0,0,0,0,0,0,0,0,1,0,1,0,0,0,1,0,0,1,1,1,1,1,0,0,1,0,0,1
27,0,37.654436,-122.426468,60599,0,9,38.76,82,98.3,923.5,0.0,0,348.84,2,0,1,0,0,0,0,0,0,0,0,0,1,1,1,0,1,0,0,0,1,0,1,1,1,1,0,0,0,1,0,1
36,0,37.378541,-122.020456,64010,0,17,4.51,13,93.85,1625.65,0.0,0,76.67,1,1,0,0,0,0,0,0,0,0,0,0,1,0,1,0,1,0,1,0,0,0,1,1,1,1,0,0,0,0,0,1
37,0,37.746699,-122.442833,27906,0,13,3.84,4,81.15,952.3,0.0,0,49.92,1,0,0,0,0,0,0,0,0,0,0,0,1,0,1,0,1,0,0,1,1,0,0,0,0,1,0,0,1,0,0,1
51,0,37.556634,-122.317723,23393,0,6,19.74,27,79.05,434.5,0.0,0,118.44,1,0,0,0,0,0,0,0,0,0,0,0,1,1,1,0,1,0,1,0,0,0,0,0,0,1,0,0,1,0,0,1
32,0,37.980057,-121.801599,90891,0,3,23.82,24,74.4,215.8,0.0,0,71.46000000000001,3,0,0,0,0,0,0,0,0,0,0,0,1,1,1,0,1,0,0,0,0,0,0,0,0,1,0,0,0,0,0,1
21,0,38.013825,-122.039144,36186,1,1,32.08,73,44.7,44.7,0.0,0,32.08,3,1,1,0,1,0,1,0,0,0,0,0,1,0,1,1,0,0,0,0,0,0,0,0,1,1,0,0,0,1,0,1
36,0,37.505768,-121.962472,56126,0,1,10.41,17,45.7,45.7,0.0,0,10.41,3,1,0,0,0,0,0,0,0,0,0,0,1,0,1,1,0,0,0,0,0,0,0,0,0,1,0,0,1,0,1,1
53,0,37.674002,-122.076796,60274,0,7,9.14,0,19.25,112.3,0.0,0,63.98,3,1,0,0,0,0,0,0,0,0,0,0,1,0,0,0,0,1,0,0,0,0,0,0,0,0,0,0,0,0,0,1
57,0,37.62984,-122.120843,27311,0,2,48.34,28,96.0,174.8,0.0,0,96.68,2,0,0,0,0,0,0,0,0,0,0,0,1,1,1,0,1,0,0,0,0,0,1,1,1,1,0,0,1,0,0,1
30,0,37.708327,-122.083473,41698,0,1,15.44,51,90.55,90.55,0.0,60,15.44,2,0,0,0,0,0,0,0,0,0,0,1,1,0,1,0,1,0,0,0,0,0,1,1,1,0,0,0,0,0,0,1
30,0,38.014457,-122.115432,46677,0,71,49.42,53,108.05,7532.15,0.0,0,3508.82,1,1,0,0,0,0,0,1,0,0,0,0,1,1,1,0,1,0,1,0,1,1,1,1,1,1,0,1,1,0,0,1
51,0,37.555473,-122.080312,33883,0,1,45.66,28,69.9,69.9,0.0,0,45.66,3,1,0,0,0,0,0,0,0,0,0,1,1,0,1,0,1,0,0,0,0,0,0,0,0,1,0,0,1,0,0,1
41,0,37.996462,-122.293716,16717,0,1,5.43,18,86.6,86.6,0.0,0,5.43,3,1,0,0,0,0,0,0,0,0,0,1,1,1,1,0,1,0,0,0,0,0,0,1,1,1,0,0,1,0,0,1
28,0,37.687264,-122.15728,19815,0,35,45.14,41,85.3,2917.5,23.89,130,1579.9,2,0,1,0,0,0,0,0,0,1,0,0,1,1,1,0,1,0,0,1,0,1,0,0,1,0,0,0,0,1,0,1
61,0,37.676249,-122.132415,26240,0,34,4.66,21,70.0,2416.1,11.0,0,158.44,2,0,0,0,0,0,0,0,0,1,0,0,1,0,1,0,1,0,0,0,0,0,0,0,0,1,0,0,1,1,0,1
46,0,37.59485,-122.051521,66472,0,7,48.36,15,95.35,660.9,34.29,0,338.52,2,0,0,0,0,0,0,0,0,0,0,1,1,0,1,0,1,0,0,0,1,0,1,1,1,1,0,0,1,0,0,1
33,0,37.862128,-122.075197,18024,0,18,34.21,19,90.1,1612.75,48.26,0,615.78,1,0,0,0,0,0,0,0,0,0,0,0,1,1,1,0,1,0,0,0,0,1,0,1,1,1,0,0,1,0,0,1
26,0,37.900662,-122.052782,40917,0,2,30.73,39,68.95,119.75,0.0,0,61.46,1,0,1,0,0,0,0,0,0,0,0,0,1,0,1,0,1,0,0,0,0,0,0,0,1,1,0,0,0,0,0,1
39,0,37.916648,-122.008483,26022,1,32,33.57,26,99.55,3204.65,35.82,110,1074.24,1,1,0,0,1,0,1,0,0,1,0,0,1,1,1,0,1,0,1,0,0,0,1,1,1,0,0,0,1,1,0,1
53,0,37.792489,-122.244314,41876,1,18,2.86,22,57.45,990.85,15.73,0,51.48,1,1,0,0,1,0,1,0,0,0,0,0,1,0,1,1,0,0,0,0,1,0,0,1,1,1,0,0,0,0,0,1
27,0,37.80707,-122.297401,21054,1,12,27.82,26,53.65,696.35,0.0,0,333.84000000000003,1,1,1,0,1,0,1,0,0,0,0,0,1,0,1,1,0,0,0,0,0,0,0,1,1,1,1,0,0,1,0,1
62,0,37.890274,-122.295192,15882,1,26,35.9,26,83.75,2070.6,0.0,0,933.4,3,1,0,0,1,0,1,0,0,1,0,0,1,1,1,0,0,0,0,0,0,0,1,0,0,1,0,0,1,0,0,1
44,0,38.018065,-122.546024,28403,1,38,35.61,13,79.45,3013.05,9.36,40,1353.18,1,1,0,0,1,0,1,0,0,0,0,0,1,0,1,0,1,0,1,1,0,0,0,0,0,0,0,0,1,0,0,1
37,0,38.377165,-123.037957,1785,1,32,5.99,5,69.75,2347.9,19.67,0,191.68,2,1,0,0,1,0,1,0,0,0,0,0,1,0,1,0,1,0,0,0,0,0,0,0,0,1,0,0,1,0,0,1
50,0,38.326215,-122.718742,7936,0,1,6.08,0,19.65,19.65,0.0,0,6.08,3,0,0,0,0,0,0,0,0,0,0,1,1,0,0,0,0,1,0,0,0,0,0,0,0,0,0,0,0,0,1,1
55,0,37.937082,-122.532369,6773,0,5,0.0,2,39.5,210.75,39.27,0,0.0,2,0,0,0,0,0,0,0,0,0,0,1,0,0,1,1,0,0,0,0,1,0,0,1,1,1,0,0,0,0,0,1
58,0,38.129308,-122.834815,406,1,40,16.33,23,97.1,3706.95,41.85,0,653.1999999999999,3,1,0,0,1,0,1,0,1,0,0,0,1,1,1,0,1,0,0,0,0,0,1,1,1,1,0,0,1,0,0,1
26,0,38.135897,-122.563683,16429,0,5,43.99,42,80.0,412.5,40.0,10,219.95,3,0,1,0,0,0,0,0,0,0,0,1,1,0,1,0,1,0,0,0,0,0,0,1,1,0,0,0,1,0,0,1
40,0,38.065359,-122.665566,607,0,10,45.69,18,84.7,832.05,12.81,0,456.9,1,0,0,0,0,0,0,0,0,0,0,0,1,0,1,0,1,0,1,0,0,0,1,0,0,1,0,0,1,0,1,1
49,0,38.112166,-122.634384,24741,1,2,8.86,23,89.55,185.55,0.0,0,17.72,1,1,0,0,1,0,1,0,0,0,0,1,1,0,1,0,1,0,0,0,0,0,1,1,1,1,0,0,1,0,0,1
21,0,38.067204,-122.524004,13361,0,23,38.69,69,90.6,1943.2,4.73,0,889.8699999999999,2,1,1,0,0,0,0,0,0,0,0,0,1,1,1,0,0,0,0,0,0,1,1,0,1,1,0,0,1,0,0,1
64,0,37.99272,-122.575026,16849,0,23,3.55,4,90.05,2169.8,27.38,0,81.64999999999999,2,0,0,0,0,0,0,0,0,0,0,0,1,1,1,0,1,0,1,0,0,0,1,0,0,1,0,0,1,0,0,1
54,0,37.848641,-122.515692,11213,1,49,20.48,22,99.05,4853.75,14.24,0,1003.52,2,1,0,0,1,0,1,0,1,0,0,0,1,1,1,0,1,0,0,1,0,0,1,1,1,1,0,0,1,0,0,1
46,0,38.240769,-122.901041,384,0,2,26.44,24,69.75,144.55,0.0,0,52.88,1,0,0,0,0,0,0,0,0,0,0,0,1,0,1,0,1,0,0,0,0,0,0,0,0,1,0,0,0,0,0,1
42,0,38.339996,-122.935056,66,0,2,14.7,13,49.05,91.1,0.0,40,29.4,1,0,0,0,0,0,0,0,0,0,0,1,1,0,1,1,0,0,0,1,0,0,0,0,0,0,0,0,1,1,0,1
32,0,37.449537,-121.994813,2147,0,7,9.25,29,98.05,713.0,0.0,0,64.75,1,1,0,0,0,0,0,0,0,0,0,1,1,1,1,0,1,0,0,0,1,0,1,1,1,1,0,0,1,0,0,1
23,0,37.171727,-122.142961,10520,0,41,21.56,59,114.5,4527.45,0.0,0,883.9599999999999,1,0,1,0,0,0,0,0,1,0,0,0,1,1,1,0,1,0,1,1,1,1,1,1,1,1,0,0,1,0,0,1
51,0,37.114335,-122.237162,857,0,2,17.33,14,80.95,171.15,0.0,0,34.66,3,1,0,0,0,0,0,0,0,0,0,1,1,0,1,0,1,0,0,0,0,0,0,1,1,1,0,0,1,0,0,1
63,0,37.084697,-121.606417,5671,1,25,35.27,4,90.4,2178.6,0.0,140,881.7500000000001,3,1,0,0,1,0,1,0,0,0,0,0,1,0,1,0,1,0,0,0,0,0,1,1,1,0,1,0,1,0,0,1
21,0,36.974575,-121.991149,36631,1,3,29.29,52,56.15,168.15,0.0,0,87.87,1,1,1,0,1,0,1,0,0,0,0,1,1,0,1,0,0,0,0,1,1,0,0,0,1,1,0,0,1,0,1,1
59,0,37.343827,-121.883119,52334,0,4,39.68,18,94.4,387.2,0.0,0,158.72,1,0,0,0,0,0,0,0,0,0,0,1,1,0,1,0,1,0,1,0,1,1,0,1,1,1,0,0,1,0,0,1
62,0,37.350284,-121.852855,51706,0,37,37.49,29,78.95,2839.65,0.0,0,1387.13,3,0,0,0,1,0,0,0,0,0,0,0,1,1,1,0,1,0,0,0,1,0,0,0,0,1,0,0,1,1,0,1
27,0,37.294926,-121.894763,46185,0,19,0.0,48,44.85,893.55,0.0,0,0.0,3,0,1,0,0,0,0,0,0,0,0,0,0,0,1,1,0,0,0,0,0,0,1,1,1,1,1,0,1,1,0,1
23,0,37.305622,-122.000887,37570,0,7,21.58,71,74.65,544.55,0.0,10,151.06,3,1,1,0,0,0,0,0,0,0,0,1,1,0,1,0,1,0,0,0,1,0,0,0,1,0,0,0,0,0,1,1
51,0,37.42765,-121.945416,9657,1,14,20.4,30,64.7,941.0,0.0,0,285.6,1,0,0,0,1,0,1,0,0,0,1,0,1,1,1,1,0,0,1,0,0,0,1,0,0,1,0,0,1,0,0,1
38,0,38.044523,-121.348048,30814,0,1,0.0,26,35.55,35.55,0.0,0,0.0,1,1,0,0,0,0,0,0,0,0,0,0,0,0,1,1,0,0,0,0,0,0,0,1,1,1,0,0,1,0,0,1
32,0,38.029729,-121.387999,19109,0,2,38.51,25,95.15,196.9,0.0,0,77.02,2,0,0,0,0,0,0,0,0,0,0,1,1,1,1,0,1,0,0,0,0,0,1,1,1,1,0,0,1,0,0,1
54,0,38.200231,-121.235034,6317,4,13,45.6,11,96.65,1162.85,0.0,0,592.8000000000001,1,1,0,0,1,0,1,0,0,0,1,0,1,0,1,0,1,0,0,0,1,0,1,1,1,1,0,0,1,0,1,1
41,0,38.047746,-121.030499,3148,0,1,0.0,6,31.35,31.35,0.0,80,0.0,2,1,0,0,0,0,0,0,0,0,0,1,0,0,1,1,0,0,0,1,0,0,0,0,0,0,0,0,1,0,1,1
57,0,38.123544,-121.159078,45755,0,12,14.38,6,89.75,1052.4,0.0,0,172.56,3,0,0,0,0,0,0,0,0,0,1,0,1,1,1,0,1,0,0,1,0,0,1,0,0,1,0,0,1,0,0,1
33,0,38.156971,-120.849231,11266,9,60,47.4,29,94.4,5610.25,0.0,0,2844.0,2,1,0,0,1,0,1,0,1,0,0,0,1,0,1,0,0,0,0,1,0,0,1,1,1,1,1,0,1,0,0,1
32,0,38.41935,-120.469545,2198,0,1,31.77,0,19.85,19.85,0.0,0,31.77,2,1,0,0,0,0,0,0,0,0,0,1,1,0,0,0,0,1,0,0,0,0,0,0,0,0,0,0,1,0,0,1
55,0,37.321233,-120.656354,27808,0,6,20.36,10,109.9,669.45,0.0,0,122.16,1,0,0,0,0,0,0,0,0,0,0,1,1,1,1,0,1,0,0,1,1,1,1,1,1,1,0,0,1,1,0,1
42,0,37.818589,-120.256995,167,0,15,45.92,12,101.35,1553.95,0.0,0,688.8000000000001,2,1,0,0,0,0,0,0,0,0,1,0,1,0,1,0,1,0,0,0,1,1,1,1,1,1,0,0,1,0,0,1
19,0,37.422961,-120.765493,10159,0,1,33.48,59,60.15,60.15,0.0,20,33.48,3,0,1,0,0,0,0,0,0,0,0,1,1,1,1,0,0,0,0,0,0,0,0,1,1,0,0,0,1,0,0,1
31,0,37.605926,-120.69955,1055,0,7,35.91,27,90.45,593.45,0.0,0,251.37,2,1,0,0,0,0,0,0,0,0,0,1,1,1,1,0,1,0,0,0,1,0,1,0,0,1,0,0,1,0,0,1
48,0,38.109125,-120.078597,683,1,53,15.77,9,94.25,4867.95,0.0,0,835.81,3,1,0,0,1,0,1,0,1,0,0,0,1,0,1,0,1,0,0,1,0,0,1,1,1,1,1,0,1,0,0,1
26,0,37.526791,-119.99437,10226,0,1,1.84,76,74.9,74.9,0.0,0,1.84,3,1,1,0,0,0,0,0,0,0,0,1,1,1,1,0,1,0,0,0,0,0,0,0,1,1,0,0,1,0,0,1
34,0,38.121601,-120.133915,1278,0,1,32.92,3,80.25,80.25,0.0,0,32.92,2,0,0,0,0,0,0,0,0,0,0,1,1,0,1,0,1,0,0,0,0,0,1,0,0,1,0,0,1,0,0,1
58,0,37.671806,-121.007575,52872,1,17,44.97,11,69.0,1149.65,0.0,0,764.49,2,1,0,0,1,0,1,0,0,0,1,0,1,0,1,0,1,0,0,0,0,0,0,0,0,1,0,0,1,0,0,1
62,0,37.621458,-121.012295,47536,1,11,15.69,12,66.35,740.8,0.0,0,172.59,1,0,0,0,1,0,1,0,0,0,1,0,1,1,1,1,0,0,0,0,0,1,0,1,1,1,0,0,1,0,0,1
58,0,37.716186,-121.025836,26055,0,19,20.41,11,86.0,1532.45,0.0,30,387.79,1,1,0,0,0,0,0,0,0,0,1,0,1,1,1,0,1,0,0,0,0,0,0,1,1,0,0,0,1,0,0,1
37,0,37.670526,-120.877572,13343,1,3,48.38,14,80.3,250.05,0.0,0,145.14,1,0,0,0,1,0,1,0,0,0,0,1,1,0,1,0,1,0,0,0,0,0,0,1,1,1,0,0,1,0,0,1
40,0,37.785033,-120.776141,25384,0,24,35.93,5,90.55,2282.55,0.0,0,862.3199999999999,2,1,0,0,0,0,0,0,0,0,0,0,1,1,1,0,1,0,0,1,0,0,1,0,0,1,0,0,1,1,0,1
30,0,37.734971,-120.954271,16525,0,2,26.87,52,75.9,143.35,0.0,0,53.74,1,0,0,0,0,0,0,0,0,0,0,0,1,1,1,0,1,0,0,0,0,0,0,0,0,1,0,0,1,0,0,1
47,0,37.713152,-121.08739,12466,1,1,14.9,6,45.85,45.85,0.0,0,14.9,2,1,0,0,1,0,1,0,0,0,0,0,1,0,1,1,0,0,0,0,0,0,0,0,0,1,0,0,1,1,0,1
36,0,37.521708,-120.426843,1158,1,16,0.0,29,49.95,810.2,0.0,0,0.0,1,0,0,0,1,0,1,0,0,0,1,0,0,0,1,1,0,0,0,0,0,1,1,1,1,1,0,0,1,0,0,1
36,0,37.529656,-120.854357,24708,1,34,13.45,12,78.3,2564.3,0.0,0,457.3,3,1,0,0,1,0,1,0,0,0,0,0,1,0,1,0,1,0,0,0,0,0,1,0,0,1,0,0,0,0,0,1
44,0,33.141265,-116.967221,48690,0,3,38.38,23,76.95,228.4,0.0,10,115.14,2,1,0,0,0,0,0,0,0,0,0,0,1,1,1,0,1,0,0,0,0,0,0,0,0,0,0,0,1,0,0,1
49,0,38.394091,-122.739814,30876,0,1,34.37,28,45.3,45.3,0.0,0,34.37,3,1,0,0,0,0,0,0,0,0,0,0,1,0,1,1,0,0,0,0,0,0,0,0,0,1,0,0,0,0,0,1
47,0,38.468893,-122.580539,25718,0,15,33.14,0,19.4,289.3,0.0,0,497.1,1,0,0,0,0,0,0,0,0,0,1,0,1,0,0,0,0,1,0,0,0,0,0,0,0,0,0,0,0,0,0,1
46,0,39.710591,-123.682799,176,0,11,22.36,3,90.15,987.95,0.0,0,245.96,1,0,0,0,0,0,0,0,0,0,1,0,1,1,1,0,0,0,0,0,0,1,1,0,0,1,0,0,0,0,0,1
23,0,39.361283,-123.784599,333,0,1,48.03,73,45.05,45.05,0.0,0,48.03,1,1,1,0,0,0,0,0,0,0,0,0,1,0,1,0,0,0,0,0,0,0,0,0,1,1,0,0,0,1,0,1
53,0,38.965804,-122.631779,13485,0,1,14.48,26,75.8,75.8,0.0,0,14.48,1,0,0,0,0,0,0,0,0,0,0,0,1,0,1,0,1,0,0,1,0,0,0,0,0,1,0,0,0,0,0,1
54,0,38.801936,-122.938935,9210,0,7,19.21,16,79.3,523.15,0.0,10,134.47,1,0,0,0,0,0,0,0,0,0,0,0,1,0,1,0,1,0,0,0,0,0,0,1,1,0,0,0,1,0,0,1
53,0,39.239818,-123.565432,371,0,2,0.0,18,30.9,59.05,0.0,0,0.0,2,0,0,0,0,0,0,0,0,0,0,0,0,0,1,1,0,0,0,0,0,1,0,0,0,1,0,0,1,0,0,1
43,0,38.848082,-123.50608,1916,1,59,22.71,26,110.15,6448.05,0.0,0,1339.89,1,1,0,0,1,0,1,0,1,0,0,0,1,1,1,0,1,0,1,1,1,0,1,1,1,1,1,0,1,0,0,1
20,0,38.522328,-122.97932,298,1,8,5.34,42,75.0,632.95,0.0,0,42.72,1,1,1,0,1,0,1,0,0,0,0,0,1,0,1,0,1,0,1,0,0,0,0,0,1,1,0,0,0,0,0,1
35,0,39.134075,-123.23422,30988,0,6,41.16,10,44.75,270.95,0.0,10,246.96,2,1,0,0,0,0,0,0,0,0,0,0,1,0,1,0,0,0,0,0,0,0,0,0,0,0,0,0,0,0,0,1
41,0,39.222323,-122.985488,240,1,11,24.83,30,44.05,483.7,0.0,0,273.13,1,0,0,0,1,0,1,0,0,0,1,0,1,0,1,1,0,0,0,0,0,0,0,0,0,1,0,0,1,0,0,1
30,0,40.965011,-124.015255,15921,0,70,10.21,52,115.55,8127.6,0.0,0,714.7,1,0,0,0,0,0,0,1,0,0,0,0,1,1,1,0,1,0,1,1,1,1,1,1,1,1,1,0,0,1,0,1
27,0,40.94338,-123.831799,1584,0,18,24.4,71,85.2,1553.9,0.0,0,439.2,3,0,1,0,0,0,0,0,0,0,0,0,1,1,1,0,1,0,0,0,0,0,1,0,1,1,0,0,1,0,0,1
35,0,40.372532,-123.525626,695,1,34,43.33,16,97.65,3207.55,0.0,0,1473.22,2,0,0,0,1,0,1,0,0,0,0,0,1,1,1,0,1,0,0,0,0,0,1,1,1,1,0,0,1,0,0,1
54,0,33.362575,-117.299644,42239,1,47,7.62,20,109.55,5124.55,0.0,0,358.14,2,1,0,0,1,0,1,0,1,0,0,0,1,1,1,0,1,0,0,1,1,1,1,1,1,0,0,0,1,0,0,1
50,0,40.4785,-124.301372,2965,1,39,35.32,30,89.55,3474.45,0.0,0,1377.48,2,0,0,0,1,0,1,0,0,0,0,0,1,1,1,0,1,0,0,1,1,1,0,0,0,1,1,0,1,0,0,1
42,0,40.342928,-124.063329,82,0,1,48.96,0,19.45,19.45,0.0,0,48.96,2,1,0,0,0,0,0,0,0,0,0,1,1,0,0,0,0,1,0,0,0,0,0,0,0,0,0,0,1,1,0,1
34,0,40.7666,-123.80458,155,0,4,12.43,0,20.35,76.35,0.0,0,49.72,1,0,0,0,1,0,0,0,0,0,0,1,1,0,0,0,0,1,0,0,0,0,0,0,0,0,0,0,0,1,0,1
33,0,40.210895,-123.86,867,1,59,10.76,5,99.5,5961.1,0.0,0,634.84,3,1,0,0,1,0,1,0,1,0,0,0,1,1,1,0,1,0,0,0,1,0,1,1,1,1,1,0,1,0,0,1
44,0,40.89866,-123.539754,660,0,2,17.25,3,45.0,96.45,0.0,30,34.5,1,1,0,0,0,0,0,0,0,0,0,0,1,0,1,0,0,0,0,0,0,0,0,0,0,0,0,0,1,1,0,1
35,0,41.950683,-124.097094,2020,0,1,40.51,0,20.15,20.15,0.0,0,40.51,2,1,0,0,0,0,0,0,0,0,0,1,1,0,0,0,0,1,0,0,0,0,0,0,0,0,0,0,0,1,0,1
28,0,41.444606,-123.471895,202,0,66,7.28,51,105.0,7133.25,0.0,0,480.48,1,1,1,0,1,0,0,1,0,0,0,0,1,1,1,0,1,0,0,1,1,0,1,1,1,1,0,0,1,1,0,1
58,0,41.162295,-124.027381,2369,0,3,2.88,17,54.7,169.45,0.0,0,8.64,1,1,0,0,0,0,0,0,0,0,0,1,1,0,1,1,0,0,0,0,0,0,1,0,0,1,0,0,1,1,0,1
49,0,33.362575,-117.299644,42239,1,14,29.18,19,87.25,1258.6,0.0,0,408.52,2,0,0,0,1,0,1,0,0,0,0,0,1,1,1,0,1,0,0,0,1,0,0,1,1,1,0,0,1,0,0,1
38,0,38.431407,-120.8421,222,1,10,11.3,4,79.95,857.2,0.0,0,113.0,1,1,0,0,1,0,1,0,0,0,0,0,1,0,1,0,1,0,0,0,0,0,1,0,0,1,0,0,1,0,0,1
47,0,38.626128,-121.328011,58830,0,18,12.67,23,88.35,1639.3,0.0,0,228.06,3,0,0,0,0,0,0,0,0,0,0,0,1,1,1,0,1,0,0,0,0,1,1,0,0,1,0,0,1,0,0,1
34,0,38.508735,-121.678813,67411,0,9,10.07,26,94.75,889.9,0.0,30,90.63,2,0,0,0,0,0,0,0,0,0,0,1,1,1,1,0,1,0,0,0,0,0,1,1,1,0,0,0,1,0,0,1
28,0,38.683605,-120.811852,4426,0,4,42.06,58,78.45,330.05,0.0,0,168.24,1,1,1,0,0,0,0,0,0,0,0,1,1,1,1,0,1,0,0,1,0,0,0,0,1,1,0,0,0,0,0,1
43,0,38.392821,-121.799917,18529,0,4,13.02,15,70.2,237.95,0.0,0,52.08,1,1,0,0,0,0,0,0,0,0,0,0,1,0,1,0,1,0,0,0,0,0,0,0,0,1,0,0,1,0,0,1
23,0,38.434138,-121.30587,38534,1,59,0.0,69,41.05,2452.7,0.0,0,0.0,2,1,1,0,1,0,1,0,1,0,0,0,0,0,1,1,0,0,0,1,0,0,0,1,1,1,0,0,1,0,0,1
63,0,38.349195,-121.902943,171,1,10,30.1,29,85.6,813.85,0.0,0,301.0,2,1,0,0,1,0,1,0,0,0,0,0,1,1,1,0,0,0,0,0,0,0,1,0,0,1,0,0,1,0,0,1
39,0,38.921333,-120.897718,1140,0,5,45.25,22,70.0,347.4,0.0,10,226.25,2,1,0,0,0,0,0,0,0,0,0,0,1,0,1,1,0,0,0,0,1,0,1,1,1,0,1,0,1,1,0,1
51,0,38.336216,-120.76901,6202,0,1,43.49,4,49.95,49.95,0.0,0,43.49,2,0,0,0,0,0,0,0,0,0,0,0,1,1,1,0,0,0,0,0,0,0,0,0,0,1,0,0,1,0,0,1
19,0,38.875508,-121.765866,1793,1,22,32.11,52,69.25,1554.0,0.0,0,706.42,1,0,1,0,1,0,1,0,0,0,0,0,1,0,1,0,1,0,0,0,0,0,0,0,0,1,0,0,1,0,0,1
34,0,38.689174,-121.218435,32040,1,41,15.91,29,73.0,3001.2,0.0,0,652.3100000000001,2,1,0,0,1,0,1,0,0,0,0,0,1,1,1,1,0,0,0,0,1,0,1,1,1,1,1,0,1,0,0,1
39,0,38.859093,-121.182872,2048,0,64,28.13,18,100.05,6254.2,0.0,0,1800.32,1,0,0,0,0,0,0,0,0,0,0,0,1,1,1,0,1,0,0,0,1,0,1,1,1,1,1,0,1,1,0,1
27,0,38.489273,-120.891614,2220,0,18,0.0,85,35.0,553.0,0.0,70,0.0,2,0,1,0,0,0,0,0,0,0,0,0,0,0,1,1,0,0,0,0,0,0,0,1,1,0,0,0,1,0,0,1
20,0,38.688764,-121.457596,14010,0,1,35.01,52,76.0,76.0,0.0,0,35.01,1,0,1,0,0,0,0,0,0,0,0,0,1,1,1,0,1,0,0,0,0,0,0,0,0,1,0,0,0,0,0,1
36,0,38.470423,-121.114897,4731,1,15,28.3,28,84.3,1308.4,0.0,0,424.5,1,0,0,0,1,0,1,0,0,0,0,0,1,0,1,0,0,0,0,0,1,0,1,0,0,1,0,0,1,0,0,1
62,0,38.578604,-122.024579,8406,1,15,40.7,29,101.1,1504.05,0.0,0,610.5,2,1,0,0,1,0,1,0,0,0,0,0,1,1,1,0,1,0,0,0,1,0,1,1,1,1,0,0,1,0,0,1
37,0,39.084645,-120.894014,8525,0,1,28.25,9,50.45,50.45,0.0,0,28.25,3,1,0,0,0,0,0,0,0,0,0,0,1,1,1,0,0,0,0,0,0,0,0,0,0,1,0,0,1,0,0,1
20,0,39.003358,-121.022539,3747,0,12,28.16,42,99.95,1132.75,0.0,120,337.92,1,1,1,0,0,0,0,0,0,0,0,0,1,1,1,0,1,0,0,0,0,1,1,1,1,0,0,0,1,1,0,1
50,0,39.279068,-120.414275,88,0,2,39.62,7,91.4,193.6,0.0,0,79.24,1,0,0,0,0,0,0,0,0,0,0,0,1,1,1,0,1,0,0,0,1,0,1,0,0,1,0,0,1,0,0,1
28,0,38.608405,-121.449942,25355,0,4,42.33,76,80.8,332.45,0.0,0,169.32,2,1,1,0,0,0,0,0,0,0,0,0,1,1,1,0,1,0,0,0,0,1,0,0,1,1,0,0,0,1,0,1
61,0,38.517295,-121.439819,30580,1,16,37.83,26,100.0,1534.75,0.0,0,605.28,1,0,0,0,1,0,1,0,0,0,0,0,1,1,1,0,0,0,0,1,0,0,1,1,1,1,0,0,1,0,0,1
53,0,38.542532,-121.378826,38818,0,1,15.91,0,20.55,20.55,0.0,0,15.91,2,1,0,0,0,0,0,0,0,0,0,0,1,0,0,0,0,1,0,0,0,0,0,0,0,0,0,0,0,0,0,1
30,0,38.486938,-121.395805,54880,0,5,36.52,27,85.3,424.15,0.0,0,182.6,1,1,0,0,0,0,0,0,0,0,0,0,1,1,1,0,1,0,0,1,1,0,0,0,0,1,0,0,1,0,0,1
19,0,38.494832,-121.529447,42832,0,4,41.12,42,70.4,281.0,0.0,70,164.48,1,0,1,0,0,0,0,0,0,0,0,0,1,0,1,0,1,0,0,0,0,0,0,0,1,0,0,0,0,0,0,1
27,0,38.646096,-121.442433,34894,0,37,30.72,42,98.8,3475.55,0.0,0,1136.64,1,1,1,0,0,0,0,0,0,0,0,0,1,1,1,0,1,0,0,0,0,1,1,1,1,1,0,0,0,0,0,1
36,0,38.715498,-121.363411,36432,1,13,2.92,21,74.4,896.75,0.0,0,37.96,1,1,0,0,1,0,1,0,0,0,0,0,1,1,1,0,1,0,0,0,0,0,0,0,0,1,0,0,1,1,0,1
35,0,38.585826,-121.376263,23362,0,24,37.69,18,98.75,2407.3,0.0,0,904.56,1,0,0,0,0,0,0,0,0,0,0,0,1,1,1,0,1,0,0,0,1,0,1,1,1,1,0,0,1,0,0,1
52,0,38.982373,-122.047751,4796,1,61,46.95,21,106.0,6547.7,0.0,0,2863.9500000000003,1,1,0,0,1,0,1,0,0,0,0,0,1,1,1,0,0,0,1,1,0,0,1,1,1,1,1,0,1,0,0,1
21,0,39.396585,-121.38029,626,0,41,47.74,48,104.7,4346.4,0.0,0,1957.34,1,1,1,0,0,0,0,0,0,0,0,0,1,1,1,0,1,0,0,1,1,0,1,1,1,1,0,0,1,0,0,1
47,0,39.461768,-121.195825,262,0,2,42.55,30,55.05,102.75,0.0,0,85.1,1,0,0,0,0,0,0,0,0,0,0,1,1,0,1,1,0,0,0,1,0,1,0,0,0,1,0,0,1,1,0,1
44,0,38.931425,-121.946081,19,1,8,46.13,0,19.75,145.0,0.0,0,369.04,3,0,0,0,1,0,1,0,0,0,0,1,1,0,0,0,0,1,0,0,0,0,0,0,0,0,1,0,1,1,0,1
62,0,39.933852,-121.584371,11168,0,17,30.61,7,76.65,1313.55,0.0,0,520.37,2,1,0,0,0,0,0,0,0,0,0,0,1,0,1,0,1,0,0,0,1,0,0,0,0,1,0,0,1,0,0,1
49,0,39.473896,-121.415927,28382,0,2,0.0,21,42.6,72.4,0.0,0,0.0,2,0,0,0,0,0,0,0,0,0,0,1,0,0,1,1,0,0,1,1,0,0,0,1,1,1,0,0,1,0,0,1
45,0,39.424957,-122.039307,495,0,29,1.02,19,68.85,1970.5,0.0,0,29.58,1,0,0,0,0,0,0,0,0,0,0,0,1,0,1,1,0,0,1,1,1,0,0,1,1,1,0,0,1,0,0,1
51,0,39.58458,-121.093256,101,1,2,46.92,7,90.0,190.05,0.0,0,93.84,2,1,0,0,1,0,1,0,0,0,0,0,1,0,1,0,1,0,0,0,1,1,0,1,1,1,0,0,0,1,0,1
42,0,40.022184,-121.062384,73,0,14,18.74,20,75.35,1025.95,0.0,0,262.36,2,0,0,0,0,0,0,0,0,0,1,0,1,0,1,0,0,0,0,0,1,0,0,0,0,1,0,0,0,0,0,1
56,0,39.075694,-121.70606,27786,0,8,3.27,6,100.85,819.55,0.0,0,26.16,2,1,0,0,0,0,0,0,0,0,0,1,1,1,1,0,1,0,0,1,0,0,1,1,1,1,0,0,0,0,0,1
55,0,40.448632,-122.306657,21418,1,5,17.08,10,69.95,330.15,0.0,0,85.39999999999999,2,0,0,0,1,0,1,0,0,0,0,1,1,0,1,0,1,0,0,0,0,0,0,0,0,1,0,0,0,0,0,1
50,0,41.096569,-121.879082,265,1,63,1.93,21,107.5,6873.75,0.0,60,121.59,3,0,0,0,1,0,1,0,0,0,0,0,1,1,1,0,1,0,0,1,1,0,1,1,1,0,1,0,1,0,0,1
58,0,41.388397,-122.794636,290,0,1,44.75,12,45.85,45.85,0.0,0,44.75,2,1,0,0,0,0,0,0,0,0,0,1,1,0,1,0,0,0,0,0,0,0,0,0,0,1,0,0,1,1,0,1
44,0,39.913777,-122.289984,13840,1,53,30.09,11,106.1,5769.75,0.0,0,1594.77,3,0,0,0,1,0,1,0,0,0,0,0,1,0,1,0,1,0,1,1,1,0,1,1,1,1,1,0,1,0,0,1
20,0,40.336392,-122.448533,12348,0,1,17.23,52,91.7,91.7,0.0,0,17.23,3,0,1,0,0,0,0,0,0,0,0,1,1,0,1,0,1,0,0,1,0,1,1,0,1,1,0,0,0,0,0,1
39,0,40.586588,-122.903677,960,0,16,18.99,30,95.6,1555.65,0.0,0,303.84,1,0,0,0,0,0,0,0,0,0,1,0,1,1,1,0,1,0,0,1,1,0,0,1,1,1,0,0,1,1,0,1
59,0,41.017282,-121.468945,1902,0,1,30.07,26,74.95,74.95,0.0,0,30.07,1,1,0,0,0,0,0,0,0,0,0,1,1,1,1,0,1,0,0,0,0,0,0,0,0,1,0,0,1,0,0,1
62,0,40.524535,-122.647172,911,0,66,25.82,26,99.5,6710.5,0.0,0,1704.12,2,1,0,0,0,0,0,1,0,0,0,0,1,0,1,0,0,0,0,1,1,0,1,1,1,1,0,0,0,0,0,1
38,0,41.816595,-122.948287,482,1,17,5.4,8,98.6,1704.95,0.0,0,91.8,2,0,0,0,1,0,1,0,0,0,1,0,1,0,1,0,1,0,0,0,1,1,1,1,1,1,1,0,0,0,0,1
54,0,40.883853,-122.418258,1236,0,7,2.24,22,59.5,415.95,0.0,0,15.68,3,0,0,0,0,0,0,0,0,0,0,1,1,0,1,1,0,0,0,0,0,1,1,0,0,1,0,0,1,1,0,1
53,0,41.082472,-121.195215,240,1,42,34.02,18,77.95,3384.0,0.0,0,1428.84,1,0,0,0,1,0,1,0,0,0,0,0,1,0,1,0,1,0,0,0,0,0,1,0,0,1,0,0,1,1,0,1
33,0,32.957195,-117.202542,28201,0,30,30.06,19,90.25,2755.35,0.0,0,901.8,2,1,0,0,0,0,0,0,0,0,0,0,1,0,1,0,1,0,0,0,0,0,1,1,1,1,0,0,1,0,0,1
51,0,32.957195,-117.202542,28201,0,15,47.57,26,64.65,994.55,0.0,0,713.55,1,0,0,0,0,0,0,0,0,0,1,0,1,1,1,1,0,0,1,0,0,0,0,1,1,1,0,0,1,0,0,1
34,0,32.957195,-117.202542,28201,1,67,28.4,10,87.4,5918.8,0.0,0,1902.8,2,1,0,0,1,0,1,1,0,0,0,0,1,1,1,0,0,0,0,1,1,0,0,0,0,1,1,0,0,0,0,1
32,0,32.957195,-117.202542,28201,0,35,19.07,17,86.45,3029.1,0.0,0,667.45,1,0,0,0,0,0,0,0,0,0,0,0,1,1,1,0,1,0,0,0,0,0,1,0,0,1,0,0,1,0,0,1
21,0,32.957195,-117.202542,28201,1,56,19.16,48,98.25,5508.35,0.0,150,1072.96,1,0,1,0,1,0,1,0,0,0,0,0,1,1,1,0,1,0,0,1,0,0,1,1,1,0,1,0,1,0,0,1
46,0,32.957195,-117.202542,28201,1,9,31.75,25,75.75,655.9,0.0,0,285.75,3,0,0,0,1,0,1,0,0,0,0,1,1,0,1,0,1,0,0,0,1,0,0,0,0,1,0,0,1,0,0,1
55,0,32.957195,-117.202542,28201,0,48,24.73,4,106.1,5082.8,0.0,0,1187.04,1,1,0,0,0,0,0,0,0,0,0,0,1,1,1,0,1,0,0,1,1,0,1,1,1,1,1,0,1,1,0,1
23,0,32.957195,-117.202542,28201,0,34,7.99,76,109.8,3587.25,0.0,0,271.66,1,0,1,0,0,0,0,0,0,0,0,0,1,1,1,0,1,0,1,1,1,0,1,1,1,1,0,0,1,1,0,1
61,0,32.957195,-117.202542,28201,1,11,13.33,19,79.5,868.5,0.0,50,146.63,1,1,0,0,1,0,1,0,0,0,1,0,1,0,1,0,1,0,0,0,0,0,1,0,0,0,0,0,1,0,0,1
30,0,32.957195,-117.202542,28201,0,1,34.47,59,85.8,85.8,0.0,0,34.47,3,0,0,0,0,0,0,0,0,0,0,1,1,1,1,0,1,0,0,0,0,0,0,1,1,1,0,0,0,1,0,1
19,0,34.076259,-118.310715,67852,1,3,44.46,51,44.3,134.5,0.0,0,133.38,2,0,1,0,1,0,1,0,0,0,0,1,1,0,1,1,0,0,0,0,0,0,0,0,1,1,0,0,0,1,0,1
37,0,34.027337,-118.28515,45025,0,50,20.88,13,105.95,5341.8,0.0,0,1044.0,1,1,0,0,1,0,0,0,0,0,0,0,1,1,1,0,1,0,1,0,1,0,1,1,1,1,0,0,0,1,0,1
32,0,34.065875,-118.238728,30596,0,5,31.14,5,69.75,324.6,0.0,0,155.7,1,1,0,0,0,0,0,0,0,0,0,1,1,0,1,0,1,0,0,0,0,0,0,0,0,1,0,0,1,0,0,1
44,0,34.044639,-118.240413,9732,1,51,21.08,9,94.65,4812.75,0.0,0,1075.08,1,1,0,0,1,0,1,0,0,0,0,0,1,1,1,0,1,0,0,0,0,0,1,1,1,1,0,0,1,0,0,1
57,0,34.043144,-118.251977,3524,0,46,6.18,8,96.05,4399.5,0.0,80,284.28,2,0,0,0,0,0,0,0,0,0,0,0,1,1,1,0,0,0,0,0,0,0,1,1,1,0,0,0,0,0,0,1
41,0,34.017697,-118.200577,47487,1,41,5.01,10,113.6,4594.95,0.0,0,205.41,1,0,0,0,1,0,1,0,0,0,0,0,1,1,1,0,1,0,1,1,1,1,1,1,1,1,0,0,1,0,0,1
37,0,34.046174,-118.446333,41175,0,29,44.33,7,78.9,2384.15,0.0,0,1285.57,2,0,0,0,0,0,0,0,0,0,0,0,1,0,1,0,1,0,0,0,0,0,1,0,0,1,0,0,1,0,0,1
35,0,34.002642,-118.287596,56709,1,26,22.33,13,60.05,1616.15,0.0,0,580.5799999999999,2,0,0,0,1,0,1,0,0,0,0,0,1,1,1,1,0,0,0,1,0,1,0,0,0,1,0,0,1,0,0,1
31,0,33.954017,-118.402447,39334,0,1,0.0,8,34.7,34.7,0.0,0,0.0,3,0,0,0,0,0,0,0,0,0,0,1,0,0,1,1,0,0,0,0,0,0,1,0,0,1,0,0,1,0,0,1
46,0,33.958149,-118.308441,47107,0,3,14.28,21,85.3,264.8,0.0,0,42.84,1,1,0,0,0,0,0,0,0,0,0,1,1,1,1,0,1,0,0,0,0,0,0,1,1,1,0,0,1,0,0,1
41,0,34.001617,-118.222274,3642,1,66,48.77,12,102.45,6615.15,0.0,130,3218.82,1,0,0,0,1,0,1,1,0,0,0,0,1,1,1,0,1,0,0,1,1,0,1,1,1,0,1,0,1,1,0,1
22,0,33.927254,-118.249826,38128,1,21,38.52,59,104.4,2200.25,0.0,0,808.9200000000001,1,0,1,0,1,0,1,0,0,0,1,0,1,1,1,0,1,0,1,0,1,0,1,1,1,1,0,0,1,0,0,1
59,0,34.003553,-118.308933,29299,0,1,40.71,25,99.75,99.75,0.0,0,40.71,1,1,0,0,0,0,0,0,0,0,0,0,1,1,1,0,1,0,0,0,1,0,1,1,1,1,0,0,1,0,0,1
39,0,34.002028,-118.430656,55204,0,4,28.89,3,74.4,299.7,0.0,0,115.56,2,1,0,0,0,0,0,0,0,0,0,0,1,0,1,1,0,0,0,0,1,1,1,1,1,1,0,0,1,0,0,1
23,0,33.993991,-118.39704,31963,0,9,13.86,76,74.25,639.65,0.0,0,124.74,1,0,1,0,0,0,0,0,0,0,0,0,1,0,1,0,1,0,1,0,0,0,0,0,1,1,0,0,1,1,0,1
50,0,33.914775,-118.348083,93315,0,1,22.05,28,59.85,59.85,0.0,0,22.05,2,1,0,0,0,0,0,0,0,0,0,0,1,1,1,0,0,0,0,0,0,0,1,0,0,1,0,0,1,0,0,1
54,0,33.923573,-118.200669,69850,0,9,0.0,20,45.4,418.8,0.0,20,0.0,1,1,0,0,0,0,0,0,0,0,0,0,0,0,1,0,0,0,0,0,0,0,1,1,1,0,0,0,1,0,0,1
54,0,34.074572,-118.831181,19630,0,1,32.45,0,19.5,19.5,0.0,0,32.45,2,0,0,0,0,0,0,0,0,0,0,0,1,0,0,0,0,1,0,0,0,0,0,0,0,0,0,0,0,1,0,1
56,0,34.079449,-118.548306,22548,0,1,45.5,12,69.9,69.9,0.0,0,45.5,2,1,0,0,0,0,0,0,0,0,0,0,1,0,1,0,1,0,0,0,0,0,0,0,0,1,0,0,1,0,0,1
50,0,33.830453,-118.384565,34191,0,2,6.2,6,87.15,183.75,0.0,0,12.4,2,0,0,0,0,0,0,0,0,0,0,0,1,0,1,0,1,0,0,1,0,0,1,0,0,1,0,0,1,0,0,1
47,0,33.977468,-118.445475,18058,1,3,38.09,30,84.75,264.85,0.0,0,114.27,1,0,0,0,1,0,1,0,0,0,0,0,1,1,1,0,1,0,0,0,0,0,0,1,1,1,0,0,1,0,0,1
40,0,33.936291,-118.332639,27778,0,14,28.65,27,89.95,1178.4,0.0,0,401.1,2,1,0,0,0,0,0,0,0,0,1,0,1,1,1,0,0,0,0,0,0,1,1,0,0,1,0,0,1,0,0,1
33,0,33.850504,-118.039892,15505,0,2,48.66,21,79.0,143.65,0.0,0,97.32,3,1,0,0,0,0,0,0,0,0,0,0,1,0,1,0,1,0,0,0,0,0,1,0,0,1,0,0,0,0,0,1
39,0,33.801869,-117.995068,29694,0,18,8.95,0,20.15,390.85,0.0,0,161.1,3,0,0,0,0,0,0,0,0,0,1,0,1,0,0,0,0,1,0,0,0,0,0,0,0,0,1,0,0,0,0,1
60,0,33.391181,-118.421305,3699,0,1,17.54,16,71.65,71.65,0.0,0,17.54,1,1,0,0,0,0,0,0,0,0,0,0,1,0,1,0,1,0,0,0,0,0,0,0,0,1,0,0,1,0,0,1
35,0,33.887676,-118.127289,72893,0,4,37.66,0,20.35,77.5,0.0,0,150.64,3,0,0,0,0,0,0,0,0,0,0,0,1,0,0,0,0,1,0,0,0,0,0,0,0,0,0,0,0,1,0,1
26,0,33.840524,-118.148403,30173,0,38,17.66,41,84.25,3264.5,0.0,0,671.08,2,0,1,0,0,0,0,0,0,0,0,0,1,0,1,0,1,0,0,1,1,1,0,0,1,1,0,0,1,1,0,1
32,0,33.794209,-118.317354,21065,0,12,42.55,18,78.1,947.3,0.0,0,510.6,3,0,0,0,0,0,0,0,0,0,1,0,1,0,1,0,1,0,0,0,0,0,0,1,1,1,0,0,0,0,0,1
20,0,33.75462,-118.071128,24180,1,19,21.71,47,89.65,1761.05,0.0,80,412.49,3,0,1,0,1,0,1,0,0,0,1,0,1,1,1,0,1,0,0,0,1,0,0,1,1,0,0,0,0,1,0,1
35,0,33.822295,-118.26411,55486,0,10,37.36,28,98.7,973.25,0.0,0,373.6,1,0,0,0,0,0,0,0,0,0,1,0,1,1,1,0,1,0,1,0,0,0,1,1,1,1,0,0,1,0,0,1
63,0,33.823943,-118.111335,37417,0,1,7.26,9,76.35,76.35,0.0,0,7.26,2,0,0,0,0,0,0,0,0,0,0,0,1,0,1,0,0,0,0,0,1,0,0,0,0,1,0,0,0,0,0,1
51,0,33.819814,-118.222416,35656,0,23,33.44,11,79.15,1676.95,0.0,0,769.1199999999999,1,0,0,0,0,0,0,0,0,0,1,0,1,1,1,0,1,0,0,1,0,0,0,0,0,1,0,0,1,0,0,1
44,0,34.282704,-118.312929,18752,0,31,33.38,27,86.55,2697.4,0.0,0,1034.78,3,0,0,0,0,0,0,0,0,0,0,0,1,1,1,0,1,0,0,0,0,0,1,0,0,1,0,0,1,1,0,1
47,0,34.296574,-118.244839,26753,0,19,1.79,14,73.85,1424.5,0.0,130,34.01,3,1,0,0,0,0,0,0,0,0,1,0,1,0,1,0,1,0,0,1,0,0,0,0,0,0,0,0,1,1,0,1
44,0,34.162515,-118.203869,31297,0,24,24.76,2,96.0,2122.45,0.0,0,594.24,1,1,0,0,0,0,0,0,0,0,0,0,1,0,1,0,1,0,0,0,0,1,1,1,1,1,0,0,1,0,0,1
57,0,34.182378,-118.262922,9864,0,1,12.0,0,20.05,20.05,0.0,0,12.0,2,1,0,0,0,0,0,0,0,0,0,0,1,0,0,0,0,1,0,0,0,0,0,0,0,0,0,0,0,0,0,1
53,0,34.129058,-118.759788,25303,0,65,41.88,7,108.65,6937.95,0.0,0,2722.2000000000003,1,1,0,0,1,0,0,0,0,0,0,0,1,1,1,0,1,0,1,0,1,1,1,1,1,1,0,1,0,0,0,1
28,0,34.370378,-118.504118,30742,0,10,34.44,69,45.55,402.6,0.0,0,344.4,1,1,1,0,0,0,0,0,0,0,1,0,1,0,1,0,0,0,0,0,0,0,0,0,1,1,0,0,1,0,0,1
36,0,34.236683,-118.517588,32307,1,2,0.0,12,35.1,68.75,0.0,10,0.0,2,0,0,0,1,0,1,0,0,0,0,1,0,0,1,1,0,0,0,0,0,0,0,1,1,0,0,0,1,0,0,1
47,0,34.281911,-118.556218,28067,0,1,48.58,21,46.2,46.2,0.0,0,48.58,2,1,0,0,0,0,0,0,0,0,0,1,1,0,1,1,0,0,0,0,0,0,0,0,0,1,0,0,0,1,0,1
29,0,34.255442,-118.421314,97318,0,1,30.92,69,45.15,45.15,0.0,0,30.92,3,0,1,0,0,0,0,0,0,0,0,1,1,0,1,1,0,0,0,0,0,0,0,0,1,1,0,0,0,0,0,1
31,0,34.291273,-118.505104,48867,1,19,25.75,22,73.2,1441.1,0.0,0,489.25,2,0,0,0,1,0,1,0,0,0,1,0,1,0,1,0,1,0,1,0,0,0,0,0,0,1,0,0,1,0,0,1
46,0,34.266389,-118.459744,17112,0,52,48.13,12,85.35,4338.6,0.0,90,2502.76,3,1,0,0,0,0,0,0,0,0,0,0,1,0,1,0,1,0,0,1,0,0,0,1,1,0,0,0,1,0,0,1
23,0,34.422519,-118.420717,59259,0,1,5.12,30,45.95,45.95,0.0,0,5.12,2,0,1,0,0,0,0,0,0,0,0,1,1,0,1,1,0,0,0,0,0,0,0,0,1,1,0,0,0,1,0,1
55,0,34.130992,-118.894673,18735,0,3,46.36,4,83.75,247.25,0.0,0,139.07999999999998,2,0,0,0,0,0,0,0,0,0,0,1,1,0,1,0,1,0,0,1,0,0,1,0,0,1,0,0,0,0,0,1
38,0,34.17847,-118.459472,23646,0,1,27.89,20,70.05,70.05,0.0,0,27.89,2,1,0,0,0,0,0,0,0,0,0,0,1,0,1,0,1,0,0,0,0,0,0,0,0,1,0,0,1,0,0,1
61,0,34.146957,-118.432138,29387,0,2,43.47,30,86.0,165.45,0.0,0,86.94,2,1,0,0,0,0,0,0,0,0,0,1,1,1,1,0,1,0,0,0,0,0,0,1,1,1,0,0,1,0,0,1
35,0,34.1692,-118.372498,36625,0,16,46.99,17,72.65,1194.3,0.0,0,751.84,1,0,0,0,0,0,0,0,0,0,1,0,1,1,1,0,1,0,0,0,0,0,0,0,0,1,0,0,0,0,0,1
30,0,34.207295,-118.400022,57146,1,1,16.66,0,21.0,21.0,0.0,0,16.66,2,0,0,0,1,0,1,0,0,0,0,1,1,0,0,0,0,1,0,0,0,0,0,0,0,0,0,0,1,0,0,1
21,0,34.074492,-118.01462,62660,0,56,25.41,51,94.45,5124.6,0.0,0,1422.96,3,1,1,0,0,0,0,0,0,0,0,0,1,1,1,0,1,0,0,1,0,1,0,1,1,1,0,0,1,0,0,1
54,0,34.050322,-118.147037,33280,0,44,40.17,6,84.8,3862.55,0.0,0,1767.48,2,0,0,0,0,0,0,0,0,0,0,0,1,1,1,0,1,0,0,1,1,0,0,0,0,1,0,0,1,0,0,1
50,0,34.035602,-117.591528,56280,0,1,6.95,11,50.9,50.9,0.0,0,6.95,1,1,0,0,0,0,0,0,0,0,0,1,1,0,1,1,0,0,0,0,1,0,0,0,0,1,0,0,0,1,0,1
27,0,34.067932,-117.785168,36057,1,49,46.94,73,99.8,4872.45,0.0,130,2300.06,1,1,1,0,1,0,1,0,0,0,0,0,1,1,1,0,1,0,0,0,1,0,1,1,1,0,0,0,1,0,0,1
43,0,34.065108,-118.082791,61623,1,47,37.74,7,107.35,5118.95,0.0,0,1773.7800000000002,2,1,0,0,1,0,1,0,0,0,0,0,1,1,1,0,1,0,0,0,1,1,1,1,1,1,0,0,1,0,0,1
45,0,34.102119,-117.815532,33878,1,31,30.07,0,19.55,658.95,0.0,0,932.17,3,0,0,0,1,0,1,0,0,0,0,0,1,0,0,0,0,1,0,0,0,0,0,0,0,0,0,0,1,1,0,1
60,0,34.018354,-117.85492,45118,0,3,32.43,2,79.1,246.5,0.0,0,97.29,1,0,0,0,0,0,0,0,0,0,0,1,1,0,1,0,1,0,1,1,0,0,0,0,0,1,0,0,1,0,0,1
40,0,32.825086,-117.199424,51213,0,8,0.0,16,25.5,215.2,0.0,0,0.0,2,1,0,0,0,0,0,0,0,0,0,0,0,0,1,1,0,0,0,0,0,0,0,0,0,1,0,0,0,0,1,1
41,0,32.825086,-117.199424,51213,0,2,5.11,6,80.75,159.45,0.0,0,10.22,3,0,0,0,0,0,0,0,0,0,0,0,1,0,1,0,1,0,0,0,0,0,0,1,1,1,0,0,0,0,0,1
29,0,32.825086,-117.199424,51213,0,65,36.75,73,91.85,5940.85,0.0,0,2388.75,3,1,1,0,1,0,0,0,0,0,0,0,1,1,1,0,1,0,0,1,0,0,1,0,1,1,0,0,1,0,0,1
41,0,32.825086,-117.199424,51213,0,1,32.82,21,75.35,75.35,0.0,10,32.82,3,1,0,0,0,0,0,0,0,0,0,0,1,0,1,0,1,0,0,1,0,0,0,0,0,0,0,0,1,0,0,1
55,0,32.825086,-117.199424,51213,0,1,11.58,15,75.45,75.45,0.0,0,11.58,3,1,0,0,0,0,0,0,0,0,0,0,1,1,1,0,1,0,0,0,0,0,0,0,0,1,0,0,1,0,0,1
35,0,32.825086,-117.199424,51213,0,24,14.39,28,49.55,1210.4,0.0,0,345.36,1,1,0,0,0,0,0,0,0,0,0,0,1,0,1,1,0,0,1,0,0,0,0,0,0,1,0,0,1,0,0,1
51,0,32.825086,-117.199424,51213,0,69,29.38,9,78.6,5356.45,0.0,0,2027.22,1,1,0,0,0,0,0,1,0,0,0,0,1,1,1,1,0,0,1,1,1,1,0,1,1,1,1,0,1,1,0,1
35,0,32.825086,-117.199424,51213,1,7,11.58,27,81.1,576.65,0.0,0,81.06,2,0,0,0,1,0,1,0,0,0,0,0,1,0,1,0,1,0,0,0,0,0,1,0,0,1,0,0,1,0,0,1
39,0,32.825086,-117.199424,51213,1,11,21.58,30,74.95,825.7,0.0,0,237.38,1,1,0,0,1,0,1,0,0,0,1,0,1,1,1,0,1,0,0,0,0,0,0,0,0,1,0,0,1,0,0,1
33,0,32.825086,-117.199424,51213,1,58,3.51,28,102.1,5885.4,0.0,100,203.58,2,0,0,0,1,0,1,0,0,0,0,0,1,1,1,0,1,0,0,0,1,1,1,1,1,0,0,0,1,1,0,1
64,0,32.825086,-117.199424,51213,1,14,13.64,9,90.9,1259.0,0.0,0,190.96,2,0,0,0,1,0,1,0,0,0,1,0,1,1,1,0,1,0,0,1,0,0,0,1,1,1,0,0,1,0,0,1
46,0,32.825086,-117.199424,51213,1,12,0.0,27,29.2,309.1,0.0,0,0.0,1,0,0,0,1,0,1,0,0,0,0,0,0,0,1,1,0,0,0,1,0,0,0,0,0,1,0,0,0,0,1,1
36,0,32.825086,-117.199424,51213,1,25,24.64,5,89.15,2257.75,0.0,0,616.0,2,0,0,0,1,0,1,0,0,0,0,0,1,0,1,0,1,0,0,1,1,0,1,0,0,1,0,0,1,0,0,1
37,0,32.825086,-117.199424,51213,3,1,12.8,5,45.7,45.7,0.0,0,12.8,1,0,0,0,1,0,1,0,0,0,0,0,1,0,1,1,0,0,0,0,0,0,0,0,0,1,0,0,1,0,0,1
23,0,32.825086,-117.199424,51213,1,2,0.0,51,44.6,97.1,0.0,0,0.0,3,0,1,0,1,0,1,0,0,0,0,0,0,0,1,0,0,0,0,0,0,0,1,1,1,1,0,0,0,0,0,1
48,0,32.825086,-117.199424,51213,0,23,28.8,13,74.95,1710.45,0.0,0,662.4,3,1,0,0,0,0,0,0,0,0,0,0,1,1,1,0,0,0,0,0,0,0,0,0,0,1,0,0,1,0,0,1
39,0,32.825086,-117.199424,51213,0,57,17.55,15,95.25,5464.65,0.0,0,1000.35,1,0,0,0,0,0,0,0,0,0,0,0,1,0,1,0,1,0,0,0,1,0,1,1,1,1,0,1,1,0,0,1
23,0,32.825086,-117.199424,51213,0,24,27.97,58,89.85,2165.05,0.0,0,671.28,3,1,1,0,0,0,0,0,0,0,0,0,1,1,1,0,1,0,0,0,1,0,1,0,1,1,0,0,1,0,1,1
35,0,32.825086,-117.199424,51213,1,49,26.37,19,100.45,4941.8,0.0,0,1292.13,3,0,0,0,1,0,1,0,0,0,0,0,1,1,1,0,1,0,0,1,0,0,1,1,1,1,1,0,0,0,1,1
25,0,32.825086,-117.199424,51213,0,5,22.01,85,47.15,223.15,0.0,0,110.05,2,1,1,0,0,0,0,0,0,0,0,0,1,1,1,0,0,0,0,0,0,0,0,0,1,1,0,0,0,0,0,1
58,0,32.825086,-117.199424,51213,0,2,26.47,10,80.2,181.1,0.0,10,52.94,1,1,0,0,0,0,0,0,0,0,0,0,1,0,1,0,1,0,0,0,0,0,0,1,1,0,0,0,1,0,0,1
33,0,32.825086,-117.199424,51213,0,4,32.46,3,87.1,341.45,0.0,0,129.84,2,0,0,0,0,0,0,0,0,0,0,0,1,1,1,0,1,0,0,0,1,1,0,0,0,1,0,0,1,0,1,1
30,0,32.825086,-117.199424,51213,0,5,46.88,59,75.9,357.75,0.0,0,234.4,2,1,0,0,0,0,0,0,0,0,0,0,1,1,1,0,1,0,0,0,0,0,0,0,0,1,0,0,1,0,0,1
29,0,32.825086,-117.199424,51213,1,47,2.87,51,98.75,4533.7,0.0,0,134.89,1,0,1,0,1,0,1,0,0,0,0,0,1,1,1,0,1,0,1,1,1,0,1,0,1,1,0,0,1,0,0,1
57,0,32.825086,-117.199424,51213,0,10,17.65,20,86.45,830.85,0.0,0,176.5,2,0,0,0,0,0,0,0,0,0,0,0,1,1,1,0,1,0,0,0,0,0,0,1,1,1,0,0,0,0,0,1
28,0,32.825086,-117.199424,51213,0,1,39.94,59,45.3,45.3,0.0,0,39.94,1,0,1,0,0,0,0,0,0,0,0,0,1,0,1,0,0,0,0,0,0,0,0,0,1,1,0,0,1,0,1,1
61,0,32.68674,-117.186612,24093,4,67,8.18,3,104.1,7040.85,0.0,0,548.06,2,1,0,0,1,0,1,1,0,0,0,0,1,1,1,0,1,0,0,1,1,0,1,1,1,1,1,0,0,0,0,1
31,0,32.961064,-117.134917,47224,1,67,30.75,5,90.6,6056.15,0.0,0,2060.25,1,1,0,0,1,0,1,1,0,0,0,0,1,0,1,0,1,0,1,1,0,0,0,1,1,1,1,0,1,1,0,1
21,0,32.677716,-117.047666,36351,1,15,12.27,76,88.15,1390.6,0.0,0,184.05,1,0,1,0,1,0,1,0,0,0,0,0,1,0,1,0,1,0,0,0,0,0,1,1,1,1,0,0,0,0,0,1
55,0,32.578103,-117.012975,68776,0,1,13.27,0,20.2,20.2,0.0,0,13.27,1,1,0,0,0,0,0,0,0,0,0,0,1,0,0,0,0,1,0,0,0,0,0,0,0,0,0,0,1,0,1,1
47,0,33.762759,-116.324817,19702,1,26,15.37,11,90.8,2361.8,0.0,0,399.62,1,0,0,0,1,0,1,0,0,0,0,0,1,0,1,0,1,0,0,0,0,0,1,1,1,1,0,0,1,0,0,1
48,0,33.936298,-116.849577,25859,0,22,19.19,17,79.35,1730.35,0.0,0,422.18,1,1,0,0,0,0,0,0,0,0,0,0,1,1,1,0,1,0,0,1,0,0,0,0,0,1,0,0,1,0,0,1
26,0,32.730583,-115.501083,3535,1,47,17.54,59,83.35,4065.0,0.0,140,824.38,1,1,1,0,1,0,1,0,1,0,0,0,1,1,1,0,1,0,0,1,1,0,0,0,1,0,0,0,1,0,0,1
27,0,33.362575,-117.299644,42239,0,2,24.83,52,49.4,106.55,0.0,0,49.66,1,0,1,0,0,0,0,0,0,0,0,0,1,1,1,0,0,0,0,0,0,0,0,0,1,1,0,0,1,0,0,1
27,0,33.695532,-116.310571,23971,1,22,13.11,51,79.2,1742.75,0.0,0,288.42,1,0,1,0,1,0,1,0,0,0,0,0,1,1,1,1,0,0,1,0,0,1,1,1,1,1,0,0,1,0,0,1
61,0,33.906496,-116.569499,732,1,7,5.13,4,48.7,340.25,0.0,0,35.91,2,1,0,0,1,0,1,0,0,0,0,0,1,0,1,1,0,0,0,0,1,0,0,0,0,1,0,0,0,0,0,1
29,0,33.763678,-116.429928,12465,0,1,6.67,27,95.6,95.6,0.0,0,6.67,2,0,1,0,0,0,0,0,0,0,0,0,1,0,1,0,1,0,1,0,0,0,1,1,1,1,0,0,1,0,0,1
40,0,32.790282,-115.689559,1632,0,49,35.87,30,59.75,2934.3,0.0,0,1757.63,1,0,0,0,0,0,0,0,1,0,0,0,1,1,1,1,0,0,1,1,0,0,0,0,0,1,0,0,1,1,0,1
43,0,33.03679,-115.60503,2388,0,1,40.4,13,71.35,71.35,0.0,0,40.4,3,0,0,0,0,0,0,0,0,0,0,0,1,0,1,0,0,0,0,0,0,0,0,0,0,0,0,0,0,0,0,1
42,0,34.559882,-115.637164,42,0,1,21.59,0,20.15,20.15,0.0,0,21.59,3,0,0,0,0,0,0,0,0,0,0,1,1,0,0,0,0,1,0,0,0,0,0,0,0,0,0,0,1,0,1,1
35,0,34.1678,-116.86433,301,0,1,27.97,18,69.75,69.75,0.0,0,27.97,2,1,0,0,0,0,0,0,0,0,0,1,1,0,1,0,1,0,0,0,0,0,0,0,0,1,0,0,0,0,0,1
41,0,34.424926,-117.184503,28819,1,17,16.61,3,80.85,1400.85,0.0,0,282.37,1,1,0,0,1,0,1,0,0,0,0,0,1,0,1,0,1,0,0,0,0,0,1,0,0,1,0,0,0,0,0,1
47,0,35.28952,-116.092214,904,0,4,0.0,4,33.65,137.85,0.0,0,0.0,2,0,0,0,0,0,0,0,0,0,0,1,0,0,1,1,0,0,1,1,0,0,0,0,0,1,0,0,1,0,0,1
56,0,34.255203,-117.175654,455,0,1,3.13,5,79.95,79.95,0.0,0,3.13,3,1,0,0,0,0,0,0,0,0,0,1,1,0,1,0,1,0,0,0,0,0,1,0,0,1,0,0,1,0,0,1
58,0,34.030915,-117.273201,52202,0,1,25.62,0,19.3,19.3,0.0,0,25.62,2,0,0,0,0,0,0,0,0,0,0,1,1,0,0,0,0,1,0,0,0,0,0,0,0,0,0,0,0,0,0,1
55,0,34.274846,-116.937581,414,1,37,30.16,4,99.2,3754.6,0.0,0,1115.92,1,0,0,0,1,0,1,0,0,0,0,0,1,1,1,0,1,0,1,0,1,1,0,1,1,1,1,0,1,0,0,1
32,0,34.049671,-117.468896,29847,0,8,26.41,16,85.2,627.4,0.0,0,211.28,1,0,0,0,1,0,0,0,0,0,0,1,1,1,1,0,1,0,0,0,0,0,0,1,1,1,0,0,1,1,0,1
40,0,34.702766,-116.093376,23,0,3,17.87,25,75.25,242.0,0.0,0,53.61,3,0,0,0,0,0,0,0,0,0,0,0,1,1,1,0,1,0,0,0,0,0,0,0,0,1,0,0,0,0,0,1
30,0,34.103578,-117.04054,7324,0,1,25.39,52,54.35,54.35,0.0,0,25.39,3,1,0,0,0,0,0,0,0,0,0,1,1,1,1,1,0,0,0,0,1,0,0,0,0,1,0,0,0,0,0,1
37,0,34.064073,-117.166158,36675,1,5,0.0,7,24.95,100.4,0.0,0,0.0,1,1,0,0,1,0,1,0,0,0,0,1,0,0,1,1,0,0,0,0,0,0,0,0,0,1,0,0,1,0,0,1
39,0,34.186211,-117.07683,5395,1,40,0.0,21,42.35,1716.45,0.0,0,0.0,1,1,0,0,1,0,1,0,1,0,0,0,0,0,1,1,0,0,1,1,1,0,0,0,0,1,1,0,1,0,0,1
38,0,34.243088,-116.830015,1834,0,1,39.44,18,75.3,75.3,0.0,0,39.44,3,1,0,0,0,0,0,0,0,0,0,1,1,1,1,0,1,0,0,0,0,0,0,0,0,0,0,0,1,0,0,1
22,0,33.362575,-117.299644,42239,0,51,44.77,58,94.8,4837.6,0.0,0,2283.27,3,1,1,0,0,0,0,0,1,0,0,0,1,1,1,0,1,0,1,1,0,0,1,0,1,1,1,0,1,0,0,1
63,0,34.084909,-117.258107,12149,1,33,14.34,28,86.15,2745.7,0.0,0,473.22,2,0,0,0,1,0,1,0,0,0,0,0,1,1,1,0,1,0,0,0,0,0,0,1,1,1,0,0,0,1,0,1
25,0,33.527605,-116.666551,3745,1,30,4.82,41,85.0,2624.25,0.0,0,144.60000000000002,2,0,1,0,1,0,1,0,0,1,0,0,1,1,1,0,1,0,0,0,0,0,0,1,1,1,0,0,1,0,0,1
29,0,33.739415,-116.968339,29687,0,2,33.89,41,80.55,184.1,0.0,0,67.78,3,0,1,0,0,0,0,0,0,0,0,1,1,0,1,0,1,0,0,0,0,0,0,1,1,1,0,0,0,0,0,1
37,0,33.88274,-117.224878,22983,0,2,24.31,16,75.8,160.75,0.0,0,48.62,1,0,0,0,0,0,0,0,0,0,0,1,1,0,1,0,1,0,0,0,1,0,0,0,0,1,0,0,1,0,0,1
45,0,33.707483,-117.200006,18161,0,30,9.34,8,85.15,2555.9,0.0,0,280.2,2,0,0,0,0,0,0,0,0,1,0,0,1,0,1,0,1,0,0,0,0,1,1,0,0,1,0,0,0,0,0,1
63,2,33.698728,-117.67768,10936,1,24,17.27,18,54.75,1338.15,0.0,0,414.48,1,1,0,0,1,1,1,0,0,1,0,0,1,1,1,1,0,0,1,0,0,0,0,0,0,1,0,0,0,0,0,1
60,0,33.477923,-117.705314,27730,0,1,48.97,23,79.5,79.5,0.0,0,48.97,2,1,0,0,0,0,0,0,0,0,0,1,1,0,1,0,1,0,0,0,0,0,1,0,0,0,0,0,1,0,0,1
58,0,33.603282,-117.821841,5597,0,67,29.24,21,111.3,7482.1,0.0,0,1959.08,3,1,0,0,1,0,0,1,0,0,0,0,1,1,1,0,1,0,1,1,1,0,1,1,1,1,1,0,1,0,0,1
63,0,33.606336,-117.893042,3124,1,7,44.66,26,86.25,587.1,0.0,0,312.62,2,0,0,0,1,0,1,0,0,0,0,1,1,0,1,0,1,0,0,0,1,0,1,0,0,1,0,0,1,0,0,1
64,0,33.631119,-117.567346,32268,0,14,29.3,26,86.3,1180.95,0.0,10,410.2,2,0,0,0,0,0,0,0,0,0,0,0,1,0,1,0,1,0,0,1,0,0,0,1,1,0,0,0,1,0,0,1
56,0,33.766004,-117.786763,44117,0,28,30.28,30,89.95,2625.55,0.0,0,847.84,1,0,0,0,0,0,0,0,0,1,0,0,1,1,1,0,1,0,0,1,0,0,0,1,1,1,0,0,1,0,0,1
41,0,33.818,-117.974404,81333,0,10,27.28,27,70.0,740.0,0.0,0,272.8,1,1,0,0,0,0,0,0,0,0,0,0,1,0,1,0,1,0,0,0,0,0,0,0,0,1,0,0,1,0,0,1
53,0,33.764018,-117.931507,43491,0,34,34.41,4,64.4,2088.75,0.0,0,1169.9399999999998,2,0,0,0,0,0,0,0,0,1,0,0,1,1,1,1,0,0,1,1,0,1,0,0,0,1,1,0,1,0,1,1
52,0,33.782955,-118.026456,15878,1,1,25.88,9,102.45,102.45,0.0,0,25.88,1,0,0,0,1,0,1,0,0,0,0,0,1,1,1,0,1,0,1,0,1,0,1,1,1,1,0,0,1,0,0,1
30,0,33.897253,-117.792202,39458,0,3,40.67,58,80.1,217.55,0.0,0,122.01,3,0,0,0,0,0,0,0,0,0,0,1,1,0,1,0,1,0,0,0,1,1,0,0,0,1,0,0,0,1,0,1
51,0,34.360261,-119.306383,32899,0,2,49.79,22,80.2,146.05,0.0,10,99.58,2,0,0,0,0,0,0,0,0,0,0,1,1,0,1,0,1,0,0,0,0,0,1,0,0,0,0,0,1,0,0,1
20,0,34.279221,-119.221437,46894,0,6,20.26,26,98.15,567.45,0.0,0,121.56,1,0,1,0,0,0,0,0,0,0,0,1,1,0,1,0,1,0,1,1,1,1,0,1,1,1,0,0,1,0,0,1
60,0,34.227846,-119.079903,42853,0,12,16.45,23,112.95,1384.75,0.0,0,197.4,2,1,0,0,0,0,0,0,0,0,0,0,1,1,1,0,0,0,0,1,1,1,1,1,1,1,0,0,1,0,1,1
43,0,34.312945,-118.858169,32984,0,1,39.81,23,70.9,70.9,0.0,0,39.81,1,0,0,0,0,0,0,0,0,0,0,1,1,0,1,0,1,0,0,0,0,0,0,0,0,1,0,0,0,0,1,1
28,0,34.18454,-119.224666,25322,1,23,37.95,27,99.85,2331.3,0.0,0,872.85,1,1,1,0,1,0,1,0,0,0,0,0,1,0,1,0,1,0,1,0,0,1,1,1,1,1,0,0,1,0,0,1
41,0,34.432843,-118.730106,1459,0,1,36.44,16,74.5,74.5,0.0,0,36.44,3,1,0,0,1,0,0,0,0,0,0,0,1,1,1,0,1,0,0,0,0,0,0,0,0,1,0,0,1,0,0,1
60,0,34.402343,-119.094824,32511,0,65,9.36,4,109.15,6941.2,0.0,140,608.4,2,1,0,0,0,0,0,0,1,0,0,0,1,1,1,0,1,0,0,1,1,1,1,1,1,0,0,0,1,0,0,1
48,0,34.420998,-119.60137,576,0,16,47.45,30,65.2,1043.35,0.0,0,759.2,1,0,0,0,0,0,0,0,0,0,0,0,1,1,1,1,0,0,0,0,1,0,0,1,1,1,0,0,1,1,0,1
42,0,34.438581,-119.685368,20893,0,1,17.27,10,71.55,71.55,0.0,0,17.27,1,1,0,0,0,0,0,0,0,0,0,1,1,0,1,0,1,0,0,0,0,0,0,0,0,1,0,0,1,0,1,1
27,0,34.457541,-119.631072,12741,1,53,31.24,73,93.9,5029.2,0.0,0,1655.72,1,1,1,0,1,0,1,0,1,0,0,0,1,1,1,0,1,0,1,0,1,0,0,1,1,1,0,0,0,0,0,1
42,0,35.869626,-119.498771,1054,1,13,0.0,8,48.75,633.4,0.0,0,0.0,2,0,0,0,1,0,1,0,0,0,0,0,0,0,1,1,0,0,0,0,1,0,1,1,1,1,0,0,1,0,0,1
63,0,36.315979,-119.710852,2872,0,4,43.32,20,85.65,321.65,0.0,10,173.28,1,0,0,0,0,0,0,0,0,0,0,1,1,1,1,0,1,0,0,0,0,0,1,0,0,0,0,0,1,0,0,1
44,0,35.523991,-118.400432,1954,0,12,25.19,12,106.7,1253.9,0.0,0,302.28000000000003,2,1,0,0,0,0,0,0,0,0,0,0,1,1,1,0,1,0,0,1,1,0,1,1,1,1,0,0,1,0,0,1
46,0,35.451402,-119.488413,2078,0,1,0.0,5,25.15,25.15,0.0,0,0.0,1,1,0,0,0,0,0,0,0,0,0,1,0,0,1,1,0,0,0,0,0,0,0,0,0,1,0,0,1,0,0,1
21,0,36.057458,-118.591951,191,1,54,2.18,71,110.35,5893.15,0.0,0,117.72,1,0,1,0,1,0,1,0,1,0,0,0,1,1,1,0,1,0,0,1,1,1,1,1,1,1,1,0,0,0,0,1
24,0,35.772244,-119.209689,37280,1,48,6.36,47,103.25,5037.55,0.0,0,305.28000000000003,1,0,1,0,1,0,1,0,1,0,0,0,1,1,1,0,1,0,1,1,0,0,1,1,1,1,1,0,1,1,0,1
35,0,36.301689,-119.018233,13333,0,2,13.73,11,47.8,92.45,0.0,0,27.46,1,1,0,0,0,0,0,0,0,0,0,1,1,0,1,1,0,0,1,0,0,0,0,0,0,1,0,0,1,0,0,1
49,0,35.38381,-119.730885,302,0,29,27.75,2,98.6,2933.2,0.0,0,804.75,1,0,0,0,0,0,0,0,0,1,0,0,1,1,1,0,1,0,0,0,1,0,1,1,1,1,0,0,1,1,0,1
35,0,35.184837,-119.402525,14937,1,17,13.68,11,70.4,1214.05,0.0,0,232.56,1,1,0,0,1,0,1,0,0,0,0,0,1,0,1,0,1,0,0,0,0,0,0,0,0,1,0,0,1,0,0,1
49,1,35.279984,-120.824288,14859,0,1,46.17,19,45.95,45.95,0.0,0,46.17,1,0,0,0,0,1,0,0,0,0,0,1,1,0,1,0,0,0,0,0,0,0,0,0,0,1,0,0,0,0,1,1
45,0,34.631362,-120.238218,4644,0,1,33.34,4,85.55,85.55,0.0,0,33.34,2,0,0,0,0,0,0,0,0,0,0,1,1,0,1,0,1,0,0,0,1,0,1,0,0,1,0,0,1,1,0,1
61,0,35.369553,-120.763864,10909,4,35,10.43,4,70.3,2416.55,0.0,80,365.05,3,0,0,0,1,0,1,0,0,1,0,0,1,0,1,0,1,0,0,0,0,0,0,0,0,0,0,0,1,0,0,1
22,0,35.536115,-120.739231,7918,1,33,41.61,73,103.7,3467.0,0.0,0,1373.13,2,0,1,0,1,0,1,0,0,1,0,0,1,1,1,0,1,0,1,0,1,0,1,1,1,1,1,0,1,0,1,1
23,0,37.653947,-118.231443,340,0,1,14.26,46,88.35,88.35,0.0,0,14.26,1,1,1,0,0,0,0,0,0,0,0,0,1,0,1,0,1,0,0,0,0,0,1,1,1,1,0,0,1,0,0,1
22,0,36.869584,-118.189241,734,1,8,38.83,76,94.2,777.3,0.0,0,310.64,1,0,1,0,1,0,1,0,0,0,0,1,1,0,1,0,1,0,0,0,1,0,1,1,1,1,0,0,1,0,0,1
62,0,33.507255,-117.029473,46171,0,5,32.12,10,96.25,512.45,0.0,0,160.6,2,0,0,0,0,0,0,0,0,0,0,1,1,0,1,0,1,0,0,1,0,0,1,1,1,1,0,0,1,0,0,1
28,0,32.961064,-117.134917,47224,1,2,9.76,27,70.7,141.45,0.0,0,19.52,2,0,1,0,1,0,1,0,0,0,0,1,1,0,1,0,0,0,0,0,0,0,0,0,0,1,0,0,1,0,0,1
55,0,34.727529,-118.153098,35109,1,42,0.0,5,33.55,1445.3,0.0,50,0.0,2,0,0,0,1,0,1,0,1,0,0,0,0,0,1,0,0,0,0,1,0,1,0,0,0,0,1,0,0,0,1,1
38,0,34.445239,-117.894868,1613,0,57,48.86,6,112.95,6465.0,0.0,0,2785.02,1,0,0,0,0,0,0,0,0,0,0,0,1,1,1,0,1,0,1,1,1,0,1,1,1,1,0,1,1,0,0,1
54,0,34.903052,-118.411251,14931,0,1,0.0,29,35.9,35.9,0.0,0,0.0,1,1,0,0,0,0,0,0,0,0,0,1,0,0,1,0,0,0,0,0,0,0,0,1,1,1,0,0,0,0,0,1
30,0,35.073777,-118.652112,25805,0,38,31.27,85,99.25,3777.15,0.0,0,1188.26,1,1,0,0,0,0,0,0,0,1,0,0,1,1,1,0,1,0,0,0,1,0,1,1,1,1,0,0,1,0,0,1
26,0,36.488056,-120.407691,1766,0,8,19.68,41,103.35,847.3,0.0,0,157.44,1,0,1,0,0,0,0,0,0,0,0,1,1,1,1,0,1,0,1,0,0,1,1,1,1,1,0,0,1,0,0,1
55,0,36.523619,-119.386868,24206,0,18,13.65,5,90.0,1527.35,0.0,0,245.7,1,0,0,0,0,0,0,0,0,0,0,0,1,1,1,0,1,0,0,1,0,0,1,0,0,1,0,0,1,1,0,1
58,0,36.397745,-120.119911,1852,1,28,9.62,24,106.1,2847.4,0.0,0,269.36,1,1,0,0,1,0,1,0,0,1,0,0,1,1,1,0,1,0,1,1,0,0,1,1,1,1,1,0,0,0,0,1
30,0,36.807595,-118.901544,93,0,5,10.11,69,89.35,461.7,0.0,0,50.55,3,0,0,0,0,0,0,0,0,0,0,1,1,0,1,0,1,0,0,1,0,1,0,1,1,1,0,0,1,0,0,1
32,0,37.244307,-119.470256,3376,0,1,27.7,19,77.15,77.15,0.0,10,27.7,3,0,0,0,0,0,0,0,0,0,0,0,1,1,1,0,1,0,0,0,0,0,0,0,0,0,0,0,1,0,0,1
53,0,37.648647,-119.231447,8521,0,1,0.0,9,35.25,35.25,0.0,0,0.0,2,1,0,0,0,0,0,0,0,0,0,0,0,0,1,1,0,0,0,0,0,0,0,1,1,1,0,0,1,0,0,1
26,0,36.600185,-119.175655,9780,4,4,0.0,76,48.55,201.0,0.0,0,0.0,2,1,1,0,1,0,1,0,0,0,0,0,0,0,1,1,0,0,0,1,0,0,1,1,1,1,0,0,1,0,0,1
45,0,37.007238,-119.505661,1314,1,53,41.74,24,98.4,5149.5,0.0,0,2212.2200000000003,2,0,0,0,1,0,1,0,0,0,0,0,1,1,1,0,1,0,0,1,0,0,1,1,1,1,0,0,1,1,0,1
44,0,36.456091,-119.486225,646,0,14,1.19,23,80.45,1072.0,0.0,0,16.66,1,0,0,0,0,0,0,0,0,0,0,0,1,1,1,0,1,0,0,0,1,0,0,0,0,1,0,0,1,0,0,1
60,0,36.739385,-119.753649,47999,0,31,1.53,6,55.25,1715.65,0.0,10,47.43,3,1,0,0,0,0,0,0,0,1,0,0,1,0,1,1,0,0,0,0,1,1,0,0,0,0,0,0,1,0,0,1
28,0,36.654614,-119.903674,35790,1,13,0.0,71,54.45,706.85,0.0,0,0.0,1,1,1,0,1,0,1,0,0,0,0,0,0,0,1,0,0,0,1,0,0,1,1,1,1,1,0,0,1,0,0,1
53,0,34.102119,-117.815532,33878,0,35,25.04,21,75.35,2636.05,0.0,0,876.4,3,1,0,0,0,0,0,0,0,1,0,0,1,1,1,0,1,0,0,0,0,0,0,0,0,1,0,0,0,1,0,1
55,0,36.722898,-121.633648,53946,0,2,42.16,2,75.7,189.2,0.0,0,84.32,1,1,0,0,0,0,0,0,0,0,0,0,1,0,1,0,0,0,1,0,0,0,0,0,0,1,0,0,1,0,0,1
28,0,36.414611,-121.6386,6691,0,1,21.8,42,74.25,74.25,0.0,0,21.8,1,1,1,0,0,0,0,0,0,0,0,0,1,1,1,0,1,0,0,0,0,0,0,0,0,1,0,0,1,0,1,1
52,0,37.684694,-122.40712,3635,0,1,3.14,0,19.4,19.4,0.0,0,3.14,2,1,0,0,0,0,0,0,0,0,0,0,1,0,0,0,0,1,0,0,0,0,0,0,0,0,0,0,0,0,1,1
46,0,37.57028,-122.365778,40346,0,9,29.7,17,83.3,803.3,0.0,0,267.3,2,0,0,0,0,0,0,0,0,0,0,0,1,1,1,0,1,0,0,0,0,0,0,1,1,1,0,0,1,0,0,1
34,0,37.691561,-122.445202,47453,0,8,36.39,7,80.1,679.3,0.0,0,291.12,1,0,0,0,0,0,0,0,0,0,0,0,1,0,1,0,1,0,0,0,0,0,1,0,0,1,0,0,1,0,0,1
62,0,37.454924,-122.203168,6876,0,25,5.57,0,25.3,676.35,0.0,0,139.25,3,1,0,0,0,0,0,0,0,1,0,0,1,1,0,0,0,1,0,0,0,0,0,0,0,0,1,0,0,0,0,1
46,0,37.419725,-122.062947,27822,0,13,3.36,15,98.15,1230.25,0.0,40,43.68,1,1,0,0,0,0,0,0,0,0,0,0,1,1,1,0,1,0,1,0,0,0,1,1,1,0,0,0,0,0,1,1
48,0,37.789168,-122.395009,2066,0,46,15.78,3,93.7,4154.8,0.0,0,725.88,1,1,0,0,0,0,0,0,0,0,0,0,1,1,1,0,1,0,1,1,0,0,0,1,1,1,0,0,1,0,0,1
36,0,37.750021,-122.415201,74641,0,18,12.5,5,82.0,1425.45,0.0,0,225.0,1,1,0,0,0,0,0,0,0,0,0,0,1,1,1,1,0,0,0,0,1,1,1,1,1,1,1,0,1,1,0,1
59,0,37.758085,-122.434801,30587,1,60,35.22,16,95.75,5742.9,0.0,0,2113.2,2,1,0,0,1,0,1,0,0,0,0,0,1,1,1,0,1,0,0,1,1,0,1,0,0,1,0,0,1,0,0,1
33,0,37.770533,-122.445121,38756,1,30,10.5,22,94.05,2866.45,0.0,0,315.0,3,1,0,0,1,0,1,0,0,1,0,0,1,1,1,0,1,0,0,0,0,0,1,1,1,1,0,0,1,1,0,1
44,0,37.760412,-122.484966,55504,0,1,13.01,12,54.75,54.75,0.0,0,13.01,3,0,0,0,0,0,0,0,0,0,0,0,1,0,1,1,0,0,0,0,0,0,0,1,1,1,0,0,1,0,1,1
56,0,37.797526,-122.464531,2240,0,1,1.17,27,94.6,94.6,0.0,0,1.17,1,0,0,0,0,0,0,0,0,0,0,0,1,1,1,0,1,0,0,0,0,0,1,1,1,1,0,0,1,0,0,1
61,6,37.971421,-121.971504,39888,2,7,0.0,30,34.5,279.25,0.0,0,0.0,1,1,0,0,1,1,1,0,0,0,0,0,0,0,1,0,0,0,1,0,0,1,0,0,0,1,0,0,1,0,0,1
44,0,37.95338,-122.076886,32685,1,61,45.7,24,105.55,6281.45,0.0,0,2787.7000000000003,1,1,0,0,1,0,1,0,0,0,0,0,1,1,1,0,1,0,0,1,1,0,1,1,1,1,0,0,1,0,0,1
56,2,38.049292,-122.228415,3193,0,39,0.0,24,30.1,1131.3,0.0,150,0.0,3,0,0,0,0,1,0,0,0,0,0,0,0,0,1,1,0,0,0,0,1,0,0,0,0,0,0,0,0,1,0,1
36,0,37.815459,-121.977203,32873,1,10,31.72,23,70.3,738.2,0.0,0,317.2,3,1,0,0,1,0,1,0,0,0,1,0,1,0,1,0,1,0,0,0,0,0,0,0,0,1,0,0,1,0,0,1
25,0,38.287136,-122.02711,77683,0,1,1.23,69,80.2,80.2,0.0,0,1.23,3,0,1,0,0,0,0,0,0,0,0,1,1,1,1,0,1,0,0,1,0,0,0,0,0,1,0,0,1,0,1,1
41,0,38.265899,-121.939461,9978,1,67,30.94,11,94.35,6341.45,0.0,0,2072.98,1,0,0,0,1,0,1,1,0,0,0,0,1,1,1,0,1,0,1,0,0,1,0,1,1,1,1,0,1,1,0,1
61,1,37.505768,-121.962472,56126,5,6,49.2,21,44.6,260.8,0.0,0,295.20000000000005,2,1,0,0,1,1,1,0,0,0,0,1,1,0,1,1,0,0,0,0,0,0,0,0,0,1,0,0,1,0,0,1
24,0,37.516791,-121.899117,46917,0,1,5.36,0,19.6,19.6,0.0,0,5.36,2,0,1,0,0,0,0,0,0,0,0,1,1,0,0,0,0,1,0,0,0,0,0,0,0,0,0,0,1,1,0,1
21,0,37.827946,-122.107185,16510,0,2,36.06,85,70.7,140.7,0.0,0,72.12,1,1,1,0,0,0,0,0,0,0,0,0,1,0,1,0,1,0,0,0,0,0,0,0,0,1,0,0,0,1,0,1
21,0,37.873916,-122.20522,17964,1,1,37.83,51,84.8,84.8,0.0,0,37.83,3,1,1,0,1,0,1,0,0,0,0,1,1,0,1,0,1,0,0,0,0,1,1,0,0,1,0,0,1,0,0,1
21,0,38.672708,-122.403219,494,0,52,49.29,51,105.0,5426.85,0.0,0,2563.08,2,1,1,0,0,0,0,0,0,0,0,0,1,0,1,0,1,0,0,1,1,1,1,1,1,1,1,0,1,0,0,1
62,0,37.713926,-121.928425,29636,0,22,7.28,7,54.45,1127.35,0.0,0,160.16,1,1,0,0,0,0,0,0,0,0,1,0,1,1,1,1,0,0,1,0,0,0,0,0,0,1,0,0,1,0,0,1
40,0,38.027218,-122.23463,8506,1,47,44.26,23,85.3,4045.65,0.0,0,2080.22,2,0,0,0,1,0,1,0,0,0,0,0,1,0,1,0,0,0,0,0,1,0,0,1,1,1,0,0,1,0,0,1
51,0,38.581354,-122.296283,9423,0,33,20.29,30,83.35,2757.85,0.0,40,669.5699999999999,2,0,0,0,0,0,0,0,0,0,0,0,1,1,1,0,1,0,0,0,0,0,0,1,1,0,0,0,1,0,0,1
59,0,38.554383,-122.474773,223,0,18,0.0,26,33.5,600.0,0.0,0,0.0,2,1,0,0,0,0,0,0,0,0,1,0,0,0,1,1,0,0,0,1,1,0,0,0,0,1,0,0,1,1,0,1
64,0,37.587494,-121.862856,790,0,24,32.49,23,90.35,2238.5,0.0,0,779.76,1,1,0,0,0,0,0,0,0,0,0,0,1,0,1,0,1,0,0,0,0,0,1,1,1,1,0,0,1,0,0,1
26,0,38.161321,-122.271588,42209,0,1,23.06,52,90.75,90.75,0.0,0,23.06,3,1,1,0,1,0,0,0,0,0,0,1,1,0,1,0,1,0,0,0,0,0,1,1,1,1,0,0,1,0,0,1
64,0,38.104705,-122.247387,37218,0,4,36.76,20,89.6,365.65,0.0,0,147.04,1,0,0,0,0,0,0,0,0,0,0,1,1,1,1,0,1,0,0,1,0,0,1,0,0,1,0,0,0,1,0,1
21,0,37.776523,-122.219268,54876,0,2,0.0,51,49.25,90.35,0.0,0,0.0,3,1,1,0,0,0,0,0,0,0,0,1,0,0,1,1,0,0,0,0,1,0,1,1,1,1,0,0,1,0,0,1
43,3,37.83726,-122.287648,24589,0,1,11.91,0,19.75,19.75,0.0,0,11.91,3,1,0,0,0,1,0,0,0,0,0,0,1,0,0,0,0,1,0,0,0,0,0,0,0,0,0,0,0,1,0,1
64,0,37.834341,-122.26437,21097,0,19,32.87,17,95.15,1789.25,0.0,120,624.53,3,0,0,0,0,0,0,0,0,0,1,0,1,1,1,0,1,0,1,1,0,0,0,1,1,0,0,0,1,0,0,1
44,0,37.84551,-122.235181,15438,0,22,10.33,19,101.35,2317.1,0.0,0,227.26,1,1,0,0,0,0,0,0,0,0,1,0,1,1,1,0,1,0,1,0,0,0,1,1,1,1,0,0,1,0,0,1
46,0,37.863843,-122.275684,19763,0,4,12.58,19,70.05,266.9,0.0,0,50.32,1,0,0,0,0,0,0,0,0,0,0,0,1,0,1,0,1,0,0,0,0,0,0,0,0,1,0,0,1,1,0,1
24,0,37.858898,-122.240512,12448,8,4,48.64,30,74.65,301.4,0.0,0,194.56,1,1,1,0,1,0,1,0,0,0,0,0,1,1,1,0,1,0,0,0,0,0,0,0,0,1,0,0,1,0,0,1
60,0,37.897743,-122.263124,10737,0,4,30.44,10,50.4,206.6,0.0,0,121.76,1,1,0,0,0,0,0,0,0,0,0,0,1,1,1,0,0,0,0,0,0,0,0,0,0,1,0,0,0,1,0,1
61,0,37.878554,-122.26609,10147,0,7,40.32,18,79.65,604.7,0.0,0,282.24,1,0,0,0,0,0,0,0,0,0,0,0,1,1,1,0,1,0,1,0,0,0,0,0,0,1,0,0,1,1,0,1
55,0,37.941456,-122.320968,13984,1,5,1.16,7,78.75,412.1,0.0,10,5.8,2,1,0,0,1,0,1,0,0,0,0,0,1,1,1,0,1,0,0,1,0,0,0,0,0,0,0,0,1,0,0,1
47,0,38.099323,-122.945723,1004,0,1,46.49,14,50.1,50.1,0.0,0,46.49,2,0,0,0,0,0,0,0,0,0,0,0,1,1,1,1,0,0,0,0,0,0,0,0,0,1,0,0,1,1,0,1
19,0,38.129308,-122.834815,406,1,2,20.5,51,76.4,151.8,0.0,0,41.0,1,1,1,0,1,0,1,0,0,0,0,1,1,0,1,0,1,0,0,0,1,0,0,0,0,1,0,0,0,0,0,1
28,0,37.901371,-122.572024,28727,0,3,32.76,73,98.7,293.65,0.0,0,98.28,3,1,1,0,0,0,0,0,0,0,0,1,1,0,1,0,1,0,0,0,1,1,1,1,1,1,0,0,1,0,0,1
37,0,38.067204,-122.524004,13361,1,28,18.31,13,90.1,2598.95,0.0,0,512.68,3,0,0,0,1,0,1,0,0,0,0,0,1,0,1,0,1,0,0,0,0,0,1,1,1,1,1,0,1,0,0,1
47,0,37.848641,-122.515692,11213,0,15,3.15,26,51.55,765.5,0.0,20,47.25,2,1,0,0,0,0,0,0,0,0,1,0,1,1,1,1,0,0,0,0,0,0,0,0,0,0,0,0,0,0,0,1
44,0,36.878364,-121.629781,3373,0,5,40.15,19,94.85,462.8,0.0,0,200.75,3,1,0,0,0,0,0,0,0,0,0,1,1,1,1,0,1,0,0,0,0,0,1,1,1,1,0,0,1,0,0,1
39,0,37.171727,-122.142961,10520,0,2,14.07,6,85.7,169.8,0.0,0,28.14,2,0,0,0,0,0,0,0,0,0,0,0,1,1,1,0,1,0,0,0,0,0,0,1,1,1,0,0,1,0,0,1
58,0,37.222842,-121.988727,13290,0,1,26.53,30,44.4,44.4,0.0,0,26.53,2,0,0,0,0,0,0,0,0,0,0,1,1,0,1,1,0,0,0,0,0,0,0,0,0,1,0,0,0,1,0,1
44,0,36.810568,-121.503022,3402,0,4,0.0,20,44.55,174.3,0.0,10,0.0,2,1,0,0,0,0,0,0,0,0,0,1,0,0,1,0,0,0,0,0,0,0,1,1,1,0,0,0,1,0,0,1
41,3,37.393554,-121.965114,13031,1,31,0.0,23,35.4,1077.5,0.0,0,0.0,1,1,0,0,1,1,1,0,0,0,0,0,0,0,1,1,0,0,1,0,0,1,0,0,0,1,0,0,0,0,0,1
45,0,36.993451,-122.098858,43192,0,1,32.33,9,95.65,95.65,0.0,0,32.33,2,0,0,0,0,0,0,0,0,0,0,1,1,1,1,0,1,0,0,0,0,0,1,1,1,1,0,0,0,1,0,1
19,0,37.031404,-121.981865,8365,0,1,40.48,0,20.95,20.95,0.0,0,40.48,1,0,1,0,0,0,0,0,0,0,0,0,1,0,0,0,0,1,0,0,0,0,0,0,0,0,0,0,0,1,0,1
54,0,37.186141,-121.843554,37090,0,15,39.84,0,19.75,297.3,0.0,0,597.6,2,0,0,0,0,0,0,0,0,0,1,0,1,0,0,0,0,1,0,0,0,0,0,0,0,0,0,0,0,0,0,1
42,0,37.304681,-121.809955,37127,1,17,17.71,13,92.55,1515.1,0.0,0,301.07,3,1,0,0,1,0,1,0,0,0,1,0,1,1,1,0,1,0,0,0,0,0,1,1,1,1,0,0,1,0,0,1
28,0,37.277592,-121.986477,13481,0,9,49.14,58,85.35,758.6,0.0,0,442.26,2,1,1,0,0,0,0,0,0,0,0,1,1,1,1,0,1,0,0,0,0,0,1,0,0,1,0,0,1,0,0,1
48,0,37.387027,-121.897775,26389,0,25,1.37,21,74.3,1863.8,0.0,0,34.25,1,0,0,0,0,0,0,0,0,0,0,0,1,0,1,1,0,0,1,1,1,1,1,0,0,1,1,0,0,1,0,1
34,0,37.28682,-121.723877,15798,0,4,5.63,18,98.1,396.3,0.0,0,22.52,1,0,0,0,0,0,0,0,0,0,0,1,1,0,1,0,1,0,0,0,1,1,1,1,1,1,0,0,1,0,0,1
63,0,37.959706,-121.287669,7071,0,50,27.7,28,109.65,5551.15,0.0,0,1385.0,1,0,0,0,0,0,0,0,0,0,0,0,1,1,1,0,1,0,1,1,0,1,1,1,1,1,0,1,1,0,0,1
32,0,38.033219,-121.297433,40611,0,3,11.94,30,100.95,329.95,0.0,10,35.82,1,1,0,0,0,0,0,0,0,0,0,1,1,1,1,0,0,0,0,0,1,0,1,1,1,0,0,0,1,0,0,1
25,0,38.049457,-121.21653,6951,0,10,40.22,41,94.9,1048.85,0.0,0,402.2,1,1,1,0,0,0,0,0,0,0,1,0,1,0,1,0,1,0,0,0,1,0,1,1,1,1,0,0,1,0,0,1
53,0,38.208336,-120.339938,115,1,9,0.0,15,24.1,259.8,0.0,0,0.0,2,1,0,0,1,0,1,0,0,0,0,1,0,0,1,1,0,0,0,0,0,0,0,0,0,1,1,0,0,0,0,1
23,0,38.184914,-120.364085,335,1,66,20.07,85,104.05,6890.0,0.0,0,1324.62,2,1,1,0,1,0,1,1,0,0,0,0,1,1,1,0,1,0,0,1,0,1,1,1,1,1,1,0,1,0,0,1
33,0,38.123544,-121.159078,45755,0,3,49.4,10,88.35,262.05,0.0,0,148.2,2,1,0,0,0,0,0,0,0,0,0,1,1,0,1,0,1,0,0,0,1,1,1,0,0,1,0,0,1,1,0,1
43,0,38.264262,-120.515133,1692,1,29,40.49,15,94.65,2649.15,0.0,0,1174.21,1,1,0,0,1,0,1,0,0,0,0,0,1,0,1,0,1,0,1,0,0,0,1,1,1,1,0,0,0,1,0,1
42,3,38.055562,-120.456298,460,1,41,45.26,56,79.9,3326.2,0.0,0,1855.66,1,0,0,0,1,1,1,0,0,0,0,0,1,1,1,0,0,0,1,1,1,1,0,1,1,1,0,0,0,1,0,1
24,0,37.422961,-120.765493,10159,0,1,26.12,0,20.5,20.5,0.0,0,26.12,2,0,1,0,0,0,0,0,0,0,0,1,1,0,0,0,0,1,0,0,0,0,0,0,0,0,0,0,0,1,0,1
44,0,37.40122,-120.514191,23100,0,1,44.94,16,81.95,81.95,0.0,0,44.94,1,0,0,0,0,0,0,0,0,0,0,1,1,0,1,0,1,0,0,0,0,0,0,1,1,1,0,0,1,0,0,1
39,0,37.671806,-121.007575,52872,1,7,14.75,28,69.35,451.1,0.0,10,103.25,1,1,0,0,1,0,1,0,0,0,0,1,1,0,1,0,1,0,0,0,0,0,0,0,0,0,0,0,1,0,0,1
53,0,37.343846,-121.039391,8504,0,6,11.81,24,91.1,455.3,0.0,0,70.86,2,0,0,0,0,0,0,0,0,0,0,0,1,0,1,0,1,0,0,0,0,0,1,1,1,1,0,0,1,0,0,1
20,0,37.410236,-121.320337,15536,1,14,7.26,42,86.1,1235.55,0.0,0,101.64,1,1,1,0,1,0,1,0,0,0,1,0,1,1,1,0,1,0,0,0,0,0,1,0,0,1,0,0,1,0,0,1
41,0,37.329725,-120.306399,4150,0,25,34.88,8,94.7,2362.1,0.0,0,872.0000000000001,1,1,0,0,0,0,0,0,0,0,0,0,1,1,1,0,1,0,0,0,0,0,1,1,1,1,0,0,1,0,0,1
40,0,37.734971,-120.954271,16525,1,22,16.2,17,85.1,1873.7,0.0,0,356.4,1,1,0,0,1,0,1,0,0,0,1,0,1,1,1,0,1,0,0,0,0,0,0,1,1,1,0,0,1,0,0,1
63,0,37.521708,-120.426843,1158,1,61,49.33,7,99.15,6010.05,0.0,0,3009.13,3,0,0,0,1,0,1,0,0,0,0,0,1,1,1,0,1,0,0,1,0,0,1,1,1,1,0,0,1,0,0,1
31,0,37.669516,-120.626964,8308,0,1,13.84,26,45.05,45.05,0.0,70,13.84,3,1,0,0,0,0,0,0,0,0,0,0,1,0,1,1,0,0,0,0,0,0,0,0,0,0,0,0,1,1,0,1
39,0,38.460517,-122.790335,36125,0,1,33.88,26,79.7,79.7,0.0,0,33.88,3,0,0,0,0,0,0,0,0,0,0,0,1,0,1,0,1,0,0,0,0,0,0,1,1,1,0,0,1,0,0,1
46,0,38.526941,-122.709096,35057,0,22,49.43,17,59.0,1254.7,0.0,0,1087.46,3,1,0,0,0,0,0,0,0,0,1,0,1,1,1,0,0,0,1,1,0,0,0,0,0,1,0,0,0,0,0,1
51,0,38.439696,-122.668817,22250,0,48,33.91,13,60.35,2896.4,0.0,0,1627.6799999999998,1,0,0,0,0,0,0,0,0,0,0,0,1,0,1,1,0,0,1,0,1,1,0,0,0,1,1,0,1,1,0,1
52,0,39.07116,-122.598542,3684,0,25,24.91,18,70.95,1767.35,0.0,20,622.75,1,1,0,0,0,0,0,0,0,0,0,0,1,0,1,0,1,0,0,0,0,0,0,0,0,0,0,0,0,1,0,1
35,0,39.239818,-123.565432,371,1,20,18.05,5,89.0,1820.45,0.0,0,361.0,2,1,0,0,1,0,1,0,0,0,1,0,1,0,1,0,1,0,0,0,0,0,1,1,1,1,0,0,1,1,0,1
51,0,39.83307,-123.178765,2296,1,18,11.3,16,99.4,1742.95,0.0,0,203.4,1,1,0,0,1,0,1,0,0,0,0,0,1,1,1,0,1,0,1,0,0,0,1,1,1,1,0,0,1,0,0,1
50,0,38.348884,-122.51699,363,0,1,3.84,2,73.5,73.5,0.0,0,3.84,2,0,0,0,0,0,0,0,0,0,0,0,1,0,1,0,1,0,0,0,1,0,0,0,0,1,0,0,0,0,0,1
45,0,38.52576,-123.013347,4913,0,9,19.22,10,95.5,829.1,0.0,0,172.98,2,1,0,0,0,0,0,0,0,0,0,0,1,1,1,0,1,0,0,0,0,0,1,1,1,1,0,0,1,0,0,1
47,0,38.618347,-122.908422,17979,1,28,37.66,20,92.35,2602.9,0.0,0,1054.48,1,0,0,0,1,0,1,0,0,0,0,0,1,0,1,0,1,0,1,0,0,0,1,1,1,1,0,0,1,1,0,1
20,0,38.505995,-123.187019,438,0,11,5.4,41,74.55,824.75,0.0,0,59.400000000000006,2,1,1,0,0,0,0,0,0,0,0,0,1,0,1,0,1,0,0,1,0,0,0,0,0,1,0,0,1,0,0,1
57,0,38.696659,-123.436861,752,3,20,28.79,16,105.85,2239.65,0.0,0,575.8,2,0,0,0,1,0,1,0,0,0,0,0,1,1,1,0,1,0,0,1,1,0,1,1,1,1,0,0,1,0,0,1
35,0,40.796621,-124.15428,23224,0,7,18.1,15,75.45,480.75,0.0,0,126.70000000000002,1,0,0,0,0,0,0,0,0,0,0,0,1,1,1,0,1,0,0,0,0,0,0,0,0,1,0,0,0,1,0,1
60,0,40.737431,-124.108897,23570,0,7,15.51,23,93.85,635.6,0.0,0,108.57,1,1,0,0,0,0,0,0,0,0,0,0,1,1,1,0,1,0,0,0,0,0,1,1,1,1,0,0,1,0,0,1
51,0,40.825486,-124.049485,1689,0,22,35.93,17,100.75,2095.0,0.0,0,790.46,2,1,0,0,0,0,0,0,0,0,0,0,1,1,1,0,1,0,1,0,0,0,1,1,1,1,0,0,1,0,0,1
43,1,40.372532,-123.525626,695,1,3,0.0,19,31.0,95.05,0.0,20,0.0,3,0,0,0,1,1,1,0,0,0,0,0,0,0,1,1,0,0,0,0,0,1,0,0,0,0,0,0,1,1,0,1
38,0,33.362575,-117.299644,42239,0,51,5.62,16,80.0,4242.35,0.0,0,286.62,3,1,0,0,0,0,0,0,0,0,0,0,1,1,1,0,1,0,0,0,1,0,0,0,0,1,0,0,0,1,0,1
32,0,40.557314,-124.081662,1201,1,62,48.58,13,100.15,6283.3,0.0,0,3011.96,1,0,0,0,1,0,1,0,0,0,0,0,1,0,1,0,1,0,0,1,1,0,1,1,1,1,0,0,1,0,0,1
52,0,41.572813,-124.035011,1215,0,28,35.52,26,94.5,2659.4,0.0,0,994.56,1,1,0,0,0,0,0,0,0,0,0,0,1,1,1,0,1,0,1,1,0,0,0,1,1,1,0,0,1,1,0,1
42,0,41.950683,-124.097094,2020,0,10,0.0,30,33.9,298.45,0.0,0,0.0,1,1,0,0,0,0,0,0,0,0,0,0,0,0,1,1,0,0,0,0,0,0,0,1,1,1,0,0,1,1,0,1
41,0,38.431407,-120.8421,222,0,12,12.36,23,84.45,1059.55,0.0,0,148.32,2,1,0,0,0,0,0,0,0,0,0,0,1,1,1,0,1,0,0,0,0,0,1,0,0,1,0,0,1,0,0,1
35,0,38.592745,-121.540036,12756,0,27,24.72,29,79.5,2180.55,0.0,0,667.4399999999999,1,1,0,0,0,0,0,0,0,0,0,0,1,1,1,0,1,0,0,0,0,1,0,0,0,1,0,0,1,0,0,1
44,0,38.809804,-122.241383,382,1,1,32.35,18,89.15,89.15,0.0,0,32.35,1,1,0,0,1,0,1,0,0,0,0,0,1,0,1,0,1,0,0,0,0,0,1,1,1,1,0,0,0,0,1,1
45,0,38.63153,-120.842609,4097,0,3,25.96,7,55.3,196.15,0.0,0,77.88,1,0,0,0,0,0,0,0,0,0,0,0,1,0,1,1,0,0,0,0,0,0,0,1,1,1,0,0,1,0,0,1
32,1,38.734997,-121.463719,6197,1,22,5.26,19,55.15,1206.05,0.0,30,115.72,2,0,0,0,1,1,1,0,0,0,0,0,1,0,1,1,0,0,0,1,0,1,0,0,0,0,0,0,0,0,0,1
34,0,38.852544,-120.837669,2536,1,16,6.82,7,84.95,1378.25,0.0,0,109.12,3,0,0,0,1,0,1,0,0,0,0,0,1,1,1,0,1,0,0,0,0,0,1,0,0,1,0,0,1,0,0,1
30,0,38.921333,-120.897718,1140,0,5,0.0,59,43.25,219.0,0.0,0,0.0,2,1,0,0,0,0,0,0,0,0,0,0,0,0,1,0,0,0,1,1,1,1,0,0,0,1,0,0,1,0,1,1
60,0,38.636102,-120.522149,659,1,23,5.8,12,48.35,1067.15,0.0,0,133.4,2,1,0,0,1,0,1,0,0,0,0,0,1,1,1,1,0,0,0,0,0,0,0,0,0,1,1,0,1,1,0,1
59,0,38.830739,-122.196202,228,0,1,4.04,6,79.55,79.55,0.0,0,4.04,2,1,0,0,0,0,0,0,0,0,0,0,1,0,1,0,1,0,0,0,0,0,1,0,0,1,0,0,1,0,0,1
31,0,38.154823,-121.601358,2010,0,1,6.89,12,84.5,84.5,0.0,0,6.89,2,1,0,0,0,0,0,0,0,0,0,0,1,1,1,0,1,0,0,0,0,0,1,0,0,1,0,0,0,0,0,1
57,0,38.815515,-120.916997,485,1,71,5.76,11,108.6,7690.9,0.0,20,408.96,1,1,0,0,1,0,1,1,0,0,0,0,1,1,1,0,1,0,0,1,1,1,1,1,1,0,0,1,1,1,0,1
57,0,38.549822,-121.266725,929,0,46,0.0,26,30.3,1380.1,0.0,0,0.0,2,1,0,0,0,0,0,0,0,0,0,0,0,0,1,1,0,0,0,1,0,0,0,0,0,1,0,0,0,0,0,1
32,0,38.788898,-121.608624,751,0,1,38.31,26,45.4,45.4,0.0,0,38.31,2,0,0,0,0,0,0,0,0,0,0,0,1,0,1,0,0,0,0,0,0,0,0,0,0,1,0,0,1,1,0,1
53,0,38.689174,-121.218435,32040,1,32,37.48,13,84.15,2585.95,0.0,0,1199.36,2,0,0,0,1,0,1,0,0,0,0,0,1,0,1,0,1,0,0,1,0,0,0,1,1,1,0,0,0,0,0,1
41,0,38.803731,-121.043799,1173,0,3,24.63,0,19.75,58.85,0.0,0,73.89,3,0,0,0,0,0,0,0,0,0,0,1,1,0,0,0,0,1,0,0,0,0,0,0,0,0,0,0,0,0,0,1
62,0,38.400264,-120.641274,4354,0,5,43.51,17,85.4,425.9,0.0,0,217.55,2,0,0,0,0,0,0,0,0,0,0,1,1,0,1,0,1,0,0,0,0,1,0,1,1,1,0,0,1,1,0,1
62,0,38.602723,-121.279913,49729,0,49,19.08,24,75.2,3678.3,0.0,20,934.92,2,1,0,0,0,0,0,0,0,0,0,0,1,1,1,0,1,0,0,0,0,0,0,0,0,0,0,0,0,1,0,1
50,0,38.954144,-121.482536,947,0,17,24.31,21,55.85,937.5,0.0,0,413.27,2,0,0,0,0,0,0,0,0,0,0,0,1,1,1,1,0,0,0,0,1,0,0,0,0,1,1,0,1,0,1,1
53,0,38.157794,-121.520223,1472,0,6,21.97,9,84.4,556.35,0.0,0,131.82,3,1,0,0,0,0,0,0,0,0,0,0,1,0,1,0,1,0,0,1,0,0,0,1,1,1,0,0,1,0,0,1
44,0,38.71967,-121.862416,38547,0,6,17.18,22,56.25,389.1,0.0,0,103.08,1,0,0,0,0,0,0,0,0,0,0,1,1,0,1,1,0,0,1,1,0,0,0,0,0,1,0,0,0,0,0,1
51,0,38.748316,-120.675512,4829,0,4,10.64,23,68.65,261.25,0.0,0,42.56,3,0,0,0,0,0,0,0,0,0,0,1,1,0,1,1,0,0,0,1,0,0,1,1,1,1,0,0,1,0,0,1
48,0,39.197215,-120.83679,350,0,4,42.8,28,77.85,299.2,0.0,10,171.2,2,1,0,0,0,0,0,0,0,0,0,1,1,0,1,0,1,0,0,0,0,0,1,0,0,0,0,0,0,0,0,1
50,0,38.851842,-120.076204,69,0,3,13.83,14,105.35,323.25,0.0,0,41.49,3,1,0,0,0,0,0,0,0,0,0,1,1,1,1,0,1,0,0,1,1,0,1,1,1,1,0,0,1,0,0,1
48,0,38.733908,-120.453416,8577,0,8,45.59,8,87.05,762.1,0.0,0,364.72,1,0,0,0,0,0,0,0,0,0,0,1,1,1,1,0,1,0,0,0,0,0,1,0,0,1,0,0,1,0,0,1
22,0,39.00978,-120.978273,31,0,1,14.58,73,53.5,53.5,0.0,0,14.58,1,1,1,0,0,0,0,0,0,0,0,0,1,0,1,1,0,0,0,0,0,0,1,0,0,1,0,0,1,0,1,1
35,0,38.749466,-121.184196,20675,0,1,0.0,28,25.1,25.1,0.0,0,0.0,1,0,0,0,0,0,0,0,0,0,0,0,0,0,1,0,0,0,0,0,0,0,0,0,0,1,0,0,1,0,1,1
21,0,38.556306,-121.495817,21313,0,5,3.61,69,54.2,308.25,0.0,0,18.05,1,0,1,0,0,0,0,0,0,0,0,0,1,0,1,1,0,0,1,0,0,1,0,0,0,1,0,0,0,0,0,1
47,0,38.549185,-121.328386,19611,1,72,3.07,23,103.4,7372.65,0.0,0,221.04,3,1,0,0,1,0,1,0,0,0,0,0,1,1,1,0,1,0,0,1,1,0,1,1,1,1,0,1,1,0,0,1
60,0,38.494832,-121.529447,42832,0,13,21.88,4,84.45,1058.6,0.0,0,284.44,2,0,0,0,0,0,0,0,0,0,0,0,1,1,1,0,1,0,0,1,1,0,0,0,0,1,0,0,1,0,0,1
53,0,39.125311,-121.392283,5654,0,29,0.0,7,30.6,856.35,0.0,0,0.0,2,0,0,0,0,0,0,0,0,0,0,0,0,0,1,1,0,0,0,1,0,0,0,0,0,1,0,0,1,0,0,1
51,0,39.432127,-121.099287,632,0,17,7.66,17,70.0,1144.5,0.0,80,130.22,1,0,0,0,0,0,0,0,0,0,0,0,1,0,1,0,1,0,0,0,0,0,0,0,0,0,0,0,1,0,0,1
37,0,39.461768,-121.195825,262,0,1,26.41,26,45.3,45.3,0.0,0,26.41,1,0,0,0,0,0,0,0,0,0,0,0,1,0,1,0,0,0,0,0,0,0,0,0,0,1,0,0,1,0,0,1
64,0,39.745712,-121.84333,35808,0,2,0.0,11,29.85,75.6,0.0,0,0.0,2,1,0,0,0,0,0,0,0,0,0,0,0,0,1,0,0,0,0,0,0,1,0,0,0,1,0,0,0,0,0,1
40,0,39.273096,-122.050763,7503,0,1,9.66,0,19.8,19.8,0.0,0,9.66,3,1,0,0,0,0,0,0,0,0,0,0,1,0,0,0,0,1,0,0,0,0,0,0,0,0,0,0,0,0,1,1
36,0,39.578792,-120.780786,404,0,4,24.09,17,76.65,333.6,0.0,0,96.36,1,0,0,0,0,0,0,0,0,0,0,0,1,0,1,0,1,0,0,1,0,0,0,0,0,1,0,0,1,0,0,1
45,0,38.931425,-121.946081,19,1,5,9.23,25,99.15,465.05,0.0,0,46.150000000000006,2,0,0,0,1,0,1,0,0,0,0,0,1,0,1,0,1,0,0,1,0,1,1,1,1,1,0,0,1,0,1,1
57,0,39.099204,-121.137962,17922,0,9,2.88,26,44.95,431.0,0.0,10,25.92,1,1,0,0,0,0,0,0,0,0,0,1,1,0,1,1,0,0,0,0,0,0,0,0,0,0,0,0,0,0,1,1
53,0,39.033058,-121.895718,531,1,18,19.05,26,49.55,878.35,0.0,0,342.90000000000003,1,1,0,0,1,0,1,0,0,0,0,0,1,0,1,1,0,0,0,0,1,0,0,0,0,1,0,0,1,0,1,1
55,0,39.435756,-121.552071,1254,0,25,5.27,4,95.9,2448.75,0.0,0,131.75,1,1,0,0,0,0,0,0,0,0,0,0,1,0,1,0,1,0,0,1,0,0,1,1,1,1,0,0,1,0,0,1
40,0,39.225634,-121.156163,1601,1,52,38.37,14,84.1,4348.65,0.0,0,1995.24,1,1,0,0,1,0,1,0,0,0,0,0,1,0,1,0,1,0,1,0,0,0,1,0,0,1,0,0,0,0,0,1
48,0,39.493991,-122.286363,8812,0,8,37.79,25,49.85,365.55,13.01,10,302.32,3,0,0,0,0,0,0,0,0,0,0,0,1,0,1,0,0,0,1,0,0,0,0,0,0,0,0,0,1,0,0,1
22,0,41.083464,-121.107929,595,1,22,35.04,76,69.5,1498.2,49.57,0,770.88,2,0,1,0,1,0,1,0,0,0,0,0,1,0,1,1,0,0,0,1,0,0,1,1,1,1,1,0,1,0,0,1
47,0,40.946785,-121.719489,4552,1,54,35.46,23,104.3,5278.15,11.45,0,1914.84,1,1,0,0,1,0,1,0,0,0,0,0,1,1,1,0,1,0,0,1,1,0,1,1,1,1,0,0,1,0,0,1
49,0,41.949216,-122.050062,1162,0,1,16.15,12,93.85,93.85,0.0,0,16.15,3,0,0,0,0,0,0,0,0,0,0,1,1,1,1,0,1,0,0,0,0,0,1,1,1,1,0,0,1,0,0,1
47,2,33.141265,-116.967221,48690,1,1,9.73,29,50.45,50.45,0.0,0,9.73,2,0,0,0,1,1,1,0,0,0,0,1,1,0,1,1,0,0,0,0,1,0,0,0,0,1,0,0,0,0,1,1
33,0,33.362575,-117.299644,42239,0,7,48.82,19,74.65,521.1,28.35,0,341.74,3,0,0,0,0,0,0,0,0,0,0,1,1,1,1,0,0,0,0,0,0,1,1,1,1,1,0,0,1,0,0,1
53,0,41.816595,-122.948287,482,0,12,12.75,24,94.2,1046.1,7.39,120,153.0,3,0,0,0,0,0,0,0,0,0,0,0,1,1,1,0,1,0,0,0,0,0,1,1,1,0,0,0,1,0,0,1
59,0,40.408796,-121.579609,124,2,54,8.83,21,106.55,5763.3,0.0,0,476.82,1,0,0,0,1,0,1,0,0,0,0,0,1,1,1,0,1,0,1,1,0,0,1,1,1,1,1,0,0,0,0,1
33,0,33.362575,-117.299644,42239,0,1,16.81,0,20.1,20.1,0.0,0,16.81,1,1,0,0,0,0,0,0,0,0,0,1,1,0,0,0,0,1,0,0,0,0,0,0,0,0,0,0,0,1,0,1
45,0,40.689243,-122.037023,829,0,23,38.81,28,83.8,1900.25,0.0,0,892.6300000000001,1,0,0,0,1,0,0,0,0,0,0,0,1,0,1,0,1,0,0,1,1,1,0,0,0,1,0,0,0,0,0,1
25,0,40.656287,-121.428965,182,0,3,22.77,51,55.15,159.15,0.0,0,68.31,2,1,1,0,0,0,0,0,0,0,0,1,1,0,1,1,0,0,0,0,0,0,1,0,1,1,0,0,0,1,0,1
46,0,40.759401,-122.939337,3749,0,31,34.38,20,78.45,2435.15,0.0,40,1065.78,1,1,0,0,0,0,0,0,0,0,0,0,1,0,1,0,1,0,0,1,0,1,0,0,0,0,0,0,1,0,0,1
39,0,40.637105,-121.906949,843,1,34,40.78,4,87.45,2874.15,0.0,0,1386.52,3,0,0,0,1,0,1,0,0,0,0,0,1,1,1,0,1,0,0,0,1,0,1,0,0,1,0,0,0,0,0,1
36,0,39.783747,-120.661032,1839,1,29,11.24,16,70.75,1974.8,0.0,0,325.96,1,1,0,0,1,0,1,0,0,0,0,0,1,0,1,0,1,0,0,0,0,0,0,0,0,1,0,0,1,0,0,1
31,0,41.280341,-120.150381,132,0,1,9.81,28,81.7,81.7,0.0,0,9.81,1,1,0,0,0,0,0,0,0,0,0,1,1,1,1,0,1,0,1,0,0,0,0,0,0,1,0,0,1,0,0,1
37,0,41.932207,-120.135941,231,0,33,28.84,23,68.25,2171.15,0.0,0,951.72,2,1,0,0,0,0,0,0,0,0,0,0,1,0,1,0,1,0,0,0,0,0,0,0,0,1,0,0,0,0,0,1
41,0,33.362575,-117.299644,42239,0,4,36.91,23,79.15,317.25,0.0,0,147.64,1,0,0,0,0,0,0,0,0,0,0,1,1,0,1,0,1,0,0,0,0,0,0,1,1,1,0,0,1,0,0,1
29,0,39.559709,-120.345639,227,1,19,5.93,51,100.95,1875.55,0.0,0,112.67,3,1,1,0,1,0,1,0,0,0,0,0,1,1,1,0,1,0,0,0,0,1,1,1,1,1,1,0,1,0,0,1
46,0,40.271535,-121.018087,4158,1,1,16.55,19,69.1,69.1,0.0,0,16.55,1,0,0,0,1,0,1,0,0,0,0,1,1,0,1,0,1,0,0,0,0,0,0,0,0,1,0,0,1,1,0,1
53,0,38.911577,-120.106169,33038,0,31,9.27,30,103.45,3066.45,0.0,0,287.37,3,1,0,0,0,0,0,0,0,0,0,0,1,1,1,0,1,0,0,1,1,0,1,1,1,1,1,0,1,0,0,1
31,0,32.957195,-117.202542,28201,0,4,30.95,26,77.95,305.55,0.0,0,123.8,2,0,0,0,0,0,0,0,0,0,0,0,1,1,1,0,1,0,0,1,0,0,0,0,0,1,0,0,0,0,0,1
46,0,34.028331,-118.354338,46984,0,10,0.0,30,29.5,255.25,0.0,40,0.0,3,1,0,0,0,0,0,0,0,0,1,0,0,0,1,1,0,0,0,0,1,0,0,0,0,0,0,0,0,1,0,1
64,0,34.052842,-118.264495,20692,0,2,26.93,10,70.75,146.9,0.0,0,53.86,1,0,0,0,0,0,0,0,0,0,0,0,1,0,1,1,0,0,1,0,0,0,1,1,1,1,0,0,1,0,0,1
19,0,34.017697,-118.200577,47487,0,4,6.91,53,85.65,338.9,0.0,0,27.64,1,1,1,0,0,0,0,0,0,0,0,0,1,1,1,0,1,0,0,0,0,0,0,1,1,1,0,0,1,0,0,1
39,0,34.085807,-118.206617,38415,0,1,48.22,21,46.3,46.3,0.0,0,48.22,1,1,0,0,0,0,0,0,0,0,0,0,1,0,1,1,0,0,0,0,0,0,0,0,0,1,0,0,0,1,0,1
63,0,34.050198,-118.210946,49431,0,41,10.43,22,106.3,4443.45,0.0,130,427.63,2,0,0,0,0,0,0,0,0,0,0,0,1,1,1,0,1,0,0,1,1,0,1,1,1,0,0,0,1,0,0,1
36,0,34.002642,-118.287596,56709,0,12,17.46,9,89.4,1095.65,0.0,0,209.52,1,0,0,0,0,0,0,0,0,0,1,0,1,0,1,0,1,0,0,0,1,1,0,1,1,1,0,0,1,0,0,1
28,0,33.988543,-118.334081,44764,0,10,29.24,85,74.15,811.8,0.0,0,292.4,1,1,1,0,0,0,0,0,0,0,1,0,1,1,1,0,1,0,0,0,0,0,0,0,1,1,0,0,1,1,0,1
43,0,34.072945,-118.37267,21739,1,11,31.08,26,99.5,1056.95,0.0,0,341.88,3,0,0,0,1,0,1,0,0,0,1,0,1,1,1,0,1,0,0,0,1,0,1,1,1,1,0,0,1,0,0,1
44,0,34.091829,-118.491244,33523,0,1,8.77,10,44.15,44.15,0.0,0,8.77,1,1,0,0,0,0,0,0,0,0,0,0,1,0,1,1,0,0,0,0,0,0,0,0,0,1,0,0,1,1,0,1
36,0,33.987945,-118.370442,8115,0,16,6.86,8,53.9,834.15,0.0,40,109.76,3,0,0,0,0,0,0,0,0,0,1,0,1,0,1,1,0,0,0,1,0,1,0,0,0,0,0,0,1,1,0,1
22,0,34.061918,-118.277939,44004,0,1,31.03,27,85.45,85.45,0.0,0,31.03,1,0,1,0,0,0,0,0,0,0,0,0,1,1,1,0,1,0,0,0,0,0,0,1,1,1,0,0,1,1,0,1
36,1,34.003553,-118.308933,29299,1,4,12.88,22,50.85,239.55,0.0,0,51.52,1,0,0,0,1,1,1,0,0,0,0,0,1,1,1,0,0,0,0,0,0,0,0,0,0,1,0,0,0,1,0,1
40,3,34.044271,-118.185237,55668,0,1,13.58,24,59.2,59.2,0.0,0,13.58,1,0,0,0,0,1,0,0,0,0,0,0,1,0,1,1,0,0,0,0,1,0,0,1,1,1,0,0,0,0,0,1
42,0,34.002028,-118.430656,55204,0,13,35.4,18,83.2,1060.6,0.0,0,460.2,2,1,0,0,0,0,0,0,0,0,1,0,1,0,1,0,1,0,0,0,1,0,1,0,0,1,0,0,1,0,0,1
19,0,34.137411,-118.328915,21728,0,1,44.36,58,54.9,54.9,0.0,0,44.36,1,0,1,0,0,0,0,0,0,0,0,0,1,0,1,1,0,0,1,1,0,0,0,0,1,1,0,0,1,0,0,1
57,0,34.052917,-118.255178,21,1,21,1.21,16,103.9,2254.2,0.0,0,25.41,1,0,0,0,1,0,1,0,0,0,1,0,1,1,1,0,1,0,1,0,1,0,1,1,1,1,0,0,1,0,0,1
35,3,33.885811,-118.206459,51387,1,11,29.01,0,19.25,180.3,0.0,0,319.11,1,0,0,0,1,1,1,0,0,0,1,0,1,0,0,0,0,1,0,0,0,0,0,0,0,0,0,0,1,1,0,1
33,0,33.86532,-118.396336,18693,4,6,21.23,13,75.5,438.0,0.0,0,127.38,1,1,0,0,1,0,1,0,0,0,0,0,1,1,1,0,1,0,0,0,0,0,0,0,0,1,0,0,1,0,0,1
25,0,33.97803,-118.217141,78114,5,4,48.48,58,73.75,325.45,0.0,0,193.92,1,0,1,0,1,0,1,0,0,0,0,0,1,0,1,0,1,0,0,0,1,0,0,0,1,1,0,0,1,0,0,1
39,0,33.88856,-118.351813,33300,0,12,44.71,25,96.05,1148.1,0.0,0,536.52,1,1,0,0,0,0,0,0,0,0,1,0,1,1,1,0,0,0,0,0,0,0,1,1,1,1,0,0,1,0,0,1
30,0,33.975332,-118.355252,30779,0,4,48.32,51,88.95,355.2,0.0,40,193.28,1,0,0,0,0,0,0,0,0,0,0,0,1,1,1,0,1,0,0,1,0,0,0,1,1,0,0,0,1,0,0,1
42,0,34.031529,-118.491156,23559,0,4,9.81,30,50.7,151.3,0.0,0,39.24,3,0,0,0,0,0,0,0,0,0,0,0,1,0,1,1,0,0,0,1,0,0,0,0,0,1,0,0,0,1,0,1
23,0,34.005439,-118.477507,26099,0,3,47.68,82,53.4,188.7,0.0,0,143.04,2,1,1,0,0,0,0,0,0,0,0,0,1,0,1,1,0,0,0,0,0,0,1,0,1,1,0,0,0,1,0,1
42,0,33.807882,-118.347957,34873,1,68,44.24,5,83.0,5685.8,0.0,0,3008.32,1,0,0,0,1,0,1,0,0,0,0,0,1,1,1,0,1,0,0,0,0,0,1,0,0,1,1,0,1,0,0,1
47,2,33.874224,-117.993368,33528,0,1,11.86,13,50.6,50.6,0.0,0,11.86,1,1,0,0,0,1,0,0,0,0,0,0,1,0,1,0,0,0,1,0,0,0,0,0,0,1,0,0,0,1,0,1
55,0,33.850504,-118.039892,15505,0,10,12.78,2,89.5,863.1,0.0,0,127.8,3,1,0,0,0,0,0,0,0,0,1,0,1,0,1,0,1,0,0,0,0,0,1,1,1,1,0,0,1,0,0,1
50,0,33.940619,-117.9513,67354,0,1,22.86,25,69.8,69.8,0.0,10,22.86,2,1,0,0,0,0,0,0,0,0,0,0,1,0,1,0,1,0,0,0,0,0,0,0,0,0,0,0,1,0,0,1
44,0,33.933565,-118.062611,16271,1,24,34.62,23,101.05,2391.8,0.0,0,830.8799999999999,1,1,0,0,1,0,1,0,0,0,0,0,1,1,1,0,1,0,0,0,1,0,1,1,1,1,0,0,1,0,0,1
53,0,33.840524,-118.148403,30173,1,18,31.49,20,94.7,1687.95,0.0,0,566.8199999999999,1,1,0,0,1,0,1,0,0,0,1,0,1,1,1,0,1,0,0,0,0,0,1,1,1,1,0,0,1,0,0,1
44,1,33.719221,-118.073596,1107,4,4,27.24,21,61.45,229.55,0.0,0,108.96,2,1,0,0,1,1,1,0,0,0,0,0,1,0,1,1,0,0,0,0,0,1,0,1,1,1,0,0,0,1,0,1
20,0,33.783047,-118.1486,43467,0,1,7.15,48,90.55,90.55,0.0,0,7.15,1,1,1,0,0,0,0,0,0,0,0,1,1,0,1,0,1,0,0,0,0,0,1,1,1,1,0,0,1,0,0,1
58,0,33.830099,-118.182239,31556,0,26,38.09,22,88.8,2274.35,0.0,50,990.34,2,0,0,0,0,0,0,0,0,0,0,0,1,0,1,0,1,0,0,0,0,0,1,1,1,0,0,0,1,0,0,1
23,0,33.771612,-118.143866,19034,0,7,18.83,26,85.2,602.55,0.0,0,131.81,1,1,1,0,0,0,0,0,0,0,0,1,1,1,1,0,1,0,0,0,0,0,0,1,1,1,0,0,1,1,0,1
54,0,34.110444,-118.156957,23984,1,42,2.41,21,106.15,4512.7,0.0,0,101.22,1,1,0,0,1,0,1,0,0,0,0,0,1,1,1,0,1,0,0,0,1,1,1,1,1,1,0,0,1,0,0,1
36,0,34.13946,-118.166649,10253,0,4,39.9,20,45.3,196.95,0.0,0,159.6,2,0,0,0,0,0,0,0,0,0,0,1,1,0,1,0,0,0,0,0,0,0,0,0,0,1,0,0,1,1,0,1
37,0,34.153338,-118.262974,14493,0,2,2.96,15,73.25,131.05,0.0,0,5.92,1,1,0,0,0,0,0,0,0,0,0,0,1,1,1,0,1,0,0,0,0,0,0,0,0,1,0,0,1,1,0,1
47,1,34.195386,-118.238508,16910,1,8,3.85,20,51.05,415.05,0.0,0,30.8,1,1,0,0,1,1,1,0,0,0,0,1,1,0,1,1,0,0,0,0,1,0,0,0,0,1,0,0,1,0,0,1
63,0,34.19829,-118.602203,23519,1,9,14.21,5,85.35,754.65,0.0,50,127.89,3,0,0,0,1,0,1,0,0,0,0,1,1,1,1,0,1,0,0,0,0,0,1,0,0,0,0,0,1,0,0,1
63,0,34.294142,-118.603883,35325,0,43,34.0,11,75.2,3198.6,0.0,0,1462.0,1,1,0,0,0,0,0,0,0,0,0,0,1,0,1,0,1,0,1,0,0,0,0,0,0,1,0,0,1,0,0,1
54,0,34.150354,-118.518292,27614,0,1,15.51,0,20.9,20.9,0.0,0,15.51,3,0,0,0,0,0,0,0,0,0,0,1,1,0,0,0,0,1,0,0,0,0,0,0,0,0,0,0,0,1,0,1
23,0,34.43987,-118.644609,24977,0,3,48.84,41,43.3,123.65,0.0,0,146.52,3,1,1,0,0,0,0,0,0,0,0,1,1,0,1,1,0,0,0,0,0,0,0,0,1,1,0,0,1,0,0,1
38,0,34.157137,-118.548511,27424,1,70,39.63,26,109.5,7534.65,0.0,0,2774.1000000000004,2,1,0,0,1,0,1,0,0,0,0,0,1,0,1,0,1,0,1,1,1,1,1,1,1,1,1,0,1,0,0,1
63,0,33.362575,-117.299644,42239,1,1,44.73,3,74.6,74.6,0.0,0,44.73,1,1,0,0,1,0,1,0,0,0,0,1,1,1,1,0,1,0,0,0,0,0,0,0,0,1,0,0,1,0,0,1
35,0,34.147149,-118.463365,22085,0,16,5.74,0,19.7,342.4,0.0,0,91.84,1,1,0,0,0,0,0,0,0,0,1,0,1,0,0,0,0,1,0,0,0,0,0,0,0,0,0,0,1,1,0,1
25,0,34.146957,-118.432138,29387,0,15,36.34,48,59.45,892.65,0.0,0,545.1,1,0,1,0,0,0,0,0,0,0,1,0,1,0,1,1,0,0,0,0,1,0,0,1,1,1,0,0,1,0,0,1
23,0,34.188339,-118.300942,18112,0,46,43.04,71,105.2,4822.85,0.0,0,1979.84,2,0,1,0,0,0,0,0,0,0,0,0,1,0,1,0,1,0,1,1,0,1,1,1,1,1,1,0,1,0,0,1
59,0,34.099869,-118.326843,30568,0,8,35.53,5,45.15,438.4,0.0,0,284.24,2,1,0,0,0,0,0,0,0,0,0,0,1,0,1,0,0,0,0,0,0,0,0,0,0,1,0,0,1,1,0,1
62,0,34.165783,-118.399795,27453,1,31,2.12,17,93.8,3019.5,0.0,50,65.72,1,1,0,0,1,0,1,0,0,0,0,0,1,1,1,0,1,0,0,1,1,0,1,0,0,0,0,0,0,0,0,1
45,0,34.127621,-117.717863,34716,0,32,25.21,26,96.2,3183.4,0.0,0,806.72,3,1,0,0,0,0,0,0,0,0,0,0,1,0,1,0,1,0,0,0,0,1,1,1,1,1,0,0,1,0,0,1
20,0,34.097345,-117.906736,33817,0,1,21.72,52,79.6,79.6,0.0,0,21.72,2,0,1,0,0,0,0,0,0,0,0,1,1,0,1,0,1,0,0,0,0,0,0,1,1,1,0,0,1,0,0,1
49,0,34.079934,-118.046695,30211,0,20,1.36,25,85.25,1734.5,0.0,0,27.200000000000003,2,1,0,0,0,0,0,0,0,0,1,0,1,1,1,0,1,0,0,0,0,0,1,0,0,1,0,0,1,0,0,1
34,0,34.14649,-117.849815,24973,0,26,24.16,22,80.5,2088.8,0.0,0,628.16,3,1,0,0,0,0,0,0,0,0,0,0,1,1,1,0,1,0,0,0,0,1,0,0,0,1,0,0,1,0,0,1
61,0,33.976753,-117.897367,46342,0,1,43.03,3,50.75,50.75,0.0,0,43.03,2,1,0,0,0,0,0,0,0,0,0,1,1,0,1,1,0,0,0,1,0,0,0,0,0,1,0,0,1,0,0,1
57,0,33.999992,-117.535395,18980,1,14,7.62,3,89.65,1208.35,0.0,120,106.68,1,0,0,0,1,0,1,0,0,0,1,0,1,0,1,0,1,0,0,1,0,1,0,1,1,0,0,0,1,1,0,1
25,0,34.083086,-117.737997,46626,0,36,26.51,85,65.4,2498.4,0.0,0,954.36,1,1,1,0,0,0,0,0,0,0,0,0,1,0,1,0,0,0,0,1,0,1,0,1,1,1,1,0,1,1,0,1
50,2,34.102119,-117.815532,33878,0,9,35.49,11,72.9,651.4,0.0,0,319.41,1,0,0,0,0,1,0,0,0,0,0,0,1,0,1,0,0,0,0,0,1,1,1,1,1,1,0,0,1,1,0,1
25,0,34.018354,-117.85492,45118,0,5,0.0,59,40.0,223.45,0.0,0,0.0,1,1,1,0,0,0,0,0,0,0,0,0,0,0,1,0,0,0,1,0,1,1,0,0,1,1,0,0,0,1,0,1
40,0,34.074736,-118.145959,30635,0,2,36.81,16,86.25,181.65,0.0,0,73.62,2,0,0,0,0,0,0,0,0,0,0,0,1,0,1,0,1,0,1,1,0,1,0,0,0,1,0,0,1,0,0,1
43,0,32.827184,-116.703729,16486,0,1,36.99,22,45.65,45.65,0.0,0,36.99,2,0,0,0,0,0,0,0,0,0,0,0,1,0,1,0,0,0,0,0,0,0,0,0,0,1,0,0,1,0,0,1
30,0,32.67117,-117.00232,17389,0,8,13.04,85,70.1,551.35,0.0,10,104.32,1,1,0,0,0,0,0,0,0,0,0,0,1,0,1,0,1,0,0,0,0,0,0,0,0,0,0,0,1,1,0,1
19,0,32.636792,-117.054989,74025,0,3,1.24,52,55.35,165.2,0.0,0,3.72,2,0,1,0,0,0,0,0,0,0,0,0,1,0,1,1,0,0,1,1,0,0,0,0,1,1,0,0,0,0,0,1
34,0,32.857946,-116.561917,796,0,2,19.52,16,45.85,81.0,0.0,0,39.04,1,1,0,0,0,0,0,0,0,0,0,0,1,0,1,0,0,0,0,0,0,0,0,0,0,1,0,0,0,1,0,1
64,0,32.782501,-117.01611,24005,0,39,36.17,5,75.25,3017.65,0.0,0,1410.63,3,1,0,0,0,0,0,0,0,1,0,0,1,1,1,0,1,0,0,0,0,0,0,0,0,1,0,0,0,0,0,1
24,0,32.830852,-116.444601,81,0,12,30.54,47,100.15,1164.3,0.0,0,366.48,2,0,1,0,0,0,0,0,0,0,1,0,1,1,1,0,1,0,0,0,1,0,1,1,1,1,0,0,1,0,0,1
53,3,33.098018,-117.258203,43161,0,2,0.0,52,24.4,36.55,0.0,0,0.0,3,0,0,0,1,1,0,0,0,0,0,0,0,0,1,1,0,0,0,0,0,0,0,0,0,1,0,0,1,1,0,1
36,0,33.362575,-117.299644,42239,0,4,2.01,0,20.95,85.5,0.0,0,8.04,1,0,0,0,0,0,0,0,0,0,0,0,1,0,0,0,0,1,0,0,0,0,0,0,0,0,0,0,0,0,0,1
37,0,33.254497,-117.285879,46893,0,9,8.91,0,20.25,178.5,0.0,0,80.19,1,1,0,0,0,0,0,0,0,0,0,0,1,0,0,0,0,1,0,0,0,0,0,0,0,0,0,0,0,1,0,1
38,0,32.774046,-117.142454,11650,0,9,15.62,2,45.15,416.45,0.0,0,140.57999999999998,1,0,0,0,0,0,0,0,0,0,0,0,1,0,1,1,0,0,0,0,0,0,0,0,0,1,0,0,0,0,0,1
59,0,32.697098,-117.116587,47431,1,50,35.33,17,84.4,4116.15,0.0,0,1766.5,1,0,0,0,1,0,1,0,0,0,0,0,1,1,1,0,1,0,0,0,0,0,1,0,0,1,0,0,1,0,0,1
36,0,32.68674,-117.186612,24093,0,1,5.94,8,75.1,75.1,0.0,0,5.94,2,0,0,0,0,0,0,0,0,0,0,0,1,1,1,0,1,0,0,0,0,0,0,0,0,1,0,0,1,0,0,1
50,0,32.802959,-117.027095,21866,1,54,42.1,12,70.15,3715.65,0.0,0,2273.4,3,0,0,0,1,0,1,0,0,0,0,0,1,1,1,1,0,0,0,0,0,0,1,1,1,1,1,0,1,1,0,1
64,0,32.807867,-117.060993,25569,0,42,18.79,16,101.75,4273.45,0.0,0,789.18,2,1,0,0,0,0,0,0,0,0,0,0,1,1,1,0,1,0,0,1,0,0,1,1,1,1,0,0,1,0,0,1
41,0,32.898613,-117.202937,4258,0,1,22.11,18,45.8,45.8,0.0,10,22.11,1,0,0,0,0,0,0,0,0,0,0,1,1,0,1,1,0,0,0,0,0,0,0,0,0,0,0,0,0,0,0,1
63,0,33.017518,-117.118456,20046,0,1,40.83,0,20.1,20.1,0.0,0,40.83,3,1,0,0,0,0,0,0,0,0,0,1,1,0,0,0,0,1,0,0,0,0,0,0,0,0,0,0,1,1,0,1
64,0,33.000269,-117.072093,42733,2,9,0.0,26,40.65,328.95,0.0,0,0.0,1,1,0,0,1,0,1,0,0,0,0,1,0,0,1,1,0,0,0,0,0,1,1,0,0,1,0,0,0,0,1,1
62,0,32.957195,-117.202542,28201,0,1,38.66,18,69.1,69.1,0.0,0,38.66,1,1,0,0,0,0,0,0,0,0,0,1,1,0,1,0,1,0,0,0,0,0,0,0,0,1,0,0,1,0,0,1
25,0,32.555828,-117.040073,28488,0,13,6.03,48,75.0,999.45,0.0,0,78.39,2,0,1,0,0,0,0,0,0,0,1,0,1,1,1,0,1,0,0,0,0,0,0,0,1,1,0,0,1,0,1,1
56,0,33.713891,-116.237257,56307,1,19,43.95,20,100.0,1888.65,0.0,0,835.0500000000001,2,1,0,0,1,0,1,0,0,0,0,0,1,0,1,0,1,0,0,1,0,1,1,1,1,1,1,0,0,0,0,1
25,0,33.762759,-116.324817,19702,0,24,0.0,52,54.15,1240.25,0.0,0,0.0,1,0,1,0,0,0,0,0,0,1,0,0,0,0,1,1,0,0,0,1,1,0,1,1,1,1,0,0,1,1,0,1
59,0,33.03933,-115.191857,23394,1,67,32.15,28,108.75,7156.2,0.0,0,2154.05,1,0,0,0,1,0,1,0,0,0,0,0,1,1,1,0,1,0,1,0,1,1,1,1,1,1,0,1,1,1,0,1
59,0,32.690654,-115.431225,27804,1,6,6.94,28,49.15,270.8,0.0,0,41.64,1,0,0,0,1,0,1,0,0,0,0,1,1,0,1,1,0,0,0,0,0,1,0,0,0,1,0,0,1,0,0,1
30,3,33.889605,-115.257009,964,0,20,22.78,0,19.4,374.5,0.0,0,455.6,2,1,0,0,0,1,0,0,0,0,0,0,1,0,0,0,0,1,0,0,0,0,0,0,0,0,0,0,1,0,0,1
36,0,33.839989,-116.659215,24924,1,11,7.89,10,102.0,1145.35,0.0,0,86.78999999999999,1,0,0,0,1,0,1,0,0,0,0,0,1,1,1,0,1,0,0,1,0,0,1,1,1,1,0,0,1,0,0,1
60,0,33.763678,-116.429928,12465,0,2,24.71,0,20.65,38.7,0.0,0,49.42,2,0,0,0,0,0,0,0,0,0,0,1,1,0,0,0,0,1,0,0,0,0,0,0,0,0,0,0,0,0,1,1
23,0,33.849263,-116.382778,6242,0,1,30.6,27,70.8,70.8,0.0,0,30.6,3,0,1,0,0,0,0,0,0,0,0,1,1,0,1,0,1,0,0,0,0,0,0,0,1,1,0,0,1,0,1,1
37,0,33.141265,-116.967221,48690,0,16,11.96,18,89.05,1448.6,0.0,0,191.36,3,1,0,0,0,0,0,0,0,0,0,0,1,1,1,0,1,0,0,0,0,1,0,1,1,1,0,0,1,1,0,1
48,0,34.457829,-116.139589,14104,0,3,9.95,13,96.6,291.9,0.0,0,29.85,1,0,0,0,0,0,0,0,0,0,0,1,1,1,1,0,1,0,0,0,0,0,1,1,1,1,0,0,1,0,0,1
47,0,33.972293,-116.654195,805,1,57,40.13,25,104.5,5921.35,0.0,0,2287.4100000000003,1,0,0,0,1,0,1,0,0,0,0,0,1,1,1,0,1,0,0,1,1,0,1,1,1,1,0,0,1,1,0,1
54,0,33.362575,-117.299644,42239,0,5,37.1,2,50.6,249.95,0.0,20,185.5,2,0,0,0,0,0,0,0,0,0,0,1,1,1,1,0,0,0,0,0,0,0,0,0,0,0,0,0,1,0,1,1
40,1,34.278967,-116.773825,9899,0,4,26.04,27,49.35,219.65,0.0,0,104.16,1,1,0,0,0,1,0,0,0,0,0,1,1,0,1,1,0,0,1,0,0,0,0,0,0,1,0,0,0,0,0,1
22,0,34.059722,-117.39104,25995,0,7,12.05,69,94.25,669.0,0.0,0,84.35000000000001,3,1,1,0,0,0,0,0,0,0,0,1,1,0,1,0,1,0,0,1,0,0,1,1,1,1,0,0,1,0,0,1
64,0,33.982787,-117.057627,7334,1,1,21.65,13,68.95,68.95,0.0,0,21.65,2,0,0,0,1,0,1,0,0,0,0,1,1,0,1,0,1,0,0,0,0,0,0,0,0,1,0,0,1,0,0,1
62,0,34.136367,-117.460803,54586,0,4,42.44,29,76.05,318.9,0.0,0,169.76,1,1,0,0,0,0,0,0,0,0,0,0,1,1,1,0,1,0,0,0,0,0,0,0,0,1,0,0,1,0,0,1
44,0,34.049671,-117.468896,29847,0,1,0.0,2,24.45,24.45,0.0,0,0.0,3,1,0,0,0,0,0,0,0,0,0,0,0,0,1,0,0,0,0,0,0,0,0,0,0,1,0,0,1,0,1,1
35,0,34.244411,-117.072654,317,0,7,36.84,17,89.35,631.85,0.0,60,257.88,1,1,0,0,0,0,0,0,0,0,0,0,1,1,1,0,1,0,0,0,1,0,1,0,0,0,0,0,1,1,0,1
60,0,34.983808,-117.239306,1933,3,4,32.43,13,80.35,307.4,0.0,0,129.72,1,1,0,0,1,0,1,0,0,0,0,0,1,0,1,0,1,0,0,0,0,0,1,0,0,1,0,0,1,0,0,1
24,0,33.507255,-117.029473,46171,0,1,31.34,52,79.05,79.05,0.0,0,31.34,1,1,1,0,0,0,0,0,0,0,0,0,1,0,1,0,1,0,0,0,0,0,1,0,1,1,0,0,1,0,0,1
42,0,34.647959,-117.296957,909,1,1,12.04,5,95.0,95.0,0.0,0,12.04,1,1,0,0,1,0,1,0,0,0,0,0,1,0,1,0,0,0,1,0,0,0,1,1,1,1,0,0,1,0,0,1
29,0,34.441123,-117.537886,12463,0,1,0.0,73,25.2,25.2,0.0,0,0.0,2,0,1,0,0,0,0,0,0,0,0,0,0,0,1,1,0,0,0,0,0,0,0,0,1,1,0,0,0,0,1,1
34,0,34.105935,-117.2914,1779,1,54,42.09,9,109.75,6110.2,0.0,0,2272.86,2,1,0,0,1,0,1,0,0,0,0,0,1,0,1,0,1,0,1,1,1,1,1,1,1,1,0,1,0,0,0,1
56,0,34.142747,-117.300864,24644,0,2,15.79,0,19.3,28.3,0.0,0,31.58,3,1,0,0,0,0,0,0,0,0,0,0,1,0,0,0,0,1,0,0,0,0,0,0,0,0,1,0,0,1,0,1
33,0,33.890046,-117.455583,71678,0,15,9.71,26,49.1,679.55,0.0,0,145.65,1,0,0,0,0,0,0,0,0,0,0,0,1,1,1,1,0,0,0,0,0,0,0,0,0,1,0,0,1,0,0,1
29,0,33.930931,-117.361788,42425,0,31,31.14,52,65.25,1994.3,0.0,120,965.34,1,0,1,0,0,0,0,0,0,1,0,0,1,1,1,0,0,0,1,0,1,1,0,0,0,0,0,0,0,1,0,1
46,0,33.888323,-117.277533,1005,9,61,26.94,11,94.1,5638.3,0.0,0,1643.34,3,1,0,0,1,0,1,0,1,0,0,0,1,1,1,0,1,0,0,1,0,1,1,0,0,1,0,1,1,0,0,1
51,0,33.527605,-116.666551,3745,2,24,3.0,15,104.65,2542.45,0.0,0,72.0,3,1,0,0,1,0,1,0,0,1,0,0,1,1,1,0,1,0,0,1,1,0,1,1,1,1,0,0,1,0,0,1
44,0,33.907361,-117.109972,12743,0,3,35.54,27,74.25,210.3,0.0,0,106.62,3,0,0,0,0,0,0,0,0,0,0,0,1,1,1,0,1,0,0,0,0,0,0,0,0,1,0,0,1,0,0,1
57,0,33.540604,-117.10909,25655,1,4,28.22,10,100.2,420.2,0.0,0,112.88,2,1,0,0,1,0,1,0,0,0,0,0,1,1,1,0,1,0,0,1,0,0,1,1,1,1,0,0,1,0,0,1
46,0,33.720359,-117.733655,2762,1,57,36.65,7,70.1,3913.3,0.0,0,2089.05,1,0,0,0,1,0,1,0,1,0,0,0,1,0,1,1,0,0,1,0,0,0,1,1,1,1,1,0,1,0,0,1
29,0,33.698728,-117.67768,10936,0,4,43.45,52,105.65,443.9,0.0,0,173.8,2,0,1,0,0,0,0,0,0,0,0,0,1,0,1,0,1,0,0,1,1,1,1,1,1,1,1,0,1,0,0,1
27,0,33.678591,-117.905471,48207,0,35,8.8,46,85.95,3110.1,0.0,0,308.0,1,0,1,0,0,0,0,0,0,1,0,0,1,1,1,0,0,0,1,0,1,1,1,1,1,0,1,0,1,1,0,1
50,0,33.645672,-117.922613,62069,0,4,33.65,30,73.9,280.85,0.0,0,134.6,1,1,0,0,0,0,0,0,0,0,0,1,1,0,1,0,1,0,0,0,1,0,0,0,0,1,0,0,1,0,0,1
39,0,33.723579,-118.005441,58764,1,58,27.99,24,109.45,6144.55,0.0,0,1623.4199999999998,1,0,0,0,1,0,1,0,1,0,0,0,1,1,1,0,1,0,1,1,1,0,1,1,1,1,0,1,1,0,0,1
21,0,33.782346,-117.635263,1859,0,30,11.73,82,100.2,2983.8,0.0,0,351.90000000000003,1,0,1,0,0,0,0,0,0,1,0,0,1,1,1,0,1,0,0,1,0,0,1,1,1,1,0,0,1,0,0,1
32,0,33.624654,-117.611733,42193,1,21,5.07,26,74.05,1565.7,0.0,0,106.47,3,0,0,0,1,0,1,0,0,0,0,0,1,0,1,0,1,0,0,1,0,0,0,0,0,1,0,0,1,0,0,1
57,0,33.569186,-117.640055,350,0,3,21.86,6,101.55,298.35,0.0,0,65.58,3,1,0,0,0,0,0,0,0,0,0,1,1,1,1,0,1,0,0,0,1,0,1,1,1,1,0,0,1,0,0,1
30,0,33.714829,-117.872941,62634,1,21,0.0,69,55.95,1157.05,0.0,10,0.0,1,0,0,0,1,0,1,0,0,0,0,0,0,0,1,0,0,0,1,0,1,0,1,1,1,0,1,0,1,0,0,1
36,0,33.735802,-117.818805,55062,0,1,24.24,28,45.75,45.75,0.0,0,24.24,1,1,0,0,0,0,0,0,0,0,0,0,1,0,1,1,0,0,0,0,0,0,0,0,0,1,0,0,0,0,0,1
41,0,33.850452,-117.726668,19629,0,11,25.24,29,74.95,815.5,0.0,0,277.64,1,1,0,0,0,0,0,0,0,0,0,0,1,0,1,0,1,0,0,1,0,0,0,0,0,1,0,0,0,0,0,1
53,0,33.930199,-117.862898,34055,0,1,4.67,11,80.15,80.15,0.0,0,4.67,1,0,0,0,0,0,0,0,0,0,0,1,1,0,1,0,1,0,0,0,0,0,0,1,1,1,0,0,0,1,0,1
57,0,33.879983,-117.895482,34592,1,72,31.13,11,109.25,8109.8,0.0,0,2241.36,1,0,0,0,1,0,1,0,0,0,0,0,1,1,1,0,1,0,0,1,1,1,1,1,1,1,1,0,1,0,0,1
20,0,33.792791,-117.789749,37916,0,3,0.0,30,35.2,108.95,0.0,0,0.0,1,0,1,0,0,0,0,0,0,0,0,1,0,0,1,1,0,0,0,0,0,0,1,0,0,1,0,0,0,1,0,1
55,0,33.881158,-117.854783,48170,1,1,28.04,30,78.8,78.8,0.0,0,28.04,3,0,0,0,1,0,1,0,0,0,0,1,1,0,1,0,1,0,0,0,0,0,1,0,0,1,0,0,0,0,0,1
42,0,33.819385,-117.600213,60294,0,47,35.97,25,106.4,5127.95,0.0,0,1690.59,1,0,0,0,0,0,0,0,1,0,0,0,1,1,1,0,1,0,0,1,1,0,1,1,1,0,0,0,1,0,0,1
31,0,33.762351,-117.488725,13188,0,18,20.86,3,49.4,874.8,0.0,0,375.48,1,1,0,0,0,0,0,0,0,0,0,0,1,0,1,1,0,0,1,0,0,0,0,0,0,1,0,0,0,0,0,1
63,0,34.205504,-118.993111,24945,1,20,49.69,10,90.2,1776.55,0.0,0,993.8,1,1,0,0,1,0,1,0,0,0,0,0,1,0,1,0,1,0,0,0,0,0,1,1,1,1,0,0,1,0,0,1
42,0,34.441398,-119.513163,17409,0,6,43.8,5,93.55,536.4,0.0,0,262.79999999999995,2,0,0,0,0,0,0,0,0,0,0,1,1,1,1,0,1,0,0,0,0,0,1,1,1,1,0,0,1,0,0,1
64,0,34.581308,-118.931948,21633,0,1,14.91,21,80.85,80.85,0.0,0,14.91,1,1,0,0,0,0,0,0,0,0,0,0,1,0,1,0,1,0,0,0,0,0,0,1,1,1,0,0,1,1,0,1
41,0,34.223244,-119.18012,79736,1,48,23.95,30,82.05,4029.95,0.0,0,1149.6,2,0,0,0,1,0,1,0,1,0,0,0,1,1,1,0,1,0,0,0,0,0,0,1,1,1,1,0,1,0,1,1
41,0,34.432843,-118.730106,1459,1,3,37.61,0,20.55,51.15,0.0,0,112.83,1,1,0,0,1,0,1,0,0,0,0,1,1,0,0,0,0,1,0,0,0,0,0,0,0,0,0,0,1,1,0,1
41,0,34.437945,-119.77191,15757,0,1,46.09,10,78.65,78.65,0.0,0,46.09,1,0,0,0,0,0,0,0,0,0,0,1,1,0,1,0,1,0,0,0,0,0,0,1,1,1,0,0,0,0,0,1
47,0,35.869626,-119.498771,1054,0,1,4.02,11,42.9,42.9,0.0,0,4.02,1,1,0,0,0,0,0,0,0,0,0,1,1,0,1,0,0,0,0,0,0,0,0,0,0,1,0,0,1,0,0,1
26,0,35.916943,-120.129921,14697,0,3,0.0,52,34.25,139.35,0.0,0,0.0,1,0,1,0,0,0,0,0,0,0,0,1,0,0,1,0,0,0,1,0,0,1,0,0,0,1,0,0,0,0,1,1
30,0,35.523991,-118.400432,1954,0,9,0.0,48,58.5,539.85,0.0,0,0.0,1,0,0,0,0,0,0,0,0,0,0,1,0,0,1,0,0,0,1,0,1,1,1,1,1,1,0,0,0,0,1,1
23,0,34.907911,-119.234281,1526,1,6,27.44,58,105.3,545.2,0.0,0,164.64,1,0,1,0,1,0,1,0,0,0,0,1,1,1,1,0,1,0,0,1,1,0,1,1,1,1,0,0,1,0,0,1
32,0,35.215731,-119.57013,626,1,16,17.96,30,73.85,1284.2,0.0,0,287.36,1,1,0,0,1,0,1,0,0,0,0,0,1,1,1,0,1,0,0,0,0,0,0,0,0,1,0,0,1,0,0,1
61,0,36.303666,-119.825657,30419,0,25,19.75,0,24.75,692.1,0.0,0,493.75,3,0,0,0,0,0,0,0,0,1,0,0,1,1,0,0,0,1,0,0,0,0,0,0,0,0,0,1,0,1,0,1
31,0,33.507255,-117.029473,46171,0,4,0.0,9,24.45,86.6,0.0,0,0.0,1,0,0,0,0,0,0,0,0,0,0,1,0,0,1,1,0,0,0,0,0,0,0,0,0,1,0,0,1,0,0,1
33,0,36.008958,-118.891593,65566,0,28,30.48,13,105.7,2979.5,0.0,80,853.44,3,1,0,0,0,0,0,0,0,1,0,0,1,1,1,0,1,0,0,1,1,0,1,1,1,0,0,0,1,0,0,1
64,0,36.527243,-118.594938,56,0,1,0.0,7,24.25,24.25,0.0,0,0.0,1,1,0,0,0,0,0,0,0,0,0,1,0,0,1,1,0,0,0,0,0,0,0,0,0,1,0,0,1,0,0,1
48,0,36.141319,-119.129075,5689,0,11,15.6,4,76.5,837.95,0.0,0,171.6,3,0,0,0,0,0,0,0,0,0,0,0,1,1,1,0,1,0,0,0,0,0,0,0,0,1,0,0,1,0,0,1
47,0,33.507255,-117.029473,46171,0,4,7.39,4,93.5,362.2,0.0,0,29.56,2,0,0,0,0,0,0,0,0,0,0,1,1,1,1,0,1,0,0,1,0,1,0,1,1,1,0,0,1,0,0,1
60,0,35.652242,-119.4464,22760,0,28,44.28,5,74.9,2068.55,0.0,0,1239.84,1,1,0,0,0,0,0,0,0,1,0,0,1,0,1,0,1,0,1,0,0,0,0,0,0,1,0,0,1,0,0,1
21,0,35.449881,-118.841442,53481,0,1,20.26,0,24.05,24.05,0.0,0,20.26,2,1,1,0,0,0,0,0,0,0,0,0,1,1,0,0,0,1,0,0,0,0,0,0,0,0,0,0,1,0,1,1
36,0,35.233745,-120.626442,27047,0,1,30.96,5,50.55,50.55,0.0,0,30.96,1,0,0,0,0,0,0,0,0,0,0,0,1,0,1,1,0,0,0,1,0,0,0,0,0,1,0,0,0,0,0,1
56,0,34.631362,-120.238218,4644,0,14,36.97,27,100.55,1415.55,0.0,0,517.5799999999999,2,1,0,0,0,0,0,0,0,0,0,0,1,1,1,0,1,0,0,1,0,0,1,1,1,1,0,0,1,0,0,1
47,3,34.866032,-120.536546,210,0,1,34.57,0,20.5,20.5,0.0,0,34.57,1,0,0,0,1,1,0,0,0,0,0,0,1,0,0,0,0,1,0,0,0,0,0,0,0,0,0,0,1,0,1,1
51,0,34.936,-120.594655,5726,0,4,7.26,29,74.8,321.9,0.0,0,29.04,1,1,0,0,0,0,0,0,0,0,0,0,1,0,1,0,1,0,0,0,1,0,0,0,0,1,0,0,1,0,0,1
44,0,34.757477,-120.550507,6165,1,20,0.0,10,24.45,482.8,0.0,0,0.0,3,0,0,0,1,0,1,0,0,0,0,0,0,0,1,1,0,0,0,0,0,0,0,0,0,1,0,0,1,0,0,1
27,0,35.536115,-120.739231,7918,0,14,36.25,52,71.0,914.0,0.0,0,507.5,1,0,1,0,0,0,0,0,0,0,0,0,1,0,1,0,1,0,0,0,0,0,0,0,0,1,0,0,1,1,0,1
56,0,34.966777,-117.961179,7685,0,3,0.0,25,50.6,155.35,0.0,0,0.0,1,0,0,0,0,0,0,0,0,0,0,0,0,0,1,0,0,0,0,1,0,0,1,1,1,1,0,0,1,0,0,1
64,0,33.507255,-117.029473,46171,1,40,2.03,19,84.85,3303.05,0.0,0,81.19999999999999,2,0,0,0,1,0,1,0,1,0,0,0,1,1,1,0,1,0,0,0,1,1,0,0,0,1,0,0,1,0,0,1
21,2,35.363339,-117.637641,207,1,2,27.27,51,65.7,134.35,0.0,0,54.54,1,0,1,0,1,1,1,0,0,0,0,0,1,0,1,1,0,0,0,0,0,0,1,1,1,1,0,0,0,1,0,1
53,0,35.214982,-118.59049,1436,0,1,41.39,3,70.5,70.5,0.0,0,41.39,2,0,0,0,0,0,0,0,0,0,0,0,1,0,1,0,1,0,0,0,0,0,0,0,0,1,0,0,0,0,0,1
34,0,34.659579,-118.584212,2771,0,10,43.26,21,94.85,953.45,0.0,0,432.6,3,0,0,0,0,0,0,0,0,0,0,0,1,1,1,0,1,0,0,1,1,0,0,1,1,1,0,0,1,0,0,1
21,0,34.712708,-117.889656,57794,0,1,29.33,0,19.75,19.75,0.0,0,29.33,3,1,1,0,0,0,0,0,0,0,0,0,1,0,0,0,0,1,0,0,0,0,0,0,0,0,0,0,0,1,0,1
42,1,34.536232,-118.082935,67232,1,14,45.6,19,65.45,937.6,0.0,0,638.4,1,1,0,0,1,1,1,0,0,0,0,0,1,0,1,0,0,0,1,1,0,0,1,0,0,1,0,0,1,0,0,1
49,0,33.507255,-117.029473,46171,1,22,19.8,17,67.5,1544.05,0.0,0,435.6,1,1,0,0,1,0,1,0,0,0,0,0,1,0,1,0,0,0,1,0,1,1,1,0,0,1,1,0,1,0,0,1
25,0,33.507255,-117.029473,46171,0,1,14.19,59,69.6,69.6,0.0,0,14.19,1,0,1,0,0,0,0,0,0,0,0,0,1,0,1,0,1,0,0,0,0,0,0,0,1,1,0,0,1,0,0,1
61,0,34.39583,-117.734568,413,1,49,39.55,10,84.35,4059.35,0.0,0,1937.95,2,1,0,0,1,0,1,0,1,0,0,0,1,1,1,0,0,0,1,0,1,1,1,1,1,1,1,0,0,0,0,1
20,0,37.375816,-119.739935,1968,0,1,29.41,59,78.05,78.05,0.0,10,29.41,1,0,1,0,0,0,0,0,0,0,0,0,1,0,1,0,1,0,0,0,0,0,1,0,1,0,0,0,0,0,0,1
63,0,37.17277,-119.2997,273,0,7,38.07,28,73.6,520.0,0.0,0,266.49,1,1,0,0,0,0,0,0,0,0,0,0,1,1,1,0,1,0,0,0,0,0,0,0,0,1,0,0,0,0,0,1
55,0,36.798882,-120.019511,807,0,9,16.48,12,74.75,706.6,0.0,0,148.32,2,0,0,0,0,0,0,0,0,0,0,1,1,1,1,0,1,0,0,0,0,0,0,0,0,1,0,0,1,0,0,1
38,0,36.523619,-119.386868,24206,0,1,45.49,0,20.2,20.2,0.0,0,45.49,1,1,0,0,0,0,0,0,0,0,0,1,1,0,0,0,0,1,0,0,0,0,0,0,0,0,0,0,1,1,0,1
22,0,36.478239,-119.52137,14088,0,2,0.0,73,25.05,56.35,0.0,0,0.0,1,1,1,0,0,0,0,0,0,0,0,1,0,0,1,0,0,0,0,0,0,0,0,0,1,1,0,0,1,0,0,1
23,0,36.819628,-119.440414,28991,0,57,0.0,59,39.3,2111.45,0.0,80,0.0,1,1,1,0,0,0,0,0,1,0,0,0,0,0,1,1,0,0,0,1,0,0,1,0,1,0,0,0,1,0,0,1
64,0,37.223,-119.001021,642,0,1,10.71,0,20.25,20.25,0.0,0,10.71,2,0,0,0,0,0,0,0,0,0,0,1,1,0,0,0,0,1,0,0,0,0,0,0,0,0,0,0,1,1,0,1
30,0,36.959731,-120.653519,343,0,13,0.0,53,23.9,300.8,0.0,0,0.0,3,0,0,0,0,0,0,0,0,0,0,0,0,0,1,1,0,0,0,0,0,0,0,0,0,1,0,0,1,0,0,1
48,0,36.719141,-119.202677,3146,0,1,22.97,23,85.45,85.45,0.0,0,22.97,2,0,0,0,0,0,0,0,0,0,0,1,1,0,1,0,1,0,0,0,1,0,1,0,0,1,0,0,1,0,0,1
22,0,36.739385,-119.753649,47999,0,63,8.38,59,99.9,6137.0,0.0,0,527.94,3,0,1,0,0,0,0,0,1,0,0,0,1,1,1,0,1,0,0,1,0,0,1,1,1,1,1,0,0,0,0,1
64,0,36.78724,-119.827813,35451,0,25,8.31,22,84.8,2043.45,0.0,0,207.75,1,1,0,0,0,0,0,0,0,1,0,0,1,1,1,0,1,0,0,0,0,0,0,1,1,1,0,0,1,0,0,1
48,0,34.102119,-117.815532,33878,1,35,48.47,12,75.2,2576.2,0.0,0,1696.45,2,1,0,0,1,0,1,0,0,1,0,0,1,1,1,0,1,0,0,0,0,0,0,0,0,1,0,0,1,0,0,1
44,0,36.78979,-119.929894,60889,1,71,0.0,25,49.35,3515.25,0.0,100,0.0,1,1,0,0,1,0,1,0,0,0,0,0,0,0,1,0,0,0,0,1,0,0,1,1,1,0,0,1,0,0,0,1
49,0,36.64152,-121.622188,35739,0,6,6.32,11,74.9,469.8,0.0,0,37.92,1,1,0,0,0,0,0,0,0,0,0,0,1,1,1,0,1,0,0,0,0,0,0,0,0,1,0,0,1,0,0,1
43,0,36.689582,-121.758398,21759,0,15,16.82,26,101.25,1457.25,0.0,0,252.3,3,0,0,0,0,0,0,0,0,0,0,0,1,0,1,0,1,0,0,1,1,0,1,1,1,1,0,0,1,0,0,1
59,0,36.618337,-121.926417,15449,0,9,49.74,0,18.95,185.6,0.0,0,447.66,3,1,0,0,0,0,0,0,0,0,0,1,1,0,0,0,0,1,0,0,0,0,0,0,0,0,0,0,1,1,0,1
31,0,36.625114,-121.823565,38244,0,37,0.0,10,28.6,973.55,0.0,0,0.0,2,0,0,0,0,0,0,0,0,0,0,0,0,0,1,1,0,0,0,0,0,1,0,0,0,1,0,0,0,1,0,1
60,0,37.601248,-122.403099,20350,5,11,26.88,19,96.2,1222.05,0.0,0,295.68,1,0,0,0,1,0,1,0,0,0,0,0,1,1,1,0,1,0,1,0,0,1,1,0,0,1,0,0,1,1,0,1
21,0,37.410567,-122.297152,25569,1,55,10.61,76,104.15,5743.05,0.0,0,583.55,1,1,1,0,1,0,1,0,1,0,0,0,1,1,1,0,1,0,0,0,1,1,1,1,1,1,1,0,1,0,0,1
41,0,37.789168,-122.395009,2066,0,1,31.68,22,90.6,90.6,0.0,0,31.68,1,0,0,0,0,0,0,0,0,0,0,1,1,0,1,0,1,0,0,0,0,0,1,1,1,1,0,0,0,0,0,1
51,0,37.768881,-122.395521,17372,0,6,21.91,12,50.8,288.05,0.0,0,131.46,2,0,0,0,0,0,0,0,0,0,0,1,1,0,1,1,0,0,0,0,0,1,0,0,0,1,0,0,1,0,0,1
42,0,37.791998,-122.408653,13723,0,4,12.24,11,90.05,368.1,0.0,30,48.96,3,1,0,0,0,0,0,0,0,0,0,1,1,1,1,0,1,0,0,1,0,0,0,1,1,0,0,0,1,0,0,1
61,0,37.800254,-122.436975,22920,1,3,44.34,29,75.85,256.6,0.0,0,133.02,2,0,0,0,1,0,1,0,0,0,0,1,1,1,1,0,1,0,0,0,0,0,0,0,0,1,0,0,1,0,0,1
39,0,37.736535,-122.45732,20643,1,1,30.62,11,68.5,68.5,0.0,0,30.62,3,1,0,0,1,0,1,0,0,0,0,1,1,0,1,0,1,0,0,0,0,0,0,0,0,1,0,0,1,0,0,1
30,0,37.820894,-122.369725,1458,0,11,38.88,30,73.5,791.75,0.0,0,427.68,1,1,0,0,0,0,0,0,0,0,0,0,1,0,1,0,1,0,1,0,0,0,0,0,0,1,0,0,1,0,0,1
29,0,37.722302,-122.491129,26297,0,1,13.04,46,69.95,69.95,0.0,0,13.04,3,0,1,0,0,0,0,0,0,0,0,1,1,0,1,0,1,0,0,0,0,0,0,0,0,1,0,0,1,1,0,1
52,0,37.386978,-122.177746,1723,0,5,14.26,26,70.05,346.4,0.0,0,71.3,1,1,0,0,0,0,0,0,0,0,0,0,1,0,1,1,0,0,0,0,1,0,1,1,1,1,0,0,1,0,0,1
59,0,37.590421,-122.306467,32488,0,8,23.89,14,94.0,773.65,0.0,0,191.12,1,1,0,0,0,0,0,0,0,0,0,0,1,1,1,0,1,0,0,1,1,0,1,0,0,1,0,0,1,0,0,1
21,3,37.556634,-122.317723,23393,1,22,42.98,30,61.15,1422.05,0.0,80,945.56,1,0,1,0,1,1,1,0,0,0,1,0,1,0,1,1,0,0,1,1,1,0,0,0,0,0,0,0,0,1,0,1
37,0,37.83323,-121.601461,10153,0,29,28.37,12,84.45,2467.1,0.0,0,822.73,1,1,0,0,1,0,0,0,0,0,0,0,1,1,1,0,1,0,1,1,0,0,0,0,0,1,0,0,1,0,0,1
20,0,38.629618,-122.593216,7384,1,13,41.22,82,75.3,989.45,0.0,0,535.86,3,1,1,0,1,0,1,0,0,0,1,0,1,1,1,0,0,0,0,0,1,0,1,1,1,1,1,0,1,1,0,1
38,0,38.013825,-122.039144,36186,0,3,13.28,0,19.6,59.75,0.0,0,39.84,3,0,0,0,0,0,0,0,0,0,0,1,1,0,0,0,0,1,0,0,0,0,0,0,0,0,0,0,1,1,0,1
63,0,38.265899,-121.939461,9978,0,62,8.08,21,102.0,6529.25,0.0,110,500.96,1,1,0,0,0,0,0,0,1,0,0,0,1,1,1,0,1,0,1,1,0,1,0,1,1,0,1,0,0,0,0,1
62,0,37.516791,-121.899117,46917,1,17,12.06,9,90.2,1454.15,0.0,0,205.02,1,1,0,0,1,0,1,0,0,0,1,0,1,1,1,0,1,0,1,1,1,0,0,0,0,1,0,0,0,1,0,1
19,0,37.639215,-122.037554,72993,1,56,13.2,0,25.15,1327.15,0.0,0,739.1999999999999,3,1,1,0,1,0,1,0,1,0,0,0,1,1,0,0,0,1,0,0,0,0,0,0,0,0,0,1,1,1,0,1
58,0,37.62984,-122.120843,27311,0,31,16.63,12,79.85,2404.15,0.0,0,515.53,1,0,0,0,0,0,0,0,0,0,0,0,1,1,1,0,1,0,0,0,0,1,0,0,0,1,0,0,1,1,0,1
26,0,37.907777,-122.127161,23996,0,2,21.28,26,49.6,114.7,0.0,0,42.56,1,0,1,0,0,0,0,0,0,0,0,1,1,0,1,0,0,0,0,1,0,0,0,0,0,1,0,0,1,1,0,1
53,0,38.006047,-121.916834,78816,0,3,43.72,21,91.85,257.05,0.0,0,131.16,1,1,0,0,0,0,0,0,0,0,0,0,1,1,1,0,1,0,0,0,1,0,0,1,1,1,0,0,0,0,0,1
42,2,38.672708,-122.403219,494,1,1,0.0,12,40.1,40.1,0.0,10,0.0,1,0,0,0,1,1,1,0,0,0,0,0,0,0,1,1,0,0,0,0,0,1,1,0,0,0,0,0,0,0,0,1
57,0,38.148862,-121.737696,5246,0,14,10.3,29,89.8,1129.1,0.0,0,144.20000000000002,1,0,0,0,0,0,0,0,0,0,1,0,1,0,1,0,1,0,0,0,0,0,1,1,1,1,0,0,1,1,0,1
28,2,38.554383,-122.474773,223,1,35,25.27,82,72.25,2568.55,0.0,0,884.4499999999999,1,0,1,0,1,1,1,0,0,0,0,0,1,1,1,1,0,0,1,0,1,1,1,0,0,1,0,0,0,0,0,1
36,0,37.900662,-122.052782,40917,0,7,0.0,19,40.1,293.3,0.0,0,0.0,2,0,0,0,0,0,0,0,0,0,0,0,0,0,1,1,0,0,0,1,0,0,0,1,1,1,0,0,1,1,0,1
58,0,37.803883,-122.208417,28900,0,1,32.13,15,79.55,79.55,0.0,10,32.13,2,0,0,0,0,0,0,0,0,0,0,0,1,0,1,0,1,0,0,0,0,0,1,0,0,0,0,0,0,0,0,1
44,0,37.828416,-122.216005,36517,0,32,40.26,14,84.05,2781.85,0.0,0,1288.32,2,0,0,0,0,0,0,0,0,0,0,0,1,1,1,0,1,0,0,0,0,0,1,0,0,1,1,0,0,0,0,1
44,0,37.787186,-122.14633,24518,0,1,16.06,3,89.1,89.1,0.0,0,16.06,2,1,0,0,0,0,0,0,0,0,0,0,1,0,1,0,1,0,0,0,0,0,1,1,1,1,0,0,1,0,0,1
57,0,37.863843,-122.275684,19763,1,17,25.79,12,94.4,1607.2,0.0,0,438.43,1,0,0,0,1,0,1,0,0,0,1,0,1,1,1,0,0,0,1,0,1,0,1,0,0,1,0,0,0,0,0,1
59,0,37.871416,-122.246597,21205,0,19,20.26,25,78.25,1490.95,0.0,0,384.94000000000005,1,1,0,0,0,0,0,0,0,0,1,0,1,0,1,0,1,0,0,1,1,0,0,0,0,1,0,0,1,0,0,1
35,0,37.943087,-122.72379,1573,0,1,34.79,0,19.1,19.1,0.0,0,34.79,2,0,0,0,0,0,0,0,0,0,0,0,1,0,0,0,0,1,0,0,0,0,0,0,0,0,0,0,1,1,0,1
26,0,38.326215,-122.718742,7936,0,1,35.25,30,74.9,74.9,0.0,0,35.25,1,0,1,0,0,0,0,0,0,0,0,0,1,0,1,0,1,0,0,0,1,0,0,0,0,1,0,0,1,0,0,1
36,0,37.99272,-122.575026,16849,0,3,0.0,18,24.75,66.95,0.0,0,0.0,2,1,0,0,0,0,0,0,0,0,0,0,0,0,1,1,0,0,0,0,0,0,0,0,0,1,0,0,0,0,0,1
25,0,36.977025,-121.952864,9673,1,2,28.86,26,79.7,165.0,0.0,0,57.72,1,0,1,0,1,0,1,0,0,0,0,0,1,0,1,0,1,0,0,1,1,0,0,0,0,1,0,0,0,0,0,1
28,0,37.306612,-122.080621,54431,1,55,8.8,48,57.55,3046.4,0.0,60,484.00000000000006,1,1,1,0,1,0,1,0,1,0,0,0,1,0,1,1,0,0,1,1,0,1,0,0,0,0,0,1,0,0,0,1
50,0,37.233034,-121.947427,24443,3,21,42.22,29,86.5,1808.7,0.0,0,886.62,3,0,0,0,1,0,1,0,0,0,1,0,1,1,1,0,1,0,0,0,0,0,0,1,1,1,0,0,1,0,0,1
42,0,37.441931,-121.878502,62848,1,69,37.2,27,103.95,7446.9,0.0,0,2566.8,2,0,0,0,1,0,1,0,0,0,0,0,1,1,1,0,1,0,0,1,1,0,1,1,1,1,0,0,1,0,0,1
27,0,37.351214,-121.952417,36349,0,39,0.0,48,48.95,1880.85,0.0,0,0.0,1,1,1,0,0,0,0,0,0,0,0,0,0,0,1,0,0,0,1,1,0,1,1,0,0,1,0,0,1,1,0,1
47,0,36.993451,-122.098858,43192,1,6,26.91,6,83.55,477.55,0.0,0,161.46,1,1,0,0,1,0,1,0,0,0,0,0,1,0,1,0,1,0,0,1,0,0,0,1,1,1,0,0,1,1,0,1
42,0,37.350284,-121.852855,51706,0,1,42.87,8,70.45,70.45,0.0,10,42.87,1,1,0,0,0,0,0,0,0,0,0,0,1,0,1,0,1,0,0,0,0,0,0,0,0,0,0,0,1,1,0,1
31,0,37.311088,-121.961786,29914,1,58,17.22,21,60.3,3563.8,0.0,0,998.76,2,1,0,0,1,0,1,0,1,0,0,0,1,0,1,0,0,0,1,1,1,0,0,0,0,1,1,0,0,1,0,1
56,3,37.238758,-121.828375,59632,0,1,0.0,57,24.75,24.75,0.0,0,0.0,1,1,0,0,0,1,0,0,0,0,0,0,0,0,1,1,0,0,0,0,0,0,0,0,0,1,0,0,0,0,0,1
34,0,37.375156,-121.795867,60620,1,19,28.04,22,103.3,2012.7,0.0,0,532.76,3,1,0,0,1,0,1,0,0,0,1,0,1,1,1,0,1,0,0,0,1,1,1,1,1,1,0,0,0,0,0,1
39,0,37.959706,-121.287669,7071,0,3,31.88,7,78.5,242.05,0.0,0,95.64,2,1,0,0,0,0,0,0,0,0,0,0,1,0,1,0,1,0,0,0,0,0,1,0,0,1,0,0,1,0,0,1
24,0,37.974498,-121.319568,30476,0,3,25.75,0,19.85,63.75,0.0,0,77.25,1,0,1,0,0,0,0,0,0,0,0,1,1,0,0,0,0,1,0,0,0,0,0,0,0,0,0,0,0,1,0,1
29,0,38.049457,-121.21653,6951,0,15,14.79,59,58.6,939.7,0.0,0,221.85,2,1,1,0,0,0,0,0,0,0,1,0,1,1,1,1,0,0,0,1,0,1,0,0,0,1,0,0,1,1,0,1
35,0,38.200231,-121.235034,6317,1,10,1.09,18,98.5,1037.75,0.0,0,10.9,2,1,0,0,1,0,1,0,0,0,1,0,1,1,1,0,1,0,0,0,1,0,1,1,1,1,0,0,1,0,0,1
39,0,38.32153,-120.236358,5159,0,1,23.7,17,50.45,50.45,0.0,0,23.7,3,0,0,0,0,0,0,0,0,0,0,1,1,0,1,0,0,0,0,0,1,0,0,0,0,1,0,0,1,0,1,1
25,0,38.233879,-120.861666,75,1,38,49.7,30,94.65,3624.3,0.0,0,1888.6,2,1,1,0,1,0,1,0,0,0,0,0,1,1,1,0,1,0,0,1,1,0,1,0,0,1,0,0,1,0,0,1
45,0,38.227285,-121.02789,722,0,1,20.23,17,100.25,100.25,0.0,0,20.23,1,0,0,0,0,0,0,0,0,0,0,1,1,1,1,0,1,0,0,1,0,0,1,1,1,1,0,0,1,1,0,1
44,0,37.873283,-121.292034,5094,0,16,17.8,5,88.45,1422.1,0.0,140,284.8,2,0,0,0,0,0,0,0,0,0,1,0,1,1,1,0,1,0,0,0,1,0,0,1,1,0,0,0,1,0,0,1
51,0,38.358464,-120.579304,21,0,1,12.13,19,69.85,69.85,0.0,0,12.13,1,1,0,0,0,0,0,0,0,0,0,1,1,0,1,0,1,0,0,0,0,0,0,0,0,1,0,0,1,0,0,1
44,0,38.184914,-120.364085,335,0,12,18.38,3,81.7,858.6,0.0,0,220.56,1,1,0,0,0,0,0,0,0,0,1,0,1,0,1,0,1,0,1,0,1,0,0,0,0,1,0,0,0,0,0,1
27,0,38.166791,-121.14207,3205,0,4,43.06,46,79.9,324.3,0.0,0,172.24,1,1,1,0,0,0,0,0,0,0,0,1,1,0,1,0,1,0,0,0,0,0,0,1,1,1,0,0,1,0,0,1
22,0,38.128087,-121.4078,22073,0,15,45.84,0,25.4,399.6,0.0,0,687.6,1,0,1,0,0,0,0,0,0,0,1,0,1,1,0,0,0,1,0,0,0,0,0,0,0,0,0,0,1,1,0,1
21,0,38.192608,-120.957842,304,0,1,15.73,0,20.9,20.9,0.0,0,15.73,3,0,1,0,0,0,0,0,0,0,0,1,1,0,0,0,0,1,0,0,0,0,0,0,0,0,0,0,0,0,1,1
47,0,37.321233,-120.656354,27808,1,1,33.46,12,69.4,69.4,0.0,10,33.46,1,0,0,0,1,0,1,0,0,0,0,1,1,0,1,0,1,0,0,0,0,0,0,0,0,0,0,0,1,0,1,1
62,0,37.818589,-120.256995,167,0,7,46.79,25,74.9,541.15,0.0,0,327.53,1,0,0,0,0,0,0,0,0,0,0,1,1,1,1,0,1,0,0,0,0,0,0,0,0,1,0,0,1,0,0,1
58,0,37.147198,-121.120161,7872,0,1,46.17,30,70.1,70.1,0.0,0,46.17,3,0,0,0,0,0,0,0,0,0,0,1,1,0,1,0,1,0,0,0,0,0,0,0,0,1,0,0,1,0,0,1
34,0,37.5923,-120.853288,6822,0,12,35.8,25,78.3,909.25,0.0,0,429.6,1,0,0,0,0,0,0,0,0,0,1,0,1,1,1,0,1,0,1,0,0,0,0,0,0,1,0,0,1,0,0,1
40,0,37.666587,-120.411517,1749,0,55,47.38,29,96.8,5283.95,0.0,0,2605.9,1,1,0,0,0,0,0,0,1,0,0,0,1,1,1,0,1,0,0,0,0,0,1,1,1,1,0,0,1,0,0,1
57,0,37.80821,-121.308401,10834,0,17,21.82,23,94.4,1617.5,0.0,0,370.94,1,0,0,0,0,0,0,0,0,0,1,0,1,1,1,0,1,0,1,1,0,0,1,0,0,1,0,0,1,0,0,1
27,0,37.526791,-119.99437,10226,0,1,1.63,59,84.3,84.3,0.0,10,1.63,1,0,1,0,0,0,0,0,0,0,0,0,1,0,1,0,1,0,0,1,0,0,1,0,0,0,0,0,0,0,0,1
52,3,37.612612,-121.108568,30668,1,1,8.03,0,19.95,19.95,0.0,0,8.03,1,1,0,0,1,1,1,0,0,0,0,0,1,0,0,0,0,1,0,0,0,0,0,0,0,0,0,0,0,0,0,1
33,0,38.224869,-119.755729,235,1,23,19.2,7,99.25,2186.4,0.0,0,441.6,1,1,0,0,1,0,1,0,0,0,1,0,1,1,1,0,1,0,1,1,1,0,1,0,0,1,0,0,1,0,0,1
39,0,37.734971,-120.954271,16525,0,39,24.45,27,80.45,3201.55,0.0,0,953.55,3,0,0,0,0,0,0,0,0,0,0,0,1,0,1,0,1,0,0,0,1,1,0,0,0,1,0,1,1,0,0,1
30,0,37.990574,-120.261821,1519,1,9,31.67,59,79.35,661.25,0.0,10,285.03000000000003,3,1,0,0,1,0,1,0,0,0,0,0,1,1,1,0,0,0,0,0,1,0,0,0,0,0,0,0,1,0,0,1
42,0,37.316807,-120.855753,1960,0,15,42.83,21,79.75,1111.85,0.0,0,642.4499999999999,3,0,0,0,0,0,0,0,0,0,1,0,1,1,1,0,1,0,0,1,0,0,0,0,0,1,0,0,1,0,0,1
64,0,37.474396,-120.875917,40545,1,30,39.74,22,100.05,3046.15,0.0,0,1192.2,1,0,0,0,1,0,1,0,0,0,0,0,1,1,1,0,1,0,0,0,1,0,1,1,1,1,0,0,1,0,0,1
64,0,37.529656,-120.854357,24708,0,1,45.86,27,69.35,69.35,0.0,0,45.86,2,1,0,0,0,0,0,0,0,0,0,0,1,0,1,0,1,0,0,0,0,0,0,0,0,1,0,0,1,0,0,1
20,0,37.609095,-121.263381,274,0,3,10.6,73,85.8,272.2,0.0,0,31.8,1,0,1,0,0,0,0,0,0,0,0,0,1,0,1,0,1,0,0,0,0,1,0,1,1,1,0,0,0,0,0,1
49,0,37.669516,-120.626964,8308,0,67,42.77,3,79.7,5293.4,0.0,0,2865.59,1,1,0,0,1,0,0,0,0,0,0,0,1,1,1,1,0,0,1,0,1,0,1,1,1,1,0,1,1,0,0,1
25,0,38.488431,-122.752839,40270,1,1,43.67,73,80.55,80.55,0.0,0,43.67,1,1,1,0,1,0,1,0,0,0,0,0,1,0,1,0,1,0,0,0,0,0,1,0,1,0,0,0,1,0,0,1
28,0,38.439696,-122.668817,22250,1,12,40.63,59,84.5,916.9,0.0,0,487.56000000000006,1,0,1,0,1,0,1,0,0,0,0,0,1,1,1,0,1,0,0,1,1,0,0,0,1,1,0,0,1,0,0,1
25,0,38.468893,-122.580539,25718,0,22,29.07,52,84.3,1855.65,0.0,0,639.54,1,0,1,0,0,0,0,0,0,0,0,0,1,0,1,0,1,0,0,1,0,0,0,1,1,1,0,0,1,0,1,1
58,0,39.07116,-122.598542,3684,0,2,11.75,4,67.75,116.65,0.0,0,23.5,2,1,0,0,0,0,0,0,0,0,0,0,1,0,1,0,1,0,0,0,0,0,0,0,0,1,0,0,1,0,0,1
60,0,38.348884,-122.51699,363,0,10,49.7,10,80.05,830.7,0.0,0,497.0,1,0,0,0,0,0,0,0,0,0,0,0,1,1,1,0,1,0,0,1,0,0,0,0,0,1,0,0,1,0,0,1
30,0,39.108252,-123.645121,383,0,1,46.77,0,20.0,20.0,0.0,0,46.77,2,1,0,0,0,0,0,0,0,0,0,0,1,0,0,0,0,1,0,0,0,0,0,0,0,0,0,0,0,0,1,1
32,0,38.368744,-122.522642,4101,0,22,3.95,30,48.8,1054.6,0.0,20,86.9,1,0,0,0,0,0,0,0,0,0,0,0,1,0,1,1,0,0,1,0,0,0,0,0,0,0,0,0,1,1,0,1
52,0,39.298065,-123.25211,5995,1,21,16.67,3,102.8,2110.15,0.0,0,350.07000000000005,1,0,0,0,1,0,1,0,0,0,0,0,1,0,1,0,1,0,0,1,1,1,1,1,1,1,0,0,1,0,0,1
26,0,38.25485,-122.461799,34314,0,6,5.16,59,99.95,547.65,0.0,0,30.96,2,0,1,0,0,0,0,0,0,0,0,0,1,0,1,0,1,0,0,0,1,1,1,1,1,1,0,0,1,0,1,1
31,0,40.965011,-124.015255,15921,1,72,34.87,8,117.8,8684.8,0.0,0,2510.64,2,1,0,0,1,0,1,0,0,0,0,0,1,1,1,0,1,0,1,1,1,1,1,1,1,1,1,0,1,0,0,1
33,0,40.726949,-124.217378,228,1,3,43.27,17,79.65,251.75,0.0,0,129.81,1,1,0,0,1,0,1,0,0,0,0,0,1,1,1,0,1,0,0,0,0,1,0,0,0,1,0,0,1,0,0,1
44,0,41.163637,-123.704841,3041,0,8,19.49,10,94.7,740.3,0.0,80,155.92,1,1,0,0,0,0,0,0,0,0,0,0,1,0,1,0,1,0,0,0,1,0,1,1,1,0,0,0,1,0,0,1
33,0,40.210895,-123.86,867,0,5,3.25,25,92.5,452.7,0.0,0,16.25,2,1,0,0,0,0,0,0,0,0,0,0,1,1,1,0,1,0,0,0,1,0,1,0,0,1,0,0,1,0,0,1
54,2,40.267158,-123.805913,644,1,1,28.73,0,19.45,19.45,0.0,0,28.73,2,0,0,0,1,1,1,0,0,0,0,0,1,0,0,0,0,1,0,0,0,0,0,0,0,0,0,0,0,0,1,1
32,0,40.485849,-124.163234,3284,0,2,41.37,28,75.55,166.3,0.0,0,82.74,2,0,0,0,0,0,0,0,0,0,0,0,1,1,1,0,1,0,0,0,0,0,0,0,0,1,0,0,1,0,0,1
38,0,40.809636,-124.189977,395,1,1,38.8,4,70.0,70.0,0.0,0,38.8,2,1,0,0,1,0,1,0,0,0,0,0,1,0,1,0,1,0,0,0,0,0,0,0,0,1,0,0,1,0,0,1
56,0,41.950683,-124.097094,2020,1,65,40.47,30,74.8,4820.15,0.0,0,2630.55,1,1,0,0,1,0,1,0,1,0,0,0,1,0,1,1,0,0,1,0,0,1,1,1,1,1,0,1,1,0,0,1
46,0,41.162295,-124.027381,2369,1,33,11.32,12,104.4,3409.6,0.0,0,373.56,1,0,0,0,1,0,1,0,0,0,0,0,1,1,1,0,1,0,0,1,1,0,1,1,1,1,0,0,1,0,0,1
21,0,40.170357,-123.417298,259,0,15,20.03,59,86.2,1270.2,0.0,100,300.45000000000005,1,0,1,0,0,0,0,0,0,0,0,0,1,0,1,0,1,0,1,0,0,0,1,0,1,0,0,0,0,0,0,1
57,2,38.99003,-121.114408,18197,1,30,0.0,12,51.2,1561.5,0.0,0,0.0,3,0,0,0,1,1,1,0,0,0,0,0,0,0,1,1,0,0,0,0,0,1,1,1,1,1,0,0,0,1,0,1
23,0,38.384648,-121.578701,1417,0,2,28.02,0,19.5,31.55,0.0,0,56.04,3,0,1,0,0,0,0,0,0,0,0,0,1,0,0,0,0,1,0,0,0,0,0,0,0,0,0,0,0,0,1,1
37,0,38.544002,-121.685559,648,0,2,38.28,18,74.9,147.15,0.0,0,76.56,1,0,0,0,0,0,0,0,0,0,0,0,1,1,1,0,1,0,0,0,0,0,0,0,0,1,0,0,0,1,0,1
59,0,38.734997,-121.463719,6197,0,25,36.24,3,100.25,2387.75,0.0,0,906.0,1,0,0,0,0,0,0,0,0,0,0,0,1,1,1,0,1,0,0,1,0,0,1,1,1,1,0,0,1,0,0,1
56,0,38.672638,-121.147403,51855,0,43,39.37,23,100.0,4211.55,0.0,140,1692.91,1,1,0,0,0,0,0,0,1,0,0,0,1,1,1,0,1,0,0,0,0,1,1,1,1,0,1,0,1,0,0,1
58,0,38.274451,-121.259201,24194,5,10,43.28,12,99.85,990.9,0.0,0,432.8,1,1,0,0,1,0,1,0,0,0,0,0,1,0,1,0,1,0,0,1,0,1,1,1,1,1,0,0,1,0,0,1
34,0,38.852544,-120.837669,2536,0,2,42.89,13,94.2,193.8,0.0,0,85.78,2,0,0,0,0,0,0,0,0,0,0,0,1,1,1,0,1,0,0,0,0,0,1,1,1,1,0,0,1,0,0,1
50,0,38.375325,-121.507935,213,0,69,2.52,24,104.05,7262.0,0.0,0,173.88,3,1,0,0,0,0,0,0,0,0,0,0,1,0,1,0,1,0,0,1,1,1,1,1,1,1,1,0,1,0,0,1
52,0,38.336216,-120.76901,6202,7,22,37.8,15,94.7,1914.9,0.0,0,831.5999999999999,2,1,0,0,1,0,1,0,0,0,0,0,1,0,1,0,1,0,0,0,1,0,1,1,1,1,0,0,1,1,0,1
63,0,38.489273,-120.891614,2220,0,1,48.31,22,44.45,44.45,0.0,0,48.31,3,0,0,0,0,0,0,0,0,0,0,1,1,0,1,0,0,0,0,0,0,0,0,0,0,1,0,0,1,0,1,1
46,0,38.157794,-121.520223,1472,0,36,24.66,22,84.9,3067.2,0.0,0,887.76,1,1,0,0,0,0,0,0,0,0,0,0,1,1,1,0,1,0,0,0,0,0,0,1,1,1,0,0,1,0,0,1
41,0,38.419088,-122.024568,32564,0,1,23.16,0,20.25,20.25,0.0,0,23.16,1,1,0,0,0,0,0,0,0,0,0,1,1,0,0,0,0,1,0,0,0,0,0,0,0,0,0,0,0,0,1,1
56,0,38.240419,-121.587535,2344,0,1,4.8,11,74.35,74.35,0.0,0,4.8,3,1,0,0,0,0,0,0,0,0,0,0,1,0,1,0,1,0,0,1,0,0,0,0,0,1,0,0,1,0,0,1
58,0,39.043387,-121.409837,3600,0,1,47.83,12,62.05,62.05,0.0,10,47.83,2,1,0,0,0,0,0,0,0,0,0,1,1,1,1,1,0,0,0,0,1,1,0,0,0,0,0,0,0,0,1,1
42,0,39.23754,-120.720196,185,1,39,35.7,9,80.0,3182.95,0.0,0,1392.3000000000002,1,1,0,0,1,0,1,0,0,0,0,0,1,0,1,1,0,0,1,0,1,1,1,1,1,1,1,0,0,1,0,1
43,0,39.003358,-121.022539,3747,0,5,38.89,8,104.1,541.9,0.0,0,194.45,3,1,0,0,0,0,0,0,0,0,0,1,1,1,1,0,1,0,0,1,1,0,1,1,1,1,0,0,0,0,1,1
30,0,38.35363,-121.44195,47065,0,2,17.22,30,76.5,162.45,0.0,0,34.44,1,1,0,0,0,0,0,0,0,0,0,1,1,1,1,0,1,0,0,0,0,0,0,0,0,1,0,0,1,0,0,1
47,0,38.694081,-121.694431,15022,0,5,7.31,18,49.2,216.9,0.0,0,36.55,1,1,0,0,0,0,0,0,0,0,0,1,1,0,1,1,0,0,0,0,0,1,0,0,0,1,0,0,1,0,0,1
42,0,38.608405,-121.449942,25355,0,11,30.91,0,23.15,245.2,0.0,0,340.01,1,1,0,0,0,0,0,0,0,0,0,0,1,1,0,0,0,1,0,0,0,0,0,0,0,0,0,0,0,1,0,1
22,0,38.550722,-121.457314,14966,1,4,44.28,59,80.85,302.75,0.0,40,177.12,1,0,1,0,1,0,1,0,0,0,0,1,1,0,1,0,1,0,0,0,0,0,0,1,1,0,0,0,0,0,0,1
26,0,38.625096,-121.383658,35426,0,1,23.63,85,60.1,60.1,0.0,0,23.63,1,1,1,0,0,0,0,0,0,0,0,1,1,1,1,0,0,0,0,1,0,1,0,0,0,1,0,0,0,0,1,1
62,0,38.475465,-121.443625,72199,0,1,23.96,22,78.95,78.95,0.0,0,23.96,2,1,0,0,0,0,0,0,0,0,0,1,1,0,1,0,1,0,0,0,0,0,1,0,0,1,0,0,1,0,0,1
56,0,38.486938,-121.395805,54880,0,2,6.47,21,45.15,98.5,0.0,0,12.94,2,1,0,0,0,0,0,0,0,0,0,1,1,0,1,1,0,0,0,0,0,0,0,0,0,1,0,0,1,0,0,1
28,0,38.685069,-121.543709,854,0,3,46.6,76,79.4,244.65,0.0,0,139.8,1,0,1,0,0,0,0,0,0,0,0,1,1,0,1,0,1,0,0,0,0,0,1,0,0,1,0,0,1,0,0,1
38,0,38.646096,-121.442433,34894,0,44,0.0,4,53.95,2375.4,0.0,0,0.0,2,1,0,0,0,0,0,0,1,0,0,0,0,0,1,0,0,0,0,1,1,0,1,1,1,1,1,0,1,1,0,1
63,0,38.687367,-121.34848,31373,0,24,44.96,28,99.3,2431.35,0.0,0,1079.04,3,0,0,0,1,0,0,0,0,0,0,0,1,0,1,0,1,0,0,1,1,0,1,1,1,1,0,0,1,1,0,1
58,0,39.292334,-121.320597,1477,0,18,38.87,7,80.65,1451.9,0.0,30,699.66,2,1,0,0,0,0,0,0,0,0,0,0,1,1,1,0,1,0,0,1,0,0,0,0,0,0,0,0,1,0,0,1
41,0,40.171312,-121.120605,86,0,1,10.19,9,71.1,71.1,0.0,0,10.19,2,0,0,0,0,0,0,0,0,0,0,1,1,0,1,0,1,0,0,0,0,0,0,0,0,1,0,0,0,0,1,1
25,0,40.080342,-120.957805,178,1,53,37.85,0,20.8,1021.8,0.0,0,2006.05,3,0,1,0,1,0,1,0,1,0,0,0,1,0,0,0,0,1,0,0,0,0,0,0,0,0,1,0,0,0,0,1
48,0,39.732767,-122.042298,1931,0,4,15.07,16,46.0,193.6,0.0,0,60.28,1,0,0,0,0,0,0,0,0,0,0,0,1,0,1,0,0,0,0,0,0,0,0,0,0,1,0,0,1,0,1,1
27,0,39.258746,-121.77697,8695,0,9,24.81,69,66.25,620.55,0.0,10,223.29,3,0,1,0,0,0,0,0,0,0,0,0,1,0,1,0,0,0,0,1,0,1,1,0,0,0,0,0,0,0,1,1
60,0,39.281194,-122.226568,1146,0,22,12.19,23,90.0,1993.8,0.0,0,268.18,2,0,0,0,0,0,0,0,0,0,0,0,1,1,1,0,1,0,0,0,0,1,1,0,0,1,0,0,1,0,0,1
39,0,39.937017,-121.058043,301,0,38,33.71,17,70.45,2597.6,0.0,0,1280.98,3,1,0,0,0,0,0,0,0,0,0,0,1,0,1,0,1,0,0,0,0,0,0,0,0,1,1,0,1,0,0,1
62,0,39.082568,-121.55325,6439,0,53,26.21,0,19.75,1052.35,0.0,0,1389.13,3,1,0,0,0,0,0,0,1,0,0,0,1,0,0,0,0,1,0,0,0,0,0,0,0,0,0,1,0,0,0,1
49,0,39.473896,-121.415927,28382,0,1,31.16,11,53.95,53.95,0.0,0,31.16,1,1,0,0,0,0,0,0,0,0,0,0,1,0,1,1,0,0,1,0,0,1,0,0,0,1,0,0,1,0,0,1
40,0,39.971228,-121.041166,6189,0,16,12.92,12,81.0,1312.15,0.0,0,206.72,1,0,0,0,0,0,0,0,0,0,0,0,1,0,1,0,1,0,0,0,0,0,1,0,0,0,0,0,1,0,0,1
34,0,40.022184,-121.062384,73,1,1,11.08,13,69.8,69.8,0.0,0,11.08,3,0,0,0,1,0,1,0,0,0,0,0,1,0,1,0,1,0,0,0,0,0,0,0,0,1,0,0,1,0,0,1
44,0,40.722733,-122.109666,899,0,5,46.45,10,93.9,486.85,0.0,0,232.25,1,0,0,0,0,0,0,0,0,0,0,0,1,1,1,0,1,0,0,0,0,0,1,1,1,1,0,0,1,0,1,1
39,0,41.121108,-122.336613,228,1,31,38.67,13,91.15,2995.45,0.0,0,1198.77,2,0,0,0,1,0,1,0,0,0,0,0,1,1,1,0,0,0,0,1,0,0,0,1,1,0,0,0,1,0,0,1
45,0,40.586588,-122.903677,960,0,2,15.33,26,70.95,137.95,0.0,0,30.66,1,0,0,0,0,0,0,0,0,0,0,0,1,0,1,0,1,0,0,0,0,0,0,0,0,1,0,0,1,0,0,1
26,0,33.141265,-116.967221,48690,1,37,36.29,27,99.5,3762.0,0.0,0,1342.73,1,0,1,0,1,0,1,0,0,0,0,0,1,1,1,0,1,0,0,0,1,0,1,1,1,1,0,0,1,0,0,1
26,0,41.831901,-123.487478,1294,0,38,36.18,48,83.9,3233.6,0.0,0,1374.84,1,0,1,0,0,0,0,0,0,0,0,0,1,0,1,0,1,0,1,1,1,0,0,0,1,1,0,0,1,1,0,1
37,0,33.362575,-117.299644,42239,0,10,8.38,2,104.4,1081.45,0.0,0,83.80000000000001,1,1,0,0,0,0,0,0,0,0,0,0,1,0,1,0,1,0,1,1,1,0,1,1,1,1,0,0,1,0,0,1
46,0,33.362575,-117.299644,42239,0,2,24.9,11,44.65,74.9,0.0,10,49.8,1,1,0,0,0,0,0,0,0,0,0,0,1,0,1,1,0,0,0,0,0,0,0,0,0,0,0,0,0,0,1,1
62,0,40.656287,-121.428965,182,0,3,0.0,27,25.25,58.9,0.0,0,0.0,1,0,0,0,0,0,0,0,0,0,0,0,0,0,1,1,0,0,0,0,0,0,0,0,0,1,0,0,0,0,0,1
21,0,40.582399,-122.195512,4931,0,4,41.72,69,84.05,333.55,0.0,0,166.88,3,0,1,0,0,0,0,0,0,0,0,0,1,1,1,0,1,0,0,1,1,0,0,0,1,1,0,0,0,0,0,1
23,0,40.343213,-121.815412,433,0,1,44.11,69,74.7,74.7,0.0,0,44.11,1,0,1,0,0,0,0,0,0,0,0,1,1,0,1,0,1,0,0,1,0,0,0,0,1,1,0,0,1,0,0,1
25,0,40.186772,-122.388361,26438,0,5,1.49,51,90.8,455.5,0.0,0,7.45,3,0,1,0,0,0,0,0,0,0,0,1,1,1,1,0,1,0,0,1,0,0,1,0,1,1,0,0,1,0,0,1
59,0,41.081847,-122.700545,734,0,30,43.01,4,85.35,2530.4,0.0,20,1290.3,2,0,0,0,0,0,0,0,0,0,0,0,1,0,1,0,0,0,1,1,1,1,1,1,1,0,1,0,0,0,0,1
47,0,41.280341,-120.150381,132,0,1,0.0,2,35.75,35.75,0.0,0,0.0,3,0,0,0,0,0,0,0,0,0,0,1,0,0,1,0,0,0,0,0,0,0,1,0,0,1,0,0,1,0,0,1
54,0,39.600599,-120.636358,348,1,17,19.19,22,89.4,1539.45,0.0,0,326.23,1,1,0,0,1,0,1,0,0,0,0,0,1,0,1,0,1,0,1,0,1,0,1,0,0,1,0,0,1,0,0,1
33,0,40.559177,-120.612113,19440,0,3,15.12,0,19.8,58.15,0.0,0,45.36,1,1,0,0,0,0,0,0,0,0,0,1,1,0,0,0,0,1,0,0,0,0,0,0,0,0,0,0,1,0,1,1
55,3,41.027281,-120.669427,72,1,4,8.58,57,50.9,225.6,0.0,0,34.32,3,1,0,0,1,1,1,0,0,0,0,1,1,1,1,1,0,0,0,0,0,0,0,0,0,1,0,0,1,0,0,1
25,0,40.271535,-121.018087,4158,0,4,21.62,59,81.0,340.85,0.0,50,86.48,2,1,1,0,0,0,0,0,0,0,0,1,1,0,1,0,1,0,0,0,0,0,1,0,1,0,0,0,1,0,0,1
55,0,39.227434,-120.091806,1943,0,26,40.17,27,98.35,2515.3,0.0,0,1044.42,1,1,0,0,0,0,0,0,0,0,0,0,1,1,1,0,1,0,0,0,1,0,1,1,1,1,0,0,1,0,0,1
20,0,39.061227,-120.179546,1291,0,5,0.0,59,51.0,305.95,0.0,0,0.0,2,1,1,0,0,0,0,0,0,0,0,0,0,0,1,1,0,0,0,1,0,0,1,1,1,1,0,0,1,0,1,1
55,0,39.246654,-120.029273,4806,1,4,21.81,14,91.65,365.4,0.0,0,87.24,2,0,0,0,1,0,1,0,0,0,0,1,1,1,1,0,1,0,0,1,0,0,1,0,0,1,0,0,1,0,0,1
47,0,38.911577,-120.106169,33038,0,1,1.13,6,90.85,90.85,0.0,0,1.13,3,1,0,0,0,0,0,0,0,0,0,1,1,0,1,0,1,0,0,0,0,0,1,1,1,1,0,0,1,0,0,1
62,0,32.957195,-117.202542,28201,0,1,38.53,20,69.4,69.4,0.0,0,38.53,1,1,0,0,0,0,0,0,0,0,0,1,1,0,1,0,1,0,0,0,0,0,0,0,0,1,0,0,0,0,1,1
55,1,34.076259,-118.310715,67852,1,1,3.09,0,20.15,20.15,0.0,0,3.09,2,0,0,0,1,1,1,0,0,0,0,1,1,0,0,0,0,1,0,0,0,0,0,0,0,0,0,0,1,1,0,1
48,0,34.062125,-118.315709,1957,0,26,17.53,15,74.95,1834.95,0.0,0,455.78,2,0,0,0,0,0,0,0,0,0,0,0,1,1,1,0,1,0,0,0,0,0,0,0,0,1,0,0,1,0,0,1
23,0,34.00709,-118.258681,101215,0,6,0.0,71,47.95,305.1,0.0,0,0.0,1,0,1,0,0,0,0,0,0,0,0,1,0,0,1,1,0,0,0,0,1,0,1,1,1,1,0,0,1,0,0,1
57,0,34.044639,-118.240413,9732,0,3,3.64,25,63.6,155.65,0.0,0,10.92,1,0,0,0,0,0,0,0,0,0,0,1,1,1,1,1,0,0,0,0,0,1,1,0,0,1,0,0,1,0,0,1
44,0,32.898613,-117.202937,4258,0,3,0.0,21,36.85,108.7,0.0,0,0.0,1,1,0,0,0,0,0,0,0,0,0,1,0,0,1,1,0,0,0,1,0,1,0,0,0,1,0,0,1,0,1,1
31,0,34.066303,-118.435479,44150,0,1,4.41,30,44.1,44.1,0.0,0,4.41,3,0,0,0,0,0,0,0,0,0,0,1,1,0,1,1,0,0,0,0,0,0,0,0,0,1,0,0,1,0,0,1
38,0,34.127194,-118.295647,48727,0,14,0.0,6,50.75,712.75,0.0,10,0.0,1,1,0,0,0,0,0,0,0,0,1,0,0,0,1,0,0,0,0,0,1,0,1,1,1,0,0,0,1,0,0,1
57,0,34.088017,-118.327168,32562,0,58,14.99,12,106.45,6145.85,0.0,0,869.42,1,0,0,0,0,0,0,0,1,0,0,0,1,0,1,0,1,0,1,1,1,0,1,1,1,1,1,0,1,0,0,1
23,0,34.137412,-118.207607,27866,0,18,35.7,26,96.05,1740.7,0.0,0,642.6,1,0,1,0,0,0,0,0,0,0,1,0,1,0,1,0,1,0,1,0,0,0,1,1,1,1,0,0,1,0,0,1
35,0,34.11572,-118.192754,64672,0,7,18.99,23,75.1,552.95,0.0,0,132.92999999999998,2,0,0,0,0,0,0,0,0,0,0,1,1,1,1,0,1,0,0,0,0,0,0,0,0,1,0,0,1,0,0,1
55,0,34.072945,-118.37267,21739,0,19,4.3,23,55.0,1046.5,0.0,30,81.7,2,1,0,0,0,0,0,0,0,0,1,0,1,0,1,0,0,0,0,0,1,1,0,0,0,0,0,0,1,1,0,1
35,0,33.987945,-118.370442,8115,1,11,9.14,19,74.35,834.2,0.0,0,100.54,2,1,0,0,1,0,1,0,0,0,1,0,1,1,1,0,1,0,0,0,0,0,0,0,0,1,0,0,1,0,0,1
35,0,34.001617,-118.222274,3642,1,39,9.51,7,104.7,4134.85,0.0,0,370.89,2,0,0,0,1,0,1,0,0,0,0,0,1,0,1,0,1,0,1,0,1,1,1,1,1,1,1,0,1,1,0,1
60,0,33.927254,-118.249826,38128,0,15,40.66,8,55.7,899.8,0.0,0,609.9,2,0,0,0,0,0,0,0,0,0,1,0,1,1,1,1,0,0,1,0,0,0,0,0,0,1,0,0,1,0,1,1
57,0,34.052917,-118.255178,21,0,5,6.17,0,19.85,108.05,0.0,0,30.85,1,0,0,0,0,0,0,0,0,0,0,0,1,0,0,0,0,1,0,0,0,0,0,0,0,0,0,0,0,1,0,1
57,0,33.885811,-118.206459,51387,0,1,15.92,11,70.3,70.3,0.0,0,15.92,1,0,0,0,0,0,0,0,0,0,0,1,1,0,1,0,1,0,0,0,0,0,0,0,0,1,0,0,1,0,0,1
53,0,33.917145,-118.401554,16041,0,6,16.58,17,94.5,575.45,0.0,10,99.48,2,1,0,0,0,0,0,0,0,0,0,1,1,0,1,0,1,0,0,0,1,0,1,1,1,0,0,0,0,0,1,1
56,0,33.88856,-118.351813,33300,0,2,29.04,21,79.65,152.7,0.0,0,58.08,2,0,0,0,0,0,0,0,0,0,0,1,1,0,1,0,1,0,0,0,0,0,1,0,0,1,0,0,1,0,1,1
48,0,34.115192,-118.61017,5451,0,1,43.52,0,20.2,20.2,0.0,0,43.52,2,0,0,0,0,0,0,0,0,0,0,0,1,0,0,0,0,1,0,0,0,0,0,0,0,0,0,0,1,0,0,1
30,0,33.991782,-118.479229,31021,0,66,23.51,52,106.05,6981.35,0.0,0,1551.66,2,1,0,0,1,0,0,0,0,0,0,0,1,1,1,0,1,0,1,0,1,0,1,1,1,1,0,1,1,1,0,1
54,0,34.035849,-118.503508,11509,0,36,13.35,7,99.15,3615.6,0.0,30,480.6,1,0,0,0,0,0,0,0,0,0,0,0,1,1,1,0,1,0,0,1,0,0,1,1,1,0,0,0,1,0,0,1
50,0,34.005439,-118.477507,26099,3,39,0.0,13,55.9,2184.35,0.0,0,0.0,1,0,0,0,1,0,1,0,0,0,0,0,0,0,1,1,0,0,1,0,1,0,1,1,1,1,0,0,0,0,0,1
25,0,33.833699,-118.314387,40705,0,21,12.76,48,82.35,1852.85,0.0,0,267.96,1,1,1,0,0,0,0,0,0,0,1,0,1,1,1,0,1,0,0,1,0,0,0,0,1,1,0,0,1,0,0,1
34,0,33.833181,-118.292062,17058,0,2,0.0,8,40.4,77.15,0.0,0,0.0,3,1,0,0,0,0,0,0,0,0,0,1,0,0,1,1,0,0,0,1,1,1,0,0,0,1,0,0,1,1,0,1
42,0,33.972119,-118.020188,26265,0,4,29.11,9,75.35,338.1,0.0,0,116.44,1,0,0,0,0,0,0,0,0,0,0,1,1,1,1,0,1,0,0,0,0,0,0,0,0,1,0,0,0,0,0,1
37,0,33.945318,-117.992066,19109,0,35,25.51,16,85.15,3030.6,0.0,0,892.85,1,1,0,0,0,0,0,0,0,0,0,0,1,0,1,0,1,0,0,0,1,0,1,0,0,1,1,0,1,0,0,1
48,0,33.850504,-118.039892,15505,5,33,20.02,27,93.8,3124.5,0.0,0,660.66,3,0,0,0,1,0,1,0,0,0,0,0,1,0,1,0,1,0,0,0,1,0,1,1,1,1,1,0,1,0,0,1
49,0,33.8681,-118.067402,51556,0,45,25.4,0,20.4,930.45,0.0,0,1143.0,3,1,0,0,0,0,0,0,1,0,0,0,1,0,0,0,0,1,0,0,0,0,0,0,0,0,1,0,1,0,0,1
47,0,33.847755,-118.112532,27563,0,6,0.0,14,30.5,208.7,0.0,0,0.0,1,1,0,0,0,0,0,0,0,0,0,1,0,0,1,1,0,0,0,1,0,0,0,0,0,1,0,0,1,1,0,1
62,3,33.75462,-118.071128,24180,0,11,33.06,0,20.1,221.35,0.0,0,363.66,2,0,0,0,0,1,0,0,0,0,1,0,1,0,0,0,0,1,0,0,0,0,0,0,0,0,0,0,0,1,0,1
53,0,33.719221,-118.073596,1107,0,1,26.06,3,75.3,75.3,0.0,0,26.06,1,0,0,0,0,0,0,0,0,0,0,1,1,0,1,0,1,0,0,0,1,0,0,0,0,1,0,0,0,0,0,1
62,0,33.819814,-118.222416,35656,0,7,48.22,0,20.05,164.85,0.0,0,337.54,2,0,0,0,0,0,0,0,0,0,0,1,1,0,0,0,0,1,0,0,0,0,0,0,0,0,0,0,0,0,1,1
40,0,33.778436,-118.118648,425,0,1,29.63,15,70.4,70.4,0.0,0,29.63,1,1,0,0,0,0,0,0,0,0,0,1,1,0,1,0,1,0,0,0,0,0,0,0,0,1,0,0,0,0,0,1
24,0,34.145695,-117.95982,27414,4,7,36.14,85,49.75,331.3,0.0,0,252.98,1,1,1,0,1,0,1,0,0,0,0,1,1,0,1,1,0,0,1,0,0,0,0,0,1,1,1,0,1,0,0,1
64,0,34.110444,-118.156957,23984,1,11,25.67,18,94.0,1078.9,0.0,0,282.37,1,0,0,0,1,0,1,0,0,0,1,0,1,1,1,0,1,0,0,0,0,0,1,1,1,1,0,0,1,0,0,1
53,0,34.296574,-118.244839,26753,0,67,22.66,27,118.35,7804.15,0.0,0,1518.22,1,1,0,0,0,0,0,0,0,0,0,0,1,1,1,0,1,0,1,1,1,1,1,1,1,1,1,0,1,0,0,1
55,0,34.165383,-118.123752,38460,0,8,0.0,4,30.45,226.45,0.0,0,0.0,1,1,0,0,0,0,0,0,0,0,0,1,0,0,1,0,0,0,1,0,0,0,0,0,0,0,0,0,1,0,0,1
19,0,34.13946,-118.166649,10253,4,44,11.24,59,96.1,4364.1,0.0,0,494.56,2,0,1,0,1,0,1,0,0,0,0,0,1,1,1,0,1,0,0,0,0,0,1,1,1,1,0,0,1,0,0,1
38,0,34.238208,-118.55029,25751,1,17,4.91,15,104.2,1743.5,0.0,0,83.47,1,0,0,0,1,0,1,0,0,0,1,0,1,1,1,0,1,0,1,0,1,0,1,1,1,1,0,0,1,0,0,1
39,0,34.43987,-118.644609,24977,0,9,20.34,7,80.8,713.1,0.0,0,183.06,3,1,0,0,0,0,0,0,0,0,0,0,1,0,1,0,1,0,0,0,0,0,0,1,1,1,0,0,1,0,0,1
21,0,34.178068,-118.615714,36123,0,7,39.21,42,80.3,526.7,0.0,10,274.47,2,0,1,0,0,0,0,0,0,0,0,0,1,0,1,0,1,0,0,0,0,0,1,0,1,0,0,0,1,0,1,1
48,0,33.362575,-117.299644,42239,0,3,35.64,6,69.35,191.35,0.0,0,106.92,2,1,0,0,0,0,0,0,0,0,0,0,1,0,1,0,0,0,0,0,0,1,1,1,1,1,0,0,1,0,0,1
39,0,34.207295,-118.400022,57146,0,22,39.58,12,89.4,2001.5,0.0,0,870.76,2,1,0,0,0,0,0,0,0,0,1,0,1,0,1,0,1,0,0,1,1,0,1,0,0,1,0,0,1,0,0,1
61,0,34.245289,-117.642503,23079,1,53,0.0,13,60.45,3184.25,0.0,0,0.0,2,1,0,0,1,0,1,0,0,0,0,0,0,0,1,1,0,0,0,1,1,1,1,1,1,1,1,0,1,0,0,1
58,0,34.133809,-117.523724,12937,1,8,29.0,30,84.9,764.95,0.0,0,232.0,1,0,0,0,1,0,1,0,0,0,0,0,1,1,1,0,1,0,0,0,0,0,0,1,1,1,0,0,1,0,0,1
27,0,34.031441,-117.936436,84965,1,2,8.5,59,73.55,145.4,0.0,0,17.0,1,0,1,0,1,0,1,0,0,0,0,0,1,0,1,0,1,0,0,1,0,0,0,0,1,1,0,0,1,0,0,1
24,0,33.998471,-117.973758,53686,1,8,11.35,0,20.15,156.25,0.0,0,90.8,3,0,1,0,1,0,1,0,0,0,0,0,1,0,0,0,0,1,0,0,0,0,0,0,0,0,0,0,0,0,0,1
31,0,34.038983,-117.991372,30802,1,48,0.0,22,34.7,1604.5,0.0,0,0.0,2,0,0,0,1,0,1,0,0,0,0,0,0,0,1,1,0,0,0,1,1,0,0,0,0,1,1,0,0,0,1,1
47,0,32.787836,-117.232376,46086,1,8,16.88,6,101.15,842.9,0.0,0,135.04,2,0,0,0,1,0,1,0,0,0,0,0,1,0,1,0,1,0,0,1,1,0,1,1,1,1,0,0,0,0,0,1
20,0,32.787836,-117.232376,46086,0,20,5.54,59,88.7,1761.45,0.0,0,110.8,1,1,1,0,0,0,0,0,0,0,1,0,1,1,1,0,1,0,0,0,1,0,1,0,0,1,0,0,1,0,0,1
44,0,32.787836,-117.232376,46086,0,2,8.32,16,79.75,164.5,0.0,0,16.64,3,0,0,0,0,0,0,0,0,0,0,0,1,0,1,0,1,0,0,0,0,0,1,0,0,1,0,0,1,0,0,1
48,0,32.787836,-117.232376,46086,0,27,11.09,6,94.55,2724.6,0.0,0,299.43,2,0,0,0,0,0,0,0,0,0,0,0,1,1,1,0,1,0,0,0,0,0,1,1,1,1,0,0,1,0,1,1
63,0,32.787836,-117.232376,46086,1,52,46.59,26,96.25,4990.25,0.0,120,2422.6800000000003,3,1,0,0,1,0,1,0,0,0,0,0,1,1,1,0,1,0,0,0,1,1,0,1,1,0,0,1,1,0,0,1
52,0,32.787836,-117.232376,46086,0,69,20.44,3,104.7,7220.35,0.0,0,1410.36,3,1,0,0,0,0,0,1,0,0,0,0,1,1,1,0,1,0,0,1,0,1,1,1,1,1,1,0,1,0,0,1
20,1,32.787836,-117.232376,46086,0,40,8.08,76,55.25,2139.2,0.0,0,323.2,1,1,1,0,0,1,0,0,0,0,0,0,1,0,1,1,0,0,1,1,0,0,0,0,0,1,0,0,1,0,1,1
53,0,32.787836,-117.232376,46086,0,6,1.15,3,90.1,521.3,0.0,0,6.9,1,0,0,0,0,0,0,0,0,0,0,0,1,1,1,0,1,0,0,1,0,0,1,0,0,1,0,0,1,0,0,1
60,0,32.787836,-117.232376,46086,0,11,15.03,13,53.75,608.0,0.0,0,165.32999999999998,1,1,0,0,0,0,0,0,0,0,1,0,1,1,1,1,0,0,0,0,1,0,0,0,0,1,0,0,0,0,0,1
43,0,32.787836,-117.232376,46086,0,6,2.6,22,89.3,577.6,0.0,0,15.6,1,0,0,0,0,0,0,0,0,0,0,0,1,0,1,0,1,0,0,0,0,0,1,1,1,1,0,0,0,0,0,1
21,0,32.787836,-117.232376,46086,5,3,23.26,42,95.2,292.85,0.0,20,69.78,1,0,1,0,1,0,1,0,0,0,0,0,1,1,1,0,1,0,0,0,0,0,1,1,1,0,0,0,1,0,0,1
51,0,32.787836,-117.232376,46086,1,8,47.91,23,74.5,609.9,0.0,0,383.28,2,1,0,0,1,0,1,0,0,0,0,0,1,0,1,0,1,0,1,0,0,0,0,0,0,1,0,0,1,0,0,1
57,0,32.787836,-117.232376,46086,0,1,22.48,5,79.65,79.65,0.0,0,22.48,3,0,0,0,0,0,0,0,0,0,0,0,1,0,1,0,1,0,0,0,0,0,1,0,0,1,0,0,1,0,0,1
53,0,32.787836,-117.232376,46086,1,1,39.79,7,80.05,80.05,0.0,0,39.79,3,0,0,0,1,0,1,0,0,0,0,0,1,0,1,0,1,0,0,0,0,0,1,0,0,1,0,0,1,0,1,1
25,0,32.787836,-117.232376,46086,1,29,4.0,48,89.2,2698.35,0.0,0,116.0,1,1,1,0,1,0,1,0,0,0,0,0,1,1,1,0,1,0,0,0,1,0,0,1,1,1,0,0,1,0,0,1
59,0,32.787836,-117.232376,46086,1,19,14.09,25,83.65,1465.75,0.0,130,267.71,2,1,0,0,1,0,1,0,0,0,0,0,1,1,1,0,1,0,0,0,0,0,0,1,1,0,0,0,1,0,0,1
62,0,32.787836,-117.232376,46086,1,6,31.7,0,19.5,146.3,0.0,0,190.2,3,0,0,0,1,0,1,0,0,0,0,0,1,0,0,0,0,1,0,0,0,0,0,0,0,0,0,0,0,0,0,1
58,0,32.787836,-117.232376,46086,0,1,6.44,4,51.25,51.25,0.0,0,6.44,1,1,0,0,0,0,0,0,0,0,0,0,1,0,1,1,0,0,0,0,0,1,0,0,0,1,0,0,0,0,1,1
31,0,32.787836,-117.232376,46086,0,1,11.73,24,45.6,45.6,0.0,0,11.73,1,1,0,0,0,0,0,0,0,0,0,1,1,0,1,1,0,0,0,0,0,0,0,0,0,1,0,0,1,0,0,1
49,0,32.805518,-117.169052,46828,0,6,48.89,22,49.65,267.35,0.0,0,293.34000000000003,2,0,0,0,0,0,0,0,0,0,0,1,1,0,1,1,0,0,0,0,0,1,0,0,0,1,0,0,1,0,0,1
59,3,32.898613,-117.202937,4258,1,15,31.14,0,20.0,288.05,0.0,0,467.1,1,1,0,0,1,1,1,0,0,0,0,0,1,0,0,0,0,1,0,0,0,0,0,0,0,0,0,0,1,0,0,1
19,0,32.827238,-117.089287,30206,1,25,0.0,82,34.0,853.0,0.0,0,0.0,1,0,1,0,1,0,1,0,0,1,0,0,0,0,1,0,0,0,0,0,0,0,1,0,0,1,0,0,1,0,0,1
52,0,32.886925,-117.152162,74232,1,13,17.83,10,88.35,1222.8,0.0,0,231.79,2,0,0,0,1,0,1,0,0,0,0,0,1,0,1,0,1,0,0,0,0,0,1,1,1,1,0,0,0,0,0,1
38,0,32.886925,-117.152162,74232,1,49,6.45,10,107.95,5293.2,0.0,0,316.05,2,0,0,0,1,0,1,0,0,0,0,0,1,1,1,0,1,0,0,1,1,1,1,1,1,1,0,1,1,0,0,1
26,0,32.886925,-117.152162,74232,0,37,3.27,71,64.75,2345.2,0.0,0,120.99,1,0,1,0,0,0,0,0,0,1,0,0,1,0,1,0,0,0,0,0,0,0,1,1,1,1,0,0,1,0,0,1
49,0,32.886925,-117.152162,74232,0,26,6.24,25,89.8,2335.3,0.0,0,162.24,1,1,0,0,0,0,0,0,0,1,0,0,1,0,1,0,1,0,0,1,1,0,1,0,0,1,0,0,0,0,0,1
61,0,32.886925,-117.152162,74232,0,12,34.81,16,95.5,1115.15,0.0,0,417.72,2,0,0,0,0,0,0,0,0,0,0,0,1,0,1,0,1,0,0,0,1,0,1,1,1,1,1,0,0,0,1,1
64,0,32.886925,-117.152162,74232,3,5,36.88,8,84.5,453.75,0.0,0,184.4,1,1,0,0,1,0,1,0,0,0,0,1,1,1,1,0,1,0,1,0,1,0,0,0,0,1,0,0,1,0,0,1
26,0,32.886925,-117.152162,74232,0,18,28.59,26,90.7,1597.25,0.0,0,514.62,1,1,1,0,0,0,0,0,0,0,0,0,1,1,1,0,1,0,0,0,1,0,0,1,1,1,0,0,1,1,0,1
20,0,32.886925,-117.152162,74232,0,54,43.47,82,103.95,5639.05,0.0,0,2347.38,3,0,1,0,0,0,0,0,0,0,0,0,1,1,1,0,1,0,1,0,1,0,1,1,1,1,1,0,1,0,0,1
39,0,32.886925,-117.152162,74232,0,10,5.63,26,74.75,799.65,0.0,0,56.3,1,0,0,0,0,0,0,0,0,0,0,0,1,1,1,0,1,0,0,0,0,0,0,0,0,1,0,0,1,0,0,1
20,0,32.886925,-117.152162,74232,0,1,22.82,27,50.8,50.8,0.0,0,22.82,2,0,1,0,0,0,0,0,0,0,0,0,1,0,1,0,0,0,0,0,0,1,0,0,0,1,0,0,1,0,0,1
42,0,32.886925,-117.152162,74232,0,2,39.03,30,80.25,144.55,0.0,10,78.06,1,1,0,0,0,0,0,0,0,0,0,1,1,0,1,0,1,0,0,0,0,0,1,0,0,0,0,0,1,0,0,1
62,0,32.886925,-117.152162,74232,1,32,22.57,11,78.9,2447.95,0.0,0,722.24,3,1,0,0,1,0,1,0,0,1,0,0,1,1,1,0,1,0,0,0,1,0,0,0,0,1,0,0,1,0,0,1
22,0,32.886925,-117.152162,74232,0,36,43.97,42,84.75,3050.15,0.0,0,1582.92,3,1,1,0,0,0,0,0,0,1,0,0,1,1,1,0,1,0,0,0,0,0,0,1,1,1,0,0,1,0,0,1
38,0,32.886925,-117.152162,74232,0,53,16.43,29,85.45,4517.25,0.0,0,870.79,1,1,0,0,0,0,0,0,0,0,0,0,1,1,1,0,1,0,0,0,0,0,1,0,0,1,0,0,0,0,0,1
46,1,32.886925,-117.152162,74232,4,1,45.77,0,19.9,19.9,0.0,0,45.77,1,1,0,0,1,1,1,0,0,0,0,1,1,0,0,0,0,1,0,0,0,0,0,0,0,0,0,0,0,0,1,1
48,0,32.886925,-117.152162,74232,0,1,27.12,23,70.6,70.6,0.0,0,27.12,3,0,0,0,0,0,0,0,0,0,0,0,1,0,1,0,1,0,0,0,0,0,0,0,0,1,0,0,1,0,0,1
61,0,32.886925,-117.152162,74232,0,5,20.2,23,81.0,389.6,0.0,10,101.0,2,0,0,0,0,0,0,0,0,0,0,1,1,0,1,0,1,0,0,0,0,0,1,0,0,0,0,0,1,1,0,1
61,0,32.886925,-117.152162,74232,0,6,39.32,12,84.85,523.5,0.0,0,235.92,2,1,0,0,0,0,0,0,0,0,0,1,1,0,1,0,1,0,0,1,0,0,1,0,0,1,0,0,1,0,0,1
30,0,32.886925,-117.152162,74232,0,64,24.23,73,105.65,6903.1,0.0,0,1550.72,1,1,0,0,0,0,0,0,0,0,0,0,1,1,1,0,1,0,0,1,0,1,1,1,1,1,1,0,1,1,0,1
40,0,32.886925,-117.152162,74232,0,13,12.54,20,80.85,1008.7,0.0,0,163.01999999999998,1,1,0,0,0,0,0,0,0,0,0,0,1,0,1,0,1,0,0,0,0,0,0,1,1,1,0,0,1,0,0,1
62,0,32.886925,-117.152162,74232,3,9,26.51,18,89.45,853.1,0.0,0,238.59,2,0,0,0,1,0,1,0,0,0,0,1,1,0,1,0,1,0,0,0,0,0,1,1,1,1,0,0,0,0,0,1
49,0,34.156758,-117.404686,18518,0,10,33.75,11,72.15,794.25,0.0,80,337.5,2,1,0,0,0,0,0,0,0,0,0,0,1,1,1,1,0,0,0,0,0,0,1,1,1,0,0,0,1,1,0,1
39,0,35.924252,-116.188668,87,0,2,41.64,25,76.4,160.8,0.0,0,83.28,2,0,0,0,0,0,0,0,0,0,0,1,1,0,1,1,0,0,0,0,1,1,1,1,1,1,0,0,0,0,0,1
35,0,35.013299,-116.834092,1195,0,9,19.18,27,79.9,741.7,0.0,0,172.62,2,1,0,0,1,0,0,0,0,0,0,1,1,0,1,0,1,0,0,1,1,0,0,0,0,1,0,0,1,0,0,1
57,0,34.183286,-117.221722,53636,1,70,42.67,24,65.3,4759.75,0.0,0,2986.9,1,0,0,0,1,0,1,1,0,0,0,0,1,1,1,1,0,0,1,0,1,1,0,0,0,1,0,1,0,1,0,1
43,0,34.122501,-117.320138,23146,0,1,17.25,0,19.65,19.65,0.0,0,17.25,2,1,0,0,0,0,0,0,0,0,0,1,1,0,0,0,0,1,0,0,0,0,0,0,0,0,0,0,0,0,1,1
25,0,33.920907,-117.489426,38446,0,1,22.3,51,84.65,84.65,0.0,40,22.3,1,1,1,0,0,0,0,0,0,0,0,0,1,1,1,0,1,0,0,0,0,0,1,0,0,0,0,0,1,0,1,1
46,0,33.655421,-117.391751,38519,0,13,0.0,16,31.05,347.25,0.0,0,0.0,2,0,0,0,0,0,0,0,0,0,0,0,0,0,1,0,0,0,0,1,0,0,0,0,0,1,0,0,1,0,0,1
56,0,33.482243,-116.827173,2433,0,7,34.49,22,51.0,354.05,0.0,0,241.43,1,1,0,0,0,0,0,0,0,0,0,0,1,0,1,0,0,0,1,0,0,0,0,0,0,1,0,0,1,0,1,1
27,3,33.761894,-117.120868,4283,0,1,40.42,59,44.35,44.35,0.0,0,40.42,2,0,1,0,1,1,0,0,0,0,0,0,1,0,1,0,0,0,0,0,0,0,0,0,0,1,0,0,1,0,0,1
31,0,33.970661,-117.255039,46214,0,7,28.92,16,79.7,586.05,0.0,0,202.44,2,0,0,0,0,0,0,0,0,0,0,0,1,0,1,0,1,0,0,0,0,0,1,0,0,1,0,0,1,0,0,1
43,2,33.806708,-117.02007,4456,0,54,6.7,16,55.0,3092.65,0.0,0,361.8,1,1,0,0,0,1,0,0,0,0,0,0,1,1,1,0,0,0,0,1,0,0,0,0,0,1,0,0,1,1,0,1
33,0,33.540604,-117.10909,25655,3,33,33.32,4,73.9,2405.05,0.0,0,1099.56,1,1,0,0,1,0,1,0,0,1,0,0,1,0,1,1,0,0,0,0,1,1,1,1,1,1,1,0,1,0,1,1
38,0,33.507255,-117.029473,46171,5,55,19.41,4,77.75,4458.15,0.0,0,1067.55,2,0,0,0,1,0,1,0,0,0,0,0,1,1,1,0,1,0,0,0,1,0,0,0,0,1,0,0,1,0,0,1
35,0,33.458754,-117.665104,7465,0,8,32.31,6,84.95,668.4,0.0,0,258.48,1,0,0,0,0,0,0,0,0,0,0,0,1,0,1,0,1,0,1,0,0,0,1,0,0,1,0,0,0,0,0,1
40,0,33.600987,-117.862734,13422,0,11,44.94,25,73.85,926.25,0.0,0,494.34,2,1,0,0,0,0,0,0,0,0,0,0,1,0,1,0,1,0,0,0,0,1,0,0,0,1,0,0,1,0,0,1
57,0,33.645672,-117.922613,62069,2,49,0.0,5,51.8,2541.25,0.0,50,0.0,2,1,0,0,1,0,1,0,0,0,0,0,0,0,1,1,0,0,0,1,0,0,1,1,1,0,1,0,1,0,0,1
56,1,33.634626,-117.874882,28687,0,5,23.89,14,46.0,221.7,0.0,0,119.45,1,0,0,0,0,1,0,0,0,0,0,0,1,0,1,1,0,0,0,0,0,0,0,0,0,1,0,0,0,0,1,1
39,0,33.782346,-117.635263,1859,0,4,9.98,13,51.75,201.1,0.0,0,39.92,1,1,0,0,0,0,0,0,0,0,0,0,1,1,1,1,0,0,0,0,0,0,0,0,0,1,0,0,0,1,0,1
52,0,33.631119,-117.567346,32268,1,30,28.85,6,94.4,2838.7,0.0,80,865.5,1,1,0,0,1,0,1,0,0,1,0,0,1,1,1,0,1,0,1,1,0,0,1,0,0,0,0,0,1,0,0,1
34,0,33.60693,-117.644253,46227,0,1,2.24,6,70.15,70.15,0.0,0,2.24,3,0,0,0,0,0,0,0,0,0,0,0,1,0,1,0,1,0,0,0,0,0,0,0,0,1,0,0,1,0,1,1
43,0,33.830209,-117.906099,68802,0,9,0.0,9,34.7,296.1,0.0,0,0.0,1,1,0,0,0,0,0,0,0,0,0,0,0,0,1,1,0,0,0,0,0,0,1,0,0,1,0,0,1,1,0,1
53,0,33.848733,-117.788357,36301,0,1,22.86,24,81.1,81.1,0.0,0,22.86,3,0,0,0,0,0,0,0,0,0,0,0,1,0,1,0,1,0,0,0,0,0,0,1,1,1,0,0,1,0,0,1
25,2,33.930199,-117.862898,34055,1,1,37.92,0,20.55,20.55,0.0,0,37.92,3,0,1,0,1,1,1,0,0,0,0,0,1,0,0,0,0,1,0,0,0,0,0,0,0,0,0,0,0,1,0,1
39,0,33.924143,-117.79387,1408,0,61,41.23,28,106.6,6428.4,0.0,0,2515.03,3,0,0,0,0,0,0,0,0,0,0,0,1,1,1,0,1,0,0,0,1,1,1,1,1,1,0,1,1,0,0,1
47,0,33.877639,-117.961212,46105,7,59,49.31,21,106.75,6252.9,0.0,40,2909.29,1,1,0,0,1,0,1,0,0,0,0,0,1,1,1,0,1,0,1,1,1,1,1,0,0,0,0,0,1,0,0,1
56,0,33.786738,-117.982564,31428,0,3,16.15,13,89.45,240.45,0.0,0,48.45,3,0,0,0,0,0,0,0,0,0,0,0,1,0,1,0,1,0,0,0,0,0,1,1,1,1,0,0,1,0,0,1
40,0,33.766476,-117.969795,23481,0,3,30.18,7,97.9,315.3,0.0,0,90.54,3,0,0,0,0,0,0,0,0,0,0,0,1,0,1,0,1,0,0,1,0,1,1,1,1,1,0,0,1,0,0,1
62,0,33.828779,-117.848299,18058,0,1,48.22,22,55.7,55.7,0.0,0,48.22,1,1,0,0,0,0,0,0,0,0,0,0,1,0,1,0,0,0,0,0,0,0,0,1,1,1,0,0,1,1,0,1
61,0,33.787796,-117.875928,23172,0,13,30.88,3,79.8,973.45,0.0,0,401.44,2,1,0,0,0,0,0,0,0,0,0,0,1,0,1,0,1,0,0,1,1,0,0,0,0,1,0,0,1,0,0,1
46,0,33.884073,-117.732197,20893,1,18,0.0,30,39.05,669.85,0.0,0,0.0,3,0,0,0,1,0,1,0,0,0,0,0,0,0,1,0,0,0,0,0,1,0,1,0,0,1,0,0,1,0,0,1
61,0,34.223244,-119.18012,79736,0,1,1.59,14,53.55,53.55,0.0,0,1.59,1,0,0,0,0,0,0,0,0,0,0,0,1,0,1,0,0,0,0,0,0,0,1,0,0,1,0,0,1,1,0,1
38,0,34.432843,-118.730106,1459,1,70,5.48,14,93.9,6579.05,0.0,0,383.6,1,0,0,0,1,0,1,1,0,0,0,0,1,1,1,0,1,0,1,1,1,1,0,0,0,1,0,1,0,0,0,1
48,0,34.402343,-119.094824,32511,1,68,23.67,22,113.15,7856.0,0.0,0,1609.5600000000002,1,1,0,0,1,0,1,1,0,0,0,0,1,1,1,0,1,0,1,1,1,1,1,1,1,1,0,1,1,0,0,1
42,0,34.297628,-119.014627,2966,3,11,11.5,27,80.5,896.9,0.0,0,126.5,1,1,0,0,1,0,1,0,0,0,1,0,1,1,1,0,1,0,0,1,0,0,0,0,0,1,0,0,1,0,0,1
61,0,34.420998,-119.60137,576,0,1,49.2,0,19.3,19.3,0.0,0,49.2,3,1,0,0,0,0,0,0,0,0,0,0,1,0,0,0,0,1,0,0,0,0,0,0,0,0,0,0,1,1,0,1
60,0,34.037342,-119.80079,25771,0,1,4.18,8,49.65,49.65,0.0,40,4.18,3,1,0,0,0,0,0,0,0,0,0,0,1,0,1,1,0,0,0,0,1,0,0,0,0,0,0,0,1,1,0,1
52,0,34.457541,-119.631072,12741,0,46,45.2,17,54.35,2460.15,0.0,0,2079.2000000000003,3,0,0,0,0,0,0,0,0,0,0,0,1,0,1,1,0,0,0,0,1,1,0,0,0,1,0,1,0,1,0,1
32,0,34.437945,-119.77191,15757,0,4,49.14,15,88.45,370.65,0.0,0,196.56,3,1,0,0,0,0,0,0,0,0,0,0,1,0,1,0,1,0,0,0,0,0,1,1,1,1,0,0,1,0,0,1
54,0,35.451402,-119.488413,2078,1,9,17.47,6,94.85,890.6,0.0,0,157.23,2,1,0,0,1,0,1,0,0,0,0,0,1,0,1,0,1,0,0,1,1,1,1,0,0,1,0,0,1,1,0,1
49,0,35.865795,-118.69759,226,9,7,35.42,3,69.95,529.5,0.0,0,247.94,2,1,0,0,1,0,1,0,0,0,0,0,1,0,1,0,1,0,0,0,0,0,0,0,0,1,0,0,1,0,0,1
22,0,36.04533,-119.532424,23506,0,1,6.54,52,48.6,48.6,0.0,0,6.54,1,0,1,0,0,0,0,0,0,0,0,1,1,0,1,0,0,0,1,0,0,0,0,0,0,1,0,0,1,1,0,1
29,0,36.29878,-119.201028,8644,1,29,26.03,47,80.15,2265.25,0.0,0,754.87,3,1,1,0,1,0,1,0,0,1,0,0,1,1,1,0,1,0,0,1,0,0,0,0,0,1,0,0,1,0,0,1
30,0,35.215731,-119.57013,626,0,3,47.51,85,75.5,220.6,0.0,0,142.53,2,0,0,0,0,0,0,0,0,0,0,1,1,1,1,0,1,0,0,0,0,0,0,0,0,1,0,0,1,0,0,1
28,0,36.385818,-119.224243,4517,0,1,10.98,0,20.2,20.2,0.0,0,10.98,1,1,1,0,0,0,0,0,0,0,0,1,1,0,0,0,0,1,0,0,0,0,0,0,0,0,0,0,1,0,0,1
39,0,34.845861,-118.885163,1247,1,3,35.18,13,74.75,229.5,0.0,0,105.54,1,0,0,0,1,0,1,0,0,0,0,1,1,1,1,0,1,0,0,0,0,0,0,0,0,1,0,0,1,1,0,1
49,0,36.462671,-118.997291,293,0,23,16.28,2,104.05,2470.1,0.0,0,374.44000000000005,1,1,0,0,0,0,0,0,0,0,1,0,1,1,1,0,1,0,0,0,1,1,1,1,1,1,0,0,1,1,0,1
28,0,33.507255,-117.029473,46171,0,13,17.02,41,96.65,1244.5,0.0,0,221.26,1,0,1,0,0,0,0,0,0,0,1,0,1,1,1,0,1,0,1,1,0,0,1,0,0,1,0,0,1,0,0,1
52,0,33.507255,-117.029473,46171,0,39,34.74,28,103.45,3994.45,0.0,0,1354.86,2,0,0,0,0,0,0,0,0,1,0,0,1,1,1,0,1,0,0,1,1,0,1,1,1,1,0,0,1,0,0,1
33,1,35.809921,-119.127437,2956,1,1,7.49,0,19.9,19.9,0.0,0,7.49,3,0,0,0,1,1,1,0,0,0,0,0,1,0,0,0,0,1,0,0,0,0,0,0,0,0,0,0,1,0,0,1
53,0,35.490705,-119.286833,15177,1,14,0.0,12,46.35,667.7,0.0,0,0.0,3,1,0,0,1,0,1,0,0,0,1,0,0,0,1,1,0,0,0,0,0,0,1,1,1,1,0,0,0,0,0,1
62,0,36.175255,-119.813805,1729,0,1,17.61,0,19.95,19.95,0.0,0,17.61,2,1,0,0,0,0,0,0,0,0,0,0,1,0,0,0,0,1,0,0,0,0,0,0,0,0,0,0,0,0,0,1
40,0,35.184837,-119.402525,14937,0,1,19.32,22,79.6,79.6,0.0,0,19.32,3,1,0,0,0,0,0,0,0,0,0,0,1,0,1,0,1,0,0,0,0,0,0,1,1,1,0,0,0,0,0,1
23,0,33.507255,-117.029473,46171,0,1,44.56,27,75.9,75.9,0.0,0,44.56,3,1,1,0,0,0,0,0,0,0,0,0,1,0,1,0,1,0,0,0,0,1,0,0,0,1,0,0,1,0,0,1
53,0,36.185471,-119.375243,56101,1,1,35.15,14,76.2,76.2,0.0,50,35.15,3,1,0,0,1,0,1,0,0,0,0,0,1,0,1,0,1,0,0,0,1,0,0,0,0,0,0,0,0,0,0,1
35,7,36.303793,-119.375646,44741,0,1,12.81,0,19.25,19.25,0.0,0,12.81,3,1,0,0,0,1,0,0,0,0,0,0,1,0,0,0,0,1,0,0,0,0,0,0,0,0,0,0,0,1,0,1
58,0,35.710244,-118.881679,88,1,42,10.73,22,84.3,3588.4,0.0,0,450.66,3,0,0,0,1,0,1,0,0,0,0,0,1,1,1,0,1,0,0,0,1,1,0,0,0,1,0,0,1,0,0,1
63,0,36.37559,-119.211689,30395,0,7,26.09,2,79.0,522.95,0.0,0,182.63,2,0,0,0,0,0,0,0,0,0,0,0,1,0,1,0,1,0,0,0,0,0,1,0,0,1,0,0,1,0,0,1
27,0,35.392599,-119.245341,40836,0,1,23.0,59,70.25,70.25,0.0,0,23.0,1,0,1,0,0,0,0,0,0,0,0,1,1,0,1,0,1,0,0,0,0,0,0,0,0,1,0,0,1,0,0,1
31,2,35.842889,-121.004862,1363,1,17,18.26,0,24.1,409.9,0.0,0,310.42,1,0,0,0,1,1,1,0,0,0,1,0,1,1,0,0,0,1,0,0,0,0,0,0,0,0,0,0,0,1,0,1
64,2,34.601055,-120.382917,51737,0,1,43.48,16,60.0,60.0,0.0,10,43.48,1,0,0,0,0,1,0,0,0,0,0,1,1,0,1,1,0,0,1,1,0,1,0,0,0,0,0,0,1,0,0,1
47,0,34.757477,-120.550507,6165,0,8,24.76,2,86.55,649.65,0.0,0,198.08,3,1,0,0,0,0,0,0,0,0,0,1,1,1,1,0,1,0,0,0,0,0,0,1,1,1,0,0,1,0,0,1
35,0,35.050345,-120.489599,15405,0,39,0.0,4,50.75,2011.4,0.0,0,0.0,3,0,0,0,0,0,0,0,0,1,0,0,0,0,1,1,0,0,0,0,1,0,1,1,1,1,0,0,1,0,0,1
48,0,34.624399,-120.137875,7958,1,22,27.24,21,54.2,1152.7,0.0,0,599.28,2,1,0,0,1,0,1,0,0,0,1,0,1,0,1,1,0,0,1,0,0,1,0,0,0,1,0,0,1,0,0,1
21,0,35.536115,-120.739231,7918,1,70,41.88,59,109.5,7674.55,0.0,150,2931.6000000000004,2,0,1,0,1,0,1,1,0,0,0,0,1,1,1,0,1,0,0,1,1,1,1,1,1,0,1,0,1,0,0,1
45,0,35.097323,-118.171288,4882,1,21,42.65,3,104.4,2157.95,0.0,0,895.65,2,1,0,0,1,0,1,0,0,0,1,0,1,1,1,0,1,0,0,1,1,0,1,1,1,1,0,0,0,0,0,1
39,0,35.358953,-118.527064,1022,0,1,9.05,21,75.7,75.7,0.0,0,9.05,3,0,0,0,0,0,0,0,0,0,0,1,1,0,1,0,1,0,0,1,0,0,0,0,0,1,0,0,1,0,0,1
21,0,35.214982,-118.59049,1436,4,4,9.98,51,97.95,384.5,0.0,0,39.92,3,0,1,0,1,0,1,0,0,0,0,1,1,1,1,0,1,0,0,1,0,0,1,1,1,1,0,0,1,0,0,1
22,0,34.659579,-118.584212,2771,0,32,27.69,73,108.15,3432.9,0.0,0,886.08,1,1,1,0,0,0,0,0,0,1,0,0,1,1,1,0,1,0,1,1,0,1,1,1,1,1,0,0,1,1,0,1
45,0,34.741406,-118.38111,49309,0,6,6.4,26,80.5,463.05,0.0,10,38.400000000000006,2,1,0,0,0,0,0,0,0,0,0,0,1,0,1,0,1,0,0,0,0,0,1,0,0,0,0,0,1,1,0,1
23,0,36.296851,-117.865469,318,0,1,35.28,51,71.35,71.35,0.0,0,35.28,3,1,1,0,0,0,0,0,0,0,0,0,1,0,1,0,1,0,0,0,0,0,0,0,1,1,0,0,1,1,0,1
42,0,34.445239,-117.894868,1613,0,13,8.59,15,89.4,1132.35,0.0,0,111.67,1,0,0,0,0,0,0,0,0,0,1,0,1,1,1,0,1,0,0,1,1,1,0,0,0,1,0,0,0,0,0,1
56,0,36.64545,-118.924982,273,0,1,47.26,0,20.6,20.6,0.0,0,47.26,1,1,0,0,0,0,0,0,0,0,0,1,1,0,0,0,0,1,0,0,0,0,0,0,0,0,0,0,0,1,0,1
54,0,36.798882,-120.019511,807,0,19,2.19,18,99.95,1931.75,0.0,0,41.61,1,1,0,0,0,0,0,0,0,0,1,0,1,1,1,0,1,0,0,1,0,0,1,1,1,1,0,0,1,0,0,1
46,0,36.814539,-119.711868,33856,0,10,49.5,19,81.0,818.05,0.0,0,495.0,2,0,0,0,0,0,0,0,0,0,1,0,1,1,1,0,1,0,0,1,0,0,0,0,0,1,0,0,1,1,0,1
53,0,36.807595,-118.901544,93,0,1,42.09,9,70.15,70.15,0.0,0,42.09,1,0,0,0,0,0,0,0,0,0,0,1,1,0,1,0,1,0,0,0,0,0,0,0,0,1,0,0,1,1,0,1
29,0,36.452211,-119.94575,5729,0,39,4.48,71,95.55,3692.85,0.0,0,174.72000000000003,1,0,1,0,0,0,0,0,0,1,0,0,1,0,1,0,1,0,1,0,1,1,1,0,1,1,1,0,1,0,0,1
42,0,36.635661,-120.288644,1130,0,36,27.72,24,87.55,3078.1,0.0,0,997.92,1,0,0,0,0,0,0,0,0,0,0,0,1,0,1,0,1,0,0,0,1,1,0,1,1,1,0,0,1,0,0,1
26,0,34.102119,-117.815532,33878,0,5,34.49,46,85.2,474.8,0.0,0,172.45000000000002,3,0,1,0,0,0,0,0,0,0,0,1,1,1,1,0,1,0,0,0,0,0,1,0,1,1,0,0,1,0,0,1
28,0,36.878709,-119.7645,45087,0,13,0.0,53,35.1,446.1,0.0,0,0.0,3,0,1,0,0,0,0,0,0,0,1,0,0,0,1,0,0,0,0,0,0,0,0,1,1,1,0,0,1,0,0,1
33,0,36.793601,-119.761131,39148,0,5,25.11,26,81.3,416.3,0.0,0,125.55,2,1,0,0,1,0,0,0,0,0,0,1,1,1,1,0,1,0,0,1,0,0,0,0,0,1,0,0,1,0,0,1
31,5,36.64152,-121.622188,35739,0,2,29.81,0,19.6,35.85,0.0,0,59.62,3,0,0,0,0,1,0,0,0,0,0,0,1,0,0,0,0,1,0,0,0,0,0,0,0,0,0,0,1,0,0,1
29,0,36.624338,-121.615669,13027,1,17,47.76,26,85.45,1451.6,0.0,0,811.92,3,0,1,0,1,0,1,0,0,0,0,0,1,1,1,0,1,0,0,0,0,0,0,1,1,1,0,0,1,0,0,1
57,0,36.554618,-121.922239,2966,1,1,18.84,19,71.0,71.0,0.0,0,18.84,2,1,0,0,1,0,1,0,0,0,0,1,1,0,1,0,1,0,0,0,0,0,0,0,0,1,0,0,1,0,0,1
29,3,36.248708,-121.386617,14204,0,1,7.14,52,44.4,44.4,0.0,0,7.14,3,1,1,0,0,1,0,0,0,0,0,1,1,0,1,1,0,0,0,0,0,0,0,0,1,1,0,0,1,0,0,1
30,0,36.625114,-121.823565,38244,2,1,23.63,52,79.35,79.35,0.0,0,23.63,2,0,0,0,1,0,1,0,0,0,0,1,1,0,1,0,1,0,0,0,0,0,1,0,0,1,0,0,1,0,0,1
53,0,37.57028,-122.365778,40346,0,9,1.34,9,90.8,809.75,0.0,0,12.06,3,0,0,0,0,0,0,0,0,0,0,1,1,0,1,0,1,0,0,0,0,0,1,1,1,1,0,0,1,0,0,1
47,0,37.691561,-122.445202,47453,1,20,16.49,8,70.45,1470.95,0.0,0,329.79999999999995,1,1,0,0,1,0,1,0,0,0,0,0,1,0,1,0,1,0,0,0,0,0,0,0,0,1,0,0,1,0,0,1
63,0,37.380662,-122.086022,32143,0,3,5.2,23,75.8,246.3,0.0,10,15.6,1,0,0,0,0,0,0,0,0,0,0,1,1,1,1,0,1,0,0,0,0,0,0,0,0,0,0,0,1,0,0,1
31,0,37.654436,-122.426468,60599,7,17,17.91,9,88.25,1460.65,0.0,0,304.47,2,0,0,0,1,0,1,0,0,0,0,0,1,1,1,0,1,0,0,0,1,0,1,0,0,1,0,0,0,0,0,1
31,0,37.421633,-122.009613,16985,0,2,37.76,10,70.0,153.05,0.0,0,75.52,3,0,0,0,0,0,0,0,0,0,0,1,1,0,1,0,1,0,0,0,0,0,0,0,0,1,0,0,0,0,0,1
63,0,37.791222,-122.402241,384,0,21,9.06,10,97.35,2119.5,0.0,0,190.26,3,0,0,0,0,0,0,0,0,0,0,0,1,1,1,0,1,0,0,0,0,0,1,1,1,1,0,0,1,0,0,1
34,1,37.720498,-122.443119,73117,1,5,40.05,0,25.9,135.0,0.0,0,200.25,1,1,0,0,1,1,1,0,0,0,0,1,1,1,0,0,0,1,0,0,0,0,0,0,0,0,0,0,1,0,0,1
43,0,37.758085,-122.434801,30587,0,24,8.99,5,55.65,1400.55,0.0,60,215.76,1,1,0,0,0,0,0,0,0,0,0,0,1,1,1,1,0,0,1,0,0,0,0,0,0,0,0,0,1,0,0,1
52,0,37.786031,-122.437301,33122,0,1,49.24,8,69.65,69.65,0.0,0,49.24,2,0,0,0,0,0,0,0,0,0,0,1,1,0,1,0,1,0,0,0,0,0,0,0,0,1,0,0,1,0,0,1
41,0,37.770533,-122.445121,38756,0,10,45.21,3,100.6,1060.2,0.0,0,452.1,1,0,0,0,0,0,0,0,0,0,0,0,1,1,1,0,1,0,0,0,1,0,1,1,1,1,0,0,1,0,0,1
44,0,37.760412,-122.484966,55504,0,53,29.8,4,106.95,5785.5,0.0,0,1579.4,1,0,0,0,0,0,0,0,0,0,0,0,1,1,1,0,1,0,1,0,1,0,1,1,1,1,1,0,1,1,0,1
46,0,37.736535,-122.45732,20643,0,3,0.0,3,29.6,79.45,0.0,0,0.0,1,1,0,0,0,0,0,0,0,0,0,1,0,0,1,0,0,0,0,1,0,0,0,0,0,1,0,0,1,0,0,1
53,0,37.45809,-122.115398,45499,2,49,49.63,9,95.6,4783.5,0.0,0,2431.8700000000003,1,0,0,0,1,0,1,0,0,0,0,0,1,1,1,0,1,0,0,0,0,0,1,1,1,1,0,0,1,0,0,1
39,0,37.416159,-122.131337,24492,0,11,0.0,5,41.6,470.6,0.0,0,0.0,2,1,0,0,0,0,0,0,0,0,0,0,0,0,1,1,0,0,0,0,1,0,1,0,0,1,1,0,1,0,0,1
34,0,37.538309,-122.305109,37926,0,45,14.12,3,100.85,4740.0,0.0,0,635.4,1,1,0,0,0,0,0,0,1,0,0,0,1,1,1,0,1,0,0,1,0,0,1,1,1,1,0,0,1,1,0,1
52,1,38.542448,-122.419923,3641,1,37,0.0,23,40.2,1448.8,0.0,0,0.0,2,1,0,0,1,1,1,0,0,0,0,0,0,0,1,1,0,0,1,1,1,0,0,0,0,1,0,0,0,0,0,1
55,0,37.980057,-121.801599,90891,1,49,39.6,20,84.5,4254.85,0.0,0,1940.4,3,1,0,0,1,0,1,0,1,0,0,0,1,1,1,0,1,0,0,0,0,0,1,0,0,1,0,0,0,0,0,1
45,0,37.881842,-121.848111,14239,0,1,11.25,0,20.2,20.2,0.0,0,11.25,2,1,0,0,0,0,0,0,0,0,0,1,1,0,0,0,0,1,0,0,0,0,0,0,0,0,0,0,0,1,0,1
43,0,37.555473,-122.080312,33883,1,5,39.36,24,94.45,498.1,0.0,0,196.8,1,1,0,0,1,0,1,0,0,0,0,0,1,0,1,0,1,0,0,0,1,0,1,1,1,1,0,0,1,0,0,1
51,0,38.672708,-122.403219,494,1,9,0.0,10,48.75,442.2,0.0,10,0.0,2,0,0,0,1,0,1,0,0,0,0,0,0,0,1,1,0,0,0,0,1,0,1,1,1,0,0,0,1,0,0,1
25,0,37.713926,-121.928425,29636,0,1,36.07,41,84.85,84.85,0.0,0,36.07,1,1,1,0,0,0,0,0,0,0,0,0,1,0,1,0,1,0,0,0,1,0,1,0,1,1,0,0,1,0,0,1
42,0,38.035707,-122.196821,173,0,12,7.97,10,56.65,654.85,0.0,0,95.64,1,1,0,0,0,0,0,0,0,0,0,0,1,0,1,0,0,0,1,0,0,1,0,0,0,1,0,0,0,1,0,1
22,0,38.027218,-122.23463,8506,0,42,5.75,53,73.9,3160.55,0.0,0,241.5,2,0,1,0,0,0,0,0,1,0,0,0,1,0,1,1,0,0,1,1,1,1,0,1,1,1,1,0,0,1,0,1
21,0,38.581354,-122.296283,9423,1,33,35.31,0,24.5,740.3,35.05,0,1165.23,3,0,1,0,1,0,1,0,0,0,0,0,1,1,0,0,0,1,0,0,0,0,0,0,0,0,0,1,1,1,0,1
54,0,37.59485,-122.051521,66472,0,31,6.33,11,89.9,2806.9,41.18,0,196.23,2,0,0,0,0,0,0,0,0,0,0,0,1,1,1,0,1,0,0,0,1,0,0,1,1,1,0,0,1,0,0,1
50,0,37.776523,-122.219268,54876,1,42,34.65,9,99.45,4138.05,30.46,140,1455.3,2,1,0,0,1,0,1,0,1,0,0,0,1,1,1,0,1,0,0,1,1,1,0,1,1,0,0,0,1,0,0,1
57,0,37.739113,-122.175602,31392,0,12,42.58,22,74.05,872.65,48.61,0,510.96,3,0,0,0,0,0,0,0,0,0,0,0,1,1,1,1,0,0,0,0,0,1,1,1,1,1,1,0,0,1,0,1
25,0,37.828416,-122.216005,36517,1,7,19.23,52,89.75,608.8,26.02,0,134.61,2,1,1,0,1,0,1,0,0,0,0,0,1,0,1,0,1,0,0,1,0,1,1,0,0,1,0,0,1,0,0,1
27,0,37.890274,-122.295192,15882,1,14,21.3,42,85.15,1139.2,38.48,0,298.2,2,1,1,0,1,0,1,0,0,0,0,0,1,1,1,0,1,0,0,0,0,0,0,1,1,1,0,0,1,0,0,1
27,0,37.921034,-122.341798,39089,0,16,20.44,59,94.25,1483.25,0.0,140,327.04,1,1,1,0,0,0,0,0,0,0,0,0,1,0,1,0,1,0,1,0,0,0,1,1,1,0,0,0,1,0,0,1
24,0,37.941456,-122.320968,13984,1,65,26.75,51,72.45,4653.85,14.23,0,1738.75,1,1,1,0,1,0,1,0,1,0,0,0,1,1,1,0,0,0,1,1,1,0,0,1,1,1,1,0,0,1,0,1
26,0,37.972662,-122.491452,40239,0,42,33.46,52,105.2,4400.75,40.15,0,1405.32,1,0,1,0,0,0,0,0,1,0,0,0,1,1,1,0,1,0,1,0,1,0,1,1,1,1,0,0,1,0,0,1
34,0,38.34719,-122.697822,42544,3,6,8.59,28,82.85,460.25,48.95,0,51.54,1,1,0,0,1,0,1,0,0,0,0,0,1,1,1,0,1,0,0,0,0,0,1,0,0,1,0,0,1,0,0,1
54,0,38.135897,-122.563683,16429,1,5,7.0,23,83.6,404.2,24.44,0,35.0,3,0,0,0,1,0,1,0,0,0,0,0,1,0,1,0,1,0,0,1,0,0,0,1,1,1,0,0,1,0,0,1
24,0,38.052209,-122.775567,248,0,68,21.74,73,108.45,7176.55,9.68,0,1478.32,3,1,1,0,0,0,0,1,0,0,0,0,1,1,1,0,1,0,0,1,1,1,1,1,1,1,1,0,0,0,0,1
33,0,37.848641,-122.515692,11213,1,3,31.61,20,91.5,242.95,0.0,10,94.83,3,0,0,0,1,0,1,0,0,0,0,0,1,1,1,0,1,0,0,1,0,0,0,1,1,0,0,0,1,1,0,1
57,0,38.005839,-122.638155,1449,3,12,18.26,18,80.85,866.45,23.72,0,219.12,1,1,0,0,1,0,1,0,0,0,0,0,1,0,1,0,1,0,1,0,0,1,0,0,0,1,0,0,0,0,0,1
64,0,37.013471,-121.877877,24227,0,43,0.0,12,49.05,2076.2,20.29,0,0.0,1,0,0,0,0,0,0,0,1,0,0,0,0,0,1,1,0,0,0,0,1,0,1,1,1,1,0,0,1,0,0,1
21,0,37.306612,-122.080621,54431,1,70,16.78,48,114.2,7723.9,48.54,0,1174.6,1,0,1,0,1,0,1,1,0,0,0,0,1,1,1,0,1,0,1,1,1,1,1,1,1,1,0,1,1,0,0,1
56,0,37.089111,-122.062213,8728,0,1,26.0,8,70.75,70.75,0.0,0,26.0,2,0,0,0,0,0,0,0,0,0,0,0,1,0,1,0,1,0,0,0,0,0,0,0,0,1,0,0,0,0,1,1
19,0,33.141265,-116.967221,48690,0,3,0.0,26,40.15,130.75,0.0,0,0.0,3,1,1,0,0,0,0,0,0,0,0,0,0,0,1,1,0,0,0,0,1,0,1,0,0,1,0,0,1,0,1,1
39,0,37.351214,-121.952417,36349,3,36,24.51,27,97.35,3457.9,4.96,0,882.36,2,0,0,0,1,0,1,0,0,0,0,0,1,1,1,0,1,0,0,1,1,0,1,0,0,1,0,0,1,0,0,1
34,0,36.931654,-121.752383,81141,0,1,0.0,18,45.3,45.3,0.0,0,0.0,1,1,0,0,0,0,0,0,0,0,0,0,0,0,1,1,0,0,0,0,0,0,1,1,1,1,0,0,1,0,1,1
61,0,37.284265,-121.827673,57748,0,2,26.05,2,94.95,178.1,0.0,0,52.1,1,1,0,0,0,0,0,0,0,0,0,0,1,0,1,0,1,0,0,0,1,0,1,1,1,1,0,0,0,0,0,1
33,1,37.333851,-121.891147,561,0,12,5.16,16,44.55,480.6,18.21,0,61.92,3,0,0,0,0,1,0,0,0,0,0,0,1,0,1,1,0,0,0,0,0,0,0,0,0,0,0,0,1,0,0,1
55,0,37.304681,-121.809955,37127,3,1,0.0,21,23.45,23.45,0.0,0,0.0,2,1,0,0,1,0,1,0,0,0,0,1,0,0,1,1,0,0,0,0,0,0,0,0,0,1,0,0,1,0,0,1
30,0,37.375156,-121.795867,60620,0,1,0.0,69,29.7,29.7,0.0,0,0.0,1,1,0,0,0,0,0,0,0,0,0,1,0,0,1,0,0,0,1,0,0,0,0,0,0,1,0,0,0,0,1,1
21,0,37.305622,-122.000887,37570,4,59,9.23,48,101.1,6039.9,0.0,0,544.57,2,0,1,0,1,0,1,0,1,0,0,0,1,1,1,0,1,0,0,1,0,0,1,1,1,1,0,0,0,0,0,1
51,0,37.424655,-121.74841,40568,0,3,22.56,3,50.65,151.3,0.0,0,67.67999999999999,1,0,0,0,0,0,0,0,0,0,0,1,1,1,1,0,0,0,0,0,0,0,0,0,0,1,0,0,1,0,1,1
37,0,37.28682,-121.723877,15798,0,1,13.01,4,55.4,55.4,0.0,0,13.01,1,0,0,0,0,0,0,0,0,0,0,1,1,0,1,0,0,0,0,0,0,0,0,1,1,1,0,0,1,0,0,1
20,0,38.200231,-121.235034,6317,0,52,33.69,52,111.25,5916.45,1.27,0,1751.88,1,0,1,0,0,0,0,0,1,0,0,0,1,1,1,0,1,0,1,1,0,1,1,1,1,1,1,0,1,1,0,1
19,0,38.071327,-120.632221,4264,0,2,5.33,52,55.1,113.35,0.0,0,10.66,1,1,1,0,0,0,0,0,0,0,0,1,1,0,1,0,0,0,1,0,1,0,0,0,0,1,0,0,1,0,1,1
36,0,38.244806,-120.417301,88,1,13,30.55,28,102.25,1359.0,0.0,0,397.15,1,1,0,0,1,0,1,0,0,0,0,0,1,1,1,0,1,0,0,0,1,0,1,1,1,1,0,0,1,1,0,1
34,0,38.085839,-120.37855,2144,0,5,24.32,22,53.85,259.8,22.96,10,121.6,1,0,0,0,0,0,0,0,0,0,0,1,1,0,1,0,0,0,1,0,0,1,0,0,0,0,0,0,0,1,0,1
30,0,37.524721,-120.757977,5513,2,42,10.79,41,50.25,2203.65,28.49,0,453.18,2,0,0,0,1,0,1,0,1,0,0,0,1,1,1,0,0,0,0,0,0,0,0,0,0,1,0,0,1,0,0,1
35,0,37.902968,-119.667544,3680,0,25,48.42,8,99.5,2369.05,19.5,0,1210.5,3,0,0,0,0,0,0,0,0,0,0,0,1,0,1,0,1,0,0,1,1,0,1,1,1,1,0,0,1,0,0,1
49,0,37.5923,-120.853288,6822,0,9,24.52,9,71.0,672.55,8.35,0,220.68,3,0,0,0,0,0,0,0,0,0,0,0,1,0,1,0,1,0,0,0,0,0,0,0,0,1,0,0,0,0,0,1
40,0,37.84771,-120.486589,9559,0,16,40.76,7,93.2,1573.7,35.7,0,652.16,1,0,0,0,0,0,0,0,0,0,0,0,1,0,1,0,1,0,0,1,1,0,0,1,1,1,0,0,1,1,0,1
53,0,37.80821,-121.308401,10834,0,5,31.76,0,19.35,126.05,0.0,0,158.8,1,1,0,0,1,0,0,0,0,0,0,1,1,0,0,0,0,1,0,0,0,0,0,0,0,0,0,0,0,0,1,1
29,0,37.361987,-120.748394,12672,0,3,32.01,0,19.85,64.55,0.0,0,96.03,1,1,1,0,0,0,0,0,0,0,0,1,1,0,0,0,0,1,0,0,0,0,0,0,0,0,0,0,0,0,1,1
51,0,37.671806,-121.007575,52872,4,31,3.73,13,104.2,3243.45,17.01,0,115.63,1,0,0,0,1,0,1,0,0,0,0,0,1,1,1,0,1,0,0,0,1,1,1,1,1,1,0,0,1,0,0,1
49,0,37.639029,-120.964772,27135,0,1,19.98,5,79.25,79.25,0.0,0,19.98,1,1,0,0,0,0,0,0,0,0,0,1,1,0,1,0,1,0,0,0,0,0,0,1,1,1,0,0,1,0,0,1
30,0,37.672906,-120.946594,47613,0,1,41.78,59,44.9,44.9,0.0,0,41.78,2,0,0,0,0,0,0,0,0,0,0,1,1,0,1,1,0,0,0,0,0,0,0,0,0,1,0,0,1,0,0,1
42,0,37.612612,-121.108568,30668,1,10,22.03,19,70.1,659.65,34.69,0,220.3,2,1,0,0,1,0,1,0,0,0,0,0,1,0,1,0,1,0,0,0,0,0,0,0,0,1,0,0,1,0,0,1
27,0,37.785033,-120.776141,25384,0,4,0.0,48,29.65,118.5,0.0,0,0.0,3,1,1,0,0,0,0,0,0,0,0,1,0,0,1,1,0,0,0,0,1,0,0,0,1,1,0,0,1,0,0,1
47,0,38.224869,-119.755729,235,0,43,49.13,25,77.85,3365.85,0.0,0,2112.59,1,1,0,0,0,0,0,0,1,0,0,0,1,1,1,0,1,0,0,1,0,0,0,0,0,1,0,0,1,0,0,1
64,0,37.329725,-120.306399,4150,0,4,40.15,19,54.3,195.3,0.0,80,160.6,2,1,0,0,0,0,0,0,0,0,0,1,1,0,1,1,0,0,0,0,0,0,0,1,1,0,0,0,0,0,0,1
42,0,37.939768,-120.188002,3979,1,47,19.02,17,110.85,5275.8,4.93,0,893.9399999999999,1,1,0,0,1,0,1,0,1,0,0,0,1,1,1,0,1,0,1,0,1,1,1,1,1,1,1,0,1,1,0,1
24,0,37.609095,-121.263381,274,0,1,35.77,69,80.5,80.5,0.0,0,35.77,1,1,1,0,0,0,0,0,0,0,0,0,1,0,1,0,1,0,0,0,0,0,0,1,1,1,0,0,0,0,0,1
20,0,38.460517,-122.790335,36125,0,4,29.98,71,72.2,305.55,0.0,0,119.92,2,1,1,0,0,0,0,0,0,0,0,1,1,1,1,0,1,0,0,0,0,0,0,0,1,1,0,0,1,0,0,1
36,0,38.526941,-122.709096,35057,0,17,46.6,2,51.5,900.5,35.34,0,792.2,1,1,0,0,0,0,0,0,0,0,1,0,1,0,1,0,0,0,0,0,0,1,0,0,0,1,0,0,0,0,1,1
34,0,38.731055,-123.316553,747,1,21,17.57,14,77.5,1625.0,18.39,80,368.97,2,1,0,0,1,0,1,0,0,0,1,0,1,1,1,0,0,0,1,1,0,1,1,0,0,0,1,0,0,0,1,1
37,0,39.361283,-123.784599,333,1,42,18.26,29,95.25,3959.35,27.3,0,766.9200000000001,1,1,0,0,1,0,1,0,1,0,0,0,1,1,1,0,1,0,0,1,1,0,1,0,0,1,0,0,1,0,0,1
38,0,39.239818,-123.565432,371,1,5,1.12,22,85.75,470.95,44.16,0,5.6000000000000005,1,0,0,0,1,0,1,0,0,0,0,1,1,0,1,0,1,0,0,0,0,1,1,0,0,1,0,0,1,0,0,1
25,0,38.434362,-122.86891,390,1,7,8.95,73,69.0,506.9,0.0,0,62.64999999999999,2,0,1,0,1,0,1,0,0,0,0,1,1,0,1,0,1,0,0,0,0,0,0,0,1,1,0,0,1,0,0,1
27,0,38.93706,-123.118111,1373,0,2,29.69,52,46.05,80.35,0.0,10,59.38,3,1,1,0,0,0,0,0,0,0,0,1,1,0,1,0,0,0,0,0,0,0,0,0,1,0,0,0,0,0,0,1
54,0,39.806141,-123.531098,2706,0,5,28.2,29,100.5,514.0,0.0,0,141.0,3,0,0,0,0,0,0,0,0,0,0,0,1,1,1,0,1,0,0,0,1,0,1,1,1,1,0,0,1,0,0,1
48,0,39.305545,-123.743697,2229,0,1,27.58,16,69.95,69.95,0.0,0,27.58,1,1,0,0,0,0,0,0,0,0,0,1,1,0,1,0,1,0,0,0,0,0,0,0,0,1,0,0,0,0,0,1
59,0,39.182916,-123.552571,148,0,1,7.99,30,93.3,93.3,0.0,0,7.99,3,1,0,0,0,0,0,0,0,0,0,1,1,1,1,0,1,0,0,0,0,0,1,1,1,1,0,0,1,0,0,1
47,0,39.12334,-122.838198,2223,0,3,40.79,29,49.15,169.05,0.0,10,122.37,1,1,0,0,0,0,0,0,0,0,0,1,1,0,1,1,0,0,0,0,1,0,0,0,0,0,0,0,1,0,0,1
62,0,38.888351,-123.239647,335,0,1,0.0,22,35.05,35.05,0.0,0,0.0,1,0,0,0,0,0,0,0,0,0,0,1,0,0,1,1,0,0,0,0,0,0,0,1,1,1,0,0,0,0,1,1
43,0,40.854512,-123.450097,485,0,1,17.37,25,70.1,70.1,0.0,0,17.37,1,0,0,0,0,0,0,0,0,0,0,0,1,0,1,0,1,0,0,0,0,0,0,0,0,1,0,0,1,0,0,1
62,0,40.557314,-124.081662,1201,0,2,32.03,0,20.35,33.2,0.0,0,64.06,2,1,0,0,0,0,0,0,0,0,0,0,1,0,0,0,0,1,0,0,0,0,0,0,0,0,0,0,0,0,1,1
29,0,40.210895,-123.86,867,0,3,33.39,59,99.0,287.4,0.0,10,100.17,1,0,1,0,0,0,0,0,0,0,0,0,1,0,1,0,1,0,1,0,1,0,1,1,1,0,0,0,1,1,0,1
36,0,40.274302,-124.210902,300,0,26,14.3,20,83.95,2254.2,0.0,0,371.8,1,1,0,0,0,0,0,0,0,0,0,0,1,1,1,0,1,0,0,0,0,0,0,1,1,1,0,0,1,0,0,1
25,0,40.142256,-123.852927,1851,0,67,33.88,71,116.2,7752.3,0.0,0,2269.96,2,1,1,0,0,0,0,1,0,0,0,0,1,1,1,0,1,0,1,1,1,1,1,1,1,1,0,1,0,1,0,1
55,0,40.485849,-124.163234,3284,2,71,40.52,17,93.7,6585.35,0.0,0,2876.92,3,0,0,0,1,0,1,1,0,0,0,0,1,1,1,0,1,0,0,0,0,0,1,1,1,1,0,1,1,0,0,1
42,0,41.950683,-124.097094,2020,0,1,1.91,0,19.7,19.7,0.0,0,1.91,2,1,0,0,0,0,0,0,0,0,0,0,1,0,0,0,0,1,0,0,0,0,0,0,0,0,0,0,0,0,1,1
20,0,33.362575,-117.299644,42239,0,5,35.22,58,75.55,413.65,0.0,0,176.1,2,0,1,0,0,0,0,0,0,0,0,0,1,1,1,0,1,0,0,0,0,0,0,0,1,1,0,0,0,0,0,1
40,0,38.431407,-120.8421,222,0,9,22.88,23,77.65,714.15,0.0,0,205.92,2,0,0,0,0,0,0,0,0,0,0,0,1,0,1,0,1,0,0,0,0,0,1,0,0,1,0,0,1,0,0,1
31,0,38.384648,-121.578701,1417,0,54,49.98,26,105.4,5643.4,0.0,0,2698.92,1,1,0,0,0,0,0,0,1,0,0,0,1,0,1,0,1,0,1,1,0,1,1,1,1,1,1,0,1,1,0,1
63,0,38.880622,-120.973865,3674,0,2,37.43,18,95.85,197.7,0.0,0,74.86,1,1,0,0,0,0,0,0,0,0,0,0,1,0,1,0,1,0,0,0,1,0,1,1,1,1,0,0,1,0,0,1
64,0,38.683605,-120.811852,4426,0,1,24.48,24,79.15,79.15,0.0,0,24.48,1,1,0,0,0,0,0,0,0,0,0,0,1,1,1,0,1,0,0,1,0,0,0,0,0,1,0,0,1,0,0,1
42,0,38.434138,-121.30587,38534,1,30,15.36,0,19.65,655.85,0.0,0,460.8,1,0,0,0,1,0,1,0,0,0,0,0,1,0,0,0,0,1,0,0,0,0,0,0,0,0,0,0,0,0,0,1
61,0,38.349195,-121.902943,171,0,4,27.57,27,79.0,303.15,0.0,0,110.28,3,0,0,0,0,0,0,0,0,0,0,0,1,0,1,0,1,0,0,0,0,0,1,0,0,1,0,0,1,0,0,1
30,0,38.652065,-121.25441,40750,1,17,41.95,51,91.85,1574.45,0.0,0,713.1500000000001,1,0,0,0,1,0,1,0,0,0,1,0,1,0,1,0,1,0,1,0,0,1,1,0,0,1,0,0,0,0,0,1
34,1,38.336216,-120.76901,6202,0,1,39.6,17,49.9,49.9,0.0,0,39.6,2,1,0,0,0,1,0,0,0,0,0,0,1,0,1,1,0,0,0,0,0,1,0,0,0,1,0,0,1,0,1,1
54,0,38.631489,-120.015167,129,0,13,6.78,26,100.35,1358.85,34.09,0,88.14,1,0,0,0,0,0,0,0,0,0,1,0,1,1,1,0,1,0,1,0,0,0,1,1,1,1,0,0,1,0,0,1
28,0,38.689174,-121.218435,32040,1,50,34.14,69,103.7,5071.05,36.61,0,1707.0,1,1,1,0,1,0,1,0,1,0,0,0,1,1,1,0,1,0,0,1,0,1,1,1,1,1,0,0,0,0,0,1
39,0,38.833554,-121.498102,901,5,65,49.33,16,89.75,5769.6,18.72,0,3206.45,1,1,0,0,1,0,1,0,1,0,0,0,1,1,1,0,1,0,1,1,1,0,0,0,0,1,1,0,0,0,0,1
44,0,38.724322,-120.991237,3815,0,1,26.37,0,20.3,20.3,0.0,0,26.37,3,0,0,0,0,0,0,0,0,0,0,1,1,0,0,0,0,1,0,0,0,0,0,0,0,0,0,0,1,0,1,1
41,0,38.432145,-120.77069,4610,0,45,14.12,24,89.3,4016.85,44.63,0,635.4,2,0,0,0,0,0,0,0,1,0,0,0,1,1,1,0,1,0,0,1,0,0,1,0,0,1,0,0,1,1,0,1
31,0,38.240419,-121.587535,2344,0,1,39.66,8,74.3,74.3,0.0,0,39.66,1,0,0,0,0,0,0,0,0,0,0,1,1,0,1,0,1,0,0,1,0,0,0,0,0,1,0,0,1,1,0,1
49,0,39.043387,-121.409837,3600,0,1,0.0,19,44.65,44.65,0.0,0,0.0,1,1,0,0,0,0,0,0,0,0,0,1,0,0,1,0,0,0,0,1,0,1,0,1,1,1,0,0,1,0,1,1
40,0,38.392559,-121.225093,5889,5,13,29.92,21,84.05,1095.3,23.97,0,388.96,1,1,0,0,1,0,1,0,0,0,1,0,1,0,1,0,1,0,1,0,0,0,0,1,1,1,0,0,0,0,0,1
54,0,38.578604,-122.024579,8406,0,10,17.07,3,80.7,788.8,38.42,50,170.7,1,1,0,0,0,0,0,0,0,0,1,0,1,1,1,0,1,0,0,1,0,0,0,0,0,0,0,0,1,0,0,1
28,0,39.197215,-120.83679,350,0,4,26.16,85,101.7,364.55,1.48,0,104.64,2,1,1,0,0,0,0,0,0,0,0,1,1,1,1,0,1,0,0,1,0,0,1,1,1,1,0,0,1,0,0,1
31,0,38.766036,-120.209673,183,0,1,22.12,0,20.4,20.4,0.0,0,22.12,3,0,0,0,0,0,0,0,0,0,0,1,1,0,0,0,0,1,0,0,0,0,0,0,0,0,0,0,0,0,1,1
36,0,38.591134,-121.161585,299,1,41,45.03,10,102.6,4213.35,2.93,0,1846.23,1,1,0,0,1,0,1,0,1,0,0,0,1,1,1,0,1,0,0,0,1,1,1,1,1,1,1,0,1,0,0,1
60,0,38.35363,-121.44195,47065,3,71,47.34,12,106.0,7723.7,0.0,0,3361.1400000000003,3,1,0,0,1,0,1,1,0,0,0,0,1,1,1,0,1,0,0,1,1,0,1,1,1,1,0,1,1,0,0,1
43,2,38.694081,-121.694431,15022,0,3,26.04,16,55.1,154.65,0.0,0,78.12,1,0,0,0,0,1,0,0,0,0,0,1,1,0,1,0,0,0,1,0,0,1,0,0,0,1,0,0,1,0,1,1
58,0,38.53508,-121.444144,37031,0,69,26.88,11,106.5,7348.8,0.0,0,1854.72,3,1,0,0,0,0,0,1,0,0,0,0,1,1,1,0,1,0,0,0,1,1,1,1,1,1,0,1,1,0,0,1
51,0,38.590035,-121.412455,30715,1,32,46.92,9,91.05,2954.5,0.0,70,1501.44,1,0,0,0,1,0,1,0,0,0,0,0,1,1,1,0,1,0,0,0,1,0,0,1,1,0,0,0,1,0,0,1
51,0,38.691607,-121.602284,264,1,72,0.0,15,54.2,3937.45,0.0,0,0.0,3,0,0,0,1,0,1,1,0,0,0,0,0,0,1,0,0,0,0,1,1,0,1,1,1,1,0,1,1,0,0,1
50,0,38.715498,-121.363411,36432,0,6,39.36,5,69.25,418.4,0.0,0,236.16,1,0,0,0,0,0,0,0,0,0,0,0,1,0,1,0,1,0,0,0,0,0,0,0,0,1,0,0,1,0,1,1
35,0,39.396585,-121.38029,626,0,1,39.58,28,50.5,50.5,0.0,0,39.58,3,1,0,0,0,0,0,0,0,0,0,0,1,0,1,1,0,0,0,0,1,0,0,0,0,1,0,0,1,0,0,1
37,0,39.681488,-121.83721,32848,0,31,6.71,3,79.45,2587.7,0.0,0,208.01,1,1,0,0,0,0,0,0,0,0,0,0,1,1,1,1,0,0,0,1,0,1,1,1,1,1,1,0,1,0,1,1
34,0,39.381174,-121.21191,614,0,58,41.14,25,104.65,6219.6,0.0,40,2386.12,2,1,0,0,0,0,0,0,1,0,0,0,1,1,1,0,1,0,0,0,1,1,1,1,1,0,1,0,1,0,0,1
41,0,39.346898,-121.759537,9763,0,44,42.92,23,100.55,4398.15,0.0,0,1888.48,2,1,0,0,0,0,0,0,0,0,0,0,1,0,1,0,1,0,0,1,0,1,1,1,1,1,0,0,0,0,0,1
34,0,39.033058,-121.895718,531,0,2,16.76,27,95.65,167.3,0.0,0,33.52,3,1,0,0,0,0,0,0,0,0,0,0,1,0,1,0,1,0,0,1,0,0,1,1,1,1,0,0,0,0,0,1
49,0,39.748037,-122.302169,13706,0,1,18.34,6,94.4,94.4,0.0,0,18.34,3,0,0,0,0,0,0,0,0,0,0,0,1,0,1,0,1,0,0,0,1,0,1,1,1,1,0,0,0,0,0,1
47,0,39.971228,-121.041166,6189,0,1,32.74,26,55.0,55.0,0.0,0,32.74,1,0,0,0,0,0,0,0,0,0,0,0,1,0,1,1,0,0,0,0,0,0,1,0,0,1,0,0,1,1,0,1
32,0,39.225634,-121.156163,1601,0,1,10.38,7,101.45,101.45,0.0,0,10.38,1,1,0,0,0,0,0,0,0,0,0,0,1,1,1,0,1,0,0,0,1,0,1,1,1,1,0,0,1,0,0,1
39,0,39.58458,-121.093256,101,1,5,14.9,4,67.95,350.3,0.0,20,74.5,3,0,0,0,1,0,1,0,0,0,0,0,1,1,1,1,0,0,0,0,1,1,1,0,0,0,0,0,0,0,0,1
41,0,40.053684,-120.743116,513,0,1,8.31,27,69.5,69.5,0.0,0,8.31,1,0,0,0,0,0,0,0,0,0,0,0,1,0,1,0,1,0,0,0,0,0,0,0,0,1,0,0,1,0,0,1
53,0,40.022184,-121.062384,73,0,1,40.49,0,18.85,18.85,0.0,0,40.49,1,1,0,0,0,0,0,0,0,0,0,0,1,0,0,0,0,1,0,0,0,0,0,0,0,0,0,0,1,0,1,1
44,0,39.117537,-122.284654,4579,0,1,23.72,19,69.2,69.2,0.0,0,23.72,3,0,0,0,0,0,0,0,0,0,0,0,1,0,1,0,1,0,0,0,0,0,0,0,0,1,0,0,1,0,0,1
30,0,40.587919,-122.464732,31586,0,1,28.7,69,69.65,69.65,0.0,0,28.7,1,1,0,0,0,0,0,0,0,0,0,1,1,0,1,0,1,0,0,0,0,0,0,0,0,1,0,0,1,0,0,1
64,0,41.171578,-120.913161,615,0,1,33.41,28,82.3,82.3,0.0,0,33.41,1,0,0,0,0,0,0,0,0,0,0,1,1,0,1,0,1,0,0,1,1,0,0,0,0,1,0,0,1,0,0,1
33,0,40.946785,-121.719489,4552,0,3,49.76,3,79.25,267.6,0.0,10,149.28,2,1,0,0,0,0,0,0,0,0,0,1,1,0,1,0,1,0,0,0,0,0,1,0,0,0,0,0,0,0,0,1
27,0,41.486953,-120.913975,417,0,13,35.96,42,84.6,1115.2,0.0,0,467.48,1,0,1,0,0,0,0,0,0,0,1,0,1,1,1,0,1,0,0,0,0,0,0,1,1,1,0,0,1,0,0,1
37,0,40.936285,-121.572692,344,1,58,3.65,20,93.4,5435.6,0.0,0,211.7,1,0,0,0,1,0,1,0,0,0,0,0,1,1,1,0,1,0,1,1,0,0,0,1,1,1,0,0,1,0,0,1
25,0,41.121108,-122.336613,228,1,42,6.84,27,94.2,4186.3,0.0,0,287.28,1,0,1,0,1,0,1,0,0,0,0,0,1,1,1,0,1,0,0,0,0,0,1,1,1,1,0,0,1,0,0,1
53,0,41.212695,-122.392067,2602,0,29,0.0,22,25.1,712.85,0.0,0,0.0,1,0,0,0,0,0,0,0,0,0,0,0,0,0,1,0,0,0,0,0,0,0,0,0,0,1,0,0,1,1,0,1
22,2,41.405193,-123.008567,2156,0,1,34.4,52,48.95,48.95,0.0,0,34.4,1,1,1,0,0,1,0,0,0,0,0,0,1,0,1,0,0,0,0,0,1,0,0,0,1,1,0,0,0,0,0,1
59,0,39.84784,-122.544556,84,0,1,28.37,7,45.3,45.3,0.0,30,28.37,2,1,0,0,0,0,0,0,0,0,0,0,1,0,1,1,0,0,0,0,0,0,0,0,0,0,0,0,0,0,0,1
58,0,33.141265,-116.967221,48690,0,2,14.14,28,85.85,167.3,0.0,0,28.28,1,1,0,0,0,0,0,0,0,0,0,1,1,0,1,0,1,0,0,0,1,0,0,1,1,1,0,0,1,0,0,1
54,0,41.528541,-122.955018,295,0,10,35.63,18,95.2,930.4,0.0,0,356.3,2,1,0,0,0,0,0,0,0,0,1,0,1,1,1,0,1,0,0,0,0,0,1,1,1,1,0,0,0,0,0,1
42,0,41.831901,-123.487478,1294,0,49,18.97,3,100.6,5069.65,0.0,0,929.53,2,1,0,0,0,0,0,0,0,0,0,0,1,1,1,0,1,0,0,0,0,1,1,1,1,1,1,0,1,0,0,1
49,1,40.789799,-121.474529,397,1,6,1.86,19,55.3,324.25,0.0,0,11.16,2,1,0,0,1,1,1,0,0,0,0,1,1,0,1,1,0,0,0,1,1,0,0,0,0,1,0,0,1,0,1,1
26,0,40.704293,-122.803899,1845,0,35,39.84,48,102.35,3626.1,0.0,0,1394.4,3,1,1,0,0,0,0,0,0,0,0,0,1,0,1,0,1,0,0,1,1,0,1,1,1,1,1,0,1,0,0,1
51,0,40.059385,-122.091481,3756,1,70,17.17,20,115.65,7968.85,0.0,10,1201.9,2,1,0,0,1,0,1,1,0,0,0,0,1,1,1,0,1,0,1,1,1,1,1,1,1,0,1,0,0,1,0,1
46,0,41.10831,-121.360362,1554,0,2,16.14,2,79.85,152.45,0.0,0,32.28,2,1,0,0,0,0,0,0,0,0,0,1,1,0,1,0,1,0,0,0,1,1,0,0,0,1,0,0,1,0,0,1
29,0,40.331975,-121.460674,78,0,15,44.86,52,76.0,1130.85,0.0,0,672.9,1,1,1,0,0,0,0,0,0,0,1,0,1,1,1,0,1,0,0,0,0,0,0,0,1,1,0,0,1,0,1,1
31,0,33.362575,-117.299644,42239,0,9,36.43,16,74.65,703.55,0.0,0,327.87,1,0,0,0,0,0,0,0,0,0,0,1,1,0,1,1,0,0,1,1,0,0,1,1,1,1,0,0,1,0,0,1
49,0,40.689243,-122.037023,829,0,1,26.14,22,56.25,56.25,0.0,0,26.14,1,0,0,0,0,0,0,0,0,0,0,0,1,0,1,1,0,0,0,0,0,0,0,1,1,1,0,0,1,0,0,1
27,0,40.656287,-121.428965,182,1,21,21.83,59,106.1,2249.95,0.0,0,458.43,1,1,1,0,1,0,1,0,0,0,1,0,1,1,1,0,1,0,0,0,1,1,1,1,1,1,0,0,1,0,0,1
62,0,40.367964,-122.937379,215,0,1,12.4,28,68.65,68.65,0.0,0,12.4,2,0,0,0,0,0,0,0,0,0,0,1,1,0,1,0,1,0,0,0,0,0,0,0,0,1,0,0,0,0,0,1
24,0,41.924174,-123.260788,332,0,16,21.04,0,20.25,327.45,0.0,0,336.64,1,1,1,0,0,0,0,0,0,0,1,0,1,0,0,0,0,1,0,0,0,0,0,0,0,0,0,0,0,0,0,1
39,0,39.955164,-122.018567,439,1,15,34.63,15,74.9,1107.25,0.0,0,519.45,2,1,0,0,1,0,1,0,0,0,1,0,1,1,1,0,1,0,0,0,0,0,0,0,0,1,0,0,1,0,0,1
51,0,39.600599,-120.636358,348,0,1,27.05,23,70.85,70.85,0.0,0,27.05,3,0,0,0,0,0,0,0,0,0,0,1,1,0,1,0,1,0,0,0,0,0,0,0,0,1,0,0,1,0,0,1
56,0,39.559709,-120.345639,227,0,2,37.72,27,69.8,134.7,0.0,0,75.44,1,1,0,0,0,0,0,0,0,0,0,1,1,0,1,0,1,0,0,0,0,0,0,0,0,1,0,0,1,1,0,1
30,0,40.559177,-120.612113,19440,1,55,0.0,42,54.55,2978.3,0.0,50,0.0,1,1,0,0,1,0,1,0,0,0,0,0,0,0,1,1,0,0,0,0,1,1,1,1,1,0,0,0,1,0,0,1
57,0,40.345949,-120.081187,162,0,7,23.35,6,70.75,450.8,0.0,0,163.45000000000002,1,0,0,0,0,0,0,0,0,0,0,1,1,0,1,1,0,0,0,0,0,1,1,1,1,1,0,0,1,1,0,1
26,0,39.227434,-120.091806,1943,1,13,43.56,52,94.1,1215.6,0.0,0,566.28,1,0,1,0,1,0,1,0,0,0,0,0,1,1,1,0,1,0,0,1,1,0,1,0,0,1,0,0,0,0,0,1
46,2,39.117018,-120.212535,858,1,3,0.0,15,29.7,91.7,0.0,0,0.0,1,0,0,0,1,1,1,0,0,0,0,1,0,0,1,0,0,0,1,0,0,0,0,0,0,1,0,0,0,1,0,1
60,0,32.898613,-117.202937,4258,1,38,19.08,4,105.0,4026.4,0.0,0,725.04,1,0,0,0,1,0,1,0,0,0,0,0,1,1,1,0,1,0,0,0,1,1,1,1,1,1,0,0,1,0,0,1
20,3,32.898613,-117.202937,4258,0,1,0.0,51,25.3,25.3,0.0,10,0.0,2,1,1,0,0,1,0,0,0,0,0,0,0,0,1,0,0,0,0,0,0,0,0,0,0,0,0,0,1,0,0,1
22,0,32.898613,-117.202937,4258,0,22,33.53,59,55.15,1193.05,0.0,0,737.6600000000001,3,1,1,0,0,0,0,0,0,0,0,0,1,0,1,1,0,0,0,1,0,1,0,0,0,1,1,0,1,1,0,1
25,0,32.898613,-117.202937,4258,0,1,4.11,0,20.1,20.1,0.0,0,4.11,1,1,1,0,0,0,0,0,0,0,0,0,1,0,0,0,0,1,0,0,0,0,0,0,0,0,0,0,1,0,1,1
49,0,32.898613,-117.202937,4258,0,1,4.99,28,69.9,69.9,0.0,0,4.99,1,1,0,0,1,0,0,0,0,0,0,0,1,0,1,0,1,0,0,0,0,0,0,0,0,1,0,0,1,0,1,1
39,0,32.898613,-117.202937,4258,0,43,49.64,27,101.4,4528.0,0.0,0,2134.52,1,1,0,0,0,0,0,0,0,0,0,0,1,1,1,0,1,0,0,1,0,0,1,1,1,1,0,0,1,0,0,1
34,0,32.898613,-117.202937,4258,0,1,41.77,15,80.8,80.8,0.0,0,41.77,3,1,0,0,0,0,0,0,0,0,0,0,1,0,1,0,1,0,0,0,0,0,0,1,1,1,0,0,1,0,0,1
44,0,32.898613,-117.202937,4258,0,2,37.29,20,62.05,118.3,0.0,0,74.58,1,1,0,0,0,0,0,0,0,0,0,0,1,1,1,0,0,0,0,0,0,0,0,1,1,1,0,0,0,0,0,1
19,0,34.078991,-118.263804,73686,1,34,41.32,71,62.65,2274.9,0.0,0,1404.88,1,0,1,0,1,0,1,0,0,0,0,0,1,1,1,0,0,0,1,1,0,1,0,0,0,1,0,0,0,0,0,1
33,0,34.127194,-118.295647,48727,0,1,13.61,25,74.5,74.5,0.0,0,13.61,1,0,0,0,0,0,0,0,0,0,0,0,1,1,1,0,1,0,0,0,0,0,0,0,0,1,0,0,1,0,0,1
31,0,34.099869,-118.326843,30568,1,10,32.07,22,102.1,1068.85,0.0,0,320.7,3,0,0,0,1,0,1,0,0,0,0,0,1,1,1,0,1,0,0,1,1,0,1,1,1,1,0,0,1,1,0,1
21,0,34.070291,-118.349191,32901,0,16,14.26,53,50.15,762.25,0.0,0,228.16,2,0,1,0,0,0,0,0,0,0,0,0,1,0,1,1,0,0,1,0,0,0,0,0,0,1,0,0,1,0,0,1
62,0,34.091829,-118.491244,33523,1,7,22.61,11,86.5,582.5,0.0,20,158.26999999999998,1,0,0,0,1,0,1,0,0,0,0,0,1,1,1,0,1,0,0,0,0,0,1,0,0,0,0,0,1,0,0,1
54,0,34.003553,-118.308933,29299,1,1,2.2,30,69.15,69.15,0.0,0,2.2,2,1,0,0,1,0,1,0,0,0,0,0,1,0,1,0,1,0,0,0,0,0,0,0,0,1,0,0,1,0,0,1
40,0,34.093781,-118.381061,20408,0,9,45.41,23,79.55,723.4,0.0,0,408.69,1,0,0,0,0,0,0,0,0,0,0,0,1,0,1,0,1,0,0,0,0,0,0,1,1,1,0,0,1,0,0,1
47,0,33.940884,-118.128628,40152,0,48,29.54,29,95.5,4627.85,0.0,0,1417.92,2,0,0,0,0,0,0,0,0,0,0,0,1,0,1,0,1,0,0,1,1,1,1,0,0,1,0,1,1,1,0,1
28,0,33.977468,-118.445475,18058,0,2,0.0,48,45.25,85.5,0.0,10,0.0,1,0,1,0,0,0,0,0,0,0,0,0,0,0,1,1,0,0,0,0,0,0,1,1,1,0,0,0,1,0,0,1
55,0,33.833181,-118.292062,17058,1,3,16.29,24,74.1,228.0,0.0,0,48.87,1,0,0,0,1,0,1,0,0,0,0,0,1,1,1,0,1,0,0,0,0,0,0,0,0,1,0,0,1,1,0,1
27,0,33.867257,-118.330794,31678,0,3,34.49,52,75.0,209.1,0.0,0,103.47,1,1,1,0,0,0,0,0,0,0,0,0,1,1,1,0,1,0,0,0,0,0,0,0,1,1,0,0,0,1,0,1
50,0,33.989524,-118.089299,63288,0,12,46.58,26,50.25,593.75,0.0,120,558.96,1,1,0,0,0,0,0,0,0,0,0,0,1,0,1,1,0,0,0,0,0,1,0,0,0,0,0,0,0,0,0,1
46,0,33.798266,-118.300237,24660,0,12,25.54,27,96.0,1062.1,0.0,0,306.48,1,0,0,0,0,0,0,0,0,0,0,0,1,0,1,0,1,0,0,0,1,0,1,1,1,1,0,0,1,0,0,1
38,0,33.830431,-118.074071,14852,0,54,41.83,9,100.1,5440.9,0.0,0,2258.82,1,0,0,0,0,0,0,0,0,0,0,0,1,1,1,0,1,0,0,0,0,1,1,1,1,1,0,0,1,0,0,1
38,3,33.794209,-118.317354,21065,5,4,42.71,56,56.5,235.1,0.0,0,170.84,2,0,0,0,1,1,1,0,0,0,0,0,1,0,1,1,0,0,0,1,0,1,0,0,0,1,0,0,0,1,0,1
51,0,33.752524,-118.210737,38427,1,51,0.0,2,59.3,3014.65,0.0,0,0.0,1,1,0,0,1,0,1,0,0,0,0,0,0,0,1,1,0,0,1,1,1,0,1,1,1,1,1,0,0,0,0,1
44,2,33.864622,-118.179626,91664,0,4,9.77,16,49.4,184.4,0.0,10,39.08,1,1,0,0,0,1,0,0,0,0,0,0,1,0,1,0,0,0,1,0,0,0,0,0,0,0,0,0,1,0,0,1
60,0,33.830099,-118.182239,31556,0,35,48.93,14,55.0,2010.55,0.0,0,1712.55,1,1,0,0,0,0,0,0,0,0,0,0,1,0,1,0,0,0,0,0,0,0,1,0,0,1,0,0,0,1,0,1
51,0,33.819814,-118.222416,35656,0,1,10.08,18,69.2,69.2,0.0,0,10.08,2,0,0,0,0,0,0,0,0,0,0,0,1,0,1,0,1,0,0,0,0,0,0,0,0,1,0,0,1,0,0,1
46,0,34.145695,-117.95982,27414,0,38,46.21,14,62.3,2354.8,0.0,0,1755.98,3,1,0,0,0,0,0,0,0,0,0,0,1,0,1,0,0,0,0,0,1,1,0,1,1,1,1,0,1,1,0,1
53,0,34.167465,-118.165327,27891,0,3,39.38,23,69.65,220.1,0.0,0,118.14,2,1,0,0,0,0,0,0,0,0,0,1,1,0,1,0,1,0,0,0,0,0,0,0,0,1,0,0,0,0,0,1
44,0,34.159007,-118.087353,32369,0,61,7.82,11,111.6,6876.05,0.0,0,477.02,1,1,0,0,0,0,0,0,0,0,0,0,1,1,1,0,1,0,1,0,1,1,1,1,1,1,0,1,1,1,0,1
43,0,34.122671,-118.112911,13158,0,11,19.01,8,48.55,501.0,0.0,130,209.11,1,0,0,0,0,0,0,0,0,0,0,0,1,0,1,1,0,0,1,0,0,0,0,0,0,0,0,0,0,1,0,1
62,0,34.153338,-118.262974,14493,0,1,48.25,0,20.2,20.2,0.0,0,48.25,1,0,0,0,0,0,0,0,0,0,0,1,1,0,0,0,0,1,0,0,0,0,0,0,0,0,0,0,1,1,0,1
50,0,34.13658,-118.245839,41390,0,19,0.0,21,39.65,733.35,0.0,0,0.0,1,1,0,0,0,0,0,0,0,0,0,0,0,0,1,1,0,0,0,0,1,0,1,0,0,1,0,0,1,0,0,1
57,0,34.162515,-118.203869,31297,0,56,2.58,0,24.9,1334.0,0.0,0,144.48000000000002,3,1,0,0,0,0,0,0,0,0,0,0,1,1,0,0,0,1,0,0,0,0,0,0,0,0,1,0,0,0,0,1
62,3,34.129058,-118.759788,25303,1,2,5.67,53,56.7,113.55,0.0,0,11.34,1,1,0,0,1,1,1,0,0,0,0,0,1,1,1,1,0,0,1,0,0,0,0,0,0,1,0,0,0,1,0,1
59,0,34.209532,-118.577563,43857,3,14,5.63,23,105.95,1348.9,0.0,0,78.82,1,0,0,0,1,0,1,0,0,0,0,0,1,0,1,0,1,0,1,1,0,1,1,1,1,1,1,0,0,1,0,1
56,0,34.200175,-118.540958,68018,0,15,0.0,29,29.7,438.25,0.0,90,0.0,1,1,0,0,0,0,0,0,0,0,0,0,0,0,1,1,0,0,0,0,0,1,0,0,0,0,0,0,1,0,0,1
40,0,34.286131,-118.435969,33389,1,1,0.0,20,50.35,50.35,0.0,0,0.0,1,1,0,0,1,0,1,0,0,0,0,1,0,0,1,1,0,0,0,0,1,0,1,1,1,1,0,0,1,0,0,1
61,0,34.238802,-118.482296,57017,5,64,0.0,27,47.85,3147.5,0.0,0,0.0,1,0,0,0,1,0,1,0,0,0,0,0,0,0,1,1,0,0,1,0,1,1,0,1,1,1,0,1,0,0,0,1
32,0,34.502432,-118.41459,40077,0,1,5.67,7,70.3,70.3,0.0,0,5.67,2,1,0,0,0,0,0,0,0,0,0,1,1,0,1,0,1,0,0,0,0,0,0,0,0,1,0,0,1,0,0,1
34,0,34.157137,-118.548511,27424,0,18,36.49,3,99.85,1776.95,0.0,0,656.82,1,0,0,0,0,0,0,0,0,0,0,0,1,1,1,0,1,0,0,0,0,1,1,1,1,1,0,0,1,0,0,1
22,0,33.362575,-117.299644,42239,0,7,30.61,59,86.8,620.35,0.0,0,214.27,2,1,1,0,0,0,0,0,0,0,0,1,1,1,1,0,1,0,0,0,0,0,0,1,1,1,0,0,1,0,0,1
31,0,34.188339,-118.300942,18112,0,13,24.14,21,99.0,1301.7,0.0,0,313.82,1,1,0,0,0,0,0,0,0,0,0,0,1,1,1,0,1,0,0,0,0,1,1,1,1,1,0,0,1,1,0,1
45,0,34.177267,-118.31003,11517,0,11,48.64,28,100.75,1129.75,0.0,0,535.04,2,0,0,0,0,0,0,0,0,0,0,0,1,1,1,0,1,0,0,0,1,0,1,1,1,1,0,0,1,0,0,1
58,0,34.1692,-118.372498,36625,1,9,22.0,7,91.75,865.8,0.0,0,198.0,1,0,0,0,1,0,1,0,0,0,0,1,1,1,1,0,1,0,1,1,1,0,0,0,0,1,0,0,0,0,0,1
56,0,34.207295,-118.400022,57146,0,1,5.1,10,79.55,79.55,0.0,0,5.1,2,0,0,0,0,0,0,0,0,0,0,1,1,1,1,0,1,0,0,0,1,0,0,0,0,1,0,0,1,1,0,1
56,0,33.990646,-117.663025,75319,0,54,46.74,16,111.1,6014.85,0.0,50,2523.96,1,0,0,0,0,0,0,0,0,0,0,0,1,1,1,0,1,0,0,1,1,1,1,1,1,0,0,0,0,0,0,1
36,0,34.10097,-117.57882,51970,1,25,23.24,25,89.1,2368.4,0.0,0,581.0,1,0,0,0,1,0,1,0,0,0,0,0,1,1,1,0,1,0,0,0,1,0,0,1,1,1,0,0,1,0,0,1
22,0,34.074492,-118.01462,62660,0,37,24.04,59,101.9,3545.35,0.0,0,889.48,3,0,1,0,0,0,0,0,0,0,0,0,1,1,1,0,1,0,0,1,1,0,1,1,1,1,0,0,1,0,0,1
61,1,34.04622,-118.053753,45645,1,14,9.13,12,91.65,1301.0,0.0,0,127.82,3,0,0,0,1,1,1,0,0,0,0,0,1,1,1,0,1,0,0,0,0,1,1,0,0,1,0,0,1,0,0,1
56,0,34.031441,-117.936436,84965,0,1,5.59,2,95.45,95.45,0.0,0,5.59,1,1,0,0,0,0,0,0,0,0,0,0,1,1,1,0,1,0,0,0,0,0,1,1,1,1,0,0,1,0,0,1
54,0,34.038983,-117.991372,30802,0,13,5.43,26,91.1,1135.7,0.0,80,70.59,2,1,0,0,0,0,0,0,0,0,1,0,1,0,1,0,1,0,0,0,0,0,1,1,1,0,0,0,1,0,0,1
60,0,33.976753,-117.897367,46342,1,45,42.04,26,54.15,2319.8,0.0,0,1891.8,2,0,0,0,1,0,1,0,0,0,0,0,1,0,1,0,0,0,0,1,0,1,0,0,0,1,1,0,1,1,0,1
64,0,34.072121,-117.698319,34447,0,1,21.52,25,69.7,69.7,0.0,0,21.52,2,0,0,0,0,0,0,0,0,0,0,0,1,0,1,0,1,0,0,0,0,0,0,0,0,1,0,0,0,0,0,1
58,0,34.074087,-117.605618,49474,0,6,47.92,25,89.5,573.3,0.0,0,287.52,1,0,0,0,0,0,0,0,0,0,0,1,1,0,1,0,1,0,0,0,0,0,1,1,1,1,0,0,1,0,0,1
61,0,34.102119,-117.815532,33878,1,3,0.0,13,35.15,99.75,0.0,0,0.0,2,1,0,0,1,0,1,0,0,0,0,1,0,0,1,0,0,0,0,0,0,0,0,1,1,1,0,0,1,0,0,1
27,1,34.114772,-118.089431,23444,0,12,14.96,59,73.75,871.4,0.0,0,179.52,3,1,1,0,0,1,0,0,0,0,1,0,1,1,1,0,1,0,0,0,0,0,0,0,1,1,0,0,1,1,0,1
55,3,34.024405,-117.898722,31622,1,6,14.51,20,55.9,365.35,0.0,30,87.06,1,0,0,0,1,1,1,0,0,0,0,1,1,0,1,0,0,0,1,1,0,0,0,0,0,0,0,0,0,1,0,1
55,0,32.827184,-116.703729,16486,0,1,34.48,9,43.95,43.95,0.0,0,34.48,3,0,0,0,0,0,0,0,0,0,0,1,1,0,1,0,0,0,0,0,0,0,0,0,0,1,0,0,0,1,0,1
27,0,32.673483,-116.472863,3133,0,1,11.06,58,45.1,45.1,0.0,0,11.06,3,1,1,0,0,0,0,0,0,0,0,1,1,0,1,1,0,0,0,0,0,0,0,0,1,1,0,0,1,0,0,1
25,0,32.857946,-116.561917,796,0,41,40.78,41,70.25,2868.05,0.0,0,1671.98,3,0,1,0,0,0,0,0,0,0,0,0,1,0,1,0,1,0,0,0,0,0,0,0,1,1,0,0,0,0,0,1
40,3,32.579134,-117.119009,26662,0,9,41.02,27,55.35,449.75,0.0,0,369.18,1,1,0,0,0,1,0,0,0,0,0,1,1,0,1,1,0,0,0,0,0,0,1,0,0,1,0,0,0,0,0,1
47,0,32.726627,-116.994608,56100,1,33,15.66,24,103.75,3361.05,0.0,100,516.78,1,0,0,0,1,0,1,0,0,0,0,0,1,0,1,0,1,0,1,0,1,1,1,1,1,0,1,0,1,0,0,1
57,0,33.148116,-117.306043,35582,0,1,22.03,26,69.35,69.35,0.0,0,22.03,2,1,0,0,0,0,0,0,0,0,0,0,1,0,1,0,1,0,0,0,0,0,0,0,0,1,0,0,1,0,0,1
22,0,32.948262,-117.256086,13945,0,56,35.59,69,73.85,4092.85,0.0,0,1993.04,3,0,1,0,0,0,0,0,0,0,0,0,1,0,1,0,1,0,0,1,0,0,0,0,1,1,0,0,1,0,0,1
33,0,33.054579,-117.25665,47126,1,3,15.02,29,75.15,216.75,0.0,0,45.06,2,0,0,0,1,0,1,0,0,0,0,0,1,1,1,0,1,0,0,0,0,0,0,0,0,1,0,0,1,1,0,1
27,0,33.141265,-116.967221,48690,0,1,46.21,58,69.6,69.6,0.0,0,46.21,1,1,1,0,0,0,0,0,0,0,0,0,1,0,1,0,1,0,0,0,0,0,0,0,1,1,0,0,1,0,0,1
57,1,32.980678,-116.262854,3577,1,5,11.54,19,80.15,385.0,0.0,0,57.7,1,1,0,0,1,1,1,0,0,0,0,0,1,1,1,0,1,0,0,1,0,0,0,0,0,1,0,0,1,0,0,1
37,1,33.309852,-116.823091,234,1,1,0.0,19,30.5,30.5,0.0,0,0.0,1,0,0,0,1,1,1,0,0,0,0,0,0,0,1,1,0,0,1,0,0,0,0,0,0,1,0,0,0,0,0,1
34,0,32.984395,-117.013454,47969,1,70,29.59,3,98.3,6859.5,0.0,20,2071.3,2,1,0,0,1,0,1,1,0,0,0,0,1,1,1,0,1,0,0,1,0,0,1,1,1,0,0,1,0,0,0,1
20,0,33.001813,-117.263628,12173,0,48,5.19,47,107.4,5121.3,0.0,0,249.12,2,0,1,0,0,0,0,0,0,0,0,0,1,1,1,0,1,0,0,1,1,0,1,1,1,1,0,0,1,0,0,1
55,0,32.747484,-117.166877,30202,1,24,17.73,29,75.4,1747.85,0.0,0,425.52,3,0,0,0,1,0,1,0,0,0,0,0,1,1,1,0,1,0,0,0,0,0,0,0,0,1,0,0,1,1,0,1
22,0,32.805518,-117.169052,46828,0,1,19.85,0,20.5,20.5,0.0,0,19.85,2,1,1,0,0,0,0,0,0,0,0,0,1,0,0,0,0,1,0,0,0,0,0,0,0,0,0,0,0,1,0,1
52,0,32.697098,-117.116587,47431,0,4,47.82,13,74.35,265.35,0.0,0,191.28,1,1,0,0,0,0,0,0,0,0,0,0,1,1,1,0,1,0,0,0,0,0,0,0,0,1,0,0,1,0,0,1
63,0,32.957195,-117.202542,28201,1,30,7.01,24,94.1,2804.45,0.0,0,210.3,3,0,0,0,1,0,1,0,0,0,0,0,1,1,1,0,1,0,0,1,0,1,1,0,0,1,0,0,1,1,0,1
53,0,33.713891,-116.237257,56307,0,8,29.66,12,95.65,778.1,0.0,0,237.28,3,0,0,0,0,0,0,0,0,0,0,0,1,1,1,0,1,0,0,0,0,0,1,1,1,1,0,0,0,0,0,1
49,0,33.946982,-116.977672,17721,1,41,32.02,28,66.5,2728.6,0.0,0,1312.8200000000002,3,0,0,0,1,0,1,0,0,0,0,0,1,0,1,1,0,0,0,1,0,1,0,1,1,1,1,0,1,0,0,1
29,0,33.929812,-116.76058,2355,0,3,0.0,85,35.45,106.85,0.0,0,0.0,1,1,1,0,0,0,0,0,0,0,0,0,0,0,1,1,0,0,1,1,0,0,0,0,0,1,0,0,1,1,0,1
63,0,33.143826,-115.497485,7857,0,3,46.57,16,49.9,130.1,0.0,0,139.71,3,1,0,0,0,0,0,0,0,0,0,0,1,0,1,0,0,0,0,1,0,0,0,0,0,1,0,0,1,1,0,1
51,0,33.832799,-116.250973,5529,0,40,37.69,15,104.5,4036.85,0.0,0,1507.6,1,1,0,0,0,0,0,0,0,0,0,0,1,1,1,0,1,0,0,1,1,0,1,1,1,1,0,0,1,1,0,1
47,0,32.730583,-115.501083,3535,0,23,18.7,24,81.0,1917.1,0.0,0,430.1,2,1,0,0,0,0,0,0,0,0,1,0,1,1,1,0,1,0,0,0,1,0,0,0,0,1,0,0,1,0,0,1
28,0,32.858595,-115.662709,14546,0,4,18.03,59,60.4,272.15,0.0,0,72.12,1,0,1,0,0,0,0,0,0,0,0,0,1,0,1,0,0,0,1,1,0,1,0,0,0,1,0,0,1,1,0,1
64,2,32.698964,-115.886656,471,1,1,37.68,26,70.65,70.65,0.0,0,37.68,1,1,0,0,1,1,1,0,0,0,0,0,1,0,1,0,1,0,0,0,0,0,0,0,0,1,0,0,1,1,0,1
44,0,33.745746,-116.514215,18884,0,12,9.6,23,59.8,727.8,0.0,0,115.2,3,1,0,0,0,0,0,0,0,0,1,0,1,0,1,0,0,0,0,0,0,1,1,0,0,1,1,0,1,0,0,1
40,0,32.790282,-115.689559,1632,0,9,41.92,29,44.2,403.35,0.0,0,377.28,2,0,0,0,0,0,0,0,0,0,0,0,1,0,1,0,0,0,0,0,0,0,0,0,0,1,0,0,1,0,0,1
28,0,33.972293,-116.654195,805,0,67,37.5,30,102.95,6886.25,0.0,0,2512.5,1,0,1,0,0,0,0,1,0,0,0,0,1,1,1,0,1,0,1,1,1,0,1,0,0,1,0,0,1,1,0,1
36,0,33.973616,-118.24902,54492,0,1,0.0,10,29.85,29.85,0.0,0,0.0,3,0,0,0,1,0,0,0,0,0,0,1,0,0,1,1,0,0,0,1,0,0,0,0,0,1,0,0,1,0,0,0
46,0,33.949255,-118.246978,44586,0,34,17.09,16,56.95,1889.5,0.0,0,581.06,3,1,0,0,0,0,0,0,0,0,0,0,1,0,1,1,0,0,1,0,1,0,0,0,0,1,1,0,0,0,1,0
53,0,34.076259,-118.310715,67852,0,45,0.0,10,42.3,1840.75,0.0,0,0.0,3,1,0,0,0,0,0,0,0,0,0,0,0,0,1,1,0,0,1,0,1,1,0,0,0,1,1,0,0,0,0,0
42,3,34.027337,-118.28515,45025,0,22,29.54,53,89.1,1949.4,0.0,0,649.88,4,1,0,0,0,1,0,0,0,0,1,0,1,1,1,0,1,0,0,1,0,0,1,0,0,1,0,0,1,1,0,0
42,0,34.008293,-118.346766,30852,0,10,0.0,8,29.75,301.9,0.0,0,0.0,3,0,0,0,0,0,0,0,0,0,1,0,0,0,1,1,0,0,1,0,0,0,0,0,0,1,0,0,0,0,1,0
48,0,34.00709,-118.258681,101215,0,62,7.96,8,56.15,3487.95,0.0,0,493.52,4,1,0,0,0,0,0,0,1,0,0,0,1,0,1,1,0,0,1,1,0,0,0,0,0,1,1,0,0,0,0,0
37,2,34.065875,-118.238728,30596,1,13,29.68,22,49.95,587.45,0.0,150,385.84,3,1,0,0,1,1,1,0,0,0,1,0,1,0,1,1,0,0,1,0,0,0,0,0,0,0,0,0,1,0,1,0
21,0,34.044639,-118.240413,9732,0,16,32.62,0,18.95,326.8,0.0,0,521.92,3,1,1,0,0,0,0,0,0,0,1,0,1,0,0,0,0,1,0,0,0,0,0,0,0,0,0,1,0,1,0,0
39,0,34.043144,-118.251977,3524,7,58,5.69,10,100.35,5681.1,0.0,0,330.02000000000004,3,1,0,0,1,0,1,0,1,0,0,0,1,1,1,0,1,0,0,0,1,0,1,1,1,1,1,0,0,1,0,0
27,0,34.028331,-118.354338,46984,0,25,10.4,48,105.5,2686.05,0.0,0,260.0,3,1,1,0,0,0,0,0,0,0,0,0,1,0,1,0,1,0,1,0,1,1,1,1,1,1,0,0,1,0,0,0
48,0,34.052842,-118.264495,20692,7,69,33.23,3,113.25,7895.15,0.0,0,2292.87,4,0,0,0,1,0,1,1,0,0,0,0,1,1,1,0,1,0,1,1,1,1,1,1,1,1,0,1,0,1,0,0
57,0,34.028735,-118.317236,47143,0,52,22.55,0,20.65,1022.95,0.0,0,1172.6,4,0,0,0,0,0,0,0,1,0,0,0,1,0,0,0,0,1,0,0,0,0,0,0,0,0,1,0,0,0,1,0
61,0,34.049841,-118.33846,67520,0,71,14.67,7,106.7,7382.25,0.0,0,1041.57,3,1,0,0,0,0,0,0,0,0,0,0,1,1,1,0,1,0,1,0,1,0,1,1,1,1,0,1,0,0,0,0
30,0,34.029043,-118.239504,3012,0,21,6.49,73,90.05,1862.9,0.0,30,136.29,3,0,0,0,0,0,0,0,0,0,1,0,1,0,1,0,1,0,0,1,1,0,0,1,1,0,0,0,1,0,0,0
45,0,34.017697,-118.200577,47487,10,12,11.04,0,19.8,202.25,0.0,0,132.48,4,1,0,0,1,0,1,0,0,0,1,0,1,0,0,0,0,1,0,0,0,0,0,0,0,0,1,0,0,0,0,0
25,0,34.046174,-118.446333,41175,1,58,48.98,76,59.9,3505.1,0.0,0,2840.84,3,0,1,0,1,0,1,0,1,0,0,0,1,1,1,0,0,0,0,1,0,1,0,0,0,1,0,1,1,1,0,0
42,2,34.078991,-118.263804,73686,3,49,5.29,30,59.6,2970.3,0.0,0,259.21,3,1,0,0,1,1,1,0,1,0,0,0,1,0,1,0,0,0,1,1,0,1,0,0,0,1,0,0,0,1,0,0
25,0,34.127194,-118.295647,48727,0,30,19.41,27,55.3,1530.6,0.0,0,582.3,4,0,1,0,0,0,0,0,0,0,0,0,1,0,1,0,0,0,1,1,0,0,0,0,0,1,0,0,1,0,0,0
36,0,34.085807,-118.206617,38415,9,72,10.92,28,90.25,6369.45,0.0,0,786.24,3,1,0,0,1,0,1,0,0,0,0,0,1,1,1,1,0,0,1,1,1,1,1,1,1,1,0,1,1,1,0,0
46,0,34.051809,-118.383843,27799,5,27,40.21,13,66.15,1874.45,0.0,0,1085.67,3,0,0,0,1,0,1,0,0,0,0,0,1,0,1,1,0,0,1,1,1,1,0,0,0,1,1,0,0,1,0,0
35,0,34.070291,-118.349191,32901,0,1,24.48,0,20.2,20.2,0.0,0,24.48,5,1,0,0,0,0,0,0,0,0,0,1,1,0,0,0,0,1,0,0,0,0,0,0,0,0,0,0,0,0,0,0
60,0,34.088017,-118.327168,32562,7,72,23.66,26,99.9,7251.7,0.0,0,1703.52,4,0,0,0,1,0,1,0,0,0,0,0,1,1,1,0,1,0,1,1,0,1,1,0,0,1,0,1,0,0,0,0
19,0,33.994524,-118.149953,9805,0,46,42.44,69,74.8,3548.3,0.0,0,1952.24,3,0,1,0,0,0,0,0,1,0,0,0,1,0,1,0,1,0,0,0,1,0,0,0,0,1,0,0,1,1,0,0
53,0,33.988543,-118.334081,44764,6,10,26.17,7,49.55,475.7,0.0,0,261.70000000000005,3,1,0,0,1,0,1,0,0,0,1,0,1,0,1,1,0,0,0,1,0,0,0,0,0,1,1,0,0,1,0,0
52,0,33.952714,-118.292061,87383,8,70,29.38,23,69.2,4872.35,0.0,80,2056.6,3,0,0,0,1,0,1,0,0,0,0,0,1,1,1,1,0,0,1,1,0,0,1,0,0,0,0,1,1,1,0,0
28,0,33.954017,-118.402447,39334,8,17,8.74,0,20.75,418.25,0.0,0,148.58,4,0,1,0,1,0,1,0,0,0,1,0,1,0,0,0,0,1,0,0,0,0,0,0,0,0,1,0,0,1,0,0
36,0,34.108455,-118.362081,49839,0,63,12.82,17,79.85,4861.45,0.0,0,807.66,3,0,0,0,0,0,0,0,1,0,0,0,1,1,1,1,0,0,1,1,1,1,1,0,0,1,0,1,1,1,0,0
42,0,33.958149,-118.308441,47107,1,13,11.79,29,76.2,981.45,0.0,0,153.26999999999998,5,0,0,0,1,0,1,0,0,0,1,0,1,1,1,1,0,0,1,1,0,1,1,0,0,1,0,0,1,0,0,0
49,0,34.072945,-118.37267,21739,0,49,27.2,24,84.5,3906.7,0.0,0,1332.8,5,0,0,0,0,0,0,0,1,0,0,0,1,1,1,0,1,0,0,0,0,0,0,1,1,1,0,0,1,0,0,0
22,0,34.091829,-118.491244,33523,0,2,40.75,71,49.25,97.0,0.0,0,81.5,5,1,1,0,0,0,0,0,0,0,0,0,1,0,1,1,0,0,0,1,0,0,0,0,0,1,0,0,0,1,0,0
23,0,34.061918,-118.277939,44004,0,52,29.16,73,79.75,4217.8,0.0,0,1516.32,4,1,1,0,0,0,0,0,1,0,0,0,1,1,1,0,0,0,1,0,0,1,1,1,1,1,0,1,1,1,0,0
64,0,34.001617,-118.222274,3642,7,69,39.88,17,64.15,4254.1,0.0,40,2751.7200000000003,3,0,0,0,1,0,1,0,0,0,0,0,1,1,1,0,0,0,1,0,1,1,0,0,0,0,0,1,1,1,0,0
44,0,34.002028,-118.430656,55204,2,63,1.43,16,99.65,6311.2,0.0,0,90.09,3,0,0,0,1,0,1,0,1,0,0,0,1,1,1,0,1,0,1,0,0,0,1,1,1,1,1,0,1,1,0,0
61,0,34.137411,-118.328915,21728,10,34,25.21,0,24.95,894.3,0.0,0,857.14,3,0,0,0,1,0,1,0,0,0,0,0,1,1,0,0,0,1,0,0,0,0,0,0,0,0,0,1,0,1,0,0
40,0,34.093781,-118.381061,20408,0,72,9.47,21,107.5,7853.7,0.0,60,681.84,3,0,0,0,0,0,0,0,0,0,0,0,1,1,1,0,1,0,0,0,1,1,1,1,1,0,0,1,1,1,0,0
34,0,34.052917,-118.255178,21,3,47,38.15,14,100.5,4707.1,0.0,0,1793.05,3,0,0,0,1,0,1,0,1,0,0,0,1,1,1,0,1,0,0,0,1,0,1,1,1,1,0,0,1,0,0,0
27,0,34.102084,-118.451629,10470,0,60,42.88,52,89.9,5450.7,0.0,0,2572.8,3,1,1,0,0,0,0,0,1,0,0,0,1,1,1,0,1,0,0,1,0,0,1,0,0,1,0,0,1,0,0,0
36,0,33.970343,-118.171368,105285,7,72,0.0,17,42.1,2962.0,0.0,0,0.0,4,1,0,0,1,0,1,1,0,0,0,0,0,0,1,0,0,0,1,1,1,0,0,0,0,1,0,1,0,0,0,0
43,0,34.099891,-118.414338,21397,2,18,44.97,7,54.4,957.1,0.0,0,809.46,5,0,0,0,1,0,1,0,0,0,1,0,1,0,1,0,0,0,0,0,1,1,0,0,0,1,1,0,1,1,0,0
53,0,34.062095,-118.401508,11355,0,3,38.99,20,75.3,244.1,0.0,0,116.97,3,0,0,0,0,0,0,0,0,0,0,1,1,0,1,1,0,0,0,1,0,1,1,1,1,1,0,0,1,0,0,0
32,0,33.88151,-118.234451,47305,8,47,39.52,30,78.9,3650.35,0.0,0,1857.44,5,1,0,0,1,0,1,0,1,0,0,0,1,1,1,0,1,0,0,1,0,0,0,0,0,1,1,0,1,0,0,0
61,0,33.885811,-118.206459,51387,0,31,25.57,27,79.2,2497.2,0.0,70,792.67,5,0,0,0,0,0,0,0,0,0,0,0,1,0,1,1,0,0,0,1,1,1,1,1,1,0,0,1,0,1,0,0
37,0,33.912246,-118.236773,29825,5,50,26.95,0,20.15,930.9,0.0,0,1347.5,4,0,0,0,1,0,1,0,1,0,0,0,1,0,0,0,0,1,0,0,0,0,0,0,0,0,0,1,0,0,0,0
29,0,33.993991,-118.39704,31963,0,10,48.38,42,79.85,887.35,0.0,0,483.8,3,1,1,0,0,0,0,0,0,0,0,0,1,0,1,0,1,0,1,0,1,0,0,0,0,1,0,0,1,1,0,0
39,0,34.019323,-118.391902,15195,0,1,25.77,5,49.05,49.05,0.0,0,25.77,3,1,0,0,0,0,0,0,0,0,0,0,1,0,1,0,0,0,0,0,0,1,0,0,0,1,0,0,0,1,0,0
24,0,33.956228,-118.120993,24908,3,52,5.65,0,20.4,1090.65,0.0,0,293.8,3,0,1,0,1,0,1,0,1,0,0,0,1,0,0,0,0,1,0,0,0,0,0,0,0,0,1,0,1,0,0,0
40,0,33.921793,-118.140588,42459,4,62,48.73,0,24.25,1424.6,0.0,0,3021.26,5,1,0,0,1,0,1,0,1,0,0,0,1,1,0,0,0,1,0,0,0,0,0,0,0,0,0,1,1,0,0,0
51,3,33.917145,-118.401554,16041,0,3,39.55,56,64.5,177.4,0.0,60,118.65,3,0,0,0,0,1,0,0,0,0,0,1,1,0,1,1,0,0,1,0,0,1,0,1,1,0,0,0,1,0,0,0
50,0,33.876482,-118.284077,9960,0,46,2.03,7,55.65,2688.85,0.0,0,93.38,5,0,0,0,0,0,0,0,1,0,0,0,1,0,1,0,0,0,0,0,0,0,0,1,1,1,1,0,0,1,0,0
62,1,33.90139,-118.315697,26442,1,8,38.78,18,54.65,482.25,0.0,0,310.24,3,0,0,0,1,1,1,0,0,0,0,1,1,0,1,1,0,0,1,1,0,0,0,0,0,1,0,0,0,1,0,0
48,0,33.86532,-118.396336,18693,4,45,22.49,0,25.9,1216.6,0.0,0,1012.05,4,0,0,0,1,0,1,0,1,0,0,0,1,1,0,0,0,1,0,0,0,0,0,0,0,0,1,0,1,1,0,0
23,1,33.88856,-118.351813,33300,1,11,0.0,41,50.55,565.35,0.0,0,0.0,3,0,1,0,1,1,1,0,0,0,0,0,0,0,1,0,0,0,1,0,0,0,1,1,1,1,0,0,0,0,0,0
38,0,34.037037,-118.705803,11,0,42,40.15,28,103.8,4327.5,0.0,110,1686.3,4,0,0,0,0,0,0,0,1,0,0,0,1,0,1,0,1,0,0,1,1,1,1,1,1,0,0,0,1,0,0,0
31,0,34.074572,-118.831181,19630,10,49,2.82,0,20.15,973.35,0.0,0,138.17999999999998,5,0,0,0,1,0,1,0,0,0,0,0,1,0,0,0,0,1,0,0,0,0,0,0,0,0,0,1,1,0,0,0
30,0,33.889632,-118.39737,33758,0,9,4.81,69,99.3,918.75,0.0,0,43.29,3,1,0,0,0,0,0,0,0,0,0,1,1,1,1,0,1,0,0,1,0,0,1,1,1,1,0,0,1,1,0,0
51,0,33.988572,-118.186565,28094,1,35,24.53,30,62.15,2215.45,0.0,0,858.5500000000001,4,0,0,0,1,0,1,0,0,1,0,0,1,0,1,1,0,0,1,0,0,0,1,0,0,1,1,0,1,0,0,0
24,0,34.079449,-118.548306,22548,10,48,37.96,0,20.65,1057.0,0.0,0,1822.08,5,0,1,0,1,0,1,0,0,0,0,0,1,0,0,0,0,1,0,0,0,0,0,0,0,0,0,1,0,0,0,0
56,0,33.788208,-118.404955,24979,1,46,30.47,0,19.95,927.1,0.0,0,1401.62,5,0,0,0,1,0,1,0,0,0,0,0,1,0,0,0,0,1,0,0,0,0,0,0,0,0,0,1,1,1,0,0
47,0,33.753146,-118.367459,41263,4,29,0.0,22,33.75,1009.25,0.0,0,0.0,3,1,0,0,1,0,1,0,0,1,0,0,0,0,1,1,0,0,0,0,0,0,1,0,0,1,0,0,0,1,0,0
32,3,33.830453,-118.384565,34191,5,30,6.19,21,82.05,2570.2,0.0,120,185.7,3,1,0,0,1,1,1,0,0,1,0,0,1,0,1,0,1,0,0,1,1,0,0,0,0,0,0,0,0,0,0,0
57,0,33.944624,-118.192615,96267,0,66,6.22,26,84.0,5714.25,0.0,0,410.52,4,1,0,0,1,0,0,1,0,0,0,0,1,1,1,1,0,0,1,0,1,1,1,1,1,1,0,1,1,1,0,0
50,0,34.115192,-118.61017,5451,0,65,41.78,14,111.05,7107.0,0.0,0,2715.7000000000003,4,0,0,0,0,0,0,0,0,0,0,0,1,1,1,0,1,0,1,1,1,0,1,1,1,1,0,0,1,1,0,0
52,0,33.991782,-118.479229,31021,0,72,24.53,12,100.9,7459.05,0.0,0,1766.16,3,1,0,0,0,0,0,1,0,0,0,0,1,1,1,0,1,0,0,1,1,0,1,1,1,1,0,1,1,0,0,0
50,0,33.947305,-118.439841,11264,1,71,4.85,26,66.85,4748.7,0.0,0,344.35,4,1,0,0,1,0,1,1,0,0,0,0,1,1,1,1,0,0,1,1,0,1,0,0,0,1,1,0,1,1,0,0
62,0,33.975332,-118.355252,30779,0,52,28.3,0,21.0,1107.2,0.0,0,1471.6,4,1,0,0,0,0,0,0,0,0,0,0,1,0,0,0,0,1,0,0,0,0,0,0,0,0,0,1,0,0,0,0
19,0,33.936827,-118.359824,28680,0,1,41.1,0,20.2,20.2,0.0,0,41.1,3,1,1,0,0,0,0,0,0,0,0,1,1,0,0,0,0,1,0,0,0,0,0,0,0,0,0,0,0,1,0,0
38,2,33.958134,-118.330905,13779,1,1,16.44,0,19.45,19.45,0.0,0,16.44,3,0,0,0,1,1,1,0,0,0,0,1,1,0,0,0,0,1,0,0,0,0,0,0,0,0,0,0,0,0,0,0
34,0,34.015481,-118.493231,5221,0,38,3.95,21,95.0,3605.6,0.0,0,150.1,5,1,0,0,0,0,0,0,0,1,0,0,1,1,1,0,1,0,0,0,1,1,1,0,0,1,1,0,0,0,0,0
35,0,34.026334,-118.474222,19975,0,5,0.0,21,24.3,100.2,0.0,0,0.0,3,1,0,0,0,0,0,0,0,0,0,1,0,0,1,1,0,0,0,0,0,0,0,0,0,1,0,0,0,1,0,0
25,0,34.005439,-118.477507,26099,1,72,25.82,59,104.15,7303.05,0.0,0,1859.04,3,0,1,0,1,0,1,1,0,0,0,0,1,1,1,0,1,0,1,1,0,0,1,1,1,1,1,0,1,0,0,0
60,0,33.833699,-118.314387,40705,0,32,0.0,18,30.15,927.65,0.0,0,0.0,4,0,0,0,0,0,0,0,0,1,0,0,0,0,1,1,0,0,1,0,0,0,0,0,0,1,1,0,0,1,0,0
50,0,33.833181,-118.292062,17058,0,43,41.22,7,94.35,3921.3,0.0,0,1772.46,3,1,0,0,0,0,0,0,0,0,0,0,1,1,1,0,1,0,0,0,0,0,1,1,1,1,1,0,0,1,0,0
38,0,33.840399,-118.353714,41979,1,72,49.5,0,19.4,1363.25,0.0,0,3564.0,5,1,0,0,1,0,1,1,0,0,0,0,1,0,0,0,0,1,0,0,0,0,0,0,0,0,0,1,0,1,0,0
35,0,33.807882,-118.347957,34873,0,52,33.84,5,57.95,3042.25,0.0,0,1759.6800000000003,3,0,0,0,0,0,0,0,0,0,0,0,1,0,1,1,0,0,1,0,1,1,0,0,0,1,1,0,0,1,0,0
36,0,34.007353,-118.033683,32050,0,43,26.55,12,91.65,3954.1,0.0,0,1141.65,5,0,0,0,0,0,0,0,0,0,0,0,1,0,1,0,1,0,0,1,1,0,1,0,0,1,0,0,1,0,0,0
48,0,33.945318,-117.992066,19109,1,64,0.0,30,54.6,3423.5,0.0,0,0.0,4,0,0,0,1,0,1,0,0,0,0,0,0,0,1,1,0,0,0,1,0,1,1,1,1,1,0,1,1,0,0,0
38,2,33.929704,-118.01208,37887,1,3,33.3,12,89.85,248.4,0.0,0,99.9,3,1,0,0,1,1,1,0,0,0,0,1,1,0,1,0,1,0,1,1,0,0,1,0,0,1,0,0,0,0,0,0
61,0,33.960891,-118.032222,38181,0,36,0.0,27,31.05,1126.35,0.0,0,0.0,4,0,0,0,0,0,0,0,0,1,0,0,0,0,1,0,0,0,1,0,0,0,0,0,0,1,0,1,0,0,0,0
53,0,33.845706,-118.012204,44442,0,41,31.62,0,20.65,835.15,0.0,0,1296.42,5,0,0,0,0,0,0,0,0,0,0,0,1,0,0,0,0,1,0,0,0,0,0,0,0,0,0,1,0,1,0,0
33,1,33.874224,-117.993368,33528,1,27,48.17,15,85.2,2151.6,0.0,30,1300.59,3,1,0,0,1,1,1,0,0,1,0,0,1,1,1,0,1,0,0,1,0,1,0,0,0,0,0,0,1,1,0,0
27,0,33.850504,-118.039892,15505,1,56,42.37,71,99.8,5515.45,0.0,0,2372.72,4,0,1,0,1,0,1,0,0,0,0,0,1,1,1,0,1,0,0,0,1,0,1,1,1,1,1,0,1,1,0,0
31,0,33.818477,-118.038307,47344,0,6,7.72,0,20.7,112.75,0.0,0,46.32,5,0,0,0,0,0,0,0,0,0,0,1,1,0,0,0,0,1,0,0,0,0,0,0,0,0,0,0,0,1,0,0
20,2,33.902045,-118.008961,47568,1,7,25.64,71,50.7,350.35,0.0,0,179.48000000000002,3,0,1,0,1,1,1,0,0,0,0,0,1,0,1,1,0,0,1,0,0,0,0,0,0,1,0,0,0,1,0,0
27,1,34.015217,-118.109962,62425,1,4,39.89,0,20.85,62.9,0.0,0,159.56,5,0,1,0,1,1,1,0,0,0,0,0,1,0,0,0,0,1,0,0,0,0,0,0,0,0,0,0,0,1,0,0
59,0,33.905963,-118.08263,103214,0,33,47.64,18,88.95,3027.65,0.0,0,1572.12,3,1,0,0,0,0,0,0,0,1,0,0,1,0,1,0,1,0,1,0,0,1,1,0,0,1,0,1,1,0,0,0
46,0,33.933565,-118.062611,16271,1,72,1.86,0,23.55,1723.95,0.0,0,133.92000000000002,3,1,0,0,1,0,1,1,0,0,0,0,1,1,0,0,0,1,0,0,0,0,0,0,0,0,0,1,1,0,0,0
45,0,33.801869,-117.995068,29694,0,1,15.77,0,19.75,19.75,0.0,0,15.77,3,1,0,0,0,0,0,0,0,0,0,0,1,0,0,0,0,1,0,0,0,0,0,0,0,0,0,0,0,1,0,0
49,0,33.8681,-118.067402,51556,0,13,29.21,22,85.95,1215.65,0.0,0,379.73,5,0,0,0,0,0,0,0,0,0,0,0,1,1,1,0,1,0,0,0,0,0,0,1,1,1,0,0,1,0,0,0
60,0,33.887676,-118.127289,72893,0,67,32.58,8,50.55,3260.1,0.0,0,2182.86,5,1,0,0,0,0,0,1,0,0,0,0,1,0,1,1,0,0,0,0,0,1,0,0,0,1,0,1,0,0,0,0
42,0,33.847755,-118.112532,27563,0,43,25.53,0,25.7,1188.2,0.0,0,1097.79,4,0,0,0,0,0,0,0,0,0,0,0,1,1,0,0,0,1,0,0,0,0,0,0,0,0,0,1,1,1,0,0
37,0,33.841027,-118.078097,20890,0,23,24.04,22,75.0,1778.5,0.0,0,552.92,4,0,0,0,0,0,0,0,0,0,0,0,1,0,1,0,1,0,1,0,0,0,0,0,0,1,0,0,1,0,0,0
23,0,33.830431,-118.074071,14852,1,64,36.24,0,20.2,1277.75,0.0,0,2319.36,5,0,1,0,1,0,1,0,0,0,0,0,1,0,0,0,0,1,0,0,0,0,0,0,0,0,0,1,0,1,0,0
58,0,33.794209,-118.317354,21065,0,57,5.71,0,19.6,1170.55,0.0,0,325.47,3,1,0,0,0,0,0,0,0,0,0,0,1,0,0,0,0,1,0,0,0,0,0,0,0,0,0,1,1,1,0,0
35,0,33.744119,-118.31448,21279,2,61,17.49,21,101.05,5971.25,0.0,0,1066.89,4,0,0,0,1,0,1,0,0,0,0,0,1,1,1,0,1,0,0,1,0,0,1,1,1,1,0,1,1,0,0,0
34,0,33.75462,-118.071128,24180,0,64,30.27,12,84.3,5289.05,0.0,0,1937.28,3,1,0,0,0,0,0,0,0,0,0,0,1,1,1,0,1,0,1,1,0,0,0,0,0,1,1,0,1,1,0,0
56,0,33.728273,-118.085304,174,5,65,13.2,13,99.05,6416.7,0.0,0,858.0,3,0,0,0,1,0,1,0,0,0,0,0,1,1,1,0,1,0,1,1,0,1,1,0,0,1,0,1,1,1,0,0
42,0,33.782068,-118.262263,53323,0,3,35.65,0,19.6,61.35,0.0,0,106.95,5,1,0,0,0,0,0,0,0,0,0,0,1,0,0,0,0,1,0,0,0,0,0,0,0,0,1,0,0,1,0,0
52,0,33.859171,-118.252272,25566,0,30,27.88,6,64.5,1929.95,0.0,0,836.4,5,1,0,0,0,0,0,0,0,1,0,0,1,0,1,0,0,0,0,1,1,0,1,0,0,0,1,0,0,1,0,0
50,1,33.752524,-118.210737,38427,1,15,8.44,21,69.5,1071.4,0.0,0,126.6,4,1,0,0,1,1,1,0,0,0,0,0,1,0,1,0,0,0,0,1,1,1,0,1,1,1,0,0,1,1,0,0
33,1,33.760458,-118.129725,31352,1,8,29.94,17,68.55,564.35,0.0,0,239.52,3,0,0,0,1,1,1,0,0,0,0,0,1,0,1,0,0,0,0,0,0,1,1,1,1,1,0,0,1,0,0,0
27,0,33.864622,-118.179626,91664,4,70,5.77,48,108.15,7930.55,0.0,0,403.9,4,0,1,0,1,0,1,1,0,0,0,0,1,1,1,0,1,0,1,1,1,0,1,1,1,1,1,0,1,1,0,0
51,0,33.802664,-118.179971,49647,2,62,43.2,23,86.1,5215.25,0.0,0,2678.4,4,1,0,0,1,0,1,0,0,0,0,0,1,0,1,1,0,0,1,1,1,1,1,1,1,1,0,1,0,0,0,0
29,3,33.830099,-118.182239,31556,9,6,5.52,0,19.7,113.5,0.0,0,33.12,3,0,1,0,1,1,1,0,0,0,0,0,1,0,0,0,0,1,0,0,0,0,0,0,0,0,0,0,0,1,0,0
33,1,33.823943,-118.111335,37417,7,14,40.22,19,80.9,1152.8,0.0,0,563.0799999999999,5,0,0,0,1,1,1,0,0,0,0,0,1,0,1,0,1,0,0,0,0,0,0,1,1,1,0,0,1,0,0,0
23,0,33.819814,-118.222416,35656,0,22,19.2,41,84.15,1821.95,0.0,60,422.4,3,0,1,0,0,0,0,0,0,0,0,0,1,1,1,0,1,0,0,0,0,0,1,0,0,0,0,0,1,0,0,0
37,0,33.781086,-118.199049,63136,3,22,48.06,0,20.15,419.9,0.0,0,1057.3200000000002,5,1,0,0,1,0,1,0,0,0,0,0,1,0,0,0,0,1,0,0,0,0,0,0,0,0,1,0,0,1,0,0
38,0,33.771612,-118.143866,19034,9,16,23.31,27,64.25,1024.0,0.0,0,372.96,4,1,0,0,1,0,1,0,0,0,0,0,1,0,1,1,0,0,1,0,1,0,1,0,0,1,0,1,0,1,0,0
44,0,33.797638,-118.11662,38902,0,10,32.1,0,25.7,251.6,0.0,0,321.0,5,1,0,0,0,0,0,0,0,0,0,0,1,1,0,0,0,1,0,0,0,0,0,0,0,0,0,1,0,0,0,0
63,1,33.778436,-118.118648,425,0,13,27.04,10,56.0,764.55,0.0,0,351.52,3,0,0,0,0,1,0,0,0,0,0,0,1,0,1,1,0,0,1,1,0,0,0,0,0,1,0,0,1,0,0,0
54,0,34.137319,-118.029837,30028,0,2,15.67,8,69.7,135.2,0.0,0,31.34,5,0,0,0,0,0,0,0,0,0,0,0,1,0,1,0,1,0,0,0,0,0,0,0,0,1,0,0,1,0,0,0
35,0,34.128284,-118.047732,30933,0,53,6.54,4,73.9,3958.25,0.0,0,346.62,4,1,0,0,0,0,0,0,0,0,0,0,1,1,1,1,0,0,0,1,1,1,0,1,1,1,0,1,1,0,0,0
21,0,34.145695,-117.95982,27414,7,11,1.92,0,20.6,233.9,0.0,0,21.12,3,0,1,0,1,0,1,0,0,0,0,0,1,0,0,0,0,1,0,0,0,0,0,0,0,0,1,0,0,1,0,0
40,0,34.234912,-118.153729,20200,3,69,30.86,0,19.9,1363.45,0.0,0,2129.34,5,1,0,0,1,0,1,1,0,0,0,0,1,0,0,0,0,1,0,0,0,0,0,0,0,0,0,1,0,1,0,0
39,0,34.2112,-118.230625,7527,7,72,6.05,30,89.05,6254.45,0.0,0,435.6,4,1,0,0,1,0,1,1,0,0,0,0,1,1,1,0,0,0,1,1,1,1,1,1,1,1,0,1,1,0,0,0
59,2,34.110444,-118.156957,23984,3,16,45.54,0,20.4,321.4,0.0,0,728.64,4,0,0,0,1,1,1,0,0,0,1,0,1,0,0,0,0,1,0,0,0,0,0,0,0,0,0,0,0,0,0,0
61,0,34.282704,-118.312929,18752,6,43,15.2,21,84.25,3539.25,0.0,0,653.6,3,1,0,0,1,0,1,0,0,0,0,0,1,0,1,0,1,0,1,0,1,1,0,0,0,1,1,0,1,0,0,0
48,0,34.146635,-118.139225,16812,3,14,5.17,25,81.95,1181.75,0.0,0,72.38,3,1,0,0,1,0,1,0,0,0,1,0,1,0,1,0,0,0,0,1,1,1,1,1,1,1,0,1,0,1,0,0
61,0,34.165383,-118.123752,38460,0,32,35.97,0,20.55,654.55,0.0,0,1151.04,3,0,0,0,0,0,0,0,0,1,0,0,1,0,0,0,0,1,0,0,0,0,0,0,0,0,1,0,0,0,0,0
49,0,34.13946,-118.166649,10253,5,34,11.52,0,24.7,780.2,0.0,0,391.68,4,0,0,0,1,0,1,0,0,1,0,0,1,1,0,0,0,1,0,0,0,0,0,0,0,0,0,0,0,0,0,0
19,3,34.122671,-118.112911,13158,6,15,4.19,59,105.35,1559.25,0.0,0,62.85000000000001,3,0,1,0,1,1,1,0,0,0,1,0,1,1,1,0,1,0,0,1,1,0,1,1,1,1,0,0,1,0,0,0
22,0,34.17051,-118.289463,23981,3,61,19.27,0,20.55,1252.0,0.0,0,1175.47,4,1,1,0,1,0,1,0,0,0,0,0,1,0,0,0,0,1,0,0,0,0,0,0,0,0,1,0,1,1,0,0
25,0,34.153338,-118.262974,14493,0,1,47.36,41,45.3,45.3,0.0,0,47.36,5,0,1,0,0,0,0,0,0,0,0,0,1,0,1,0,0,0,0,0,0,0,0,0,0,1,0,0,0,1,0,0
35,0,34.13658,-118.245839,41390,7,33,48.85,30,74.75,2453.3,0.0,0,1612.05,3,1,0,0,1,0,1,0,0,1,0,0,1,0,1,0,0,0,1,0,1,0,1,1,1,1,1,0,0,1,0,0
45,0,34.195386,-118.238508,16910,0,20,3.94,18,51.8,1023.85,0.0,0,78.8,4,1,0,0,0,0,0,0,0,0,1,0,1,0,1,1,0,0,0,1,0,0,0,0,0,1,0,0,1,1,0,0
19,0,34.239636,-118.245259,29110,0,3,0.0,59,30.4,82.15,0.0,0,0.0,4,1,1,0,0,0,0,0,0,0,0,0,0,0,1,1,0,0,0,0,0,1,0,0,0,1,0,0,0,0,0,0
61,0,34.129058,-118.759788,25303,0,13,33.13,0,19.65,244.8,0.0,0,430.69000000000005,3,0,0,0,0,0,0,0,0,0,1,0,1,0,0,0,0,1,0,0,0,0,0,0,0,0,1,0,0,0,0,0
62,0,34.130861,-118.68346,23661,5,40,48.29,23,56.6,2379.1,0.0,0,1931.6,5,0,0,0,1,0,1,0,0,0,0,0,1,1,1,1,0,0,0,1,0,0,0,0,0,1,0,0,0,1,0,0
24,0,34.19829,-118.602203,23519,5,43,48.1,51,71.9,3173.35,0.0,0,2068.3,3,1,1,0,1,0,1,0,1,0,0,0,1,1,1,1,0,0,1,0,0,1,0,1,1,1,1,0,1,1,0,0
38,0,34.209532,-118.577563,43857,9,69,5.27,0,19.75,1375.4,0.0,0,363.63,4,0,0,0,1,0,1,1,0,0,0,0,1,0,0,0,0,1,0,0,0,0,0,0,0,0,0,1,0,0,0,0
42,0,34.199787,-118.68493,23637,7,72,18.66,3,109.7,8129.3,0.0,0,1343.52,4,0,0,0,1,0,1,1,0,0,0,0,1,1,1,0,1,0,1,1,1,0,1,1,1,1,0,1,0,1,0,0
33,0,34.294142,-118.603883,35325,3,59,25.57,0,19.3,1192.7,0.0,0,1508.63,3,1,0,0,1,0,1,0,1,0,0,0,1,0,0,0,0,1,0,0,0,0,0,0,0,0,0,1,0,1,0,0
32,0,34.150354,-118.518292,27614,0,20,28.57,15,96.55,1901.65,0.0,0,571.4,3,0,0,0,1,0,0,0,0,0,1,0,1,0,1,0,1,0,1,1,0,1,1,0,0,1,0,0,1,0,0,0
19,3,34.172071,-118.946262,37779,1,24,1.14,0,24.1,587.4,0.0,0,27.36,3,1,1,0,1,1,1,0,0,1,0,0,1,1,0,0,0,1,0,0,0,0,0,0,0,0,0,1,1,0,0,0
19,0,34.370378,-118.504118,30742,0,59,48.12,51,111.35,6519.75,0.0,0,2839.08,5,1,1,0,0,0,0,0,1,0,0,0,1,1,1,0,1,0,0,1,1,1,1,1,1,1,0,0,1,0,0,0
42,3,34.238208,-118.55029,25751,2,72,11.66,28,112.25,8041.65,0.0,0,839.52,4,1,0,0,1,1,1,1,0,0,0,0,1,1,1,0,1,0,0,1,1,1,1,1,1,1,0,1,1,0,0,0
29,1,34.236683,-118.517588,32307,0,1,7.57,0,20.75,20.75,0.0,0,7.57,5,1,1,0,0,1,0,0,0,0,0,0,1,0,0,0,0,1,0,0,0,0,0,0,0,0,0,0,0,1,0,0
55,0,34.281911,-118.556218,28067,0,27,20.02,27,101.9,2681.15,0.0,0,540.54,3,0,0,0,1,0,0,0,0,1,0,0,1,0,1,0,1,0,1,0,0,1,1,1,1,1,1,0,1,1,0,0
51,0,34.255442,-118.421314,97318,0,14,1.69,21,80.05,1112.3,0.0,0,23.66,5,0,0,0,0,0,0,0,0,0,1,0,1,0,1,0,1,0,0,1,0,1,0,0,0,1,0,0,1,1,0,0
55,3,34.200175,-118.540958,68018,3,71,25.02,53,105.55,7405.5,0.0,0,1776.42,3,1,0,0,1,1,1,1,0,0,0,0,1,1,1,0,1,0,1,0,1,0,1,1,1,1,0,1,0,0,0,0
55,3,34.286131,-118.435969,33389,0,13,31.93,22,78.3,1033.95,0.0,150,415.09,3,1,0,0,0,1,0,0,0,0,1,0,1,0,1,0,1,0,0,0,0,0,1,0,0,0,0,0,1,1,0,0
41,0,34.321621,-118.399841,81986,0,44,1.7,28,68.85,2958.95,0.0,0,74.8,3,1,0,0,0,0,0,0,1,0,0,0,1,0,1,0,1,0,0,0,0,0,0,0,0,1,0,0,0,1,0,0
64,0,34.238802,-118.482296,57017,0,33,42.29,13,79.95,2684.85,0.0,0,1395.57,3,0,0,0,0,0,0,0,0,1,0,0,1,0,1,0,1,0,0,1,0,1,0,0,0,1,1,0,1,0,0,0
30,0,34.291273,-118.505104,48867,5,72,0.0,47,55.45,4179.2,0.0,0,0.0,3,1,0,0,1,0,1,1,0,0,0,0,0,0,1,0,0,0,1,1,1,1,0,1,1,1,0,1,1,1,0,0
22,0,34.422519,-118.420717,59259,10,64,40.49,69,102.45,6654.1,0.0,0,2591.36,3,1,1,0,1,0,1,0,1,0,0,0,1,0,1,0,1,0,0,1,1,1,1,1,1,1,1,0,1,1,0,0
40,0,34.457005,-118.573726,17846,0,1,0.0,2,25.25,25.25,0.0,0,0.0,4,0,0,0,0,0,0,0,0,0,0,0,0,0,1,0,0,0,0,0,0,0,0,0,0,1,0,0,0,0,0,0
32,2,34.43987,-118.644609,24977,0,61,15.02,0,19.75,1124.2,0.0,0,916.22,4,1,0,0,0,1,0,0,1,0,0,0,1,0,0,0,0,1,0,0,0,0,0,0,0,0,0,1,0,0,1,0
23,0,34.157137,-118.548511,27424,6,29,27.72,0,20.0,540.05,0.0,0,803.88,5,0,1,0,1,0,1,0,0,1,0,0,1,0,0,0,0,1,0,0,0,0,0,0,0,0,1,0,0,0,0,0
45,0,34.130992,-118.894673,18735,1,57,0.0,22,58.75,3437.45,0.0,0,0.0,3,0,0,0,1,0,1,0,1,0,0,0,0,0,1,0,0,0,1,1,1,0,1,1,1,1,0,0,1,0,0,0
46,0,34.191842,-118.822796,33057,11,72,0.0,17,45.25,3139.8,0.0,0,0.0,4,1,0,0,1,0,1,1,0,0,0,0,0,0,1,1,0,0,1,1,1,1,0,0,0,1,0,1,0,1,0,0
38,0,34.153733,-118.593408,25988,1,66,0.0,29,56.6,3789.2,0.0,0,0.0,4,1,0,0,1,0,1,0,0,0,0,0,0,0,1,1,0,0,1,1,1,1,1,0,0,1,0,1,1,0,0,0
51,0,34.178068,-118.615714,36123,8,65,41.57,16,84.2,5324.5,0.0,0,2702.05,5,1,0,0,1,0,1,0,1,0,0,0,1,1,1,1,0,0,0,1,1,1,1,1,1,1,0,1,1,0,0,0
24,0,34.19225,-118.776874,14814,0,8,39.92,73,80.0,624.6,0.0,0,319.36,4,0,1,0,0,0,0,0,0,0,0,0,1,0,1,0,1,0,0,0,0,0,1,0,0,1,0,0,1,0,0,0
55,0,34.506627,-118.699048,22177,3,71,32.13,0,24.75,1836.9,0.0,0,2281.23,3,0,0,0,1,0,1,0,0,0,0,0,1,1,0,0,0,1,0,0,0,0,0,0,0,0,0,1,0,0,0,0
32,0,34.178483,-118.431791,40376,8,1,44.69,0,20.2,20.2,0.0,0,44.69,5,1,0,0,1,0,1,0,0,0,0,0,1,0,0,0,0,1,0,0,0,0,0,0,0,0,1,0,1,0,0,0
53,0,34.147149,-118.463365,22085,0,12,16.72,0,19.35,219.35,0.0,0,200.64,5,0,0,0,0,0,0,0,0,0,1,0,1,0,0,0,0,1,0,0,0,0,0,0,0,0,1,0,1,0,0,0
28,0,34.202494,-118.448048,51348,0,24,0.0,46,50.6,1288.75,0.0,0,0.0,3,1,1,0,0,0,0,0,0,1,0,0,0,0,1,1,0,0,1,0,0,0,1,1,1,1,1,0,1,0,1,0
26,0,34.195685,-118.490752,50047,2,31,39.34,41,81.15,2545.75,0.0,0,1219.5400000000002,4,0,1,0,1,0,1,0,0,0,0,0,1,0,1,1,0,0,1,0,1,1,1,1,1,1,1,0,1,0,1,0
62,0,34.146957,-118.432138,29387,0,30,31.97,2,89.9,2723.15,0.0,0,959.1,3,1,0,0,0,0,0,0,0,0,0,0,1,1,1,0,1,0,0,0,0,1,0,1,1,1,0,0,1,1,0,0
22,0,34.152875,-118.486056,13129,6,47,29.15,52,85.3,4107.25,0.0,130,1370.05,3,0,1,0,1,0,1,0,1,0,0,0,1,1,1,1,0,0,1,1,0,1,1,1,1,0,0,1,1,1,0,0
49,0,34.188339,-118.300942,18112,0,54,17.76,4,108.0,5760.65,0.0,0,959.04,3,1,0,0,0,0,0,0,1,0,0,0,1,1,1,0,1,0,1,1,0,1,1,1,1,1,0,1,1,1,0,0
64,0,34.177267,-118.31003,11517,0,50,40.83,21,93.5,4747.5,0.0,0,2041.5,4,1,0,0,0,0,0,0,1,0,0,0,1,0,1,0,1,0,1,1,0,1,0,1,1,1,0,0,1,1,0,0
62,0,34.174215,-118.345928,29245,0,72,42.36,0,20.25,1566.9,0.0,0,3049.92,4,0,0,0,0,0,0,0,0,0,0,0,1,0,0,0,0,1,0,0,0,0,0,0,0,0,0,1,0,1,0,0
47,0,34.169706,-118.323548,18539,0,29,4.53,0,25.15,702.0,0.0,0,131.37,4,0,0,0,0,0,0,0,0,0,0,0,1,1,0,0,0,1,0,0,0,0,0,0,0,0,0,0,0,0,0,0
41,0,34.15136,-118.364786,16996,0,10,0.0,29,29.6,299.05,0.0,0,0.0,3,0,0,0,0,0,0,0,0,0,1,0,0,0,1,0,0,0,0,0,0,1,0,0,0,1,0,1,1,0,1,0
42,0,34.139082,-118.39275,26157,5,18,16.78,23,73.15,1305.95,0.0,0,302.04,4,1,0,0,1,0,1,0,0,0,1,0,1,1,1,0,1,0,0,0,0,0,0,0,0,1,0,0,1,0,0,0
40,0,34.187599,-118.387125,45358,0,16,40.17,0,19.75,284.35,0.0,0,642.72,5,1,0,0,0,0,0,0,0,0,1,0,1,0,0,0,0,1,0,0,0,0,0,0,0,0,0,1,0,0,1,0
37,0,34.165783,-118.399795,27453,0,72,8.29,13,86.6,6350.5,0.0,0,596.8799999999999,3,0,0,0,0,0,0,0,0,0,0,0,1,1,1,0,0,0,0,1,1,1,1,1,1,1,0,1,0,0,0,0
49,0,34.132275,-117.611478,39064,0,72,35.11,22,109.2,7878.3,0.0,0,2527.92,3,1,0,0,0,0,0,0,0,0,0,0,1,1,1,0,1,0,0,1,1,1,1,1,1,1,0,1,0,0,0,0
38,0,34.174493,-117.87068,57775,10,41,25.16,11,74.7,3187.65,0.0,0,1031.56,4,0,0,0,1,0,1,0,1,0,0,0,1,0,1,1,0,0,1,0,0,1,1,1,1,1,1,0,1,1,0,0
35,0,34.127621,-117.717863,34716,0,41,37.55,30,65.0,2531.8,0.0,140,1539.55,4,1,0,0,0,0,0,0,1,0,0,0,1,1,1,1,0,0,0,0,1,0,0,1,1,0,1,0,0,0,1,0
28,0,34.08111,-117.853935,25068,0,42,6.42,48,99.0,4298.45,0.0,0,269.64,3,1,1,0,0,0,0,0,1,0,0,0,1,1,1,0,1,0,1,1,1,0,0,1,1,1,1,0,1,0,0,0
27,0,34.10097,-117.57882,51970,2,51,21.07,46,93.5,4619.55,0.0,0,1074.57,3,0,1,0,1,0,1,0,1,0,0,0,1,0,1,0,1,0,1,1,1,0,1,0,0,1,1,0,1,0,0,0
56,0,34.04622,-118.053753,45645,0,32,37.48,15,83.7,2633.3,0.0,0,1199.36,5,1,0,0,0,0,0,0,0,0,0,0,1,1,1,1,0,0,0,1,1,1,1,1,1,1,1,0,0,1,0,0
29,0,34.245289,-117.642503,23079,0,10,1.98,0,19.85,193.05,0.0,0,19.8,4,1,1,0,0,0,0,0,0,0,1,0,1,0,0,0,0,1,0,0,0,0,0,0,0,0,0,0,1,1,0,0
19,0,34.133809,-117.523724,12937,1,67,0.0,52,59.55,4103.9,0.0,0,0.0,4,0,1,0,1,0,1,0,0,0,0,0,0,0,1,1,0,0,0,1,1,1,1,1,1,1,0,1,1,0,0,0
42,1,34.119363,-117.855059,25135,3,61,20.01,12,115.1,7008.15,0.0,0,1220.61,3,0,0,0,1,1,1,0,1,0,0,0,1,1,1,0,1,0,1,1,1,1,1,1,1,1,0,1,0,1,0,0
46,0,34.14649,-117.849815,24973,0,50,19.8,21,114.35,5791.1,0.0,10,990.0,3,1,0,0,0,0,0,0,1,0,0,0,1,1,1,0,1,0,1,1,1,1,1,1,1,0,1,0,0,1,0,0
35,0,33.999992,-117.535395,18980,0,31,0.0,10,49.85,1520.1,0.0,0,0.0,3,0,0,0,0,0,0,0,0,0,0,0,0,0,1,1,0,0,1,1,0,1,0,1,1,1,0,1,1,0,0,0
57,0,34.050322,-118.147037,33280,1,45,33.54,4,113.3,5032.25,0.0,0,1509.3,3,0,0,0,1,0,1,0,1,0,0,0,1,1,1,0,1,0,1,1,1,1,1,1,1,1,1,0,0,0,1,0
62,0,34.049172,-118.115022,26933,1,61,47.19,28,88.1,5526.75,0.0,0,2878.59,4,0,0,0,1,0,1,0,1,0,0,0,1,1,1,1,0,0,1,1,1,1,1,1,1,1,0,1,0,0,1,0
64,0,34.231318,-117.662032,47,0,50,47.16,0,24.9,1195.25,0.0,0,2358.0,4,1,0,0,0,0,0,0,1,0,0,0,1,1,0,0,0,1,0,0,0,0,0,0,0,0,0,1,0,0,0,0
30,0,34.072121,-117.698319,34447,1,71,8.21,0,24.25,1732.95,0.0,0,582.9100000000001,5,0,0,0,1,0,1,0,0,0,0,0,1,1,0,0,0,1,0,0,0,0,0,0,0,0,0,1,1,1,0,0
50,0,33.992416,-117.807874,46532,1,57,49.29,22,59.75,3450.15,0.0,0,2809.53,3,1,0,0,1,0,1,0,1,0,0,0,1,0,1,0,0,0,1,1,0,1,0,0,0,1,0,1,1,0,0,0
47,0,34.089927,-118.095645,38041,0,14,0.0,4,55.0,771.95,0.0,0,0.0,3,1,0,0,0,0,0,0,0,0,1,0,0,0,1,1,0,0,0,0,1,1,1,1,1,1,0,0,1,0,0,0
24,0,34.101608,-118.055848,32718,0,5,43.02,42,50.55,244.75,0.0,0,215.1,3,0,1,0,0,0,0,0,0,0,0,0,1,0,1,1,0,0,0,1,0,0,0,0,0,1,0,0,0,0,0,0
29,0,34.141146,-117.655583,23331,0,6,6.98,30,55.15,322.9,0.0,0,41.88,4,0,1,0,0,0,0,0,0,0,0,1,1,0,1,0,0,0,1,1,0,0,0,0,0,0,0,0,0,0,1,0
44,0,34.105493,-117.660934,48827,0,10,45.56,17,51.2,498.25,0.0,0,455.6,4,0,0,0,0,0,0,0,0,0,1,0,1,0,1,1,0,0,0,1,0,0,0,0,0,1,0,0,0,0,0,0
21,1,34.018354,-117.85492,45118,0,1,32.73,0,25.4,25.4,0.0,0,32.73,3,0,1,0,0,1,0,0,0,0,0,1,1,1,0,0,0,1,0,0,0,0,0,0,0,0,0,0,0,0,1,0
24,0,34.066964,-117.937007,44099,0,68,5.3,59,54.45,3687.75,0.0,0,360.4,3,0,1,0,0,0,0,0,0,0,0,0,1,1,1,1,0,0,1,0,0,0,0,0,0,1,0,0,0,0,1,0
64,0,34.024405,-117.898722,31622,0,22,19.72,5,76.0,1783.6,0.0,0,433.84,4,0,0,0,0,0,0,0,0,0,1,0,1,1,1,0,1,0,0,0,0,0,0,0,0,1,1,0,1,1,0,0
35,0,34.090925,-118.128164,54382,0,20,4.15,18,44.35,927.15,0.0,0,83.0,4,0,0,0,0,0,0,0,0,0,1,0,1,0,1,0,0,0,0,0,0,0,0,0,0,1,0,0,1,0,0,0
24,0,32.673483,-116.472863,3133,0,35,38.38,82,61.2,2021.2,0.0,0,1343.3000000000002,3,1,1,0,0,0,0,0,0,0,0,0,1,0,1,1,0,0,1,1,1,0,0,0,0,1,1,0,0,0,1,0
51,0,32.636792,-117.054989,74025,2,23,16.63,22,86.8,1940.8,0.0,90,382.49,4,1,0,0,1,0,1,0,0,0,1,0,1,0,1,0,1,0,0,1,1,1,0,0,0,0,1,0,0,1,0,0
43,0,32.64164,-116.985026,12884,0,12,18.71,0,19.7,220.35,0.0,0,224.52,3,0,0,0,0,0,0,0,0,0,0,0,1,0,0,0,0,1,0,0,0,0,0,0,0,0,0,0,0,1,0,0
44,0,32.688506,-116.938632,2606,0,1,40.46,0,20.25,20.25,0.0,0,40.46,3,1,0,0,0,0,0,0,0,0,0,1,1,0,0,0,0,1,0,0,0,0,0,0,0,0,0,0,0,1,0,0
38,1,32.605012,-116.97595,9278,6,71,9.4,10,76.05,5436.45,0.0,0,667.4,5,0,0,0,1,1,1,0,0,0,0,0,1,0,1,0,1,0,0,0,1,0,0,0,0,1,0,1,0,0,0,0
32,3,32.622999,-116.687855,727,5,40,13.86,75,74.55,3015.75,0.0,0,554.4,5,1,0,0,1,1,1,0,1,0,0,0,1,1,1,1,0,0,0,0,1,0,1,1,1,1,0,0,1,0,0,0
34,0,32.579134,-117.119009,26662,0,23,46.4,23,64.9,1509.8,0.0,130,1067.2,4,1,0,0,0,0,0,0,0,0,0,0,1,0,1,0,0,0,0,0,0,0,1,1,1,0,1,0,1,0,0,0
55,0,32.695681,-116.798386,8759,0,4,31.92,4,90.4,356.65,0.0,0,127.68,3,1,0,0,0,0,0,0,0,0,0,0,1,0,1,0,1,0,0,0,1,1,0,1,1,1,0,0,1,0,0,0
44,0,32.759327,-116.99726,44652,8,68,0.0,15,60.3,4109.0,0.0,0,0.0,4,0,0,0,1,0,1,0,0,0,0,0,0,0,1,1,0,0,0,1,1,1,1,1,1,1,0,1,0,1,0,0
44,2,32.782501,-117.01611,24005,0,38,1.27,13,81.85,3141.7,0.0,0,48.26,5,1,0,0,0,1,0,0,0,0,0,0,1,1,1,0,1,0,0,1,0,0,0,0,0,1,0,0,1,1,0,0
42,3,32.733564,-117.033713,24961,1,52,40.33,0,24.8,1229.1,0.0,0,2097.16,5,1,0,0,1,1,1,0,1,0,0,0,1,1,0,0,0,1,0,0,0,0,0,0,0,0,0,1,0,1,0,0
60,0,32.67102,-117.095235,62355,7,29,32.46,7,75.55,2054.4,0.0,0,941.34,5,1,0,0,1,0,1,0,0,0,0,0,1,0,1,1,0,0,0,0,1,1,1,1,1,1,0,1,0,1,0,0
51,0,32.619465,-116.593605,905,0,48,2.53,6,78.75,3682.45,0.0,40,121.44,3,1,0,0,0,0,0,0,1,0,0,0,1,1,1,0,0,0,1,0,1,0,1,1,1,0,1,0,1,1,0,0
34,0,32.726627,-116.994608,56100,0,1,9.44,0,19.25,19.25,0.0,0,9.44,3,0,0,0,0,0,0,0,0,0,0,1,1,0,0,0,0,1,0,0,0,0,0,0,0,0,0,0,1,0,0,0
40,0,32.730264,-116.950963,7863,0,22,6.0,8,89.05,1886.25,0.0,0,132.0,3,0,0,0,0,0,0,0,0,0,0,0,1,0,1,0,1,0,1,0,0,1,0,1,1,1,0,0,1,0,0,0
25,0,32.587557,-116.636816,91,0,43,24.85,26,115.05,4895.1,10.76,0,1068.55,4,0,1,0,0,0,0,0,1,0,0,0,1,1,1,0,1,0,1,1,1,1,1,1,1,1,0,1,0,1,0,0
23,0,33.015866,-117.272254,10375,6,51,26.73,41,110.05,5686.4,20.28,0,1363.23,3,1,1,0,1,0,1,0,0,0,0,0,1,1,1,0,1,0,1,1,0,1,1,1,1,1,1,0,0,1,0,0
49,0,33.148116,-117.306043,35582,0,71,22.22,0,19.9,1355.1,42.18,0,1577.62,3,1,0,0,0,0,0,0,0,0,0,0,1,0,0,0,0,1,0,0,0,0,0,0,0,0,0,1,1,1,0,0
64,0,32.785165,-116.862648,40995,2,35,23.85,10,91.5,3236.35,40.79,90,834.75,4,1,0,0,1,0,1,0,0,0,0,0,1,1,1,0,1,0,0,0,0,1,1,0,0,0,0,0,1,1,0,0
63,0,32.832706,-116.873258,61872,3,72,0.0,16,60.0,4264.0,25.67,0,0.0,4,0,0,0,1,0,1,0,0,0,0,0,0,0,1,1,0,0,0,1,1,1,1,1,1,1,0,1,1,0,0,0
40,0,33.054579,-117.25665,47126,0,1,27.46,26,44.8,44.8,0.0,0,27.46,4,1,0,0,0,0,0,0,0,0,0,1,1,0,1,1,0,0,0,0,0,0,0,0,0,1,0,0,1,0,0,0
31,0,33.081478,-117.033814,49281,9,9,30.07,30,48.6,422.3,20.45,0,270.63,3,0,0,0,1,0,1,0,0,0,0,1,1,0,1,1,0,0,1,0,0,0,0,0,0,1,1,0,0,1,0,0
62,0,33.21846,-117.116916,43436,0,69,0.0,18,60.05,4176.7,41.21,0,0.0,3,1,0,0,0,0,0,0,0,0,0,0,0,0,1,0,0,0,1,1,0,1,1,1,1,1,0,1,1,0,0,0
30,0,33.141265,-116.967221,48690,0,52,44.34,71,102.7,5138.1,0.0,0,2305.6800000000003,3,0,0,0,1,0,0,0,0,0,0,0,1,1,1,0,1,0,0,1,0,1,1,1,1,1,0,0,1,1,0,0
37,1,32.909873,-116.906774,42277,5,35,9.04,0,19.85,739.35,2.29,0,316.4,3,0,0,0,1,1,1,0,0,0,0,0,1,0,0,0,0,1,0,0,0,0,0,0,0,0,0,1,1,1,0,0
31,0,33.351059,-117.420557,98239,0,8,31.02,0,19.2,161.95,0.0,0,248.16,4,0,0,0,0,0,0,0,0,0,0,1,1,0,0,0,0,1,0,0,0,0,0,0,0,0,1,0,1,1,0,0
31,0,33.194742,-117.29032,52895,0,46,22.13,22,94.9,4422.95,24.08,0,1017.98,4,1,0,0,0,0,0,0,0,0,0,0,1,1,1,0,1,0,0,1,1,0,1,0,0,1,1,0,1,1,0,0
63,0,32.984395,-117.013454,47969,0,68,21.82,2,88.15,6148.45,36.29,0,1483.76,3,0,0,0,0,0,0,0,0,0,0,0,1,1,1,1,0,0,1,1,1,1,1,1,1,1,0,1,1,0,0,0
20,0,33.044541,-116.833922,33104,0,36,19.64,71,94.8,3565.65,30.26,0,707.04,4,0,1,0,0,0,0,0,0,0,0,0,1,0,1,0,1,0,0,1,0,0,1,1,1,1,0,0,1,1,0,0
59,0,33.162624,-117.170863,52664,3,71,30.68,18,85.75,6223.8,4.6,0,2178.28,3,0,0,0,1,0,1,0,0,0,0,0,1,1,1,0,0,0,1,1,1,1,1,1,1,1,0,1,0,1,0,0
22,1,33.174725,-116.743329,1143,6,66,23.2,59,67.45,4508.65,41.67,0,1531.2,3,0,1,0,1,1,1,0,0,0,0,0,1,1,1,1,0,0,1,1,1,0,0,0,0,1,0,0,1,0,0,0
50,0,32.847336,-116.997605,53510,0,63,35.35,0,20.5,1328.15,15.62,0,2227.05,5,1,0,0,0,0,0,0,0,0,0,0,1,0,0,0,0,1,0,0,0,0,0,0,0,0,1,0,0,1,0,0
39,0,33.001813,-117.263628,12173,0,41,6.61,0,20.25,865.0,46.78,0,271.01,4,0,0,0,0,0,0,0,0,0,0,0,1,0,0,0,0,1,0,0,0,0,0,0,0,0,1,0,1,1,0,0
26,0,33.17494,-117.242761,62036,9,70,23.52,0,19.45,1303.5,14.49,0,1646.4,4,0,1,0,1,0,1,0,0,0,0,0,1,0,0,0,0,1,0,0,0,0,0,0,0,0,0,1,0,0,0,0
47,0,33.22784,-117.200024,44692,0,23,0.0,14,44.95,996.85,25.84,40,0.0,3,0,0,0,0,0,0,0,0,0,0,0,0,0,1,1,0,0,0,0,0,0,1,1,1,0,0,0,1,0,0,0
57,0,32.99356,-117.207121,1072,6,37,4.5,9,62.8,2278.75,16.97,0,166.5,3,1,0,0,1,0,1,0,0,0,0,0,1,1,1,1,0,0,1,0,1,1,0,0,0,1,0,1,1,1,0,0
27,0,32.72523,-117.171346,27505,0,17,13.02,73,44.6,681.4,0.0,0,221.34,4,1,1,0,0,0,0,0,0,0,0,0,1,0,1,0,0,0,0,0,0,0,0,0,0,1,1,0,0,1,0,0
29,0,32.741852,-117.243453,27959,5,64,40.18,30,105.25,6823.4,23.67,0,2571.52,4,1,1,0,1,0,1,0,0,0,0,0,1,1,1,0,1,0,0,1,0,1,1,1,1,1,0,1,1,0,0,0
62,0,32.787836,-117.232376,46086,1,42,13.23,23,97.1,4016.75,46.56,150,555.66,3,1,0,0,1,0,1,0,0,0,0,0,1,1,1,0,1,0,1,0,0,0,1,1,1,0,1,0,0,0,0,0
59,1,32.76501,-117.19938,24169,0,5,12.22,0,20.2,83.75,0.0,0,61.1,5,1,0,0,0,1,0,0,0,0,0,1,1,0,0,0,0,1,0,0,0,0,0,0,0,0,0,0,0,1,0,0
64,0,32.805518,-117.169052,46828,0,41,10.26,2,98.8,3959.15,27.09,0,420.66,4,0,0,0,0,0,0,0,0,0,0,0,1,0,1,0,1,0,0,1,0,1,1,1,1,1,0,1,1,0,0,0
61,0,32.697098,-117.116587,47431,10,58,18.37,18,50.3,2878.55,10.23,0,1065.46,5,1,0,0,1,0,1,0,0,0,0,0,1,0,1,1,0,0,0,0,1,0,0,0,0,1,1,0,0,1,0,0
34,0,32.707892,-117.05512,66838,0,47,44.69,0,20.55,945.7,0.0,0,2100.43,4,0,0,0,0,0,0,0,0,0,0,0,1,0,0,0,0,1,0,0,0,0,0,0,0,0,0,1,1,1,0,0
51,0,32.762506,-117.07245,56887,0,18,26.84,20,75.9,1373.05,15.57,0,483.12,4,1,0,0,0,0,0,0,0,0,0,0,1,0,1,0,1,0,0,0,0,1,0,0,0,1,0,0,1,0,0,0
25,0,32.825086,-117.199424,51213,5,23,3.67,69,59.95,1406.0,26.55,140,84.41,4,1,1,0,1,0,1,0,0,0,0,0,1,0,1,1,0,0,1,0,0,0,0,1,1,0,0,0,1,0,0,0
35,0,32.68674,-117.186612,24093,0,1,22.37,0,19.15,19.15,0.0,0,22.37,5,0,0,0,0,0,0,0,0,0,0,0,1,0,0,0,0,1,0,0,0,0,0,0,0,0,0,0,0,1,0,0
60,0,32.802959,-117.027095,21866,8,71,34.72,10,98.65,6962.85,0.0,0,2465.12,5,1,0,0,1,0,1,0,0,0,0,0,1,1,1,0,1,0,0,0,1,0,1,1,1,1,1,0,1,1,0,0
47,1,32.807867,-117.060993,25569,2,72,17.3,14,112.6,8126.65,0.0,0,1245.6,3,1,0,0,1,1,1,0,0,0,0,0,1,1,1,0,1,0,1,1,1,1,1,1,1,1,0,1,1,1,0,0
63,0,32.898613,-117.202937,4258,2,33,34.22,0,20.6,690.25,0.0,0,1129.26,5,1,0,0,1,0,1,0,0,0,0,0,1,0,0,0,0,1,0,0,0,0,0,0,0,0,1,0,0,1,0,0
44,0,32.808814,-117.134694,25232,0,24,0.0,20,35.75,830.8,0.0,0,0.0,3,1,0,0,0,0,0,0,0,0,0,0,0,0,1,0,0,0,1,0,0,1,0,0,0,1,0,1,0,1,0,0
45,0,32.827238,-117.089287,30206,9,56,20.53,19,99.75,5608.4,0.0,0,1149.68,4,0,0,0,1,0,1,0,0,0,0,0,1,1,1,0,1,0,0,1,1,1,0,1,1,1,1,0,1,1,0,0
28,0,32.886925,-117.152162,74232,0,37,21.84,41,96.1,3646.8,0.0,0,808.08,4,1,1,0,0,0,0,0,0,0,0,0,1,0,1,0,1,0,0,1,0,0,1,1,1,1,0,0,1,1,0,0
29,0,33.017518,-117.118456,20046,0,43,2.49,53,85.1,3662.25,0.0,30,107.07,3,0,1,0,0,0,0,0,0,0,0,0,1,1,1,1,0,0,0,1,1,1,1,1,1,0,1,0,0,1,0,0
31,0,33.000269,-117.072093,42733,0,1,0.0,13,25.35,25.35,0.0,0,0.0,4,1,0,0,0,0,0,0,0,0,0,0,0,0,1,1,0,0,0,0,0,0,0,0,0,1,0,0,0,1,0,0
52,0,32.957195,-117.202542,28201,0,61,23.45,8,89.65,5308.7,0.0,0,1430.45,3,0,0,0,0,0,0,0,0,0,0,0,1,1,1,1,0,0,1,1,1,1,1,1,1,1,0,1,0,0,0,0
41,0,32.89325,-117.087091,29283,0,17,49.71,4,86.75,1410.25,0.0,0,845.07,5,1,0,0,0,0,0,0,0,0,0,0,1,1,1,0,1,0,0,0,1,1,0,0,0,1,1,0,0,0,0,0
53,0,32.677716,-117.047666,36351,3,41,13.23,16,86.2,3339.05,0.0,0,542.4300000000001,3,0,0,0,1,0,1,0,0,0,0,0,1,0,1,0,1,0,0,1,1,1,0,0,0,1,1,0,1,0,0,0
59,0,33.752938,-116.230055,2743,0,48,9.91,4,108.1,5067.45,0.0,0,475.68,4,1,0,0,0,0,0,0,0,0,0,0,1,1,1,0,1,0,0,1,1,0,1,1,1,1,0,1,1,0,0,0
51,0,33.936298,-116.849577,25859,0,42,0.0,13,54.75,2348.45,0.0,80,0.0,3,0,0,0,0,0,0,0,0,0,0,0,0,0,1,1,0,0,1,1,1,1,0,1,1,0,1,0,1,0,0,0
50,0,33.946982,-116.977672,17721,0,44,44.92,16,90.4,4063.0,0.0,0,1976.48,4,1,0,0,0,0,0,0,0,0,0,0,1,1,1,0,1,0,0,0,1,0,0,1,1,1,0,0,1,1,0,0
62,2,33.674583,-114.71612,24659,0,1,15.66,29,44.0,44.0,0.0,0,15.66,5,1,0,0,0,1,0,0,0,0,0,0,1,0,1,1,0,0,0,0,0,0,0,0,0,1,0,0,0,0,0,0
49,0,33.03933,-115.191857,23394,0,27,35.17,24,95.6,2595.25,0.0,0,949.59,4,0,0,0,0,0,0,0,0,0,0,0,1,1,1,0,1,0,0,0,0,0,1,1,1,1,0,0,1,0,0,0
47,0,33.143826,-115.497485,7857,0,19,32.03,0,19.9,367.55,0.0,0,608.57,5,0,0,0,0,0,0,0,0,0,0,0,1,0,0,0,0,1,0,0,0,0,0,0,0,0,0,0,0,1,0,0
61,0,33.680031,-116.171678,23170,0,66,13.28,24,90.05,5965.95,0.0,0,876.4799999999999,4,0,0,0,0,0,0,0,0,0,0,0,1,1,1,1,0,0,1,1,1,1,1,1,1,1,0,1,1,1,0,0
44,0,34.137742,-114.36514,1564,10,23,17.82,0,20.05,415.1,0.0,0,409.86,4,0,0,0,1,0,1,0,0,0,0,0,1,0,0,0,0,1,0,0,0,0,0,0,0,0,1,0,0,1,0,0
46,0,32.770393,-115.60915,43712,0,32,43.8,0,19.75,624.15,0.0,0,1401.6,4,0,0,0,0,0,0,0,0,0,0,0,1,0,0,0,0,1,0,0,0,0,0,0,0,0,1,0,0,0,0,0
52,0,32.730583,-115.501083,3535,0,11,26.85,0,20.05,237.7,0.0,0,295.35,4,0,0,0,0,0,0,0,0,0,0,0,1,0,0,0,0,1,0,0,0,0,0,0,0,0,1,0,0,1,0,0
49,0,32.858595,-115.662709,14546,9,68,44.79,14,55.9,3848.8,0.0,20,3045.72,3,0,0,0,1,0,1,0,0,0,0,0,1,0,1,0,0,0,1,0,0,1,0,0,0,0,1,0,0,0,0,0
62,0,34.167236,-116.281511,8141,0,20,27.11,0,19.7,419.4,0.0,0,542.2,5,1,0,0,0,0,0,0,0,0,0,0,1,0,0,0,0,1,0,0,0,0,0,0,0,0,0,1,1,1,0,0
39,0,33.695532,-116.310571,23971,0,72,30.44,0,19.8,1468.75,0.0,0,2191.6800000000003,3,1,0,0,0,0,0,1,0,0,0,0,1,0,0,0,0,1,0,0,0,0,0,0,0,0,0,1,1,1,0,0
59,0,33.543835,-115.993906,8768,5,60,5.43,29,95.4,5812.0,0.0,0,325.79999999999995,4,1,0,0,1,0,1,0,1,0,0,0,1,1,1,0,1,0,1,0,1,0,1,0,0,1,1,0,1,0,0,0
55,0,33.694501,-116.412711,29340,9,46,35.46,0,24.45,1066.15,0.0,0,1631.16,4,0,0,0,1,0,1,0,1,0,0,0,1,1,0,0,0,1,0,0,0,0,0,0,0,0,1,0,1,0,0,0
62,0,33.839989,-116.659215,24924,3,29,5.39,17,74.95,2149.05,0.0,0,156.31,5,0,0,0,1,0,1,0,0,0,0,0,1,1,1,0,1,0,0,0,0,0,0,0,0,1,0,0,1,0,0,0
21,0,33.745746,-116.514215,18884,0,51,1.51,52,87.35,4473.0,0.0,0,77.01,5,1,1,0,0,0,0,0,1,0,0,0,1,1,1,0,1,0,0,1,1,1,0,0,0,0,0,0,1,0,0,0
58,1,34.273872,-114.192901,131,6,16,40.03,20,73.25,1195.75,0.0,0,640.48,3,0,0,0,1,1,1,0,0,0,1,0,1,0,1,0,1,0,0,1,0,0,0,0,0,1,0,0,0,0,0,0
23,0,34.201108,-116.593456,354,5,70,45.24,42,98.7,6858.9,0.0,0,3166.8,3,1,1,0,1,0,1,1,0,0,0,0,1,1,1,0,1,0,0,1,1,1,0,1,1,1,0,1,1,0,0,0
27,2,33.763678,-116.429928,12465,2,40,33.44,0,24.8,1024.7,0.0,0,1337.6,5,0,1,0,1,1,1,0,1,0,0,0,1,1,0,0,0,1,0,0,0,0,0,0,0,0,0,1,1,1,0,0
41,3,33.28156,-115.955541,799,6,5,6.7,0,24.3,132.25,0.0,0,33.5,5,0,0,0,1,1,1,0,0,0,0,0,1,1,0,0,0,1,0,0,0,0,0,0,0,0,0,0,1,1,0,0
61,0,33.849263,-116.382778,6242,0,7,27.46,4,69.85,515.45,0.0,0,192.22,3,0,0,0,0,0,0,0,0,0,0,0,1,0,1,0,1,0,0,0,0,0,0,0,0,1,0,0,1,0,0,0
46,0,33.141265,-116.967221,48690,0,29,49.92,23,100.55,2830.45,0.0,100,1447.68,5,1,0,0,0,0,0,0,0,0,0,0,1,1,1,0,1,0,0,1,1,1,0,1,1,0,1,0,0,1,0,0
54,0,34.457829,-116.139589,14104,10,44,15.33,0,25.7,1110.5,0.0,0,674.52,3,1,0,0,1,0,1,0,1,0,0,0,1,1,0,0,0,1,0,0,0,0,0,0,0,0,1,0,0,1,0,0
31,0,33.141265,-116.967221,48690,0,10,0.0,24,40.7,449.3,0.0,0,0.0,5,0,0,0,0,0,0,0,0,0,1,0,0,0,1,1,0,0,1,1,1,0,0,0,0,1,0,0,0,0,0,0
20,2,32.852947,-114.850784,3663,0,10,6.5,76,85.95,858.6,0.0,0,65.0,3,0,1,0,1,1,0,0,0,0,1,0,1,1,1,0,1,0,0,0,0,0,0,1,1,1,0,0,0,0,0,0
27,0,34.159534,-116.425984,20486,0,18,15.18,42,75.6,1395.05,0.0,0,273.24,5,1,1,0,0,0,0,0,0,0,1,0,1,1,1,0,1,0,0,0,0,0,0,0,0,1,0,0,1,0,0,0
49,0,34.341737,-116.539416,2182,4,68,41.46,30,58.25,3975.7,0.0,140,2819.28,3,0,0,0,1,0,1,1,0,0,0,0,1,1,1,1,0,0,1,0,0,1,0,0,0,0,1,0,0,0,0,0
56,0,34.559882,-115.637164,42,5,72,0.0,30,65.2,4784.45,0.0,0,0.0,3,0,0,0,1,0,1,1,0,0,0,0,0,0,1,1,0,0,1,1,1,1,1,1,1,1,0,1,1,1,0,0
30,0,34.1678,-116.86433,301,0,2,12.59,76,53.45,119.5,0.0,0,25.18,4,1,0,0,0,0,0,0,0,0,0,0,1,0,1,0,0,0,1,0,1,0,0,0,0,1,0,0,0,0,0,0
21,0,34.424926,-117.184503,28819,1,41,35.46,0,19.75,899.45,0.0,0,1453.86,4,1,1,0,1,0,1,0,1,0,0,0,1,0,0,0,0,1,0,0,0,0,0,0,0,0,0,1,1,0,0,0
46,0,35.28952,-116.092214,904,0,26,0.0,29,44.45,1183.8,0.0,0,0.0,4,0,0,0,0,0,0,0,0,0,0,0,0,0,1,0,0,0,0,0,1,1,1,0,0,1,0,0,1,1,0,0
26,0,35.349241,-116.770281,9465,1,36,12.61,0,20.85,720.05,0.0,0,453.96,4,1,1,0,1,0,1,0,0,0,0,0,1,0,0,0,0,1,0,0,0,0,0,0,0,0,1,0,0,0,0,0
52,0,34.965648,-117.001509,31293,5,72,30.75,3,114.05,8468.2,0.0,0,2214.0,3,1,0,0,1,0,1,1,0,0,0,0,1,1,1,0,1,0,1,1,1,1,1,1,1,1,0,1,1,1,0,0
30,0,34.029175,-117.307211,11024,0,35,24.83,51,89.85,3161.2,0.0,20,869.05,3,1,0,0,1,0,0,0,0,0,0,0,1,1,1,0,1,0,0,0,0,1,0,1,1,0,0,0,1,0,0,0
59,0,34.278967,-116.773825,9899,0,1,14.65,15,55.05,55.05,0.0,0,14.65,4,1,0,0,0,0,0,0,0,0,0,0,1,0,1,0,0,0,0,0,1,1,0,0,0,1,0,0,0,1,0,0
49,1,34.242058,-116.89802,5447,8,16,46.45,12,112.95,1882.55,0.0,0,743.2,3,0,0,0,1,1,1,0,0,0,1,0,1,1,1,0,1,0,1,0,1,1,1,1,1,1,0,0,1,0,0,0
63,0,33.982787,-117.057627,7334,7,54,11.4,26,114.65,6049.5,0.0,0,615.6,4,0,0,0,1,0,1,0,1,0,0,0,1,1,1,0,1,0,1,1,1,1,1,1,1,1,1,0,1,1,0,0
45,3,34.255203,-117.175654,455,0,18,42.45,28,64.8,1166.7,0.0,0,764.1,4,0,0,0,0,1,0,0,0,0,1,0,1,1,1,1,0,0,1,0,0,0,0,1,1,1,0,0,0,0,0,0
59,0,34.030915,-117.273201,52202,8,36,49.33,23,80.4,2937.65,0.0,0,1775.88,3,0,0,0,1,0,1,0,0,0,0,0,1,0,1,0,1,0,0,0,0,0,0,1,1,1,0,0,0,0,0,0
30,0,36.27688,-117.033326,443,10,52,5.32,0,25.05,1270.25,0.0,0,276.64,4,0,0,0,1,0,1,0,1,0,0,0,1,1,0,0,0,1,0,0,0,0,0,0,0,0,0,1,1,0,0,0
26,3,34.9436,-115.287901,115,4,8,22.14,82,94.75,759.55,0.0,0,177.12,5,1,1,0,1,1,1,0,0,0,0,0,1,0,1,0,1,0,0,0,1,0,1,1,1,1,0,0,1,0,0,0
47,0,34.274846,-116.937581,414,8,72,27.25,19,105.5,7611.55,0.0,0,1962.0,3,1,0,0,1,0,1,1,0,0,0,0,1,0,1,0,1,0,1,1,0,1,1,1,1,1,0,1,0,0,0,0
53,0,34.087558,-117.464096,82630,0,64,4.03,0,24.7,1642.75,0.0,0,257.92,5,0,0,0,0,0,0,0,1,0,0,0,1,1,0,0,0,1,0,0,0,0,0,0,0,0,1,0,0,0,1,0
34,0,34.049671,-117.468896,29847,10,60,0.0,2,60.2,3582.4,0.0,0,0.0,5,1,0,0,1,0,1,0,1,0,0,0,0,0,1,1,0,0,0,1,1,1,1,1,1,1,0,0,1,0,0,0
20,0,34.067699,-116.903891,958,10,61,20.09,0,24.4,1417.9,0.0,0,1225.49,5,0,1,0,1,0,1,0,1,0,0,0,1,1,0,0,0,1,0,0,0,0,0,0,0,0,0,1,0,0,1,0
48,0,34.244411,-117.072654,317,0,24,38.79,4,104.15,2494.65,0.0,40,930.96,5,0,0,0,0,0,0,0,0,0,0,0,1,1,1,0,1,0,0,1,1,0,1,1,1,0,0,0,1,0,0,0
35,0,34.757783,-117.33997,4948,1,28,27.34,16,92.9,2768.35,0.0,0,765.52,3,1,0,0,1,0,1,0,0,0,0,0,1,0,1,0,1,0,0,1,1,1,1,0,0,1,1,0,0,0,0,0
24,0,34.361387,-117.337509,68515,4,30,15.94,53,80.8,2369.3,0.0,0,478.2,5,0,1,0,1,0,1,0,0,1,0,0,1,0,1,1,0,0,0,1,1,1,1,1,1,1,0,1,0,0,0,0
45,0,34.129677,-117.154277,48245,10,2,34.38,0,20.0,38.0,0.0,0,68.76,4,1,0,0,1,0,1,0,0,0,0,0,1,0,0,0,0,1,0,0,0,0,0,0,0,0,0,0,0,0,1,0
61,0,34.983808,-117.239306,1933,0,1,4.53,28,75.1,75.1,0.0,0,4.53,3,1,0,0,0,0,0,0,0,0,0,0,1,1,1,0,1,0,0,0,0,0,0,0,0,1,0,0,1,0,0,0
52,2,34.2565,-117.19335,9793,0,6,15.5,0,19.65,100.9,0.0,0,93.0,5,1,0,0,0,1,0,0,0,0,0,0,1,0,0,0,0,1,0,0,0,0,0,0,0,0,0,0,0,0,1,0
23,0,34.049315,-117.255974,18068,8,24,44.06,59,69.45,1614.05,0.0,0,1057.44,5,0,1,0,1,0,1,0,0,1,0,0,1,0,1,1,0,0,0,1,0,0,1,1,1,1,0,0,1,0,0,0
25,0,34.711224,-114.702256,5488,0,70,0.0,59,40.05,2799.75,0.0,0,0.0,5,1,1,0,0,0,0,1,0,0,0,0,0,0,1,1,0,0,0,0,0,1,0,1,1,1,0,1,1,0,1,0
32,0,33.507255,-117.029473,46171,2,72,11.57,18,89.7,6588.95,0.0,0,833.04,3,1,0,0,1,0,1,1,0,0,0,0,1,1,1,0,1,0,0,1,0,0,1,0,0,1,1,0,1,0,0,0
42,0,34.647959,-117.296957,909,0,44,13.45,0,19.9,868.1,0.0,0,591.8,5,0,0,0,0,0,0,0,1,0,0,0,1,0,0,0,0,1,0,0,0,0,0,0,0,0,0,1,0,0,1,0
24,0,34.064073,-117.166158,36675,2,9,14.91,82,70.05,564.4,0.0,0,134.19,3,1,1,0,1,0,1,0,0,0,0,0,1,0,1,0,0,0,0,0,1,0,1,1,1,1,0,0,1,0,1,0
56,0,34.109775,-117.378904,75882,7,24,1.02,3,53.6,1315.35,0.0,120,24.48,3,1,0,0,1,0,1,0,0,1,0,0,1,0,1,0,0,0,1,0,0,1,0,0,0,0,0,0,0,0,1,0
47,3,34.243088,-116.830015,1834,8,7,16.22,53,75.7,554.05,0.0,0,113.54,3,0,0,0,1,1,1,0,0,0,0,0,1,0,1,1,0,0,1,1,1,1,1,0,0,1,0,0,1,0,0,0
48,2,34.567058,-117.362329,12083,2,11,40.76,0,19.65,225.75,0.0,0,448.36,3,1,0,0,1,1,1,0,0,0,1,0,1,0,0,0,0,1,0,0,0,0,0,0,0,0,0,1,0,1,0,0
50,0,34.04597,-117.011825,41575,2,72,38.44,16,108.5,8003.8,0.0,0,2767.68,4,0,0,0,1,0,1,1,0,0,0,0,1,1,1,0,1,0,0,1,1,1,1,1,1,1,1,0,1,0,0,0
62,2,34.183286,-117.221722,53636,4,72,44.0,20,84.5,6130.85,0.0,0,3168.0,5,1,0,0,1,1,1,1,0,0,0,0,1,1,1,0,1,0,0,0,0,0,0,1,1,1,0,1,1,1,0,0
64,0,34.142747,-117.300864,24644,0,15,32.07,28,100.15,1415.0,0.0,0,481.05,3,0,0,0,0,0,0,0,0,0,1,0,1,1,1,0,1,0,0,1,0,0,1,1,1,0,0,0,1,0,0,0
26,0,34.250069,-117.393949,49355,0,72,44.46,48,88.6,6201.95,0.0,0,3201.12,3,1,1,0,0,0,0,1,0,0,0,0,1,1,1,1,0,0,0,1,1,1,1,1,1,1,0,1,1,0,0,0
43,0,34.084909,-117.258107,12149,2,10,0.0,20,52.55,525.5,0.0,0,0.0,3,0,0,0,1,0,1,0,0,0,0,0,0,0,1,0,0,0,1,0,1,1,1,0,0,1,0,1,1,0,0,0
42,3,34.122501,-117.320138,23146,4,63,40.73,76,104.8,6597.25,0.0,0,2565.99,5,1,0,0,1,1,1,0,1,0,0,0,1,1,1,0,1,0,0,1,1,0,1,1,1,1,0,1,1,0,0,0
63,0,33.994676,-117.372498,18999,0,2,27.02,26,59.0,114.15,0.0,0,54.04,5,0,0,0,0,0,0,0,0,0,0,0,1,0,1,0,0,0,0,1,0,0,1,0,0,1,0,0,1,0,0,0
31,0,33.920907,-117.489426,38446,0,1,17.81,0,20.4,20.4,0.0,0,17.81,5,1,0,0,0,0,0,0,0,0,0,0,1,0,0,0,0,1,0,0,0,0,0,0,0,0,0,0,0,0,1,0
32,0,33.976328,-117.319786,48649,7,28,28.86,24,60.9,1785.65,0.0,0,808.0799999999999,3,1,0,0,1,0,1,0,0,1,0,0,1,0,1,0,0,0,1,1,0,1,0,0,0,1,0,0,0,0,1,0
41,0,33.885499,-117.324959,17147,7,70,11.71,0,19.8,1397.65,0.0,0,819.7,4,0,0,0,1,0,1,1,0,0,0,0,1,0,0,0,0,1,0,0,0,0,0,0,0,0,0,1,0,0,0,0
64,0,33.655421,-117.391751,38519,0,34,22.41,13,116.25,3899.05,0.0,0,761.94,3,1,0,0,0,0,0,0,0,1,0,0,1,1,1,0,1,0,1,1,1,1,1,1,1,1,1,0,0,1,0,0
50,0,33.482243,-116.827173,2433,1,70,29.72,12,65.2,4543.15,0.0,0,2080.4,3,0,0,0,1,0,1,1,0,0,0,0,1,1,1,1,0,0,1,0,0,0,0,1,1,1,1,0,0,0,0,0
54,2,33.527605,-116.666551,3745,1,52,31.96,26,84.05,4326.8,0.0,0,1661.92,3,0,0,0,1,1,1,0,1,0,0,0,1,0,1,0,1,0,1,0,1,1,0,0,0,1,0,0,1,0,0,0
23,0,33.739415,-116.968339,29687,0,69,26.45,46,79.45,5502.55,0.0,80,1825.05,4,1,1,0,0,0,0,1,0,0,0,0,1,1,1,1,0,0,1,1,1,1,1,0,0,0,0,1,1,1,0,0
63,2,33.734933,-117.044145,25694,0,11,47.12,23,78.0,851.8,0.0,0,518.3199999999999,5,1,0,0,0,1,0,0,0,0,1,0,1,1,1,0,1,0,0,0,1,0,0,0,0,1,0,0,1,0,1,0
47,0,33.88274,-117.224878,22983,0,1,16.47,0,19.85,19.85,0.0,0,16.47,5,0,0,0,0,0,0,0,0,0,0,0,1,0,0,0,0,1,0,0,0,0,0,0,0,0,0,0,0,1,0,0
21,0,33.907361,-117.109972,12743,0,61,36.05,73,106.45,6300.15,0.0,0,2199.05,3,1,1,0,0,0,0,0,1,0,0,0,1,1,1,0,1,0,1,0,1,0,1,1,1,1,0,0,1,0,0,0
42,0,33.638645,-116.55783,1500,0,56,2.5,3,105.45,5916.95,0.0,0,140.0,3,0,0,0,0,0,0,0,1,0,0,0,1,1,1,0,1,0,0,1,0,1,1,1,1,1,0,0,1,0,0,0
36,0,33.548869,-117.334165,36149,0,30,2.87,29,95.0,2852.4,0.0,0,86.10000000000001,3,1,0,0,0,0,0,0,0,1,0,0,1,1,1,0,1,0,1,1,1,1,0,0,0,1,0,0,1,1,0,0
19,0,33.82769,-117.102244,7344,0,28,28.42,48,54.3,1546.3,0.0,150,795.76,3,0,1,0,0,0,0,0,0,1,0,0,1,0,1,1,0,0,1,0,0,1,0,0,0,0,1,0,0,1,0,0
34,0,33.806708,-117.02007,4456,0,12,38.96,0,20.05,265.45,0.0,0,467.52,4,1,0,0,0,0,0,0,0,0,1,0,1,0,0,0,0,1,0,0,0,0,0,0,0,0,0,0,0,1,0,0
37,2,33.796568,-116.924723,21349,0,67,38.98,16,105.4,6989.45,0.0,0,2611.66,5,1,0,0,1,1,0,1,0,0,0,0,1,1,1,0,1,0,0,1,1,0,1,1,1,1,1,0,1,0,0,0
29,2,33.739412,-117.173334,8692,1,55,41.89,52,85.5,4713.4,0.0,0,2303.95,4,1,1,0,1,1,1,0,1,0,0,0,1,1,1,0,1,0,0,0,0,0,0,1,1,1,0,0,0,0,0,0
43,0,33.475493,-117.219551,3070,0,52,31.31,12,91.25,4738.3,0.0,0,1628.12,3,1,0,0,0,0,0,0,1,0,0,0,1,0,1,0,1,0,1,0,1,0,1,0,0,1,1,0,0,0,0,0
30,3,33.507255,-117.029473,46171,1,58,43.75,69,94.7,5430.35,0.0,0,2537.5,4,1,0,0,1,1,1,0,1,0,0,0,1,1,1,0,1,0,0,1,0,1,1,0,0,1,1,0,1,1,0,0
52,3,33.617108,-117.253349,19368,1,35,20.85,0,19.6,686.95,0.0,0,729.75,4,1,0,0,1,1,1,0,0,1,0,0,1,0,0,0,0,1,0,0,0,0,0,0,0,0,0,1,0,1,0,0
51,3,33.720359,-117.733655,2762,9,24,20.6,0,21.1,490.65,0.0,0,494.4,5,0,0,0,1,1,1,0,0,1,0,0,1,0,0,0,0,1,0,0,0,0,0,0,0,0,0,1,1,1,0,0
47,2,33.688546,-117.788091,27369,5,70,48.57,0,20.05,1360.25,0.0,0,3399.9,3,1,0,0,1,1,1,1,0,0,0,0,1,0,0,0,0,1,0,0,0,0,0,0,0,0,0,1,0,1,0,0
25,0,33.703976,-117.824172,17621,0,2,37.7,73,79.95,174.45,0.0,0,75.4,5,1,1,0,0,0,0,0,0,0,0,0,1,0,1,0,1,0,0,0,0,0,1,0,0,1,0,0,1,0,0,0
60,0,33.680302,-117.833296,22499,0,12,33.36,22,89.55,1021.75,0.0,0,400.32,4,1,0,0,0,0,0,0,0,0,1,0,1,1,1,0,1,0,0,0,1,0,1,0,0,1,0,0,1,0,0,0
54,0,33.667145,-117.732135,6301,1,63,21.15,24,81.55,5029.05,0.0,0,1332.4499999999998,4,0,0,0,1,0,1,0,1,0,0,0,1,1,1,0,1,0,0,1,0,0,0,0,0,1,0,0,1,0,0,0
24,0,33.716136,-117.752574,26419,8,33,8.79,27,58.45,1955.4,0.0,0,290.07,4,0,1,0,1,0,1,0,0,1,0,0,1,0,1,0,0,0,1,1,1,0,0,0,0,1,1,0,1,1,0,0
32,0,33.458754,-117.665104,7465,4,69,46.87,11,95.65,6744.2,0.0,0,3234.03,3,0,0,0,1,0,1,0,0,0,0,0,1,0,1,0,1,0,0,1,0,0,1,1,1,1,1,0,1,1,0,0
26,0,33.600987,-117.862734,13422,5,60,14.0,42,80.6,4946.7,0.0,0,840.0,5,0,1,0,1,0,1,0,0,0,0,0,1,0,1,0,0,0,0,1,1,1,1,1,1,1,0,1,1,0,0,0
43,5,33.678591,-117.905471,48207,10,72,26.32,53,113.1,8248.5,0.0,0,1895.04,3,0,0,0,1,1,1,0,0,0,0,0,1,1,1,0,1,0,1,1,1,1,1,1,1,1,0,1,1,0,0,0
52,0,33.645672,-117.922613,62069,0,11,24.57,10,58.95,601.6,0.0,70,270.27,4,0,0,0,0,0,0,0,0,0,1,0,1,1,1,0,0,0,0,0,0,0,0,1,1,0,0,0,1,1,0,0
57,0,33.477923,-117.705314,27730,0,1,40.63,0,19.55,19.55,0.0,0,40.63,4,0,0,0,0,0,0,0,0,0,0,0,1,0,0,0,0,1,0,0,0,0,0,0,0,0,0,0,0,1,0,0
59,1,33.723579,-118.005441,58764,1,34,3.54,12,78.95,2647.2,0.0,0,120.36,3,1,0,0,1,1,1,0,0,1,0,0,1,0,1,0,1,0,0,0,0,0,0,1,1,1,1,0,1,0,0,0
22,0,33.721917,-118.043237,32304,0,65,26.83,59,105.05,6744.25,0.0,0,1743.9499999999998,5,0,1,0,0,0,0,0,0,0,0,0,1,1,1,0,1,0,0,1,0,1,1,1,1,1,1,0,1,0,0,0
35,0,33.606899,-117.717854,48273,0,15,3.49,0,19.75,311.6,0.0,0,52.35,5,1,0,0,0,0,0,0,0,0,0,0,1,0,0,0,0,1,0,0,0,0,0,0,0,0,0,0,0,1,0,0
44,4,33.744439,-117.98588,8660,10,72,33.01,51,110.3,7966.9,0.0,0,2376.72,3,1,0,0,1,1,1,0,0,0,0,0,1,1,1,0,1,0,1,1,1,0,1,1,1,1,0,1,1,0,0,0
26,3,33.571259,-117.731917,41237,9,72,34.69,59,115.6,8220.4,0.0,140,2497.68,3,0,1,0,1,1,1,0,0,0,0,0,1,1,1,0,1,0,1,1,1,1,1,1,1,0,0,1,1,0,0,0
46,2,33.603282,-117.821841,5597,2,55,24.7,0,19.35,1153.25,0.0,0,1358.5,3,1,0,0,1,1,1,0,0,0,0,0,1,0,0,0,0,1,0,0,0,0,0,0,0,0,0,1,0,0,0,0
27,2,33.634626,-117.874882,28687,1,23,25.54,0,25.6,514.75,0.0,0,587.42,5,0,1,0,1,1,1,0,0,0,0,0,1,1,0,0,0,1,0,0,0,0,0,0,0,0,0,1,1,1,0,0
58,0,33.606336,-117.893042,3124,2,56,42.86,8,68.75,3808.0,0.0,0,2400.16,3,0,0,0,1,0,1,0,0,0,0,0,1,1,1,1,0,0,1,0,1,0,0,1,1,1,1,0,1,0,0,0
22,0,33.62251,-117.927024,22133,0,1,11.83,0,19.9,19.9,0.0,0,11.83,5,0,1,0,0,0,0,0,0,0,0,0,1,0,0,0,0,1,0,0,0,0,0,0,0,0,0,0,0,0,0,0
55,0,33.429488,-117.609432,34946,0,38,42.24,22,70.6,2708.2,0.0,0,1605.12,3,1,0,0,0,0,0,0,0,1,0,0,1,0,1,1,0,0,1,1,0,1,1,0,0,1,1,0,0,1,0,0
51,0,33.4725,-117.584273,15297,0,11,1.01,8,70.2,760.05,0.0,0,11.11,5,1,0,0,0,0,0,0,0,0,0,0,1,0,1,0,1,0,0,0,0,0,0,0,0,1,0,0,0,0,0,0
54,0,33.521447,-117.602555,34321,0,1,14.97,5,49.3,49.3,0.0,10,14.97,3,1,0,0,0,0,0,0,0,0,0,0,1,0,1,1,0,0,0,0,0,1,0,0,0,0,0,0,1,0,0,0
53,0,33.782346,-117.635263,1859,1,56,14.43,25,107.25,6033.3,0.0,0,808.0799999999999,3,1,0,0,1,0,1,0,0,0,0,0,1,1,1,0,1,0,0,1,0,1,1,1,1,1,1,0,1,0,0,0
19,0,33.529047,-117.701175,62103,9,3,14.1,0,23.6,89.05,0.0,0,42.3,5,1,1,0,1,0,1,0,0,0,0,1,1,1,0,0,0,1,0,0,0,0,0,0,0,0,0,0,1,1,0,0
63,3,33.631119,-117.567346,32268,6,7,5.17,51,69.7,516.15,0.0,0,36.19,3,1,0,0,1,1,1,0,0,0,0,1,1,0,1,0,0,0,1,0,0,0,1,1,1,1,0,0,0,1,0,0
49,1,33.752591,-117.993661,88230,3,59,41.09,16,99.5,5861.75,0.0,0,2424.3100000000004,4,1,0,0,1,1,1,0,0,0,0,0,1,1,1,0,1,0,0,0,1,0,1,1,1,1,0,1,1,1,0,0
19,0,33.624654,-117.611733,42193,0,7,31.84,58,64.3,445.95,0.0,0,222.88,4,1,1,0,0,0,0,0,0,0,0,1,1,0,1,0,0,0,0,0,1,1,1,0,0,1,0,0,0,0,0,0
19,0,33.611945,-117.665867,46371,3,71,2.43,58,70.85,4973.4,0.0,0,172.53,4,1,1,0,1,0,1,0,0,0,0,0,1,0,1,0,0,0,1,0,1,1,0,1,1,1,0,1,1,1,0,0
23,1,33.60693,-117.644253,46227,8,15,2.12,30,101.9,1667.25,0.0,120,31.8,3,1,1,0,1,1,1,0,0,0,0,0,1,0,1,0,1,0,1,0,0,1,1,1,1,0,1,0,0,0,0,0
34,0,33.569186,-117.640055,350,7,71,34.39,5,73.5,5357.75,0.0,0,2441.69,3,1,0,0,1,0,1,0,0,0,0,0,1,1,1,1,0,0,1,1,0,1,1,0,0,1,0,1,0,1,0,0
23,0,33.748635,-117.906125,70011,0,11,0.0,59,40.4,422.6,0.0,0,0.0,5,0,1,0,0,0,0,0,0,0,0,0,0,0,1,1,0,0,0,1,1,1,0,0,0,1,1,0,1,1,0,0
32,3,33.719869,-117.907063,91188,2,60,23.68,0,19.25,1103.25,0.0,0,1420.8,4,0,0,0,1,1,1,0,0,0,0,0,1,0,0,0,0,1,0,0,0,0,0,0,0,0,0,1,1,1,0,0
55,0,33.765893,-117.881533,37879,0,11,5.0,23,64.9,697.25,0.0,0,55.0,3,0,0,0,0,0,0,0,0,0,0,0,1,0,1,0,0,0,0,0,1,1,0,1,1,1,1,0,0,1,0,0
26,0,33.735802,-117.818805,55062,2,61,20.34,51,81.05,4747.65,0.0,0,1240.74,3,1,1,0,1,0,1,0,0,0,0,0,1,0,1,0,0,0,1,1,0,1,1,1,1,0,0,1,1,1,0,0
27,3,33.738543,-117.785046,17494,3,31,36.49,59,98.05,3082.1,0.0,0,1131.19,4,1,1,0,1,1,1,0,0,1,0,0,1,1,1,0,1,0,1,0,1,0,1,0,0,1,1,0,0,0,0,0
30,0,33.844983,-117.952151,60553,0,9,40.71,52,70.5,597.9,0.0,0,366.39,3,1,0,0,0,0,0,0,0,0,0,1,1,0,1,0,1,0,0,0,0,0,0,0,0,1,0,0,1,0,0,0
59,0,33.818,-117.974404,81333,0,2,9.61,0,19.65,38.8,0.0,0,19.22,4,1,0,0,0,0,0,0,0,0,0,1,1,0,0,0,0,1,0,0,0,0,0,0,0,0,0,0,1,1,0,0
62,1,33.850452,-117.726668,19629,1,1,28.28,0,19.0,19.0,0.0,0,28.28,4,0,0,0,1,1,1,0,0,0,0,1,1,0,0,0,0,1,0,0,0,0,0,0,0,0,0,0,1,1,0,0
40,0,33.930199,-117.862898,34055,0,3,15.37,0,20.0,61.7,0.0,0,46.11,3,0,0,0,0,0,0,0,0,0,0,1,1,0,0,0,0,1,0,0,0,0,0,0,0,0,0,0,1,1,0,0
56,0,33.879983,-117.895482,34592,0,52,46.24,10,63.25,3342.45,0.0,130,2404.48,4,1,0,0,0,0,0,0,0,0,0,0,1,0,1,0,0,0,1,1,0,0,1,0,0,0,0,1,1,1,0,0
28,0,33.868316,-117.929029,24502,1,5,5.2,0,20.1,85.1,0.0,0,26.0,3,1,1,0,1,0,1,0,0,0,0,0,1,0,0,0,0,1,0,0,0,0,0,0,0,0,1,0,0,1,0,0
52,0,33.877639,-117.961212,46105,1,72,28.86,8,99.15,7422.1,0.0,0,2077.92,3,1,0,0,1,0,1,0,0,0,0,0,1,1,1,0,1,0,1,1,1,0,0,1,1,1,0,1,1,0,0,0
25,0,33.902211,-117.914922,21157,1,71,3.57,52,90.4,6668.05,0.0,0,253.47,3,1,1,0,1,0,1,0,0,0,0,0,1,1,1,1,0,0,1,1,1,1,1,1,1,1,0,1,0,0,0,0
32,0,33.787165,-117.931889,50641,1,72,47.83,27,111.9,8071.05,0.0,0,3443.76,3,1,0,0,1,0,1,0,0,0,0,0,1,1,1,0,1,0,1,0,1,1,1,1,1,1,0,1,1,1,0,0
56,0,33.786738,-117.982564,31428,1,46,18.45,0,24.9,1174.8,0.0,0,848.6999999999999,5,1,0,0,1,0,1,0,0,0,0,0,1,1,0,0,0,1,0,0,0,0,0,0,0,0,1,0,0,0,0,0
19,0,33.764018,-117.931507,43491,1,63,13.45,69,83.5,5435.0,0.0,0,847.3499999999999,4,1,1,0,1,0,1,0,0,0,0,0,1,1,1,1,0,0,1,1,1,0,1,1,1,1,0,1,0,1,0,0
52,0,33.766476,-117.969795,23481,0,30,24.73,20,84.3,2438.6,0.0,130,741.9,4,1,0,0,0,0,0,0,0,1,0,0,1,0,1,0,1,0,1,1,1,0,0,0,0,0,0,0,1,1,0,0
36,0,33.782955,-118.026456,15878,0,1,37.44,9,45.6,45.6,0.0,0,37.44,3,1,0,0,0,0,0,0,0,0,0,0,1,0,1,1,0,0,0,0,0,0,0,0,0,1,0,0,0,1,0,0
45,0,33.817473,-117.810462,5935,0,16,0.0,27,54.85,916.15,0.0,0,0.0,4,1,0,0,0,0,0,0,0,0,0,0,0,0,1,1,0,0,1,1,1,1,1,0,0,1,0,1,0,1,0,0
22,0,33.828779,-117.848299,18058,0,4,13.31,59,65.55,237.2,0.0,0,53.24,4,1,1,0,0,0,0,0,0,0,0,0,1,1,1,0,0,0,0,0,0,1,0,1,1,1,0,0,0,1,0,0
53,0,33.784597,-117.844535,15396,0,51,9.21,30,90.35,4614.55,0.0,0,469.71,3,1,0,0,1,0,0,0,0,0,0,0,1,1,1,0,1,0,0,1,0,0,0,1,1,1,1,0,1,1,0,0
59,0,33.81859,-117.821288,40915,1,65,23.46,0,20.4,1414.45,0.0,0,1524.9,3,1,0,0,1,0,1,0,0,0,0,0,1,0,0,0,0,1,0,0,0,0,0,0,0,0,0,1,1,1,0,0
21,0,33.787796,-117.875928,23172,0,16,38.32,82,74.55,1170.5,0.0,0,613.12,3,1,1,0,0,0,0,0,0,0,0,0,1,0,1,0,1,0,0,0,0,1,0,0,0,1,0,0,1,1,0,0
47,0,33.792791,-117.789749,37916,0,2,31.45,0,19.95,47.7,0.0,0,62.9,4,1,0,0,0,0,0,0,0,0,0,0,1,0,0,0,0,1,0,0,0,0,0,0,0,0,1,0,0,1,0,0
34,1,33.881158,-117.854783,48170,1,66,37.84,17,74.25,4859.25,0.0,0,2497.44,3,0,0,0,1,1,1,0,0,0,0,0,1,1,1,0,1,0,0,0,0,0,0,0,0,1,1,0,1,0,0,0
51,0,33.893823,-117.531446,44875,0,46,37.5,22,108.65,4903.2,0.0,0,1725.0,4,1,0,0,0,0,0,0,0,0,0,0,1,1,1,0,1,0,0,1,1,1,1,1,1,1,0,1,0,0,0,0
55,0,33.918043,-117.617809,16998,0,32,4.61,12,109.55,3608.0,0.0,0,147.52,3,0,0,0,0,0,0,0,0,0,0,0,1,1,1,0,1,0,1,0,1,1,1,1,1,1,1,0,1,0,0,0
35,0,33.833686,-117.513063,21911,1,72,12.12,23,86.65,6094.25,3.2,0,872.64,3,1,0,0,1,0,1,0,0,0,0,0,1,1,1,0,0,0,1,0,1,1,1,1,1,1,0,1,0,1,0,0
28,0,33.819385,-117.600213,60294,1,38,22.05,73,81.0,3084.9,0.0,0,837.9,4,1,1,0,1,0,1,0,0,0,0,0,1,0,1,0,0,0,1,0,1,1,1,1,1,1,0,1,0,1,0,0
48,0,33.762351,-117.488725,13188,0,51,36.59,20,47.85,2356.75,18.39,0,1866.09,4,1,0,0,0,0,0,0,0,0,0,0,1,0,1,1,0,0,0,0,0,1,0,0,0,1,1,0,0,1,0,0
47,3,33.897253,-117.792202,39458,1,72,21.89,58,114.55,8306.05,21.6,40,1576.08,3,1,0,0,1,1,1,0,0,0,0,0,1,1,1,0,1,0,1,1,1,1,1,1,1,0,0,1,0,0,0,0
57,2,34.278697,-119.167798,27381,0,66,20.63,0,20.55,1357.1,17.14,0,1361.58,4,1,0,0,0,1,0,0,0,0,0,0,1,0,0,0,0,1,0,0,0,0,0,0,0,0,0,1,0,1,0,0
63,0,34.205504,-118.993111,24945,0,50,27.04,2,69.5,3418.2,5.73,0,1352.0,5,1,0,0,0,0,0,0,0,0,0,0,1,1,1,1,0,0,0,0,1,1,0,1,1,1,0,1,0,0,0,0
64,0,34.441398,-119.513163,17409,0,15,13.58,19,48.85,631.4,32.09,0,203.7,4,0,0,0,0,0,0,0,0,0,0,0,1,1,1,1,0,0,0,0,0,0,0,0,0,1,0,0,0,1,0,0
55,0,34.408161,-118.865111,16013,0,8,0.0,16,25.25,186.3,0.0,0,0.0,3,1,0,0,0,0,0,0,0,0,0,0,0,0,1,0,0,0,0,0,0,0,0,0,0,1,0,0,1,1,0,0
30,0,34.404544,-119.302118,6503,0,57,28.27,41,87.55,4884.85,1.83,0,1611.39,3,0,0,0,0,0,0,0,0,0,0,0,1,1,1,0,1,0,1,1,0,1,0,0,0,1,0,0,1,0,0,0
51,0,34.581308,-118.931948,21633,0,7,40.76,16,78.55,522.95,47.19,0,285.32,3,0,0,0,0,0,0,0,0,0,0,0,1,1,1,0,1,0,0,1,0,0,0,0,0,1,0,0,1,0,0,0
27,0,34.156629,-119.117218,77791,0,62,23.88,47,92.05,5755.8,14.21,0,1480.56,3,0,1,0,0,0,0,0,0,0,0,0,1,1,1,0,1,0,1,1,1,0,0,0,0,1,1,0,1,0,0,0
56,1,34.18454,-119.224666,25322,5,40,14.41,22,85.05,3355.65,38.15,0,576.4,4,1,0,0,1,1,1,0,0,0,0,0,1,0,1,0,1,0,0,0,1,0,1,0,0,1,1,0,1,0,0,0
49,0,34.432843,-118.730106,1459,0,20,15.87,0,19.7,406.95,0.0,0,317.4,5,0,0,0,0,0,0,0,0,0,0,0,1,0,0,0,0,1,0,0,0,0,0,0,0,0,0,1,0,1,0,0
22,0,34.402343,-119.094824,32511,0,25,29.81,52,95.15,2395.7,0.0,80,745.25,3,0,1,0,1,0,0,0,0,0,0,0,1,0,1,0,1,0,0,0,0,1,1,1,1,0,0,0,1,0,0,0
28,0,34.296813,-118.685703,49027,1,23,18.05,51,84.25,1968.1,8.3,0,415.15,4,1,1,0,1,0,1,0,0,0,0,0,1,1,1,0,1,0,0,1,1,0,0,0,0,1,0,0,0,0,0,0
48,0,34.438581,-119.685368,20893,9,46,13.05,15,55.0,2473.95,31.39,0,600.3000000000001,3,0,0,0,1,0,1,0,0,0,0,0,1,1,1,1,0,0,1,0,0,0,0,0,0,1,0,0,0,0,0,0
41,0,34.037342,-119.80079,25771,5,72,26.96,9,89.85,6562.9,12.55,0,1941.12,4,1,0,0,1,0,1,0,0,0,0,0,1,1,1,1,0,0,1,1,1,1,1,1,1,1,0,1,0,1,0,0
40,0,34.457541,-119.631072,12741,0,10,17.4,0,20.35,176.3,0.0,0,174.0,5,1,0,0,0,0,0,0,0,0,0,0,1,0,0,0,0,1,0,0,0,0,0,0,0,0,1,0,0,1,0,0
31,0,34.406256,-119.726936,10986,0,40,0.0,28,54.55,2236.2,11.48,40,0.0,3,0,0,0,0,0,0,0,1,0,0,0,0,0,1,1,0,0,1,0,0,1,1,1,1,0,1,0,1,0,0,0
41,0,34.460197,-119.802602,16477,0,31,10.05,14,99.45,3109.9,43.38,0,311.55,5,1,0,0,0,0,0,0,0,0,0,0,1,0,1,0,1,0,0,0,1,1,1,1,1,1,0,1,0,0,0,0
48,0,34.489983,-120.091246,49975,2,68,27.41,9,70.9,4911.35,49.37,0,1863.88,4,0,0,0,1,0,1,0,0,0,0,0,1,1,1,1,0,0,1,1,1,1,0,0,0,1,0,1,0,1,0,0
50,2,35.116307,-118.817644,16206,10,68,19.09,0,25.4,1620.2,9.34,0,1298.12,4,1,0,0,1,1,1,0,0,0,0,0,1,1,0,0,0,1,0,0,0,0,0,0,0,0,0,1,0,0,0,0
21,1,35.865795,-118.69759,226,1,15,29.55,0,25.25,394.85,0.0,0,443.25,3,0,1,0,1,1,1,0,0,0,0,0,1,1,0,0,0,1,0,0,0,0,0,0,0,0,0,0,1,0,0,0
25,0,36.04533,-119.532424,23506,6,50,14.32,58,69.65,3442.15,0.0,0,716.0,4,1,1,0,1,0,1,0,1,0,0,0,1,1,1,0,0,0,0,0,1,1,1,0,0,1,1,0,1,0,0,0
37,3,34.907911,-119.234281,1526,7,35,11.75,0,20.1,655.3,38.61,0,411.25,3,1,0,0,1,1,1,0,0,0,0,0,1,0,0,0,0,1,0,0,0,0,0,0,0,0,0,1,0,1,0,0
64,0,36.29878,-119.201028,8644,0,17,9.84,0,24.8,475.25,37.06,0,167.28,5,0,0,0,0,0,0,0,0,0,1,0,1,1,0,0,0,1,0,0,0,0,0,0,0,0,0,0,0,1,0,0
32,0,34.827662,-118.999073,4498,0,10,45.69,11,95.1,865.1,43.25,0,456.9,3,1,0,0,0,0,0,0,0,0,1,0,1,0,1,0,1,0,0,0,0,1,1,1,1,1,0,0,1,1,0,0
39,0,35.735694,-118.738483,296,2,68,41.61,14,88.85,6132.7,0.0,0,2829.48,4,1,0,0,1,0,1,0,0,0,0,0,1,1,1,0,0,0,1,1,1,1,1,1,1,1,0,1,1,1,0,0
38,0,36.29223,-119.622676,53204,6,45,9.91,19,78.8,3597.5,23.28,0,445.95,4,1,0,0,1,0,1,0,1,0,0,0,1,0,1,0,0,0,1,1,1,0,1,1,1,1,1,0,0,0,0,0
56,0,36.385818,-119.224243,4517,3,37,2.15,0,20.35,697.65,45.07,0,79.55,4,1,0,0,1,0,1,0,0,0,0,0,1,0,0,0,0,1,0,0,0,0,0,0,0,0,0,0,0,0,0,0
46,0,35.996923,-120.000951,1809,0,10,3.55,29,45.25,428.7,44.9,0,35.5,5,0,0,0,0,0,0,0,0,0,1,0,1,0,1,1,0,0,0,0,0,0,0,0,0,0,0,0,0,1,0,0
23,0,35.607875,-118.466318,5564,0,1,18.15,0,20.05,20.05,0.0,0,18.15,5,1,1,0,0,0,0,0,0,0,0,0,1,0,0,0,0,1,0,0,0,0,0,0,0,0,0,0,0,1,0,0
40,0,35.245035,-118.905553,15364,10,65,17.43,30,69.55,4459.15,23.61,0,1132.95,3,1,0,0,1,0,1,0,1,0,0,0,1,1,1,1,0,0,1,1,0,0,0,1,1,1,0,1,1,0,1,0
33,3,36.444232,-119.718285,2900,5,57,42.14,0,19.5,1167.6,19.89,0,2401.98,3,0,0,0,1,1,1,0,1,0,0,0,1,0,0,0,0,1,0,0,0,0,0,0,0,0,0,1,0,0,0,0
48,0,34.845861,-118.885163,1247,0,3,12.5,4,74.75,238.1,38.84,0,37.5,3,0,0,0,0,0,0,0,0,0,0,0,1,0,1,0,1,0,0,0,1,0,0,0,0,1,0,0,1,0,1,0
22,0,36.303666,-119.825657,30419,0,49,0.0,58,30.2,1453.1,0.0,0,0.0,4,1,1,0,0,0,0,0,1,0,0,0,0,0,1,0,0,0,0,0,1,0,0,0,0,1,0,0,1,0,0,0
22,0,35.637715,-119.893068,2502,9,70,0.0,85,57.8,4039.3,1.01,0,0.0,4,0,1,0,1,0,1,0,0,0,0,0,0,0,1,0,0,0,0,1,1,1,1,1,1,1,0,1,0,0,0,0
60,0,35.666886,-119.186717,10781,6,53,11.35,0,19.85,1039.45,14.67,0,601.55,3,0,0,0,1,0,1,0,1,0,0,0,1,0,0,0,0,1,0,0,0,0,0,0,0,0,1,0,1,0,0,0
37,3,35.38381,-119.730885,302,3,53,33.31,0,25.55,1336.1,37.37,0,1765.43,3,1,0,0,1,1,1,0,1,0,0,0,1,1,0,0,0,1,0,0,0,0,0,0,0,0,0,1,0,1,0,0
49,0,34.956577,-119.750142,798,0,22,22.97,0,24.85,493.4,21.32,0,505.34,4,1,0,0,0,0,0,0,0,0,1,0,1,1,0,0,0,1,0,0,0,0,0,0,0,0,0,0,1,1,0,0
63,0,36.008958,-118.891593,65566,0,48,23.76,0,24.55,1203.95,36.04,0,1140.48,5,0,0,0,0,0,0,0,1,0,0,0,1,1,0,0,0,1,0,0,0,0,0,0,0,0,1,0,0,0,0,0
57,0,35.809921,-119.127437,2956,0,3,47.5,22,107.95,313.6,0.0,0,142.5,4,1,0,0,0,0,0,0,0,0,0,0,1,1,1,0,1,0,0,1,1,0,1,1,1,1,0,0,0,0,1,0
64,0,36.527243,-118.594938,56,4,45,1.59,19,81.4,3775.85,0.0,0,71.55,5,1,0,0,1,0,1,0,1,0,0,0,1,1,1,0,1,0,0,1,0,0,0,0,0,1,0,0,0,0,0,0
57,0,36.245926,-118.693138,3546,9,61,1.27,24,73.8,4616.05,49.51,30,77.47,4,0,0,0,1,0,1,0,1,0,0,0,1,0,1,1,0,0,0,0,1,1,1,1,1,0,0,1,1,0,0,0
37,0,36.175255,-119.813805,1729,0,3,38.05,7,64.4,195.65,0.0,0,114.15,4,1,0,0,0,0,0,0,0,0,0,0,1,0,1,1,0,0,1,0,0,1,1,0,0,1,0,0,1,1,0,0
47,0,35.184837,-119.402525,14937,0,1,37.51,10,71.1,71.1,0.0,0,37.51,5,0,0,0,0,0,0,0,0,0,0,0,1,0,1,0,1,0,0,0,0,0,0,0,0,1,0,0,0,0,1,0
33,0,35.939068,-119.043666,5868,0,1,14.93,4,49.9,49.9,0.0,0,14.93,3,0,0,0,0,0,0,0,0,0,0,0,1,0,1,1,0,0,0,0,0,1,0,0,0,1,0,0,1,0,0,0
58,0,36.413433,-118.854708,2318,0,51,34.36,0,24.6,1266.4,47.91,0,1752.36,5,1,0,0,0,0,0,0,1,0,0,0,1,1,0,0,0,1,0,0,0,0,0,0,0,0,1,0,1,0,0,0
42,0,36.185471,-119.375243,56101,0,52,0.0,14,30.1,1623.4,11.72,0,0.0,3,1,0,0,0,0,0,0,1,0,0,0,0,0,1,0,0,0,0,1,0,0,0,0,0,1,1,0,0,0,1,0
55,0,35.316263,-119.402559,236,0,51,45.92,12,83.4,4149.45,29.76,30,2341.92,5,1,0,0,0,0,0,0,1,0,0,0,1,1,1,0,1,0,0,0,0,0,0,1,1,0,0,0,0,0,0,0
53,0,36.303793,-119.375646,44741,0,1,11.61,0,20.45,20.45,0.0,0,11.61,3,1,0,0,0,0,0,0,0,0,0,0,1,0,0,0,0,1,0,0,0,0,0,0,0,0,0,0,1,0,1,0
55,0,35.652242,-119.4464,22760,7,31,29.06,22,75.25,2344.5,1.99,0,900.86,3,1,0,0,1,0,1,0,0,0,0,0,1,1,1,1,0,0,1,1,0,1,0,1,1,1,1,0,1,0,0,0
62,0,35.55647,-118.244914,1935,0,47,42.25,0,20.55,1013.05,0.0,0,1985.75,5,1,0,0,0,0,0,0,1,0,0,0,1,0,0,0,0,1,0,0,0,0,0,0,0,0,1,0,0,1,0,0
64,0,35.710244,-118.881679,88,8,1,35.24,0,20.65,20.65,0.0,0,35.24,4,0,0,0,1,0,1,0,0,0,0,0,1,0,0,0,0,1,0,0,0,0,0,0,0,0,0,0,1,1,0,0
19,0,36.391777,-119.372842,36718,5,72,32.36,52,85.15,6316.2,0.0,0,2329.92,3,1,1,0,1,0,1,0,0,0,0,0,1,1,1,1,0,0,0,1,1,1,1,1,1,1,0,1,1,0,0,0
23,0,35.339796,-119.023552,44588,8,72,6.09,41,66.5,4811.6,45.61,0,438.48,3,1,1,0,1,0,1,0,0,0,0,0,1,1,1,1,0,0,1,0,1,1,0,0,0,1,0,1,1,1,0,0
34,0,35.391733,-118.984109,35643,5,66,32.04,19,63.3,4189.7,40.62,0,2114.64,5,1,0,0,1,0,1,0,0,0,0,0,1,1,1,1,0,0,0,0,1,0,1,0,0,1,0,1,1,0,0,0
52,0,35.449881,-118.841442,53481,0,35,41.21,6,83.15,2848.45,18.84,0,1442.35,4,1,0,0,0,0,0,0,0,0,0,0,1,1,1,0,1,0,0,0,0,0,1,0,0,1,0,0,0,0,0,0
56,0,35.280113,-118.962329,59195,0,29,9.49,21,84.9,2516.2,47.04,0,275.21,3,1,0,0,0,0,0,0,0,0,0,0,1,1,1,0,1,0,0,0,0,0,0,1,1,1,0,0,1,0,0,0
30,0,35.559617,-118.925185,44915,0,2,16.7,0,20.55,33.6,0.0,0,33.4,3,0,0,0,0,0,0,0,0,0,0,0,1,0,0,0,0,1,0,0,0,0,0,0,0,0,0,0,1,0,1,0
34,0,35.342891,-119.064803,58632,0,4,38.01,5,49.25,208.45,0.0,0,152.04,3,1,0,0,0,0,0,0,0,0,0,0,1,0,1,0,0,0,0,1,0,0,0,0,0,1,0,0,0,0,1,0
19,0,35.392599,-119.245341,40836,0,65,43.29,76,59.6,3739.8,0.0,120,2813.85,4,0,1,0,0,0,0,0,1,0,0,0,1,0,1,1,0,0,1,1,0,1,0,0,0,0,0,1,1,0,1,0
26,0,35.233745,-120.626442,27047,10,29,3.35,59,75.3,2263.4,0.0,0,97.15,4,1,1,0,1,0,1,0,0,0,0,0,1,0,1,0,1,0,0,0,1,0,0,0,0,1,0,0,1,1,0,0
60,2,35.279984,-120.824288,14859,6,29,6.73,27,80.1,2211.8,0.0,0,195.17,4,1,0,0,1,1,1,0,0,0,0,0,1,1,1,1,0,0,0,1,1,0,1,1,1,1,0,0,0,1,0,0
45,0,35.176236,-120.483243,24499,6,20,11.39,21,81.0,1683.7,0.0,0,227.8,3,0,0,0,1,0,1,0,0,0,1,0,1,0,1,0,1,0,0,0,1,1,0,0,0,1,0,0,1,0,1,0
23,0,35.453912,-120.69461,29539,0,58,47.9,0,24.7,1519.0,0.0,0,2778.2,4,0,1,0,0,0,0,0,1,0,0,0,1,1,0,0,0,1,0,0,0,0,0,0,0,0,0,1,1,1,0,0
53,1,35.186644,-120.728305,812,0,14,47.72,22,86.0,1164.05,0.0,0,668.0799999999999,3,0,0,0,0,1,0,0,0,0,1,0,1,1,1,0,1,0,1,0,0,1,0,0,0,1,0,0,1,0,1,0
61,0,35.842889,-121.004862,1363,2,72,34.29,0,25.4,1710.9,0.0,0,2468.88,3,1,0,0,1,0,1,1,0,0,0,0,1,1,0,0,0,1,0,0,0,0,0,0,0,0,0,1,0,1,0,0
21,0,34.631362,-120.238218,4644,0,46,37.75,73,89.15,4245.55,0.0,0,1736.5,3,1,1,0,0,0,0,0,1,0,0,0,1,1,1,0,1,0,1,0,0,0,1,0,0,1,0,0,1,1,0,0
40,0,35.591387,-121.032256,6526,2,71,0.0,29,58.25,4145.9,0.0,0,0.0,5,0,0,0,1,0,1,1,0,0,0,0,0,0,1,0,0,0,0,1,1,1,1,1,1,1,0,1,0,0,0,0
51,0,34.866032,-120.536546,210,0,32,37.04,28,85.65,2664.3,0.0,0,1185.28,3,1,0,0,0,0,0,0,0,0,0,0,1,1,1,0,1,0,0,0,0,0,0,1,1,1,0,0,1,0,0,0
47,0,35.511833,-120.918713,3220,0,26,0.0,7,50.35,1277.5,0.0,0,0.0,5,0,0,0,0,0,0,0,0,0,0,0,0,0,1,1,0,0,0,0,1,0,1,1,1,1,0,0,1,1,0,0
22,0,35.120833,-120.61843,13106,6,2,38.41,0,20.2,34.75,0.0,0,76.82,3,1,1,0,1,0,1,0,0,0,0,0,1,0,0,0,0,1,0,0,0,0,0,0,0,0,1,0,0,1,0,0
24,0,34.936,-120.594655,5726,0,61,46.76,0,20.55,1305.95,0.0,0,2852.36,4,1,1,0,1,0,0,0,1,0,0,0,1,0,0,0,0,1,0,0,0,0,0,0,0,0,0,1,0,1,0,0
47,0,35.369553,-120.763864,10909,0,22,5.28,0,26.25,605.9,0.0,0,116.16,4,0,0,0,0,0,0,0,0,0,1,0,1,1,0,0,0,1,0,0,0,0,0,0,0,0,0,1,0,1,0,0
20,2,35.050345,-120.489599,15405,8,5,47.91,73,80.85,356.1,0.0,0,239.55,5,0,1,0,1,1,1,0,0,0,0,0,1,0,1,0,1,0,0,0,0,0,1,0,0,1,0,0,1,0,0,0
41,0,35.634222,-120.728341,35586,0,65,22.23,18,74.2,4805.65,0.0,0,1444.95,3,1,0,0,0,0,0,0,1,0,0,0,1,1,1,1,0,0,0,1,1,1,0,1,1,1,0,1,1,1,0,0
46,0,35.996008,-120.85305,670,0,5,31.78,0,20.35,92.75,0.0,0,158.9,4,1,0,0,0,0,0,0,0,0,0,0,1,0,0,0,0,1,0,0,0,0,0,0,0,0,0,0,0,1,0,0
51,3,35.886767,-120.608661,2666,4,25,4.46,58,75.5,1901.05,0.0,0,111.5,3,1,0,0,1,1,1,0,0,0,0,0,1,0,1,0,1,0,0,1,0,0,0,0,0,1,0,0,1,0,0,0
27,0,35.746484,-121.223355,471,5,72,7.29,53,79.05,5730.7,0.0,80,524.88,3,0,1,0,1,0,1,1,0,0,0,0,1,1,1,0,1,0,1,0,0,0,0,0,0,0,0,1,0,0,0,0
25,0,35.303926,-120.256567,2687,1,27,18.74,59,90.15,2423.4,0.0,0,505.98,4,0,1,0,1,0,1,0,0,0,0,0,1,1,1,0,1,0,0,0,1,0,0,1,1,1,0,0,0,0,0,0
48,2,34.943523,-120.256729,30540,10,32,0.0,19,50.6,1653.45,0.0,0,0.0,3,1,0,0,1,1,1,0,0,0,0,0,0,0,1,1,0,0,0,0,1,0,1,1,1,1,0,0,0,1,0,0
19,0,34.818227,-120.418784,37364,0,30,13.16,27,110.45,3327.05,0.0,0,394.8,4,0,1,0,0,0,0,0,0,0,0,0,1,1,1,0,1,0,0,1,1,1,1,1,1,1,1,0,0,1,0,0
26,0,34.95934,-120.490081,43684,9,70,41.05,59,101.0,7085.5,0.0,0,2873.5,3,1,1,0,1,0,1,1,0,0,0,0,1,0,1,0,1,0,1,1,1,1,0,1,1,1,0,1,0,1,0,0
38,0,34.624399,-120.137875,7958,0,47,35.75,13,65.0,2879.9,0.0,0,1680.25,3,0,0,0,0,0,0,0,1,0,0,0,1,1,1,1,0,0,1,0,1,1,0,0,0,0,0,1,1,1,0,0
35,0,35.536115,-120.739231,7918,0,2,35.41,25,80.45,137.1,0.0,0,70.82,4,0,0,0,0,0,0,0,0,0,0,0,1,0,1,0,1,0,1,0,1,0,0,0,0,1,0,0,1,0,0,0
23,0,35.151491,-117.927597,8316,9,61,13.35,0,24.1,1551.6,0.0,0,814.35,4,0,1,0,1,0,1,0,1,0,0,0,1,1,0,0,0,1,0,0,0,0,0,0,0,0,0,1,1,1,0,0
46,0,34.501452,-118.207862,7831,0,5,10.99,29,44.05,202.15,0.0,0,54.95,5,0,0,0,0,0,0,0,0,0,0,0,1,0,1,1,0,0,0,0,0,0,0,0,0,1,0,0,1,1,0,0
43,0,34.95703,-117.73045,2241,5,48,15.95,0,19.25,855.1,0.0,0,765.5999999999999,4,1,0,0,1,0,1,0,1,0,0,0,1,0,0,0,0,1,0,0,0,0,0,0,0,0,0,1,0,1,0,0
41,0,38.184583,-119.286558,826,0,63,40.34,8,90.05,5817.0,0.0,0,2541.42,3,0,0,0,0,0,0,0,1,0,0,0,1,0,1,0,1,0,0,0,1,1,1,0,0,1,1,0,1,1,0,0
35,0,35.358953,-118.527064,1022,0,27,25.21,9,56.7,1652.95,0.0,0,680.6700000000001,3,0,0,0,0,0,0,0,0,0,0,0,1,0,1,1,0,0,1,1,0,0,0,0,0,1,0,0,1,1,0,0
28,0,36.319181,-117.593053,64,10,70,24.08,46,80.15,5600.15,0.0,0,1685.6,3,1,1,0,1,0,1,1,0,0,0,0,1,0,1,1,0,0,1,1,1,0,1,1,1,1,0,1,1,1,0,0
47,2,34.966777,-117.961179,7685,3,7,49.98,25,71.35,515.75,0.0,0,349.86,3,1,0,0,1,1,1,0,0,0,0,0,1,0,1,0,0,0,1,0,1,1,0,1,1,1,0,0,1,1,0,0
24,0,36.869584,-118.189241,734,0,10,13.16,0,20.25,202.5,0.0,0,131.6,4,1,1,0,0,0,0,0,0,0,0,0,1,0,0,0,0,1,0,0,0,0,0,0,0,0,0,1,0,1,0,0
19,0,33.507255,-117.029473,46171,10,2,4.65,53,90.35,190.5,0.0,0,9.3,3,0,1,0,1,0,1,0,0,0,0,0,1,0,1,0,1,0,1,1,0,0,1,0,0,1,0,0,0,0,0,0
50,0,37.730269,-119.055813,618,0,66,45.54,0,19.7,1253.8,0.0,0,3005.64,3,1,0,0,0,0,0,1,0,0,0,0,1,0,0,0,0,1,0,0,0,0,0,0,0,0,0,1,0,0,0,0
22,0,36.560498,-117.962461,71,0,3,3.12,0,19.85,57.2,0.0,0,9.36,4,0,1,0,0,0,0,0,0,0,0,0,1,0,0,0,0,1,0,0,0,0,0,0,0,0,0,0,0,1,0,0
41,0,34.659579,-118.584212,2771,9,72,9.6,25,90.35,6563.4,0.0,0,691.1999999999999,3,0,0,0,1,0,1,1,0,0,0,0,1,1,1,0,1,0,1,1,0,1,0,0,0,1,0,1,1,0,0,0
37,0,34.727529,-118.153098,35109,0,1,48.14,0,20.8,20.8,0.0,0,48.14,4,1,0,0,0,0,0,0,0,0,0,1,1,0,0,0,0,1,0,0,0,0,0,0,0,0,0,0,0,1,0,0
56,0,37.890145,-119.184087,504,6,72,14.65,20,66.85,4758.8,0.0,0,1054.8,3,0,0,0,1,0,1,1,0,0,0,0,1,1,1,1,0,0,1,0,1,1,0,0,0,1,0,1,0,0,0,0
30,0,34.505273,-117.955054,11198,2,65,18.07,0,19.9,1292.6,0.0,0,1174.55,4,1,0,0,1,0,1,0,1,0,0,0,1,0,0,0,0,1,0,0,0,0,0,0,0,0,0,1,0,1,0,0
22,0,34.500091,-117.765862,1220,0,11,0.0,52,35.8,363.15,0.0,0,0.0,5,0,1,0,0,0,0,0,0,0,1,0,0,0,1,1,0,0,0,0,0,0,1,0,0,1,0,0,1,1,0,0
56,0,33.362575,-117.299644,42239,0,22,30.35,10,78.85,1600.25,0.0,50,667.7,5,1,0,0,0,0,0,0,0,0,1,0,1,1,1,0,1,0,0,1,0,0,0,0,0,0,0,0,1,1,0,0
23,0,37.550074,-118.837167,8217,0,14,36.42,0,20.4,275.7,0.0,0,509.88,5,1,1,0,0,0,0,0,0,0,1,0,1,0,0,0,0,1,0,0,0,0,0,0,0,0,1,0,0,0,0,0
45,0,36.296851,-117.865469,318,0,41,1.08,6,74.25,3089.1,0.0,0,44.28,3,1,0,0,0,0,0,0,1,0,0,0,1,0,1,0,1,0,0,0,0,1,0,0,0,1,0,0,1,0,0,0
32,0,34.536232,-118.082935,67232,2,17,45.35,11,64.8,1175.6,0.0,0,770.95,4,1,0,0,1,0,1,0,0,0,1,0,1,0,1,1,0,0,1,1,0,0,0,1,1,1,1,0,0,1,0,0
63,0,34.613476,-118.256358,34045,0,11,44.53,0,20.45,237.3,0.0,0,489.83,4,1,0,0,0,0,0,0,0,0,1,0,1,0,0,0,0,1,0,0,0,0,0,0,0,0,0,0,1,1,0,0
24,0,34.903052,-118.411251,14931,5,72,41.21,73,110.65,8065.65,0.0,0,2967.12,4,0,1,0,1,0,1,1,0,0,0,0,1,1,1,0,1,0,1,1,1,0,1,1,1,1,0,1,1,1,0,0
59,3,35.073777,-118.652112,25805,6,3,0.0,53,40.3,92.5,0.0,0,0.0,4,0,0,0,1,1,1,0,0,0,0,1,0,0,1,0,0,0,0,1,0,0,0,1,1,1,0,0,0,1,0,0
20,0,34.39583,-117.734568,413,7,59,41.15,48,107.0,6152.3,0.0,0,2427.85,4,0,1,0,1,0,1,0,1,0,0,0,1,1,1,0,1,0,1,1,1,1,0,1,1,0,1,0,1,1,0,0
30,0,37.375816,-119.739935,1968,4,71,16.24,59,73.35,5154.5,0.0,0,1153.04,5,1,0,0,1,0,1,1,0,0,0,0,1,0,1,0,0,0,0,1,0,1,1,1,1,1,0,1,1,1,0,0
45,2,36.991762,-119.242874,3464,10,5,35.6,19,44.8,220.45,0.0,0,178.0,3,0,0,0,1,1,1,0,0,0,0,1,1,0,1,0,0,0,0,0,0,0,0,0,0,1,0,0,0,1,0,0
54,6,36.64545,-118.924982,273,5,27,36.19,53,54.75,1510.3,0.0,0,977.13,3,1,0,0,1,1,1,0,0,0,0,0,1,0,1,1,0,0,1,1,0,0,0,0,0,1,0,0,1,1,0,0
48,0,37.17277,-119.2997,273,0,63,0.0,28,40.6,2588.95,0.0,0,0.0,3,1,0,0,0,0,0,0,1,0,0,0,0,0,1,1,0,0,1,1,0,1,0,0,0,1,1,0,1,0,0,0
40,0,36.488056,-120.407691,1766,5,72,24.24,27,55.3,3983.6,0.0,0,1745.28,4,1,0,0,1,0,1,1,0,0,0,0,1,1,1,1,0,0,1,0,0,0,0,0,0,1,0,1,0,0,0,0
59,0,36.5276,-119.865999,5446,5,34,12.3,26,60.85,2003.6,0.0,0,418.2000000000001,4,0,0,0,1,0,1,0,0,0,0,0,1,1,1,1,0,0,1,0,0,1,0,0,0,1,0,0,1,0,0,0
54,0,37.100948,-120.270136,19391,4,24,31.62,12,78.4,1832.4,0.0,130,758.88,3,0,0,0,1,0,1,0,0,0,0,0,1,1,1,1,0,0,1,1,0,0,1,1,1,0,1,0,0,0,0,0
53,0,36.917652,-119.593757,46858,0,72,3.66,13,69.65,4908.25,0.0,0,263.52,5,1,0,0,0,0,0,1,0,0,0,0,1,1,1,1,0,0,1,1,1,1,0,0,0,1,0,1,0,0,0,0
46,0,36.814539,-119.711868,33856,1,60,0.0,19,59.85,3590.2,0.0,0,0.0,5,0,0,0,1,0,1,0,1,0,0,0,0,0,1,1,0,0,1,0,1,1,1,1,1,1,0,1,0,1,0,0
60,0,37.212191,-119.749323,9395,0,68,1.27,13,76.9,5023.0,0.0,0,86.36,4,1,0,0,0,0,0,1,0,0,0,0,1,1,1,0,0,0,1,1,1,0,0,1,1,1,1,0,1,1,0,0
44,0,36.497895,-119.285484,5519,8,8,17.09,0,19.85,146.6,0.0,0,136.72,5,0,0,0,1,0,1,0,0,0,0,1,1,0,0,0,0,1,0,0,0,0,0,0,0,0,0,1,1,1,0,0
22,0,36.657462,-119.595293,1965,0,34,20.75,27,67.65,2339.3,0.0,0,705.5,3,0,1,0,0,0,0,0,0,0,0,0,1,0,1,1,0,0,1,0,1,1,1,0,0,1,0,1,0,1,0,0
25,0,36.523619,-119.386868,24206,0,6,0.0,52,45.0,298.7,0.0,0,0.0,5,0,1,0,0,0,0,0,0,0,0,1,0,0,1,0,0,0,0,0,0,0,1,1,1,1,0,0,0,1,0,0
38,0,37.045728,-120.630682,9388,2,2,4.41,26,64.2,143.65,0.0,30,8.82,4,1,0,0,1,0,1,0,0,0,0,1,1,0,1,1,0,0,0,1,0,1,0,1,1,0,0,0,1,1,0,0
24,0,36.789213,-119.140338,506,0,31,17.18,76,81.7,2548.65,0.0,0,532.58,5,1,1,0,0,0,0,0,0,0,0,0,1,1,1,0,1,0,0,0,0,1,0,0,0,1,1,0,0,1,0,0
47,7,36.785618,-120.625382,9491,6,20,36.85,0,25.55,507.4,0.0,0,737.0,4,0,0,0,1,1,1,0,0,0,1,0,1,1,0,0,0,1,0,0,0,0,0,0,0,0,0,0,1,0,0,0
21,3,37.483535,-119.679414,77,4,1,6.86,0,20.0,20.0,0.0,0,6.86,4,0,1,0,1,1,1,0,0,0,0,0,1,0,0,0,0,1,0,0,0,0,0,0,0,0,0,0,0,0,0,0
39,0,36.520537,-120.118055,152,7,39,29.56,0,23.8,903.8,0.0,0,1152.84,5,1,0,0,1,0,1,0,0,0,0,0,1,1,0,0,0,1,0,0,0,0,0,0,0,0,0,1,1,1,0,0
61,0,36.807595,-118.901544,93,1,46,37.02,6,64.2,3009.5,0.0,0,1702.92,4,0,0,0,1,0,1,0,0,0,0,0,1,0,1,1,0,0,0,1,0,1,1,0,0,1,0,1,1,1,0,0
45,0,36.478239,-119.52137,14088,5,72,43.47,9,76.8,5468.45,0.0,90,3129.84,3,0,0,0,1,0,1,1,0,0,0,0,1,1,1,0,0,0,0,0,1,0,1,1,1,0,0,1,1,0,0,0
63,0,37.290606,-119.216328,52,0,18,47.72,28,55.2,1058.1,0.0,0,858.96,4,1,0,0,0,0,0,0,0,0,1,0,1,0,1,1,0,0,0,0,1,1,0,0,0,1,0,0,0,1,0,0
29,0,36.995162,-120.955099,29124,10,71,31.97,73,108.55,7616.0,0.0,0,2269.87,3,1,1,0,1,0,1,1,0,0,0,0,1,1,1,0,1,0,1,0,1,1,1,1,1,1,0,1,1,1,0,0
55,0,37.244307,-119.470256,3376,9,42,33.63,0,25.25,1108.2,0.0,0,1412.46,4,0,0,0,1,0,1,0,0,0,0,0,1,1,0,0,0,1,0,0,0,0,0,0,0,0,0,1,0,0,0,0
23,0,37.648647,-119.231447,8521,0,34,0.0,42,30.4,938.65,0.0,0,0.0,4,1,1,0,1,0,0,0,0,0,0,0,0,0,1,1,0,0,1,0,0,0,0,0,0,1,1,0,0,0,0,0
23,0,36.633498,-119.298895,8449,0,25,9.57,59,84.6,2088.05,0.0,0,239.25,3,0,1,0,0,0,0,0,0,1,0,0,1,1,1,0,1,0,0,0,0,0,1,0,0,1,0,0,1,1,0,0
37,3,36.622237,-119.521126,12587,10,55,35.04,57,103.7,5656.75,0.0,20,1927.2,3,0,0,0,1,1,1,0,0,0,0,0,1,0,1,0,1,0,0,1,1,1,1,1,1,0,1,0,1,0,0,0
30,0,37.007238,-119.505661,1314,9,70,9.28,51,88.0,5986.45,0.0,0,649.5999999999999,3,1,0,0,1,0,1,0,0,0,0,0,1,1,1,0,1,0,1,1,0,1,0,0,0,1,0,1,1,1,0,0
41,0,36.594542,-119.905245,265,3,61,27.63,29,106.35,6751.35,0.0,0,1685.4299999999998,5,0,0,0,1,0,1,0,0,0,0,0,1,1,1,0,1,0,0,0,1,1,1,1,1,1,0,0,1,0,0,0
62,0,37.252057,-119.95783,972,1,43,41.08,18,79.15,3566.6,0.0,0,1766.4399999999998,3,1,0,0,1,0,1,0,0,0,0,0,1,0,1,1,0,0,1,0,1,1,1,1,1,1,0,1,1,1,0,0
37,0,36.636638,-119.421842,25923,0,47,16.64,8,103.1,4889.3,0.0,0,782.08,4,1,0,0,0,0,0,0,0,0,0,0,1,1,1,0,1,0,0,1,1,0,1,1,1,1,1,0,1,0,0,0
38,0,36.452211,-119.94575,5729,0,5,13.96,5,63.95,318.1,0.0,0,69.80000000000001,4,1,0,0,0,0,0,0,0,0,0,1,1,0,1,1,0,0,0,0,1,1,1,0,0,1,0,0,1,1,0,0
55,0,36.819628,-119.440414,28991,0,62,8.23,0,25.8,1563.95,0.0,0,510.2600000000001,3,0,0,0,0,0,0,0,0,0,0,0,1,1,0,0,0,1,0,0,0,0,0,0,0,0,0,1,1,1,0,0
47,1,37.223,-119.001021,642,1,14,31.7,0,25.55,372.45,0.0,0,443.8,5,0,0,0,1,1,1,0,0,0,0,0,1,1,0,0,0,1,0,0,0,0,0,0,0,0,0,0,0,1,0,0
35,3,36.545353,-119.338535,306,2,34,0.0,76,44.85,1442.6,0.0,0,0.0,4,1,0,0,1,1,1,0,0,1,0,0,0,0,1,1,0,0,0,0,1,1,1,0,0,1,0,0,1,0,0,0
44,1,36.635661,-120.288644,1130,9,38,33.1,0,25.05,963.95,0.0,0,1257.8,3,1,0,0,1,1,1,0,0,1,0,0,1,1,0,0,0,1,0,0,0,0,0,0,0,0,0,1,0,1,0,0
46,0,37.287758,-119.548156,327,7,70,19.1,21,74.1,5222.3,0.0,0,1337.0,3,0,0,0,1,0,1,0,0,0,0,0,1,0,1,1,0,0,1,1,1,1,0,1,1,1,1,0,0,1,0,0
33,2,36.456091,-119.486225,646,3,37,1.08,16,88.8,3340.55,0.0,0,39.96,4,0,0,0,1,1,1,0,0,1,0,0,1,1,1,0,1,0,0,1,0,0,1,0,0,1,0,0,1,0,0,0
47,0,36.739385,-119.753649,47999,0,62,14.05,25,71.4,4487.3,0.0,0,871.1,3,1,0,0,1,0,0,0,0,0,0,0,1,0,1,1,0,0,1,0,1,1,0,1,1,1,1,0,0,1,0,0
27,0,36.799648,-119.801247,26580,0,36,42.51,52,79.2,2854.95,0.0,40,1530.36,3,1,1,0,0,0,0,0,0,1,0,0,1,0,1,0,0,0,1,0,1,1,1,1,1,0,0,0,1,1,0,0
36,0,36.78724,-119.827813,35451,0,44,1.4,0,20.4,905.55,0.0,0,61.6,5,1,0,0,0,0,0,0,0,0,0,0,1,0,0,0,0,1,0,0,0,0,0,0,0,0,0,1,0,1,0,0
44,0,36.822715,-119.761826,29337,7,72,6.58,7,105.0,7589.8,0.0,0,473.76,3,0,0,0,1,0,1,0,0,0,0,0,1,1,1,0,1,0,1,0,1,0,1,1,1,1,0,1,1,1,0,0
59,0,36.878709,-119.7645,45087,0,13,0.0,7,30.85,394.1,0.0,0,0.0,3,0,0,0,0,0,0,0,0,0,0,0,0,0,1,0,0,0,1,0,0,0,0,0,0,1,0,0,1,0,0,0
23,0,36.78979,-119.929894,60889,7,15,34.63,0,20.55,295.95,0.0,0,519.45,5,0,1,0,1,0,1,0,0,0,0,0,1,0,0,0,0,1,0,0,0,0,0,0,0,0,1,0,0,1,0,0
57,0,36.623632,-119.741322,21010,0,65,41.74,17,84.85,5459.2,0.0,0,2713.1,4,0,0,0,0,0,0,0,0,0,0,0,1,0,1,0,0,0,1,1,1,1,1,1,1,1,0,1,1,0,0,0
54,0,36.793601,-119.761131,39148,7,12,0.0,27,33.15,444.75,0.0,0,0.0,3,0,0,0,1,0,1,0,0,0,0,0,0,0,1,1,0,0,1,0,0,1,0,0,0,1,1,0,0,1,0,0
55,0,36.751489,-119.68072,54701,8,72,5.32,5,92.0,6782.15,0.0,10,383.04,3,1,0,0,1,0,1,0,0,0,0,0,1,1,1,1,0,0,1,1,1,1,1,1,1,0,0,1,1,1,0,0
23,0,36.757345,-119.818274,16346,3,72,44.92,69,89.8,6510.45,0.0,0,3234.24,3,0,1,0,1,0,1,0,0,0,0,0,1,1,1,1,0,0,1,1,1,1,1,1,1,1,0,1,0,1,0,0
57,2,36.64152,-121.622188,35739,9,72,12.29,24,115.8,8476.5,0.0,0,884.8799999999999,3,0,0,0,1,1,1,0,0,0,0,0,1,1,1,0,1,0,1,1,1,1,1,1,1,1,0,1,1,0,0,0
63,0,36.667794,-121.601306,58548,0,52,32.02,28,85.15,4461.85,0.0,0,1665.0400000000002,3,1,0,0,0,0,0,0,0,0,0,0,1,1,1,1,0,0,1,1,0,1,1,1,1,1,0,1,1,1,0,0
50,0,36.722898,-121.633648,53946,0,2,40.25,0,24.85,62.0,0.0,0,80.5,3,1,0,0,0,0,0,0,0,0,0,1,1,1,0,0,0,1,0,0,0,0,0,0,0,0,0,0,0,1,0,0
63,0,36.77462,-121.664714,22292,0,5,8.32,22,64.35,352.65,0.0,0,41.6,4,0,0,0,0,0,0,0,0,0,0,1,1,0,1,1,0,0,1,0,0,1,1,0,0,1,0,0,1,0,0,0
32,0,36.624338,-121.615669,13027,0,68,48.41,0,20.5,1424.9,0.0,0,3291.88,4,0,0,0,0,0,0,0,0,0,0,0,1,0,0,0,0,1,0,0,0,0,0,0,0,0,0,1,0,1,0,0
22,0,36.554618,-121.922239,2966,0,72,48.36,71,86.05,6309.65,0.0,20,3481.92,4,1,1,0,0,0,0,0,0,0,0,0,1,1,1,1,0,0,1,1,0,1,1,1,1,0,0,1,0,1,0,0
59,0,36.414611,-121.6386,6691,10,66,37.38,8,89.0,5898.6,0.0,0,2467.0800000000004,3,0,0,0,1,0,1,0,0,0,0,0,1,1,1,0,1,0,1,1,0,1,0,0,0,1,1,0,0,0,0,0
52,0,36.596271,-121.442274,1140,9,72,0.0,18,64.8,4719.75,0.0,0,0.0,3,1,0,0,1,0,1,0,0,0,0,0,0,0,1,1,0,0,1,1,1,1,1,1,1,1,0,1,1,1,0,0
63,0,36.52588,-121.396719,9023,0,26,45.7,0,19.8,457.3,0.0,0,1188.2,3,1,0,0,0,0,0,0,0,1,0,0,1,0,0,0,0,1,0,0,0,0,0,0,0,0,1,0,0,1,0,0
53,1,36.248708,-121.386617,14204,2,64,30.82,11,93.4,5822.3,0.0,0,1972.48,3,1,0,0,1,1,1,0,0,0,0,0,1,1,1,0,1,0,1,0,1,0,0,1,1,1,0,1,0,0,0,0
61,0,36.362741,-121.869685,32857,6,62,0.0,4,39.0,2337.45,0.0,0,0.0,4,1,0,0,1,0,1,0,0,0,0,0,0,0,1,0,0,0,0,0,0,1,1,0,0,1,0,1,1,0,0,0
44,0,36.618337,-121.926417,15449,0,5,24.61,0,20.5,104.3,0.0,0,123.05,3,0,0,0,0,0,0,0,0,0,0,0,1,0,0,0,0,1,0,0,0,0,0,0,0,0,0,0,1,1,0,0
44,1,36.125529,-120.864443,521,0,3,33.87,0,26.4,121.25,0.0,0,101.61,5,1,0,0,0,1,0,0,0,0,0,0,1,1,0,0,0,1,0,0,0,0,0,0,0,0,0,1,1,1,0,0
32,0,36.625114,-121.823565,38244,1,72,25.48,3,98.2,7015.9,0.0,0,1834.56,3,0,0,0,1,0,1,0,0,0,0,0,1,1,1,0,1,0,1,0,1,1,1,0,0,1,0,1,1,0,0,0
26,3,36.414216,-121.360597,13003,1,57,4.18,73,97.55,5598.0,0.0,0,238.26,4,1,1,0,1,1,1,0,0,0,0,0,1,0,1,0,1,0,0,1,1,0,1,1,1,1,1,0,1,1,0,0
63,1,36.624641,-121.647195,407,0,66,37.94,0,19.95,1269.1,0.0,0,2504.04,4,1,0,0,0,1,0,0,0,0,0,0,1,0,0,0,0,1,0,0,0,0,0,0,0,0,0,1,0,1,0,0
33,2,37.684694,-122.40712,3635,0,45,23.54,12,99.7,4634.35,0.0,0,1059.3,4,1,0,0,0,1,0,0,0,0,0,0,1,1,1,0,1,0,0,0,1,0,1,1,1,1,0,1,0,0,0,0
25,0,37.57028,-122.365778,40346,0,3,0.0,46,34.8,113.95,0.0,0,0.0,4,0,1,0,0,0,0,0,0,0,0,0,0,0,1,1,0,0,0,0,0,0,1,0,0,1,0,0,1,1,0,0
48,0,37.680844,-122.48131,63337,0,51,0.0,10,60.15,3077.0,0.0,0,0.0,3,0,0,0,0,0,0,0,0,0,0,0,0,0,1,1,0,0,1,0,1,1,1,1,1,1,1,0,0,0,0,0
29,0,37.45567,-122.407992,17929,0,60,37.95,27,64.75,4039.5,0.0,120,2277.0,3,0,1,0,0,0,0,0,0,0,0,0,1,1,1,1,0,0,1,0,1,1,0,0,0,0,1,0,0,0,0,0
62,0,37.285677,-122.224165,1622,0,33,5.91,5,54.65,1665.2,0.0,0,195.03,3,1,0,0,0,0,0,0,0,1,0,0,1,1,1,1,0,0,0,1,0,0,0,0,0,1,0,0,1,0,0,0
39,0,37.449551,-122.183762,39062,1,67,35.03,23,111.25,7511.65,0.0,0,2347.01,3,0,0,0,1,0,1,0,0,0,0,0,1,1,1,0,1,0,1,0,1,1,1,1,1,1,1,0,1,0,0,0
19,0,37.454924,-122.203168,6876,1,49,0.0,82,35.8,1782.0,0.0,0,0.0,4,0,1,0,1,0,1,0,0,0,0,0,0,0,1,0,0,0,1,0,0,1,0,0,0,1,1,0,1,1,0,0
42,0,37.369709,-122.215844,6601,0,1,3.23,0,20.05,20.05,0.0,0,3.23,3,1,0,0,0,0,0,0,0,0,0,0,1,0,0,0,0,1,0,0,0,0,0,0,0,0,0,0,1,1,0,0
23,3,37.515556,-122.502311,3064,1,37,43.01,51,91.2,3247.55,0.0,0,1591.37,5,1,1,0,1,1,1,0,0,1,0,0,1,0,1,0,1,0,0,0,0,0,1,1,1,1,1,0,0,1,0,0
37,3,37.388349,-122.075299,13483,1,31,20.76,57,89.3,2823.0,0.0,0,643.5600000000001,3,1,0,0,1,1,1,0,0,1,0,0,1,1,1,0,1,0,1,0,1,1,0,0,0,1,0,0,0,0,0,0
56,0,37.461251,-122.235414,35737,1,63,38.85,27,81.2,4965.1,0.0,0,2447.55,3,0,0,0,1,0,1,0,1,0,0,0,1,1,1,0,1,0,0,0,0,1,0,0,0,1,1,0,1,1,0,0
53,0,37.410567,-122.297152,25569,0,30,41.66,28,94.3,2679.7,0.0,0,1249.8,3,1,0,0,0,0,0,0,0,1,0,0,1,1,1,0,1,0,1,1,0,0,0,1,1,1,0,0,1,1,0,0
29,0,37.499411,-122.196318,32368,1,71,33.83,27,116.1,8310.55,0.0,130,2401.93,4,1,1,0,1,0,1,0,0,0,0,0,1,1,1,0,1,0,1,1,1,1,1,1,1,0,0,1,1,0,0,0
33,0,37.527497,-122.230941,10658,0,53,12.92,19,105.55,5682.25,0.0,0,684.76,5,0,0,0,0,0,0,0,1,0,0,0,1,1,1,0,1,0,0,1,1,0,1,1,1,1,0,1,0,0,0,0
27,0,37.497915,-122.267361,28098,1,50,17.58,47,94.4,4914.9,0.0,0,878.9999999999999,4,1,1,0,1,0,1,0,1,0,0,0,1,1,1,0,1,0,1,1,0,0,0,1,1,1,0,0,1,1,0,0
19,0,37.331762,-122.341444,291,0,2,27.17,0,19.5,27.55,0.0,0,54.34,5,0,1,0,0,0,0,0,0,0,0,0,1,0,0,0,0,1,0,0,0,0,0,0,0,0,0,0,0,0,1,0
35,0,37.3511,-122.037311,50070,1,56,34.1,13,105.6,6068.65,0.0,0,1909.6,4,0,0,0,1,0,1,0,1,0,0,0,1,0,1,0,1,0,1,1,1,0,1,1,1,1,1,0,1,1,0,0
60,0,37.421633,-122.009613,16985,1,67,45.25,18,81.35,5398.6,0.0,0,3031.75,3,1,0,0,1,0,1,0,0,0,0,0,1,0,1,1,0,0,1,1,1,0,1,1,1,1,0,1,0,1,0,0
38,0,37.773147,-122.411287,23036,0,4,20.76,30,56.4,234.85,0.0,0,83.04,4,1,0,0,0,0,0,0,0,0,0,0,1,0,1,1,0,0,0,0,0,0,1,0,0,1,0,0,1,0,0,0
61,0,37.791222,-122.402241,384,0,19,41.79,6,65.35,1231.85,0.0,60,794.01,4,1,0,0,0,0,0,0,0,0,0,0,1,0,1,1,0,0,0,1,0,1,0,1,1,0,1,0,1,0,0,0
26,3,37.789168,-122.395009,2066,0,8,45.87,0,19.95,170.9,0.0,0,366.96,4,0,1,0,0,1,0,0,0,0,0,0,1,0,0,0,0,1,0,0,0,0,0,0,0,0,0,0,0,0,1,0
29,0,37.768881,-122.395521,17372,0,71,41.92,53,111.25,7984.15,0.0,0,2976.32,4,0,1,0,0,0,0,0,0,0,0,0,1,1,1,0,1,0,0,1,1,1,1,1,1,1,0,1,1,0,0,0
40,1,37.750021,-122.415201,74641,1,72,11.67,26,106.1,7848.5,0.0,0,840.24,3,1,0,0,1,1,1,0,0,0,0,0,1,1,1,0,1,0,1,0,1,0,1,1,1,1,1,0,1,0,0,0
42,0,37.801776,-122.402293,3337,0,12,16.59,0,20.05,267.0,0.0,0,199.08,3,1,0,0,0,0,0,0,0,0,0,0,1,0,0,0,0,1,0,0,0,0,0,0,0,0,1,0,0,1,0,0
22,2,37.720498,-122.443119,73117,1,72,28.06,0,25.2,1798.9,0.0,0,2020.32,3,1,1,0,1,1,1,0,0,0,0,0,1,1,0,0,0,1,0,0,0,0,0,0,0,0,0,1,1,0,0,0
45,0,37.74441,-122.486764,42959,0,72,0.0,10,65.55,4807.45,0.0,0,0.0,4,1,0,0,0,0,0,0,0,0,0,0,0,0,1,0,0,0,1,1,1,1,1,1,1,1,0,1,1,0,0,0
37,0,37.770533,-122.445121,38756,0,26,20.64,22,80.7,2193.0,0.0,0,536.64,3,0,0,0,0,0,0,0,0,1,0,0,1,1,1,0,1,0,0,0,1,0,0,0,0,1,0,0,1,0,0,0
48,0,37.781304,-122.461522,38955,0,21,36.31,27,104.55,2239.4,0.0,0,762.51,4,0,0,0,0,0,0,0,0,0,0,0,1,0,1,0,1,0,0,1,1,1,1,1,1,1,1,0,1,1,0,0
23,0,37.776718,-122.495781,42476,1,60,16.42,0,24.15,1505.9,0.0,0,985.2,3,1,1,0,1,0,1,0,1,0,0,0,1,1,0,0,0,1,0,0,0,0,0,0,0,0,1,0,0,0,0,0
26,0,37.760412,-122.484966,55504,0,12,41.11,0,20.45,255.35,0.0,0,493.32,5,1,1,0,0,0,0,0,0,0,0,0,1,0,0,0,0,1,0,0,0,0,0,0,0,0,0,0,0,0,1,0
25,0,37.800254,-122.436975,22920,1,16,25.83,46,75.4,1189.4,0.0,0,413.28,5,1,1,0,1,0,1,0,0,0,0,0,1,1,1,0,1,0,0,0,0,0,0,0,0,1,0,0,1,0,0,0
38,0,37.731505,-122.384532,33177,1,63,49.08,24,79.7,4786.15,0.0,30,3092.04,3,0,0,0,1,0,1,0,1,0,0,0,1,1,1,0,0,0,1,1,0,0,1,1,1,0,1,0,1,1,0,0
54,1,37.797526,-122.464531,2240,1,32,32.43,19,76.3,2404.15,0.0,0,1037.76,3,0,0,0,1,1,1,0,0,1,0,0,1,0,1,0,0,0,1,1,1,1,0,1,1,1,0,0,0,0,0,0
32,3,37.722302,-122.491129,26297,6,68,16.09,53,103.75,7039.45,0.0,0,1094.12,3,0,0,0,1,1,1,0,0,0,0,0,1,1,1,0,1,0,0,1,0,1,1,1,1,1,0,1,1,1,0,0
53,3,37.802071,-122.411004,26831,0,30,48.43,58,86.45,2538.05,0.0,0,1452.9,3,0,0,0,1,1,0,0,0,1,0,0,1,0,1,0,1,0,0,0,1,0,0,1,1,1,1,0,0,0,0,0
44,0,37.721052,-122.413573,40137,0,16,38.02,25,75.1,1212.85,0.0,0,608.32,5,0,0,0,0,0,0,0,0,0,0,0,1,0,1,0,1,0,0,1,0,0,0,0,0,1,0,0,0,0,0,0
32,0,37.444314,-122.149996,16198,0,33,34.85,27,80.6,2651.1,0.0,0,1150.05,4,1,0,0,0,0,0,0,0,1,0,0,1,0,1,0,1,0,0,1,0,1,0,0,0,1,0,1,0,0,0,0
54,0,37.45809,-122.115398,45499,3,72,2.61,0,19.3,1304.8,0.0,0,187.92,3,1,0,0,1,0,1,0,0,0,0,0,1,0,0,0,0,1,0,0,0,0,0,0,0,0,0,1,0,1,0,0
58,0,37.424342,-122.165641,13386,0,12,0.0,19,33.6,435.45,0.0,0,0.0,3,0,0,0,0,0,0,0,0,0,0,0,0,0,1,1,0,0,1,0,0,1,0,0,0,1,1,0,1,0,1,0
40,0,37.590421,-122.306467,32488,8,10,31.09,5,80.85,808.5,0.0,0,310.9,3,0,0,0,1,0,1,0,0,0,0,0,1,0,1,1,0,0,1,1,1,0,1,1,1,1,0,1,0,0,1,0
32,0,37.538309,-122.305109,37926,6,65,41.34,15,108.05,7118.9,0.0,0,2687.1000000000004,3,0,0,0,1,0,1,0,1,0,0,0,1,1,1,0,1,0,0,1,1,1,1,1,1,1,1,0,1,1,0,0
46,0,37.556094,-122.272437,31882,0,15,2.74,0,19.9,320.45,0.0,0,41.1,4,0,0,0,0,0,0,0,0,0,0,0,1,0,0,0,0,1,0,0,0,0,0,0,0,0,0,0,0,0,1,0
55,0,37.774633,-122.274434,58555,0,24,47.31,0,21.05,531.55,0.0,0,1135.44,5,0,0,0,0,0,0,0,0,0,0,0,1,0,0,0,0,1,0,0,0,0,0,0,0,0,1,0,0,0,0,0
50,2,37.724817,-122.224363,13996,0,13,0.0,19,30.15,382.2,0.0,10,0.0,5,0,0,0,0,1,0,0,0,0,0,0,0,0,1,0,0,0,0,1,0,0,0,0,0,0,0,0,0,0,0,0
23,0,37.791481,-121.903253,19777,0,24,35.3,41,79.85,2001.0,0.0,0,847.1999999999999,4,1,1,0,0,0,0,0,0,0,0,0,1,0,1,0,1,0,0,0,0,0,0,1,1,1,0,0,1,1,0,0
56,0,37.855717,-121.994813,15187,6,72,0.0,4,65.5,4919.7,0.0,0,0.0,3,0,0,0,1,0,1,0,0,0,0,0,0,0,1,1,0,0,1,1,1,1,1,1,1,1,0,1,0,0,0,0
62,3,38.542448,-122.419923,3641,3,54,42.35,76,104.1,5645.8,0.0,0,2286.9,4,0,0,0,1,1,1,0,1,0,0,0,1,1,1,0,1,0,1,1,0,0,1,1,1,1,0,0,1,0,0,0
39,2,38.113533,-122.11926,25578,4,4,3.63,0,20.5,77.6,0.0,0,14.52,4,1,0,0,1,1,1,0,0,0,0,0,1,0,0,0,0,1,0,0,0,0,0,0,0,0,0,0,1,0,1,0
42,1,37.908242,-121.682472,26577,8,35,47.33,0,20.5,759.35,0.0,0,1656.55,4,1,0,0,1,1,1,0,0,0,0,0,1,0,0,0,0,1,0,0,0,0,0,0,0,0,0,1,0,0,0,0
64,0,38.629618,-122.593216,7384,0,8,11.2,17,75.6,535.55,0.0,10,89.6,3,0,0,0,0,0,0,0,0,0,0,1,1,0,1,0,1,0,0,1,0,0,0,0,0,0,0,0,0,0,0,0
62,0,37.881842,-121.848111,14239,0,22,37.11,15,55.1,1253.15,0.0,0,816.42,3,1,0,0,0,0,0,0,0,0,0,0,1,0,1,1,0,0,1,0,0,1,0,0,0,1,0,0,0,0,1,0
57,0,37.950248,-122.022455,27394,0,15,30.54,11,58.95,955.15,0.0,0,458.1,4,0,0,0,0,0,0,0,0,0,0,0,1,0,1,1,0,0,1,0,1,1,0,0,0,1,0,0,0,0,0,0
39,0,37.990118,-122.012188,18650,0,22,11.15,17,95.1,2162.6,0.0,0,245.3,4,1,0,0,0,0,0,0,0,0,0,0,1,1,1,0,1,0,0,0,0,0,1,1,1,1,0,0,1,0,0,0
33,2,37.971421,-121.971504,39888,0,71,4.15,0,25.45,1813.35,0.0,0,294.65000000000003,3,0,0,0,1,1,0,1,0,0,0,0,1,1,0,0,0,1,0,0,0,0,0,0,0,0,0,1,0,0,0,0
26,0,37.95338,-122.076886,32685,0,4,34.69,47,56.75,245.15,0.0,0,138.76,3,1,1,0,0,0,0,0,0,0,0,1,1,0,1,1,0,0,1,0,1,0,0,0,0,1,0,0,0,0,0,0
59,0,38.049292,-122.228415,3193,0,25,25.2,23,81.75,2028.8,0.0,0,630.0,3,1,0,0,0,0,0,0,0,0,0,0,1,1,1,0,0,0,1,1,1,1,0,1,1,1,0,0,0,0,0,0
45,3,37.815459,-121.977203,32873,7,32,26.66,57,86.1,2723.75,0.0,130,853.12,5,0,0,0,1,1,1,0,0,0,0,0,1,0,1,0,1,0,0,1,0,0,1,0,0,0,0,0,1,0,0,0
41,0,38.287136,-122.02711,77683,0,17,42.66,0,20.5,365.8,0.0,0,725.2199999999999,3,1,0,0,0,0,0,0,0,0,0,0,1,0,0,0,0,1,0,0,0,0,0,0,0,0,1,0,1,0,1,0
50,3,37.656695,-122.048361,11147,0,3,19.58,0,20.85,60.65,0.0,0,58.74,4,1,0,0,0,1,0,0,0,0,0,0,1,0,0,0,0,1,0,0,0,0,0,0,0,0,0,0,0,1,0,0
48,0,37.639215,-122.037554,72993,0,71,18.2,28,77.35,5550.1,0.0,0,1292.2,3,0,0,0,0,0,0,1,0,0,0,0,1,0,1,1,0,0,1,1,1,1,1,0,0,1,0,1,0,1,0,0
30,0,37.991259,-122.214945,22479,1,49,47.17,26,93.85,4733.1,0.0,30,2311.33,3,1,0,0,1,0,1,0,1,0,0,0,1,1,1,0,1,0,1,1,0,0,1,0,0,0,0,0,1,0,0,0
26,0,37.907777,-122.127161,23996,0,58,47.47,69,70.1,4048.95,0.0,0,2753.26,4,1,1,0,0,0,0,0,1,0,0,0,1,0,1,1,0,0,0,1,1,1,1,0,0,1,0,1,0,0,0,0
40,0,37.722727,-122.02157,13212,4,59,8.28,22,75.95,4542.35,0.0,0,488.52,3,0,0,0,1,0,1,0,1,0,0,0,1,0,1,1,0,0,0,1,0,1,1,1,1,1,0,1,1,1,0,0
34,0,37.827946,-122.107185,16510,0,11,33.79,23,75.25,888.65,0.0,0,371.69,3,0,0,0,0,0,0,0,0,0,1,0,1,1,1,0,1,0,0,0,0,0,0,0,0,1,0,0,0,0,0,0
20,0,38.232389,-122.324944,26894,5,35,42.18,59,54.95,1916.0,0.0,0,1476.3,4,0,1,0,1,0,1,0,0,0,0,0,1,0,1,0,0,0,1,0,0,1,0,0,0,1,1,0,1,0,0,0
23,0,37.504133,-122.032347,42491,0,20,10.97,0,19.5,413.0,0.0,0,219.4,3,0,1,0,0,0,0,0,0,0,1,0,1,0,0,0,0,1,0,0,0,0,0,0,0,0,0,0,1,0,0,0
21,1,37.999406,-121.686241,27607,9,40,22.96,0,19.6,808.95,0.0,0,918.4,5,1,1,0,1,1,1,0,1,0,0,0,1,0,0,0,0,1,0,0,0,0,0,0,0,0,0,1,0,1,0,0
22,0,37.873916,-122.20522,17964,0,39,25.33,82,47.85,1886.4,0.0,70,987.87,3,0,1,0,0,0,0,0,0,0,0,0,1,0,1,1,0,0,1,0,0,0,0,0,0,0,1,0,1,0,0,0
62,1,38.006047,-121.916834,78816,7,72,21.14,0,23.75,1679.25,0.0,0,1522.08,5,0,0,0,1,1,1,1,0,0,0,0,1,1,0,0,0,1,0,0,0,0,0,0,0,0,0,1,0,0,0,0
54,0,38.672708,-122.403219,494,0,12,6.56,17,43.8,540.95,0.0,0,78.72,4,0,0,0,0,0,0,0,0,0,1,0,1,0,1,1,0,0,0,0,0,0,0,0,0,1,0,0,0,0,0,0
48,0,37.713926,-121.928425,29636,0,1,5.32,0,19.75,19.75,0.0,0,5.32,5,1,0,0,0,0,0,0,0,0,0,1,1,0,0,0,0,1,0,0,0,0,0,0,0,0,0,0,0,0,0,0
20,2,38.035707,-122.196821,173,0,27,30.36,0,19.15,537.35,0.0,0,819.72,3,1,1,0,0,1,0,0,0,0,0,0,1,0,0,0,0,1,0,0,0,0,0,0,0,0,0,0,0,1,0,0
53,0,38.148862,-121.737696,5246,7,34,26.03,0,19.6,678.8,0.0,0,885.02,5,1,0,0,1,0,1,0,0,0,0,0,1,0,0,0,0,1,0,0,0,0,0,0,0,0,1,0,0,1,0,0
56,0,38.027218,-122.23463,8506,9,56,4.24,15,80.3,4513.65,0.0,0,237.44,3,0,0,0,1,0,1,0,1,0,0,0,1,0,1,0,1,0,1,0,1,0,0,0,0,1,0,1,0,0,0,0
31,0,38.581354,-122.296283,9423,0,58,38.62,0,24.35,1423.85,0.0,0,2239.96,3,0,0,0,0,0,0,0,1,0,0,0,1,1,0,0,0,1,0,0,0,0,0,0,0,0,0,1,0,1,0,0
30,3,38.554383,-122.474773,223,9,22,25.98,0,25.25,555.4,0.0,0,571.5600000000001,3,0,0,0,1,1,1,0,0,0,1,0,1,1,0,0,0,1,0,0,0,0,0,0,0,0,0,1,0,1,0,0
27,2,37.717196,-122.159338,41871,10,10,18.57,0,26.1,225.55,0.0,0,185.7,5,0,1,0,1,1,1,0,0,0,1,0,1,1,0,0,0,1,0,0,0,0,0,0,0,0,0,1,0,1,0,0
23,0,37.704384,-122.126703,36568,0,13,1.61,0,20.0,268.45,0.0,0,20.93,3,1,1,0,0,0,0,0,0,0,1,0,1,0,0,0,0,1,0,0,0,0,0,0,0,0,0,1,0,1,0,0
19,0,38.197907,-122.017258,39279,1,72,21.72,0,20.7,1492.1,0.0,0,1563.84,3,1,1,0,1,0,1,1,0,0,0,0,1,0,0,0,0,1,0,0,0,0,0,0,0,0,0,1,0,0,0,0
21,0,37.587494,-121.862856,790,0,2,23.52,48,70.3,132.4,0.0,0,47.04,3,1,1,0,0,0,0,0,0,0,0,0,1,0,1,1,0,0,0,0,0,1,1,1,1,1,0,0,0,0,0,0
42,1,38.161321,-122.271588,42209,1,4,37.23,23,69.55,284.9,0.0,0,148.92,4,1,0,0,1,1,1,0,0,0,0,0,1,0,1,0,1,0,0,0,0,0,0,0,0,1,0,0,1,1,0,0
28,0,38.104705,-122.247387,37218,0,37,26.49,0,19.85,784.25,0.0,0,980.13,3,0,1,0,0,0,0,0,0,0,0,0,1,0,0,0,0,1,0,0,0,0,0,0,0,0,0,1,0,1,0,0
59,0,38.105733,-122.186338,51665,0,21,34.39,0,20.0,417.7,0.0,0,722.19,3,1,0,0,0,0,0,0,0,0,1,0,1,0,0,0,0,1,0,0,0,0,0,0,0,0,0,0,0,1,0,0
20,0,37.776523,-122.219268,54876,0,3,17.42,59,50.15,160.85,0.0,0,52.260000000000005,3,1,1,0,0,0,0,0,0,0,0,0,1,0,1,1,0,0,1,0,0,0,0,0,0,1,0,0,1,1,0,0
31,0,37.803883,-122.208417,28900,3,71,0.0,8,58.65,4145.25,0.0,0,0.0,4,0,0,0,1,0,1,1,0,0,0,0,0,0,1,0,0,0,1,1,0,1,1,1,1,1,0,1,0,1,0,0
41,0,37.739113,-122.175602,31392,0,9,30.8,3,95.9,827.45,0.0,0,277.2,3,1,0,0,0,0,0,0,0,0,0,0,1,0,1,0,1,0,0,0,0,1,1,1,1,1,0,0,1,0,0,0
56,0,37.758019,-122.138678,42854,0,1,16.99,8,49.5,49.5,0.0,30,16.99,4,0,0,0,0,0,0,0,0,0,0,0,1,0,1,1,0,0,0,1,0,0,0,0,0,0,0,0,0,0,0,0
36,0,37.83726,-122.287648,24589,5,71,10.97,20,80.1,5585.4,0.0,0,778.87,3,1,0,0,1,0,1,1,0,0,0,0,1,1,1,1,0,0,1,1,1,1,0,1,1,1,0,1,1,1,0,0
36,0,37.834341,-122.26437,21097,0,64,15.93,0,24.4,1601.2,0.0,0,1019.52,5,0,0,0,0,0,0,0,1,0,0,0,1,1,0,0,0,1,0,0,0,0,0,0,0,0,1,0,1,0,0,0
33,0,37.808731,-122.238708,29964,0,4,0.0,13,40.05,162.45,0.0,0,0.0,4,1,0,0,0,0,0,0,0,0,0,0,0,0,1,1,0,0,0,0,0,1,0,1,1,1,0,0,1,0,0,0
33,0,37.828416,-122.216005,36517,0,23,13.98,0,19.5,470.2,0.0,0,321.54,4,0,0,0,0,0,0,0,0,0,1,0,1,0,0,0,0,1,0,0,0,0,0,0,0,0,0,0,1,1,0,0
59,2,37.809014,-122.269739,11702,3,39,15.06,11,51.05,2066.0,0.0,0,587.34,3,0,0,0,1,1,1,0,0,0,0,0,1,0,1,1,0,0,1,0,0,0,0,0,0,1,0,0,0,1,0,0
27,0,37.84551,-122.235181,15438,1,28,33.63,48,54.35,1426.45,0.0,30,941.64,5,1,1,0,1,0,1,0,0,0,0,0,1,0,1,1,0,0,1,0,0,1,0,0,0,0,1,0,0,1,0,0
62,0,37.866009,-122.286228,15638,0,37,28.84,25,70.35,2552.9,0.0,0,1067.08,3,1,0,0,0,0,0,0,0,0,0,0,1,0,1,0,1,0,0,0,0,0,0,0,0,1,0,0,1,1,0,0
30,0,37.858898,-122.240512,12448,0,47,40.25,69,94.9,4615.25,0.0,0,1891.75,4,0,0,0,0,0,0,0,1,0,0,0,1,1,1,0,1,0,1,0,1,0,1,0,0,1,1,0,0,1,0,0
39,3,37.897743,-122.263124,10737,8,50,10.21,23,69.75,3557.7,0.0,0,510.50000000000006,5,0,0,0,1,1,1,0,1,0,0,0,1,0,1,0,1,0,0,0,0,0,0,0,0,1,0,0,1,0,0,0
30,2,37.878554,-122.26609,10147,1,27,13.55,59,71.6,1957.1,0.0,140,365.85,5,1,0,0,1,1,1,0,0,0,0,0,1,1,1,0,0,0,0,0,0,1,1,1,1,0,0,0,0,0,0,0
49,0,37.945288,-122.383941,28450,4,62,8.91,0,23.65,1416.75,0.0,0,552.42,4,0,0,0,1,0,1,0,0,0,0,0,1,1,0,0,0,1,0,0,0,0,0,0,0,0,0,1,0,0,0,0
25,0,37.963995,-122.288296,25399,4,71,6.23,58,81.85,5924.4,0.0,0,442.33,4,0,1,0,1,0,1,1,0,0,0,0,1,0,1,1,0,0,1,0,1,1,1,1,1,1,0,1,0,0,0,0
39,0,37.921034,-122.341798,39089,0,66,49.13,0,25.1,1697.7,0.0,0,3242.5800000000004,4,1,0,0,0,0,0,1,0,0,0,0,1,1,0,0,0,1,0,0,0,0,0,0,0,0,0,1,0,1,0,0
61,1,37.941456,-122.320968,13984,5,68,32.59,24,114.7,7849.85,0.0,0,2216.1200000000003,3,1,0,0,1,1,1,1,0,0,0,0,1,1,1,0,1,0,1,1,1,1,1,1,1,1,0,1,1,0,0,0
47,0,37.980269,-122.342635,55720,0,13,0.0,27,49.15,649.4,0.0,0,0.0,3,0,0,0,0,0,0,0,0,0,1,0,0,0,1,1,0,0,0,0,1,0,1,1,1,1,0,0,0,0,0,0
37,0,37.972662,-122.491452,40239,3,56,46.18,24,80.9,4557.5,0.0,0,2586.08,5,1,0,0,1,0,1,0,0,0,0,0,1,0,1,0,1,0,0,0,0,0,0,1,1,1,1,0,1,0,0,0
56,0,37.885629,-122.46858,13065,0,16,44.05,0,19.3,360.35,0.0,0,704.8,3,0,0,0,0,0,0,0,0,0,1,0,1,0,0,0,0,1,0,0,0,0,0,0,0,0,1,0,1,0,0,0
60,2,38.343282,-122.9755,584,0,14,23.0,17,70.2,1046.5,0.0,0,322.0,4,0,0,0,1,1,0,0,0,0,1,0,1,0,1,0,1,0,0,0,0,0,0,0,0,1,0,0,0,0,0,0
37,0,37.943087,-122.72379,1573,0,8,42.78,27,54.25,447.75,0.0,0,342.24,3,0,0,0,0,0,0,0,0,0,0,0,1,0,1,1,0,0,1,0,0,1,0,0,0,1,1,0,0,0,0,0
29,2,37.924014,-122.511694,9038,8,43,5.25,59,99.3,4209.95,0.0,0,225.75,3,0,1,0,1,1,1,0,0,0,0,0,1,1,1,0,1,0,0,0,1,0,1,1,1,1,0,0,1,0,0,0
31,0,38.34719,-122.697822,42544,0,52,21.38,21,74.0,3877.65,0.0,0,1111.76,3,0,0,0,0,0,0,0,0,0,0,0,1,1,1,0,0,0,1,0,1,1,1,0,0,1,1,0,0,1,0,0
35,0,38.24458,-122.956268,330,0,3,28.19,21,50.25,152.3,0.0,0,84.57000000000001,3,1,0,0,0,0,0,0,0,0,0,0,1,0,1,0,0,0,0,0,0,1,0,0,0,1,0,0,1,1,0,0
42,0,37.971751,-122.611873,8486,0,29,46.12,0,19.8,572.2,0.0,0,1337.48,4,1,0,0,0,0,0,0,0,0,0,0,1,0,0,0,0,1,0,0,0,0,0,0,0,0,1,0,1,1,0,0
48,3,38.099323,-122.945723,1004,1,16,0.0,53,35.5,552.7,0.0,80,0.0,5,0,0,0,1,1,1,0,0,0,1,0,0,0,1,0,0,0,0,0,0,0,0,1,1,0,0,0,1,1,0,0
41,0,38.021772,-122.691744,821,0,40,33.83,19,80.75,3208.65,0.0,0,1353.1999999999998,4,0,0,0,0,0,0,0,0,0,0,0,1,1,1,1,0,0,0,0,1,1,1,1,1,1,1,0,1,1,0,0
47,0,37.901371,-122.572024,28727,0,36,41.33,0,19.55,620.75,0.0,0,1487.88,5,0,0,0,0,0,0,0,0,0,0,0,1,0,0,0,0,1,0,0,0,0,0,0,0,0,1,0,0,1,0,0
49,0,38.052209,-122.775567,248,10,26,45.28,0,20.05,505.9,0.0,0,1177.28,5,1,0,0,1,0,1,0,0,0,0,0,1,0,0,0,0,1,0,0,0,0,0,0,0,0,1,0,1,0,0,0
33,0,38.237018,-122.77872,31930,6,34,40.67,7,50.2,1815.3,0.0,0,1382.78,5,0,0,0,1,0,1,0,0,0,0,0,1,0,1,1,0,0,0,0,0,1,0,0,0,1,0,0,0,0,0,0
32,0,38.235021,-122.557332,35419,0,10,7.65,17,62.25,612.95,0.0,0,76.5,3,1,0,0,0,0,0,0,0,0,1,0,1,0,1,1,0,0,1,0,0,1,1,0,0,1,0,0,0,0,0,0
52,0,38.060264,-122.830646,1885,0,14,27.68,26,55.7,795.15,0.0,100,387.52,4,0,0,0,0,0,0,0,0,0,0,0,1,0,1,1,0,0,1,0,0,1,0,0,0,0,1,0,0,1,0,0
63,0,38.00474,-122.663717,548,7,47,6.54,0,19.65,973.1,0.0,0,307.38,5,1,0,0,1,0,1,0,0,0,0,0,1,0,0,0,0,1,0,0,0,0,0,0,0,0,0,1,0,1,0,0
36,0,37.942551,-122.491642,6448,2,24,10.23,8,89.25,2210.2,0.0,0,245.52,3,1,0,0,1,0,1,0,0,0,0,0,1,0,1,0,1,0,1,0,0,1,0,1,1,1,0,0,1,0,0,0
62,0,38.005839,-122.638155,1449,0,22,0.0,19,56.75,1304.85,0.0,0,0.0,4,1,0,0,0,0,0,0,0,0,0,0,0,0,1,1,0,0,0,0,1,1,1,1,1,1,0,1,0,0,0,0
31,0,37.013471,-121.877877,24227,0,1,18.81,0,21.1,21.1,0.0,0,18.81,5,1,0,0,0,0,0,0,0,0,0,0,1,0,0,0,0,1,0,0,0,0,0,0,0,0,0,0,0,1,0,0
35,5,36.878364,-121.629781,3373,2,59,48.07,53,96.65,5580.8,0.0,0,2836.13,3,0,0,0,1,1,1,0,0,0,0,0,1,1,1,0,1,0,0,1,0,1,0,1,1,1,0,0,1,0,0,0
44,0,37.078873,-122.090386,6407,9,58,36.45,0,24.5,1497.9,9.22,0,2114.1000000000004,4,0,0,0,1,0,1,0,0,0,0,0,1,1,0,0,0,1,0,0,0,0,0,0,0,0,1,0,1,1,0,0
61,2,37.279689,-121.954567,44976,3,3,1.67,19,69.55,200.2,33.8,0,5.01,3,0,0,0,1,1,1,0,0,0,0,0,1,0,1,0,1,0,0,0,0,0,0,0,0,1,0,0,1,0,0,0
50,0,36.977025,-121.952864,9673,0,32,14.91,0,20.05,614.45,9.73,0,477.12,5,1,0,0,0,0,0,0,0,0,0,0,1,0,0,0,0,1,0,0,0,0,0,0,0,0,0,1,1,0,0,0
39,1,37.306612,-122.080621,54431,5,10,22.83,0,25.75,257.5,0.0,0,228.3,5,1,0,0,1,1,1,0,0,0,0,0,1,1,0,0,0,1,0,0,0,0,0,0,0,0,0,1,0,1,0,0
41,0,37.089111,-122.062213,8728,0,52,8.25,0,19.6,1012.4,46.07,0,429.0,3,0,0,0,1,0,0,0,0,0,0,0,1,0,0,0,0,1,0,0,0,0,0,0,0,0,1,0,0,1,0,0
53,0,33.141265,-116.967221,48690,0,32,6.2,25,87.65,2766.4,47.87,150,198.4,3,1,0,0,0,0,0,0,0,0,0,0,1,1,1,0,1,0,1,0,0,1,0,0,0,0,0,0,0,0,0,0
35,0,37.233034,-121.947427,24443,0,16,13.04,16,74.75,1129.35,39.99,0,208.64,5,0,0,0,0,0,0,0,0,0,0,0,1,1,1,0,1,0,0,0,0,0,0,0,0,1,0,0,1,1,0,0
62,0,37.160194,-121.945611,10172,0,51,7.54,6,107.45,5680.9,14.76,0,384.54,3,0,0,0,0,0,0,0,0,0,0,0,1,1,1,0,1,0,1,1,1,0,1,1,1,1,1,0,0,0,0,0
30,0,37.441931,-121.878502,62848,0,29,3.69,27,75.35,2243.9,2.24,0,107.01,3,1,0,0,0,0,0,0,0,0,0,0,1,0,1,0,0,0,0,0,1,1,1,1,1,1,1,0,1,0,0,0
24,0,37.161544,-121.649371,41707,1,70,1.63,41,64.95,4523.25,42.89,0,114.1,3,1,1,0,1,0,1,1,0,0,0,0,1,0,1,1,0,0,1,1,1,1,0,0,0,1,0,1,0,1,0,0
25,2,36.863303,-121.781632,899,4,71,32.16,59,100.45,7159.7,16.12,0,2283.36,3,0,1,0,1,1,1,1,0,0,0,0,1,1,1,0,1,0,1,0,1,1,0,1,1,1,0,1,0,0,0,0
28,0,37.051166,-122.056194,77,4,41,13.58,51,68.5,2839.95,38.37,0,556.78,4,1,1,0,1,0,1,0,0,0,0,0,1,1,1,1,0,0,0,1,1,0,1,0,0,1,1,0,0,0,0,0
49,0,36.525703,-120.952122,813,0,1,5.93,19,80.55,80.55,0.0,60,5.93,4,1,0,0,0,0,0,0,0,0,0,0,1,0,1,0,1,0,0,0,0,0,1,0,0,0,0,0,1,0,0,0
38,0,36.810568,-121.503022,3402,4,7,12.16,9,81.25,580.1,47.36,0,85.12,3,0,0,0,1,0,1,0,0,0,0,0,1,0,1,1,0,0,1,0,1,1,1,1,1,1,0,0,0,0,0,0
60,1,37.351214,-121.952417,36349,10,67,18.29,11,89.55,6038.55,33.76,0,1225.4299999999998,3,1,0,0,1,1,1,1,0,0,0,0,1,1,1,0,1,0,1,1,0,1,0,0,0,1,1,0,0,0,0,0
38,1,37.348129,-121.98469,52986,3,5,18.97,12,55.7,259.4,0.0,0,94.85,3,1,0,0,1,1,1,0,0,0,0,0,1,1,1,0,0,0,0,0,0,1,0,0,0,1,0,0,1,1,0,0
53,3,37.393554,-121.965114,13031,0,15,32.54,0,24.8,324.15,12.8,0,488.1,3,1,0,0,0,1,0,0,0,0,0,0,1,1,0,0,0,1,0,0,0,0,0,0,0,0,0,0,1,0,0,0
21,3,36.993451,-122.098858,43192,4,20,38.6,0,20.0,417.65,9.73,0,772.0,3,0,1,0,1,1,1,0,0,0,0,0,1,0,0,0,0,1,0,0,0,0,0,0,0,0,0,0,0,0,0,0
50,3,37.007882,-122.065975,4563,9,54,7.25,57,105.2,5637.85,23.01,0,391.5,5,1,0,0,1,1,1,0,0,0,0,0,1,1,1,0,1,0,0,1,0,1,1,1,1,1,1,0,1,0,0,0
32,0,37.031404,-121.981865,8365,0,42,48.41,0,19.55,839.4,12.16,0,2033.22,3,1,0,0,0,0,0,0,0,0,0,0,1,0,0,0,0,1,0,0,0,0,0,0,0,0,1,0,1,1,0,0
24,0,37.070177,-122.010077,14574,3,9,6.78,59,79.75,769.1,0.0,0,61.02,5,0,1,0,1,0,1,0,0,0,0,0,1,0,1,0,1,0,0,0,0,0,0,1,1,1,0,0,1,0,0,0
24,0,37.257772,-122.051824,30589,0,63,37.76,48,97.45,6253.0,0.0,0,2378.88,3,0,1,0,0,0,0,0,0,0,0,0,1,1,1,0,1,0,0,1,0,0,1,1,1,1,0,1,0,0,0,0
57,0,37.023669,-121.946461,9823,10,69,39.78,0,24.25,1641.8,45.75,0,2744.82,3,0,0,0,1,0,1,1,0,0,0,0,1,1,0,0,0,1,0,0,0,0,0,0,0,0,0,1,0,0,0,0
24,0,36.931654,-121.752383,81141,0,69,36.5,0,24.6,1678.05,28.42,0,2518.5,5,0,1,0,0,0,0,1,0,0,0,0,1,1,0,0,0,1,0,0,0,0,0,0,0,0,0,1,0,1,0,0
32,0,37.34667,-121.910019,18197,7,40,24.3,28,50.15,2058.5,37.03,0,972.0,4,1,0,0,1,0,1,0,0,0,0,0,1,0,1,1,0,0,0,1,0,0,0,0,0,1,0,0,1,1,0,0
38,0,37.284265,-121.827673,57748,0,60,0.0,25,39.6,2424.5,38.46,0,0.0,3,1,0,0,0,0,0,0,1,0,0,0,0,0,1,1,0,0,1,1,1,0,0,0,0,1,0,1,0,0,0,0
33,0,37.311088,-121.961786,29914,3,32,47.89,9,98.85,3145.9,0.0,0,1532.48,4,1,0,0,1,0,1,0,0,0,0,0,1,1,1,0,1,0,0,1,0,0,1,1,1,1,0,0,1,1,0,0
60,0,37.255479,-121.889838,31926,0,39,5.4,16,53.85,2200.7,46.66,0,210.6,3,1,0,0,0,0,0,0,0,0,0,0,1,1,1,1,0,0,0,0,0,1,0,0,0,1,0,1,1,1,0,0
36,0,37.233226,-121.78809,10155,0,38,46.18,0,24.25,914.4,35.61,0,1754.84,3,0,0,0,0,0,0,0,0,0,0,0,1,1,0,0,0,1,0,0,0,0,0,0,0,0,1,0,1,0,0,0
32,0,37.186141,-121.843554,37090,0,52,15.1,17,89.45,4577.75,18.89,0,785.1999999999999,3,1,0,0,0,0,0,0,1,0,0,0,1,1,1,0,1,0,0,0,1,0,0,1,1,1,0,1,1,1,0,0
57,3,37.304681,-121.809955,37127,1,48,30.41,53,105.25,4997.5,1.66,0,1459.68,3,0,0,0,1,1,1,0,1,0,0,0,1,1,1,0,1,0,1,1,0,0,1,1,1,1,0,0,1,1,0,0
21,0,37.32886,-121.834567,59841,7,70,0.0,30,59.5,4144.8,23.72,0,0.0,4,1,1,0,1,0,1,1,0,0,0,0,0,0,1,1,0,0,1,0,1,1,1,1,1,1,0,1,0,0,0,0
56,0,37.238758,-121.828375,59632,0,20,3.8,26,70.55,1493.55,17.6,0,76.0,3,1,0,0,0,0,0,0,0,0,0,0,1,0,1,0,1,0,0,0,0,0,0,0,0,0,0,0,0,1,0,0
59,0,37.257063,-121.923037,45257,0,50,21.25,2,82.5,4179.1,21.35,0,1062.5,4,0,0,0,0,0,0,0,1,0,0,0,1,1,1,1,0,0,1,0,1,1,1,1,1,1,1,0,1,1,0,0
46,0,37.327069,-121.916819,27023,5,25,6.45,19,61.6,1611.0,44.9,0,161.25,3,1,0,0,1,0,1,0,0,0,0,0,1,0,1,0,0,0,1,1,1,0,0,0,0,1,1,0,1,0,0,0
58,0,37.375156,-121.795867,60620,0,12,44.78,12,49.05,593.05,29.32,0,537.36,5,1,0,0,0,0,0,0,0,0,0,0,1,0,1,1,0,0,0,1,0,0,0,0,0,1,0,0,1,0,0,0
29,0,37.277592,-121.986477,13481,4,23,11.4,58,66.25,1533.8,23.92,0,262.2,4,0,1,0,1,0,1,0,0,0,0,0,1,0,1,1,0,0,1,1,1,1,0,0,0,1,1,0,1,1,0,0
26,0,37.387027,-121.897775,26389,0,27,20.66,0,19.4,529.8,0.0,0,557.82,5,1,1,0,0,0,0,0,0,0,0,0,1,0,0,0,0,1,0,0,0,0,0,0,0,0,0,0,1,0,0,0
45,2,37.371862,-121.860349,26032,9,26,43.84,0,19.15,515.75,0.0,0,1139.84,5,1,0,0,1,1,1,0,0,0,0,0,1,0,0,0,0,1,0,0,0,0,0,0,0,0,0,1,1,1,0,0
58,1,37.270938,-121.851046,36944,0,2,21.18,0,19.25,48.35,0.0,0,42.36,3,1,0,0,0,1,0,0,0,0,0,0,1,0,0,0,0,1,0,0,0,0,0,0,0,0,0,0,0,1,0,0
23,3,37.246064,-121.749494,14792,10,26,42.95,27,81.95,2070.05,0.0,0,1116.7,3,0,1,0,1,1,1,0,0,0,0,0,1,0,1,0,1,0,1,1,0,0,0,0,0,1,0,0,0,0,0,0
40,2,37.382909,-121.634151,38,7,63,46.9,0,20.0,1209.25,0.0,0,2954.7,5,0,0,0,1,1,1,0,1,0,0,0,1,0,0,0,0,1,0,0,0,0,0,0,0,0,0,1,0,1,0,0
52,2,37.339533,-121.777179,44103,9,71,23.34,0,19.8,1396.25,0.0,0,1657.14,4,1,0,0,1,1,1,1,0,0,0,0,1,0,0,0,0,1,0,0,0,0,0,0,0,0,0,1,0,1,0,0
19,2,37.959706,-121.287669,7071,7,11,16.71,59,65.15,723.35,0.0,0,183.81,3,1,1,0,1,1,1,0,0,0,0,0,1,1,1,1,0,0,1,0,0,0,1,0,0,1,0,0,1,0,0,0
30,0,37.974498,-121.319568,30476,0,13,37.03,52,88.95,1161.75,0.0,0,481.39,3,0,0,0,0,0,0,0,0,0,0,0,1,1,1,1,0,0,1,1,1,1,1,1,1,1,0,1,0,1,0,0
38,2,37.965695,-121.260051,34138,0,6,16.91,0,20.2,98.35,0.0,0,101.46,4,1,0,0,0,1,0,0,0,0,0,0,1,0,0,0,0,1,0,0,0,0,0,0,0,0,0,0,1,1,0,0
19,0,38.002125,-121.324979,49965,5,18,1.28,30,56.8,1074.65,0.0,0,23.04,5,1,1,0,1,0,1,0,0,0,0,0,1,1,1,1,0,0,0,1,0,0,0,0,0,1,0,0,0,1,0,0
21,0,38.033219,-121.297433,40611,6,32,19.3,47,75.5,2324.7,0.0,0,617.6,3,0,1,0,1,0,1,0,0,1,0,0,1,0,1,0,1,0,1,0,0,0,0,0,0,1,0,0,1,0,0,0
46,0,38.049457,-121.21653,6951,0,29,0.0,8,35.6,1072.6,0.0,0,0.0,4,1,0,0,0,0,0,0,0,1,0,0,0,0,1,1,0,0,1,0,0,1,0,0,0,1,1,0,0,0,1,0
62,0,37.946282,-121.139499,23789,0,3,20.1,29,60.25,170.5,0.0,70,60.3,4,0,0,0,0,0,0,0,0,0,0,0,1,1,1,1,0,0,0,0,0,0,1,0,0,0,0,0,1,0,0,0
59,0,38.071327,-120.632221,4264,0,41,0.0,21,40.35,1677.85,0.0,0,0.0,5,0,0,0,0,0,0,0,1,0,0,0,0,0,1,0,0,0,0,1,0,0,0,1,1,1,0,0,1,0,0,0
59,0,38.32153,-120.236358,5159,0,1,7.8,0,18.85,18.85,0.0,0,7.8,4,0,0,0,0,0,0,0,0,0,0,0,1,0,0,0,0,1,0,0,0,0,0,0,0,0,0,0,0,0,0,0
57,0,38.208336,-120.339938,115,0,7,5.61,24,54.85,370.4,0.0,0,39.27,3,1,0,0,0,0,0,0,0,0,0,0,1,0,1,1,0,0,0,0,0,0,1,0,0,1,0,0,0,0,1,0
36,0,38.183918,-120.898817,27,0,52,4.22,18,64.3,3410.6,0.0,0,219.44,4,0,0,0,1,0,0,0,1,0,0,0,1,0,1,1,0,0,1,0,1,0,1,0,0,1,1,0,1,0,1,0
48,1,38.233879,-120.861666,75,7,45,20.11,0,24.65,1138.8,0.0,0,904.95,4,0,0,0,1,1,1,0,1,0,0,0,1,1,0,0,0,1,0,0,0,0,0,0,0,0,0,1,1,0,0,0
55,0,38.227285,-121.02789,722,4,70,33.37,9,76.1,5264.25,0.0,110,2335.9,4,1,0,0,1,0,1,1,0,0,0,0,1,1,1,1,0,0,0,1,1,1,1,0,0,0,0,1,0,1,0,0
62,0,37.943954,-120.67108,2633,0,53,10.32,0,18.7,1005.7,0.0,0,546.96,5,0,0,0,0,0,0,0,1,0,0,0,1,0,0,0,0,1,0,0,0,0,0,0,0,0,0,1,0,0,1,0
44,0,37.873283,-121.292034,5094,8,60,15.54,19,94.1,5475.9,0.0,0,932.4,3,0,0,0,1,0,1,0,1,0,0,0,1,1,1,0,1,0,1,1,0,0,0,1,1,1,0,0,1,1,0,0
63,0,38.166791,-121.14207,3205,0,67,5.39,9,72.35,4991.5,0.0,0,361.13,3,0,0,0,0,0,0,0,0,0,0,0,1,0,1,0,0,0,1,0,1,1,0,1,1,1,1,0,1,0,0,0
41,0,38.304194,-120.592431,2718,0,25,7.17,0,19.9,510.8,0.0,0,179.25,3,1,0,0,0,0,0,0,0,1,0,0,1,0,0,0,0,1,0,0,0,0,0,0,0,0,1,0,0,1,0,0
56,0,38.264262,-120.515133,1692,0,5,49.4,22,53.8,283.95,0.0,10,247.0,4,0,0,0,0,0,0,0,0,0,0,0,1,1,1,0,0,0,1,0,0,0,0,0,0,0,0,0,1,0,0,0
29,0,38.147852,-120.440124,4353,0,26,24.67,59,51.55,1295.4,0.0,0,641.4200000000001,3,1,1,0,0,0,0,0,0,1,0,0,1,1,1,0,0,0,0,0,0,0,0,0,0,1,1,0,1,1,0,0
21,0,38.196497,-120.61689,3930,1,1,23.41,0,19.65,19.65,0.0,0,23.41,3,1,1,0,1,0,1,0,0,0,0,1,1,0,0,0,0,1,0,0,0,0,0,0,0,0,1,0,0,0,1,0
60,3,38.055562,-120.456298,460,1,72,32.47,76,114.0,8093.15,0.0,0,2337.84,3,1,0,0,1,1,1,0,0,0,0,0,1,1,1,0,1,0,1,1,1,1,1,1,1,1,0,1,1,0,0,0
33,0,38.392686,-120.415951,435,0,14,21.03,7,54.25,773.2,0.0,0,294.42,5,0,0,0,0,0,0,0,0,0,1,0,1,1,1,1,0,0,0,1,0,0,0,0,0,1,1,0,1,0,1,0
59,0,38.169605,-121.310964,4176,0,13,33.69,15,80.0,1029.35,0.0,0,437.97,3,0,0,0,0,0,0,0,0,0,1,0,1,1,1,0,1,0,1,0,0,0,0,0,0,0,0,0,1,1,0,0
56,0,37.4695,-120.672724,809,0,46,46.83,2,79.2,3593.8,0.0,0,2154.18,4,0,0,0,0,0,0,0,1,0,0,0,1,1,1,1,0,0,1,0,1,0,1,1,1,1,0,1,0,0,1,0
59,0,37.553469,-120.952825,32881,0,39,3.93,15,49.8,1971.15,0.0,0,153.27,4,1,0,0,0,0,0,0,0,1,0,0,1,0,1,1,0,0,0,0,0,1,0,0,0,1,0,1,1,0,0,0
56,0,37.722127,-120.110174,2271,0,57,0.0,30,53.75,3196.0,0.0,0,0.0,4,1,0,0,0,0,0,0,1,0,0,0,0,0,1,1,0,0,1,0,1,0,1,1,1,1,0,0,1,0,0,0
29,0,37.420273,-120.66527,55,1,53,38.35,82,93.45,4872.2,0.0,0,2032.55,4,0,1,0,1,0,1,0,1,0,0,0,1,0,1,0,1,0,0,0,0,1,1,1,1,1,1,0,1,0,0,0
32,1,37.435664,-121.049056,1508,1,18,24.16,19,87.9,1500.5,0.0,0,434.88,4,1,0,0,1,1,1,0,0,0,1,0,1,0,1,0,1,0,1,0,1,0,1,0,0,1,0,0,1,0,1,0
59,0,37.524721,-120.757977,5513,1,58,26.36,8,61.05,3478.75,0.0,0,1528.88,4,0,0,0,1,0,1,0,1,0,0,0,1,1,1,1,0,0,1,0,0,1,0,0,0,0,1,0,1,0,0,0
38,0,37.654551,-119.822984,579,0,35,36.42,2,99.25,3532.0,0.0,0,1274.7,3,0,0,0,0,0,0,0,0,1,0,0,1,0,1,0,1,0,0,0,1,1,1,1,1,1,1,0,1,0,0,0
21,0,37.818543,-121.006907,11474,0,3,29.84,30,85.7,256.75,0.0,0,89.52,5,1,1,0,0,0,0,0,0,0,0,1,1,0,1,0,1,0,0,0,1,0,0,1,1,1,0,0,0,1,0,0
47,0,37.902968,-119.667544,3680,0,38,4.34,26,104.85,3887.25,0.0,0,164.92,4,1,0,0,0,0,0,0,0,1,0,0,1,1,1,0,1,0,1,1,0,0,1,1,1,1,1,0,1,0,0,0
60,0,37.147198,-121.120161,7872,0,35,5.06,20,69.15,2490.15,0.0,0,177.1,3,1,0,0,1,0,0,0,0,1,0,0,1,1,1,0,0,0,1,1,1,1,0,0,0,1,0,1,1,1,0,0
33,0,37.394536,-120.890747,7177,0,47,3.47,12,74.45,3510.3,0.0,0,163.09,3,0,0,0,0,0,0,0,1,0,0,0,1,0,1,1,0,0,0,0,1,1,1,1,1,1,0,1,0,1,0,0
25,0,37.479926,-120.230424,128,0,14,39.22,48,50.45,765.45,0.0,140,549.0799999999999,5,0,1,0,0,0,0,0,0,0,1,0,1,0,1,1,0,0,0,1,0,0,0,0,0,0,0,0,0,0,0,0
58,0,37.84771,-120.486589,9559,1,66,42.85,21,85.25,5538.35,0.0,0,2828.1,4,1,0,0,1,0,1,0,0,0,0,0,1,1,1,1,0,0,1,1,0,1,1,1,1,1,0,1,0,0,0,0
26,0,37.555631,-120.911653,2130,1,15,39.84,0,19.45,340.85,0.0,0,597.6,5,1,1,0,1,0,1,0,0,0,1,0,1,0,0,0,0,1,0,0,0,0,0,0,0,0,0,0,1,1,0,0
24,0,37.666587,-120.411517,1749,0,42,18.31,0,20.75,844.45,0.0,0,769.02,3,0,1,0,0,0,0,0,1,0,0,0,1,0,0,0,0,1,0,0,0,0,0,0,0,0,0,1,1,0,0,0
53,0,37.80821,-121.308401,10834,1,17,21.15,4,78.9,1348.95,0.0,0,359.54999999999995,3,0,0,0,1,0,1,0,0,0,1,0,1,1,1,0,1,0,1,0,0,0,0,0,0,1,0,0,0,0,0,0
26,0,37.249377,-120.249581,3256,0,37,38.72,59,104.5,3778.0,0.0,0,1432.64,3,1,1,0,0,0,0,0,0,1,0,0,1,1,1,0,1,0,0,1,0,1,1,1,1,1,1,0,1,1,0,0
20,0,37.361987,-120.748394,12672,0,12,17.14,48,49.4,611.65,0.0,90,205.68,3,0,1,0,0,0,0,0,0,0,1,0,1,0,1,1,0,0,0,1,0,0,0,0,0,0,0,0,1,0,0,0
63,0,37.830267,-121.201018,36738,0,60,39.41,0,25.0,1505.05,0.0,0,2364.6,3,0,0,0,0,0,0,0,1,0,0,0,1,1,0,0,0,1,0,0,0,0,0,0,0,0,0,1,0,0,1,0
26,2,37.750822,-121.238423,19867,9,18,0.0,52,25.55,467.85,0.0,0,0.0,3,1,1,0,1,1,1,0,0,0,1,0,0,0,1,1,0,0,0,0,0,0,0,0,0,1,0,0,0,1,0,0
56,0,37.255637,-120.493537,59289,0,3,5.63,15,70.15,194.2,0.0,0,16.89,3,0,0,0,0,0,0,0,0,0,0,0,1,0,1,0,1,0,0,0,0,0,0,0,0,1,0,0,1,0,0,0
23,3,37.581496,-119.972762,433,0,9,16.77,73,69.4,571.45,0.0,0,150.93,3,0,1,0,0,1,0,0,0,0,0,1,1,0,1,0,0,0,0,0,0,1,1,1,1,1,0,0,1,1,0,0
45,0,37.40122,-120.514191,23100,1,56,40.33,9,93.15,5253.95,0.0,0,2258.48,3,1,0,0,1,0,1,0,1,0,0,0,1,1,1,0,1,0,1,1,1,0,0,0,0,1,1,0,1,0,0,0
25,0,37.639029,-120.964772,27135,0,7,8.95,52,69.55,521.35,0.0,0,62.64999999999999,3,1,1,0,0,0,0,0,0,0,0,1,1,0,1,0,1,0,0,0,0,0,0,0,0,1,0,0,1,0,0,0
28,2,37.672906,-120.946594,47613,5,69,42.49,0,20.2,1412.65,0.0,0,2931.81,5,0,1,0,1,1,1,0,0,0,0,0,1,0,0,0,0,1,0,0,0,0,0,0,0,0,0,1,0,0,0,0
42,3,37.612612,-121.108568,30668,3,54,19.7,0,20.4,1090.6,0.0,0,1063.8,4,1,0,0,1,1,1,0,0,0,0,0,1,0,0,0,0,1,0,0,0,0,0,0,0,0,0,1,0,1,0,0
26,0,37.343846,-121.039391,8504,6,62,32.28,0,23.75,1446.8,0.0,0,2001.36,4,1,1,0,1,0,1,0,0,0,0,0,1,1,0,0,0,1,0,0,0,0,0,0,0,0,1,0,1,1,0,0
25,3,37.410236,-121.320337,15536,9,62,36.54,41,70.45,4300.45,0.0,0,2265.48,5,0,1,0,1,1,1,0,0,0,0,0,1,1,1,1,0,0,0,0,0,0,1,1,1,1,0,0,1,1,0,0
47,0,38.224869,-119.755729,235,0,17,47.45,5,65.75,1111.2,0.0,0,806.6500000000001,4,1,0,0,0,0,0,0,0,0,1,0,1,1,1,1,0,0,1,0,0,0,0,1,1,1,0,0,0,0,0,0
24,0,37.329725,-120.306399,4150,0,9,0.0,52,24.6,190.1,0.0,0,0.0,5,1,1,0,0,0,0,0,0,0,0,1,0,0,1,1,0,0,0,0,0,0,0,0,0,1,0,0,1,0,1,0
30,0,37.750778,-121.13238,12646,4,64,25.74,51,69.25,4447.75,0.0,0,1647.36,4,1,0,0,1,0,1,0,0,0,0,0,1,0,1,1,0,0,1,0,1,1,1,0,0,1,0,1,0,0,1,0
64,0,37.982716,-120.343732,25340,3,72,24.42,0,24.65,1830.05,0.0,0,1758.2400000000002,5,0,0,0,1,0,1,0,0,0,0,0,1,1,0,0,0,1,0,0,0,0,0,0,0,0,0,1,0,0,0,0
62,0,37.990574,-120.261821,1519,0,30,7.19,18,90.4,2820.65,0.0,0,215.7,4,1,0,0,0,0,0,0,0,1,0,0,1,1,1,0,1,0,1,1,1,0,0,0,0,1,1,0,0,0,0,0
56,0,37.316807,-120.855753,1960,3,49,44.81,10,100.85,4847.35,0.0,0,2195.69,3,0,0,0,1,0,1,0,0,0,0,0,1,1,1,0,1,0,1,0,0,0,1,1,1,1,0,0,1,0,1,0
21,0,37.680968,-121.446049,69801,10,61,28.8,52,75.35,4729.3,0.0,0,1756.8,4,1,1,0,1,0,1,0,0,0,0,0,1,1,1,0,0,0,1,0,1,1,0,1,1,1,0,1,0,1,0,0
54,1,37.939768,-120.188002,3979,7,47,1.09,13,87.2,4017.45,0.0,0,51.23,3,1,0,0,1,1,1,0,0,0,0,0,1,1,1,0,1,0,0,1,0,0,1,0,0,1,0,0,0,0,0,0
64,0,37.474396,-120.875917,40545,0,20,12.6,29,64.4,1398.6,0.0,0,252.0,3,1,0,0,0,0,0,0,0,0,1,0,1,0,1,1,0,0,1,0,1,0,0,1,1,1,0,0,0,1,0,0
43,2,38.107441,-120.230625,4848,8,70,30.33,0,24.7,1685.9,0.0,0,2123.1,4,0,0,0,1,1,1,0,0,0,0,0,1,1,0,0,0,1,0,0,0,0,0,0,0,0,0,1,0,0,0,0
58,1,37.609095,-121.263381,274,0,54,20.93,11,105.85,5826.65,0.0,10,1130.22,4,1,0,0,0,1,0,0,0,0,0,0,1,0,1,0,1,0,1,1,0,1,1,1,1,0,1,0,1,0,0,0
39,0,37.421299,-120.599587,11463,0,13,22.31,0,19.45,270.2,0.0,0,290.03,5,1,0,0,0,0,0,0,0,0,1,0,1,0,0,0,0,1,0,0,0,0,0,0,0,0,1,0,0,0,1,0
25,2,38.460517,-122.790335,36125,9,3,11.47,51,58.7,168.6,0.0,0,34.410000000000004,3,0,1,0,1,1,1,0,0,0,0,1,1,0,1,1,0,0,0,1,0,0,1,0,0,1,0,0,1,1,0,0
43,0,38.488431,-122.752839,40270,0,25,17.64,0,20.15,536.35,0.0,0,441.0,5,1,0,0,0,0,0,0,0,1,0,0,1,0,0,0,0,1,0,0,0,0,0,0,0,0,0,0,1,0,1,0
58,0,38.526941,-122.709096,35057,0,30,2.64,15,64.5,1888.45,0.0,0,79.2,3,1,0,0,0,0,0,0,0,0,0,0,1,1,1,1,0,0,1,0,0,0,0,1,1,1,0,0,1,0,1,0
20,0,38.439696,-122.668817,22250,8,21,0.0,59,28.5,629.35,0.0,0,0.0,4,0,1,0,1,0,1,0,0,0,1,0,0,0,1,1,0,0,1,0,0,0,0,0,0,1,0,0,0,0,0,0
63,1,38.731055,-123.316553,747,9,45,47.48,20,105.15,4730.9,0.0,0,2136.6,4,0,0,0,1,1,1,0,0,0,0,0,1,1,1,0,1,0,1,1,0,0,1,1,1,1,0,0,1,0,0,0
60,3,39.025867,-123.381544,1374,6,24,41.45,53,83.15,2033.05,0.0,0,994.8,5,0,0,0,1,1,1,0,0,0,0,0,1,1,1,0,1,0,0,1,1,0,0,0,0,1,1,0,0,0,0,0
60,0,38.578807,-123.19338,1575,10,56,10.13,13,103.2,5744.35,0.0,0,567.2800000000001,5,0,0,0,1,0,1,0,0,0,0,0,1,1,1,0,1,0,0,0,1,1,1,1,1,1,0,1,0,0,0,0
62,0,39.07116,-122.598542,3684,0,1,46.59,0,19.45,19.45,0.0,0,46.59,3,1,0,0,0,0,0,0,0,0,0,1,1,0,0,0,0,1,0,0,0,0,0,0,0,0,0,0,0,0,0,0
39,0,39.83307,-123.178765,2296,9,72,10.87,24,85.9,6110.75,0.0,0,782.64,4,0,0,0,1,0,1,0,0,0,0,0,1,1,1,1,0,0,1,0,1,1,1,1,1,1,0,1,1,1,0,0
57,0,38.445603,-123.063756,187,0,47,3.49,0,20.15,1046.2,0.0,0,164.03,3,0,0,0,0,0,0,0,0,0,0,0,1,0,0,0,0,1,0,0,0,0,0,0,0,0,0,1,0,1,0,0
22,0,39.108252,-123.645121,383,0,2,18.62,51,50.3,92.75,0.0,0,37.24,5,1,1,0,0,0,0,0,0,0,0,1,1,0,1,1,0,0,0,1,0,0,0,0,0,1,0,0,1,1,0,0
49,0,38.499302,-122.92444,6216,0,2,26.58,23,80.15,194.55,0.0,0,53.16,3,0,0,0,1,0,0,0,0,0,0,1,1,0,1,0,1,0,1,0,0,1,0,0,0,1,0,0,1,0,0,0
26,0,39.455555,-123.683979,14417,1,12,46.88,73,51.25,612.1,0.0,0,562.5600000000001,3,0,1,0,1,0,1,0,0,0,1,0,1,0,1,0,0,0,0,1,0,0,0,0,0,1,0,0,1,0,0,0
61,1,38.731771,-123.064272,2349,6,69,12.02,30,95.2,6671.7,0.0,0,829.38,4,1,0,0,1,1,1,0,0,0,0,0,1,0,1,0,1,0,0,0,0,1,1,1,1,1,0,1,1,1,0,0
47,0,38.434362,-122.86891,390,4,64,6.59,20,76.1,4818.8,0.0,0,421.76,4,1,0,0,1,0,1,0,0,0,0,0,1,1,1,0,0,0,0,1,1,1,1,0,0,1,0,1,1,0,0,0
56,3,38.52576,-123.013347,4913,3,62,40.66,21,115.55,7159.05,0.0,0,2520.92,3,1,0,0,1,1,1,0,0,0,0,0,1,1,1,0,1,0,1,1,1,1,1,1,1,1,0,1,0,0,0,0
23,2,38.618347,-122.908422,17979,5,63,28.92,0,24.65,1574.5,0.0,0,1821.96,4,1,1,0,1,1,1,0,0,0,0,0,1,1,0,0,0,1,0,0,0,0,0,0,0,0,0,1,0,1,0,0
34,0,38.93706,-123.118111,1373,0,53,0.0,25,53.6,2879.2,0.0,0,0.0,3,0,0,0,0,0,0,0,0,0,0,0,0,0,1,1,0,0,1,1,1,1,1,0,0,1,1,0,1,0,0,0
20,1,38.505995,-123.187019,438,10,5,8.04,0,19.45,86.05,0.0,0,40.2,3,1,1,0,1,1,1,0,0,0,0,0,1,0,0,0,0,1,0,0,0,0,0,0,0,0,0,0,0,1,0,0
32,3,38.419525,-122.521585,1653,4,62,28.64,52,101.15,6638.35,0.0,30,1775.68,3,0,0,0,1,1,1,0,0,0,0,0,1,1,1,0,1,0,1,0,0,0,1,1,1,0,0,1,1,0,0,0
28,0,39.080469,-122.955176,11180,5,55,2.36,69,56.8,3112.05,0.0,0,129.79999999999998,4,0,1,0,1,0,1,0,0,0,0,0,1,0,1,1,0,0,1,1,0,1,0,0,0,1,0,1,0,1,0,0
25,2,39.245911,-123.77214,882,6,72,22.05,0,20.1,1326.25,0.0,0,1587.6,4,0,1,0,1,1,1,0,0,0,0,0,1,0,0,0,0,1,0,0,0,0,0,0,0,0,0,1,1,1,0,0
59,0,38.925545,-122.549083,2644,7,36,0.0,24,60.7,2234.55,0.0,0,0.0,3,1,0,0,1,0,1,0,0,0,0,0,0,0,1,1,0,0,1,0,1,1,1,1,1,1,1,0,0,1,0,0
47,0,39.141934,-122.770679,3002,3,25,25.08,0,20.95,495.15,0.0,0,627.0,4,1,0,0,1,0,1,0,0,0,0,0,1,0,0,0,0,1,0,0,0,0,0,0,0,0,1,0,1,0,0,0
44,0,39.305545,-123.743697,2229,0,36,49.85,0,19.25,679.8,0.0,0,1794.6,3,0,0,0,0,0,0,0,0,0,0,0,1,0,0,0,0,1,0,0,0,0,0,0,0,0,1,0,1,0,0,0
55,0,38.787446,-122.58675,7789,0,1,42.19,29,62.8,62.8,0.0,0,42.19,5,1,0,0,0,0,0,0,0,0,0,0,1,0,1,0,0,0,0,0,0,0,1,1,1,1,0,0,1,1,0,0
25,0,38.471049,-123.015549,1537,0,72,21.96,59,105.5,7544.0,0.0,0,1581.12,3,0,1,0,1,0,0,0,0,0,0,0,1,1,1,0,1,0,1,0,1,0,1,1,1,1,0,1,1,0,0,0
50,1,39.182916,-123.552571,148,2,59,41.19,0,19.85,1188.25,0.0,0,2430.21,3,1,0,0,1,1,1,0,0,0,0,0,1,0,0,0,0,1,0,0,0,0,0,0,0,0,0,1,0,1,0,0
54,0,38.415003,-122.998726,1880,0,1,36.05,30,74.1,74.1,0.0,0,36.05,5,0,0,0,0,0,0,0,0,0,0,0,1,0,1,1,0,0,0,0,1,1,1,1,1,1,1,0,0,1,0,0
62,2,39.094102,-123.500853,1113,9,30,24.56,18,107.5,3242.5,0.0,0,736.8,4,0,0,0,1,1,1,0,0,0,0,0,1,1,1,0,1,0,0,1,1,1,1,1,1,1,0,0,1,0,0,0
42,0,38.911299,-123.609588,1352,0,64,38.96,0,19.55,1240.15,0.0,0,2493.44,3,1,0,0,0,0,0,0,0,0,0,0,1,0,0,0,0,1,0,0,0,0,0,0,0,0,0,1,0,1,0,0
20,0,39.408634,-123.045516,1884,0,63,38.37,59,68.8,4111.35,0.0,0,2417.31,3,1,1,0,0,0,0,0,0,0,0,0,1,1,1,0,0,0,1,1,1,1,0,0,0,1,1,0,0,0,0,0
60,0,38.398815,-122.861923,31266,0,62,6.05,22,84.5,5193.2,0.0,0,375.1,4,0,0,0,0,0,0,0,0,0,0,0,1,1,1,1,0,0,0,1,1,1,1,1,1,1,0,1,0,0,0,0
19,1,38.25485,-122.461799,34314,6,67,40.96,47,111.2,7530.8,0.0,0,2744.32,4,1,1,0,1,1,1,0,0,0,0,0,1,1,1,0,1,0,0,1,1,1,1,1,1,1,0,1,1,0,0,0
37,0,39.220368,-122.907693,2344,5,70,43.81,17,80.6,5460.2,0.0,0,3066.7000000000003,3,0,0,0,1,0,1,0,0,0,0,0,1,1,1,1,0,0,1,0,0,1,1,1,1,1,0,1,1,0,0,0
50,0,39.492046,-123.375818,13472,0,5,19.3,25,75.6,402.5,0.0,10,96.5,3,0,0,0,0,0,0,0,0,0,0,0,1,1,1,0,1,0,0,0,0,0,0,0,0,0,0,0,0,0,0,0
42,0,38.527297,-122.810044,23701,6,24,0.0,27,57.6,1367.75,0.0,0,0.0,4,0,0,0,1,0,1,0,0,0,0,0,0,0,1,1,0,0,1,1,1,0,1,1,1,1,1,0,0,0,0,0
55,0,38.888351,-123.239647,335,7,72,4.32,18,110.6,7962.2,0.0,0,311.04,3,1,0,0,1,0,1,0,0,0,0,0,1,1,1,0,1,0,0,1,1,1,1,1,1,1,0,1,1,1,0,0
26,0,38.696659,-123.436861,752,9,66,24.27,59,58.2,3810.8,0.0,0,1601.82,3,0,1,0,1,0,1,0,0,0,0,0,1,0,1,0,0,0,1,1,0,1,0,0,0,1,0,1,1,1,0,0
41,0,40.796621,-124.15428,23224,10,45,26.01,29,81.0,3533.6,0.0,0,1170.45,3,0,0,0,1,0,1,0,0,0,0,0,1,0,1,0,0,0,1,0,1,1,1,1,1,1,0,1,1,1,0,0
47,3,40.737431,-124.108897,23570,5,69,38.39,0,19.7,1396.9,0.0,0,2648.91,5,0,0,0,1,1,1,0,0,0,0,0,1,0,0,0,0,1,0,0,0,0,0,0,0,0,0,1,0,0,0,0
57,0,40.309088,-123.668201,199,0,28,38.97,3,59.55,1646.45,0.0,0,1091.16,3,0,0,0,0,0,0,0,0,0,0,0,1,0,1,0,0,0,0,0,1,0,1,0,0,1,0,0,1,0,0,0
48,0,40.839958,-124.003757,19596,0,36,32.0,23,75.55,2680.15,0.0,100,1152.0,4,0,0,0,0,0,0,0,0,0,0,0,1,0,1,0,0,0,1,1,1,1,0,1,1,0,1,0,1,1,0,0
32,0,40.854512,-123.450097,485,6,42,0.0,26,45.1,2049.05,0.0,0,0.0,4,1,0,0,1,0,1,0,0,0,0,0,0,0,1,1,0,0,0,1,1,0,0,1,1,1,1,0,1,1,0,0
50,0,40.497283,-123.93037,1072,0,48,44.76,18,70.95,3629.2,0.0,0,2148.48,3,1,0,0,0,0,0,0,1,0,0,0,1,1,1,1,0,0,1,0,0,1,0,1,1,1,1,0,1,0,0,0
32,1,40.726949,-124.217378,228,3,11,2.52,0,20.9,202.3,0.0,0,27.72,5,0,0,0,1,1,1,0,0,0,1,0,1,0,0,0,0,1,0,0,0,0,0,0,0,0,0,1,0,1,0,0
47,0,40.584991,-124.121504,12241,0,7,13.86,0,19.95,147.5,0.0,0,97.02,3,1,0,0,0,0,0,0,0,0,0,0,1,0,0,0,0,1,0,0,0,0,0,0,0,0,0,0,1,1,0,0
27,0,40.057784,-123.679461,2423,0,3,26.33,0,24.6,86.35,0.0,0,78.99,4,0,1,0,0,0,0,0,0,0,0,0,1,1,0,0,0,1,0,0,0,0,0,0,0,0,0,0,0,1,0,0
47,0,41.867908,-123.794144,532,0,8,41.13,27,66.7,579.0,0.0,0,329.04,3,1,0,0,0,0,0,0,0,0,0,0,1,0,1,1,0,0,1,0,1,0,0,1,1,1,0,0,1,0,0,0
42,3,41.163637,-123.704841,3041,1,32,43.37,76,94.8,3131.55,0.0,40,1387.84,4,1,0,0,1,1,1,0,0,0,0,0,1,0,1,0,1,0,1,1,1,0,0,1,1,0,1,0,0,1,0,0
35,0,40.557314,-124.081662,1201,4,60,43.57,30,65.85,3928.3,0.0,0,2614.2,3,1,0,0,1,0,1,0,1,0,0,0,1,0,1,1,0,0,1,1,1,1,0,0,0,1,1,0,1,0,0,0
21,0,41.572813,-124.035011,1215,9,10,49.6,0,19.95,187.75,0.0,0,496.0,4,0,1,0,1,0,1,0,0,0,1,0,1,0,0,0,0,1,0,0,0,0,0,0,0,0,0,0,1,0,0,0
33,0,40.664483,-123.865325,264,5,71,43.37,0,24.65,1710.15,0.0,0,3079.27,4,0,0,0,1,0,1,0,0,0,0,0,1,1,0,0,0,1,0,0,0,0,0,0,0,0,0,1,1,0,0,0
61,0,40.390301,-123.412327,265,2,43,0.0,6,51.25,2151.6,0.0,0,0.0,3,0,0,0,1,0,1,0,1,0,0,0,0,0,1,0,0,0,1,1,0,1,1,0,0,1,1,0,1,0,0,0
47,0,40.267158,-123.805913,644,6,23,38.93,4,54.25,1221.55,0.0,0,895.39,5,0,0,0,1,0,1,0,0,0,1,0,1,0,1,0,0,0,0,0,1,1,0,0,0,1,0,0,0,0,0,0
28,0,41.336354,-124.044354,494,8,72,12.87,0,19.4,1496.45,0.0,0,926.64,3,0,1,0,1,0,1,0,0,0,0,0,1,0,0,0,0,1,0,0,0,0,0,0,0,0,0,1,0,0,0,0
56,0,41.269521,-123.546958,574,8,22,7.68,7,56.25,1292.2,0.0,100,168.95999999999998,4,1,0,0,1,0,1,0,0,0,1,0,1,0,1,1,0,0,1,0,0,1,0,0,0,0,1,0,1,1,0,0
19,0,40.274302,-124.210902,300,0,1,0.0,52,25.15,25.15,0.0,0,0.0,5,0,1,0,0,0,0,0,0,0,0,0,0,0,1,0,0,0,0,0,0,0,0,0,0,1,0,0,1,1,0,0
57,0,40.184094,-123.745487,163,0,69,22.24,0,23.95,1713.1,0.0,0,1534.56,3,1,0,0,0,0,0,0,0,0,0,0,1,1,0,0,0,1,0,0,0,0,0,0,0,0,0,1,0,0,0,0
45,0,40.142256,-123.852927,1851,0,50,0.0,7,35.4,1748.9,0.0,0,0.0,3,1,0,0,0,0,0,0,1,0,0,0,0,0,1,1,0,0,1,0,0,1,0,0,0,1,1,0,1,1,0,0
22,0,40.809636,-124.189977,395,6,15,30.09,71,75.35,1114.55,0.0,0,451.35,5,0,1,0,1,0,1,0,0,0,0,0,1,0,1,0,1,0,0,1,0,0,0,0,0,1,0,0,0,0,0,0
56,0,40.440636,-124.098739,1125,0,31,25.58,0,20.4,609.1,0.0,0,792.9799999999999,3,1,0,0,0,0,0,0,0,0,0,0,1,0,0,0,0,1,0,0,0,0,0,0,0,0,0,1,0,0,0,0
64,0,40.363446,-123.835041,400,2,10,0.0,8,56.05,560.5,0.0,0,0.0,4,0,0,0,1,0,1,0,0,0,0,0,0,0,1,1,0,0,1,1,1,1,1,0,0,1,0,1,0,1,0,0
55,0,40.310119,-123.909449,270,0,8,23.46,0,20.0,141.6,0.0,0,187.68,3,0,0,0,0,0,0,0,0,0,0,0,1,0,0,0,0,1,0,0,0,0,0,0,0,0,0,1,0,1,0,0
20,0,40.949012,-123.655847,1666,5,64,26.64,71,73.05,4688.65,0.0,0,1704.96,3,1,1,0,1,0,1,0,1,0,0,0,1,0,1,1,0,0,1,0,1,0,1,1,1,1,1,0,1,1,0,0
27,0,39.873371,-123.741474,321,3,28,42.33,0,20.5,563.05,0.0,0,1185.24,4,0,1,0,1,0,1,0,0,0,0,0,1,0,0,0,0,1,0,0,0,0,0,0,0,0,0,0,0,1,0,0
39,0,39.955587,-123.681175,200,5,57,3.72,11,100.75,5985.0,0.0,0,212.04,3,0,0,0,1,0,1,0,1,0,0,0,1,1,1,0,1,0,0,0,1,0,1,1,1,1,1,0,1,1,0,0
58,0,40.170357,-123.417298,259,0,19,19.1,0,19.95,373.5,0.0,0,362.9,4,1,0,0,0,0,0,0,0,0,0,0,1,0,0,0,0,1,0,0,0,0,0,0,0,0,0,1,1,1,0,0
21,0,38.99003,-121.114408,18197,0,51,0.0,42,49.65,2553.35,0.0,0,0.0,3,0,1,0,1,0,0,0,1,0,0,0,0,0,1,1,0,0,0,1,0,0,1,1,1,1,0,0,1,0,0,0
51,0,38.912881,-121.082766,24944,5,67,22.83,22,65.65,4322.85,0.0,0,1529.61,3,0,0,0,1,0,1,0,0,0,0,0,1,1,1,0,0,0,1,1,1,0,0,0,0,1,0,1,0,1,0,0
43,2,38.592745,-121.540036,12756,3,11,16.67,0,20.45,250.8,0.0,0,183.37,5,1,0,0,1,1,1,0,0,0,0,0,1,0,0,0,0,1,0,0,0,0,0,0,0,0,0,0,1,0,0,0
38,0,38.809804,-122.241383,382,8,72,0.0,15,60.95,4549.05,0.0,0,0.0,4,1,0,0,1,0,1,0,0,0,0,0,0,0,1,0,0,0,1,0,1,1,1,1,1,1,0,1,0,0,0,0
59,0,38.681651,-122.130569,262,9,66,45.03,0,20.35,1359.5,0.0,0,2971.98,5,1,0,0,1,0,1,1,0,0,0,0,1,0,0,0,0,1,0,0,0,0,0,0,0,0,1,0,1,0,0,0
43,0,38.69508,-121.271616,43718,0,9,46.94,0,19.5,178.85,0.0,0,422.46,4,0,0,0,0,0,0,0,0,0,0,0,1,0,0,0,0,1,0,0,0,0,0,0,0,0,0,0,1,0,0,0
59,0,38.384648,-121.578701,1417,0,9,9.27,28,75.2,633.85,0.0,0,83.42999999999999,5,0,0,0,0,0,0,0,0,0,0,0,1,1,1,0,1,0,0,0,0,0,0,0,0,1,0,0,1,1,0,0
28,0,38.880622,-120.973865,3674,9,48,22.36,59,111.45,5315.1,0.0,0,1073.28,3,1,1,0,1,0,1,0,1,0,0,0,1,1,1,0,1,0,1,1,1,0,1,1,1,1,0,0,1,0,0,0
23,0,38.311609,-121.554034,699,0,10,4.29,85,70.15,735.5,0.0,0,42.9,3,1,1,0,0,0,0,0,0,0,0,0,1,0,1,0,1,0,0,0,0,0,0,0,0,1,0,0,0,1,0,0
47,0,38.69549,-121.307864,41636,8,72,43.29,16,92.0,6474.4,0.0,110,3116.88,3,0,0,0,1,0,1,1,0,0,0,0,1,1,1,1,0,0,1,1,1,1,1,1,1,0,0,1,0,0,0,0
63,0,38.63153,-120.842609,4097,10,51,33.93,13,85.5,4421.95,0.0,0,1730.43,3,0,0,0,1,0,1,0,1,0,0,0,1,0,1,1,0,0,1,1,1,1,1,1,1,1,0,1,0,1,0,0
41,0,38.834469,-122.127193,2756,0,54,30.66,18,84.4,4484.05,0.0,0,1655.64,3,1,0,0,0,0,0,0,1,0,0,0,1,0,1,0,1,0,1,0,1,1,0,0,0,1,1,0,0,0,0,0
38,0,38.652065,-121.25441,40750,0,33,15.69,24,60.9,2033.85,0.0,0,517.77,4,0,0,0,0,0,0,0,0,0,0,0,1,1,1,1,0,0,1,1,0,0,0,0,0,1,0,0,1,1,0,0
62,0,38.513484,-120.704613,850,0,27,35.77,0,20.25,538.2,0.0,0,965.79,3,0,0,0,0,0,0,0,0,0,0,0,1,0,0,0,0,1,0,0,0,0,0,0,0,0,0,1,1,0,0,0
53,0,39.031876,-120.811141,5714,0,23,48.21,23,95.3,2192.9,0.0,0,1108.83,3,1,0,0,0,0,0,0,0,0,0,0,1,0,1,0,1,0,0,1,0,0,1,1,1,1,0,0,0,1,0,0
63,2,38.274451,-121.259201,24194,0,1,29.1,0,19.85,19.85,0.0,0,29.1,3,1,0,0,0,1,0,0,0,0,0,0,1,0,0,0,0,1,0,0,0,0,0,0,0,0,0,0,0,1,0,0
63,0,38.852544,-120.837669,2536,3,45,30.8,3,84.35,3858.05,0.0,0,1386.0,3,1,0,0,1,0,1,0,1,0,0,0,1,0,1,0,0,0,1,1,1,1,1,1,1,1,0,1,1,1,0,0
35,1,38.9386,-120.785514,2723,3,39,32.57,0,19.85,854.8,0.0,0,1270.23,5,0,0,0,1,1,1,0,0,0,0,0,1,0,0,0,0,1,0,0,0,0,0,0,0,0,0,1,1,0,0,0
40,0,38.636102,-120.522149,659,10,72,48.44,15,82.3,5815.15,0.0,0,3487.68,3,1,0,0,1,0,1,1,0,0,0,0,1,1,1,0,0,0,1,1,1,1,1,0,0,1,0,1,0,0,0,0
44,1,38.830739,-122.196202,228,2,58,44.1,19,66.8,3970.4,0.0,0,2557.8,5,0,0,0,1,1,1,0,1,0,0,0,1,1,1,1,0,0,0,1,0,0,1,0,0,1,0,0,1,0,0,0
62,0,38.313447,-121.123886,1745,0,70,0.0,11,44.6,3058.15,0.0,0,0.0,3,0,0,0,0,0,0,1,0,0,0,0,0,0,1,1,0,0,1,1,1,1,0,0,0,1,0,1,1,0,0,0
41,1,38.375325,-121.507935,213,4,61,41.57,21,98.45,6145.2,0.0,0,2535.77,3,1,0,0,1,1,1,0,1,0,0,0,1,0,1,0,1,0,0,1,0,1,1,1,1,1,1,0,1,0,0,0
37,0,38.33788,-120.954202,9752,0,2,2.72,14,70.7,129.2,0.0,10,5.44,4,1,0,0,0,0,0,0,0,0,0,1,1,0,1,0,1,0,0,0,0,0,0,0,0,0,0,0,0,1,0,0
39,0,38.154823,-121.601358,2010,0,46,4.6,0,24.95,1165.9,0.0,0,211.6,3,0,0,0,1,0,0,0,1,0,0,0,1,1,0,0,0,1,0,0,0,0,0,0,0,0,1,0,0,1,0,0
43,0,38.631489,-120.015167,129,0,48,19.04,21,102.5,4904.25,0.0,0,913.92,3,0,0,0,0,0,0,0,1,0,0,0,1,0,1,0,1,0,1,0,1,1,1,1,1,1,0,1,1,1,0,0
35,0,38.922812,-121.312005,15286,0,64,14.39,7,86.55,5632.55,0.0,0,920.96,4,1,0,0,0,0,0,0,1,0,0,0,1,1,1,1,0,0,0,1,1,1,1,1,1,1,0,1,0,1,0,0
53,3,38.809175,-121.171375,11191,3,72,20.42,0,24.3,1643.25,0.0,0,1470.2400000000002,4,1,0,0,1,1,1,1,0,0,0,0,1,1,0,0,0,1,0,0,0,0,0,0,0,0,0,1,0,0,0,0
51,3,38.815515,-120.916997,485,2,12,7.97,52,58.35,740.55,0.0,0,95.64,4,0,0,0,1,1,1,0,0,0,0,0,1,0,1,1,0,0,0,0,1,0,1,0,0,1,0,0,1,1,0,0
29,0,38.549822,-121.266725,929,6,72,12.32,59,68.75,4888.2,0.0,0,887.04,3,0,1,0,1,0,1,1,0,0,0,0,1,0,1,1,0,0,1,1,1,0,0,1,1,1,0,1,0,1,0,0
62,0,38.883224,-121.15918,6096,4,29,39.5,16,85.8,2440.25,0.0,150,1145.5,3,1,0,0,1,0,1,0,0,0,0,0,1,1,1,0,1,0,0,1,1,0,0,0,0,0,0,0,1,0,0,0
21,0,38.788898,-121.608624,751,3,33,49.37,0,20.1,620.55,0.0,0,1629.2099999999998,5,1,1,0,1,0,1,0,0,0,0,0,1,0,0,0,0,1,0,0,0,0,0,0,0,0,1,0,0,1,0,0
47,0,38.671295,-121.388251,32202,0,1,44.09,0,20.35,20.35,0.0,0,44.09,3,0,0,0,0,0,0,0,0,0,0,0,1,0,0,0,0,1,0,0,0,0,0,0,0,0,0,0,0,1,0,0
42,3,38.736685,-121.251984,25173,5,62,13.25,57,110.8,6840.95,0.0,0,821.5,4,0,0,0,1,1,1,0,1,0,0,0,1,1,1,0,1,0,0,1,1,1,1,1,1,1,1,0,1,0,0,0
24,0,38.803731,-121.043799,1173,0,4,19.84,73,82.85,319.6,0.0,0,79.36,3,0,1,0,0,0,0,0,0,0,0,1,1,0,1,0,1,0,0,0,1,0,0,1,1,1,0,0,1,1,0,0
44,0,38.400264,-120.641274,4354,0,24,25.81,3,84.35,1938.05,0.0,0,619.4399999999999,3,0,0,0,0,0,0,0,0,0,0,0,1,1,1,0,1,0,1,0,0,1,0,0,0,1,0,0,1,0,0,0
56,0,38.546999,-120.271114,5501,9,14,19.03,0,19.55,294.5,0.0,0,266.42,3,0,0,0,1,0,1,0,0,0,0,0,1,0,0,0,0,1,0,0,0,0,0,0,0,0,1,0,0,0,1,0
38,3,38.733714,-120.795213,34146,0,3,5.15,0,19.95,58.3,0.0,0,15.45,5,1,0,0,0,1,0,0,0,0,0,1,1,0,0,0,0,1,0,0,0,0,0,0,0,0,0,0,0,0,1,0
40,0,38.602723,-121.279913,49729,0,8,25.72,24,66.25,546.45,0.0,0,205.76,5,1,0,0,0,0,0,0,0,0,0,1,1,0,1,0,0,0,0,0,0,0,1,1,1,1,0,0,1,0,0,0
38,0,38.724322,-120.991237,3815,0,35,6.52,0,23.3,797.1,0.0,0,228.2,3,0,0,0,0,0,0,0,0,0,0,0,1,1,0,0,0,1,0,0,0,0,0,0,0,0,0,1,0,0,0,0
64,3,38.954144,-121.482536,947,0,66,23.81,0,25.3,1673.8,0.0,0,1571.4599999999998,4,1,0,0,0,1,0,1,0,0,0,0,1,1,0,0,0,1,0,0,0,0,0,0,0,0,0,1,1,1,0,0
46,0,38.545775,-120.743325,364,0,8,0.0,4,44.55,343.45,0.0,0,0.0,3,1,0,0,0,0,0,0,0,0,0,0,0,0,1,0,0,0,1,0,0,1,0,1,1,1,0,1,1,0,1,0
19,0,38.7904,-121.236973,21510,8,71,4.39,82,104.1,7412.25,0.0,0,311.69,4,0,1,0,1,0,1,1,0,0,0,0,1,1,1,0,1,0,1,0,1,0,1,1,1,1,1,0,1,1,0,0
59,3,38.759751,-121.288545,30614,3,43,27.49,53,92.55,4039.0,0.0,0,1182.07,3,0,0,0,1,1,1,0,1,0,0,0,1,1,1,0,1,0,0,0,1,0,0,1,1,1,0,0,1,0,0,0
35,2,38.606703,-120.586659,2958,6,65,19.53,19,94.55,6078.75,0.0,0,1269.45,4,1,0,0,1,1,1,0,1,0,0,0,1,1,1,0,1,0,1,1,1,1,0,0,0,1,0,1,0,1,0,0
27,0,38.432145,-120.77069,4610,0,35,45.62,59,95.5,3418.2,0.0,0,1596.6999999999998,3,1,1,0,0,0,0,0,0,0,0,0,1,1,1,0,1,0,0,0,1,1,1,0,0,1,0,0,0,0,0,0
51,0,38.157794,-121.520223,1472,0,64,9.95,2,100.3,6603.8,0.0,0,636.8,5,1,0,0,0,0,0,0,1,0,0,0,1,0,1,0,1,0,1,1,0,0,1,1,1,1,1,0,1,1,0,0
58,0,38.333133,-121.920151,63157,1,58,0.0,11,55.5,3166.9,0.0,0,0.0,3,0,0,0,1,0,1,0,1,0,0,0,0,0,1,0,0,0,0,0,1,1,1,1,1,1,0,1,1,1,0,0
38,3,38.481902,-120.603668,1273,4,67,6.15,53,89.55,6373.1,0.0,0,412.05,4,1,0,0,1,1,1,1,0,0,0,0,1,1,1,0,1,0,0,1,0,0,0,1,1,1,0,0,1,0,0,0
59,3,38.240419,-121.587535,2344,2,63,30.1,0,19.15,1177.05,0.0,0,1896.3,5,1,0,0,1,1,1,0,0,0,0,0,1,0,0,0,0,1,0,0,0,0,0,0,0,0,0,1,1,0,1,0
22,0,38.627951,-121.593287,19050,9,60,34.48,51,99.8,5985.75,0.0,0,2068.8,4,0,1,0,1,0,1,0,0,0,0,0,1,1,1,0,1,0,0,1,0,0,1,1,1,1,0,0,1,0,0,0
56,2,38.392559,-121.225093,5889,4,70,33.25,15,113.05,7869.05,0.0,0,2327.5,5,0,0,0,1,1,1,1,0,0,0,0,1,1,1,0,1,0,1,1,1,1,1,1,1,1,0,1,1,1,0,0
32,0,38.71967,-121.862416,38547,0,48,9.19,0,19.95,936.7,0.0,0,441.12,3,0,0,0,0,0,0,0,0,0,0,0,1,0,0,0,0,1,0,0,0,0,0,0,0,0,1,0,0,0,1,0
63,0,39.218096,-120.79153,751,7,12,49.39,5,74.15,741.4,0.0,0,592.6800000000001,4,1,0,0,1,0,1,0,0,0,0,0,1,0,1,1,0,0,0,0,1,1,1,1,1,1,0,0,1,0,0,0
43,3,39.197215,-120.83679,350,10,45,47.31,0,24.45,1088.25,0.0,0,2128.9500000000003,5,1,0,0,1,1,1,0,0,0,0,0,1,1,0,0,0,1,0,0,0,0,0,0,0,0,0,1,0,0,1,0
21,0,39.23754,-120.720196,185,0,23,43.77,0,24.8,615.35,0.0,0,1006.71,3,0,1,0,0,0,0,0,0,0,0,0,1,1,0,0,0,1,0,0,0,0,0,0,0,0,1,0,0,1,0,0
64,0,39.170376,-120.838404,407,6,43,12.98,8,64.85,2908.2,0.0,0,558.14,3,0,0,0,1,0,1,0,0,0,0,0,1,1,1,1,0,0,0,0,0,1,1,0,0,1,1,0,1,0,0,0
49,0,38.766036,-120.209673,183,0,35,17.92,0,20.75,739.9,0.0,0,627.2,3,1,0,0,0,0,0,0,0,0,0,0,1,0,0,0,0,1,0,0,0,0,0,0,0,0,0,0,0,0,0,0
47,0,38.851842,-120.076204,69,2,9,34.64,7,68.95,593.85,0.0,0,311.76,3,1,0,0,1,0,1,0,0,0,0,1,1,0,1,1,0,0,1,1,0,1,1,0,0,1,0,0,1,0,1,0
61,0,38.805481,-120.13287,25,0,27,2.69,15,49.0,1291.35,0.0,0,72.63,3,1,0,0,0,0,0,0,0,0,0,0,1,1,1,0,0,0,0,0,0,0,0,0,0,1,0,0,0,0,1,0
61,0,39.00978,-120.978273,31,0,40,23.28,6,50.25,2023.55,0.0,0,931.2,5,0,0,0,0,0,0,0,0,0,0,0,1,0,1,0,0,0,0,0,1,0,0,0,0,1,1,0,1,1,0,0
26,0,38.749466,-121.184196,20675,5,8,48.39,0,19.9,153.95,0.0,0,387.12,5,1,1,0,1,0,1,0,0,0,0,1,1,0,0,0,0,1,0,0,0,0,0,0,0,0,1,0,0,1,0,0
31,2,38.35363,-121.44195,47065,7,52,7.99,19,100.3,5244.45,0.0,0,415.48,3,0,0,0,1,1,1,0,0,0,0,0,1,0,1,0,1,0,1,0,1,0,1,1,1,1,1,0,0,0,0,0
34,0,38.684437,-121.055634,22028,2,3,4.19,6,55.8,154.55,0.0,0,12.57,4,1,0,0,1,0,1,0,0,0,0,1,1,0,1,0,0,0,0,0,1,1,0,0,0,1,0,0,1,0,1,0
29,3,38.823278,-121.281856,15494,0,41,30.58,59,111.15,4507.15,0.0,0,1253.78,5,1,1,0,0,1,0,0,0,0,0,0,1,0,1,0,1,0,1,1,1,1,1,1,1,1,0,1,1,0,0,0
26,0,38.694081,-121.694431,15022,0,20,23.22,59,98.55,2031.95,0.0,0,464.4,3,1,1,0,0,0,0,0,0,0,0,0,1,1,1,0,1,0,0,0,0,1,1,1,1,1,0,0,1,0,1,0
24,3,38.584505,-121.491956,16599,0,1,43.05,69,50.05,50.05,0.0,0,43.05,4,1,1,0,0,1,0,0,0,0,0,1,1,1,1,1,0,0,0,0,0,0,0,0,0,1,0,0,1,0,0,0
45,0,38.574856,-121.46504,16164,0,23,35.32,0,20.85,473.9,0.0,0,812.36,5,1,0,0,0,0,0,0,0,0,0,0,1,0,0,0,0,1,0,0,0,0,0,0,0,0,0,0,0,0,0,0
51,3,38.556306,-121.495817,21313,0,8,34.87,0,19.35,152.6,0.0,0,278.96,3,1,0,0,1,1,0,0,0,0,0,1,1,0,0,0,0,1,0,0,0,0,0,0,0,0,0,0,1,0,1,0
56,0,38.567594,-121.437507,15975,0,18,12.21,8,69.5,1199.4,0.0,0,219.78000000000003,3,1,0,0,0,0,0,0,0,0,0,0,1,1,1,1,0,0,1,0,1,0,1,0,0,1,0,0,0,0,1,0
56,0,38.625096,-121.383658,35426,0,31,45.92,18,94.5,2979.2,0.0,0,1423.52,3,1,0,0,0,0,0,0,0,0,0,0,1,0,1,0,1,0,0,1,0,0,1,1,1,1,0,0,1,0,0,0
20,1,38.512569,-121.495184,44683,5,29,24.64,0,20.65,654.85,0.0,0,714.5600000000001,3,1,1,0,1,1,1,0,0,0,0,0,1,0,0,0,0,1,0,0,0,0,0,0,0,0,0,0,1,0,1,0
54,0,38.475465,-121.443625,72199,4,36,19.24,18,106.05,3834.4,0.0,50,692.64,3,0,0,0,1,0,1,0,0,0,0,0,1,1,1,0,1,0,1,1,1,1,0,1,1,0,0,1,1,1,0,0
53,0,38.590035,-121.412455,30715,1,42,42.45,11,108.3,4586.15,0.0,0,1782.9,3,1,0,0,1,0,1,0,0,0,0,0,1,1,1,0,1,0,0,0,1,1,1,1,1,1,1,0,1,0,0,0
38,0,38.549185,-121.328386,19611,0,60,16.81,21,99.65,5941.05,0.0,0,1008.6,4,0,0,0,0,0,0,0,0,0,0,0,1,0,1,0,1,0,0,1,1,0,1,1,1,1,0,1,1,0,0,0
42,0,38.486502,-121.334051,11396,6,22,35.62,29,95.9,2234.95,0.0,0,783.64,3,1,0,0,1,0,1,0,0,0,0,0,1,1,1,0,1,0,1,0,0,1,1,0,0,1,0,0,0,1,0,0
47,0,38.490508,-121.284171,592,7,36,21.77,0,20.0,666.75,0.0,0,783.72,3,1,0,0,1,0,1,0,0,0,0,0,1,0,0,0,0,1,0,0,0,0,0,0,0,0,1,0,0,0,1,0
40,0,38.445939,-121.496855,9063,0,9,27.53,11,64.95,547.8,0.0,0,247.77,3,1,0,0,0,0,0,0,0,0,0,1,1,0,1,0,0,0,1,0,0,1,0,1,1,1,0,0,0,1,0,0
28,1,38.619049,-121.517552,31422,5,1,42.99,59,74.6,74.6,0.0,0,42.99,5,1,1,0,1,1,1,0,0,0,0,0,1,0,1,0,1,0,0,1,0,0,0,0,0,1,0,0,0,1,0,0
39,3,38.646209,-121.52446,8403,8,12,9.58,57,49.2,571.15,0.0,80,114.96,3,1,0,0,1,1,1,0,0,0,1,0,1,0,1,0,0,0,1,0,0,0,0,0,0,0,0,0,1,0,0,0
37,0,38.685069,-121.543709,854,0,23,35.03,3,73.75,1756.6,0.0,0,805.69,3,0,0,0,0,0,0,0,0,0,1,0,1,1,1,1,0,0,0,0,0,1,1,1,1,1,1,0,1,1,0,0
35,0,38.691607,-121.602284,264,0,62,24.35,16,92.3,5731.45,0.0,0,1509.7,4,1,0,0,0,0,0,0,0,0,0,0,1,1,1,0,1,0,1,1,0,0,0,1,1,1,1,0,1,0,0,0
42,0,38.660442,-121.346321,20993,0,8,14.32,0,19.2,156.85,0.0,0,114.56,3,0,0,0,0,0,0,0,0,0,0,0,1,0,0,0,0,1,0,0,0,0,0,0,0,0,0,0,0,1,0,0
46,0,38.687367,-121.34848,31373,9,31,29.77,12,88.65,2683.2,0.0,0,922.87,4,1,0,0,1,0,1,0,0,0,0,0,1,1,1,0,1,0,0,0,1,0,1,0,0,1,0,0,0,1,0,0
54,2,39.19514,-121.503883,38091,1,45,22.31,19,95.95,4456.65,0.0,0,1003.95,5,1,0,0,1,1,1,0,0,0,0,0,1,1,1,0,1,0,0,1,1,0,0,1,1,1,0,0,1,0,0,0
35,0,39.467828,-120.841386,118,0,2,15.83,0,20.25,36.8,0.0,0,31.66,4,1,0,0,0,0,0,0,0,0,0,0,1,0,0,0,0,1,0,0,0,0,0,0,0,0,0,0,0,1,0,0
58,0,39.657228,-121.37778,1279,0,44,0.0,3,49.05,2265.0,0.0,0,0.0,5,0,0,0,0,0,0,0,0,0,0,0,0,0,1,0,0,0,0,0,1,0,1,1,1,1,1,0,1,0,0,0
41,0,39.457388,-121.818201,3169,0,39,0.0,14,35.55,1309.15,0.0,0,0.0,3,1,0,0,0,0,0,0,0,0,0,0,0,0,1,1,0,0,0,0,1,1,0,0,0,1,1,0,0,1,0,0
53,0,39.292334,-121.320597,1477,7,72,0.0,15,65.1,4754.3,0.0,0,0.0,4,1,0,0,1,0,1,1,0,0,0,0,0,0,1,1,0,0,1,1,1,1,1,1,1,1,0,1,1,1,0,0
50,0,39.449794,-121.936372,303,2,51,17.95,14,69.75,3562.5,0.0,0,915.45,3,0,0,0,1,0,1,0,0,0,0,0,1,0,1,1,0,0,1,1,0,1,0,1,1,1,1,0,1,1,0,0
49,0,39.745712,-121.84333,35808,0,56,32.43,2,106.8,5914.4,0.0,30,1816.08,3,0,0,0,0,0,0,0,0,0,0,0,1,1,1,0,1,0,0,1,1,0,1,1,1,0,1,0,1,0,0,0
32,0,39.681488,-121.83721,32848,0,1,39.3,26,51.25,51.25,0.0,0,39.3,4,1,0,0,0,0,0,0,0,0,0,0,1,0,1,1,0,0,1,0,0,0,0,0,0,1,0,0,0,1,0,0
30,0,39.562239,-121.14836,282,5,23,12.88,41,57.75,1282.85,0.0,0,296.24,3,0,0,0,1,0,1,0,0,0,1,0,1,0,1,1,0,0,1,1,0,1,0,0,0,1,1,0,1,1,0,0
21,0,40.080342,-120.957805,178,0,1,5.1,0,19.55,19.55,0.0,0,5.1,3,0,1,0,0,0,0,0,0,0,0,0,1,0,0,0,0,1,0,0,0,0,0,0,0,0,0,0,0,1,0,0
20,0,39.578792,-120.780786,404,0,11,8.48,52,79.5,795.65,0.0,0,93.28,4,1,1,0,0,0,0,0,0,0,1,0,1,0,1,0,1,0,1,0,1,0,0,0,0,1,0,0,1,0,0,0
41,1,39.607831,-121.777959,3524,6,52,31.09,28,98.15,4993.4,0.0,0,1616.68,4,0,0,0,1,1,1,0,0,0,0,0,1,1,1,0,1,0,1,1,1,0,0,1,1,1,0,0,0,0,0,0
19,0,39.53222,-122.594879,587,0,3,1.57,0,20.25,61.45,0.0,0,4.71,5,1,1,0,0,0,0,0,0,0,0,0,1,0,0,0,0,1,0,0,0,0,0,0,0,0,0,0,1,0,0,0
29,2,39.531028,-121.24807,452,6,51,2.53,71,79.15,4018.55,0.0,0,129.03,3,0,1,0,1,1,1,0,0,0,0,0,1,0,1,0,1,0,1,1,0,0,0,0,0,1,0,0,1,0,0,0
64,0,39.564113,-120.868836,76,0,37,0.0,6,40.2,1478.85,0.0,0,0.0,5,0,0,0,0,0,0,0,0,1,0,0,0,0,1,0,0,0,0,0,1,0,0,1,1,1,0,0,1,1,0,0
59,0,39.194539,-120.988066,23990,0,13,18.73,0,19.95,243.65,0.0,0,243.49,4,1,0,0,0,0,0,0,0,0,1,0,1,0,0,0,0,1,0,0,0,0,0,0,0,0,0,1,0,1,0,0
29,0,39.203817,-121.19584,9752,3,49,42.19,52,55.35,2633.95,0.0,0,2067.31,3,1,1,0,1,0,1,0,0,0,0,0,1,1,1,0,0,0,1,0,0,0,0,0,0,1,1,0,1,0,0,0
19,0,39.346898,-121.759537,9763,0,18,2.76,26,71.1,1247.75,0.0,150,49.67999999999999,5,0,1,0,0,0,0,0,0,0,1,0,1,0,1,0,1,0,0,0,0,0,0,0,0,0,0,0,1,0,0,0
42,0,39.033058,-121.895718,531,7,68,0.0,16,54.1,3794.5,0.0,0,0.0,3,1,0,0,1,0,1,1,0,0,0,0,0,0,1,0,0,0,1,0,1,0,1,1,1,1,0,1,1,0,0,0
27,0,39.732767,-122.042298,1931,0,54,25.72,0,19.65,1008.7,0.0,0,1388.88,5,1,1,0,0,0,0,0,0,0,0,0,1,0,0,0,0,1,0,0,0,0,0,0,0,0,0,1,0,1,0,0
22,0,39.281194,-122.226568,1146,2,71,18.04,41,80.4,5727.15,0.0,0,1280.84,3,1,1,0,1,0,1,1,0,0,0,0,1,1,1,1,0,0,1,1,1,1,0,1,1,1,0,1,0,1,0,0
56,1,39.937017,-121.058043,301,2,67,48.75,0,19.25,1372.9,0.0,0,3266.25,4,0,0,0,1,1,1,1,0,0,0,0,1,0,0,0,0,1,0,0,0,0,0,0,0,0,0,1,1,0,0,0
46,3,39.068071,-121.832638,776,1,14,26.58,53,84.8,1203.9,0.0,0,372.12,3,0,0,0,1,1,1,0,0,0,1,0,1,1,1,0,1,0,0,0,0,0,1,0,0,1,0,0,1,0,0,0
48,1,39.423046,-120.984472,565,0,63,24.32,0,19.5,1215.1,0.0,0,1532.16,5,0,0,0,0,1,0,0,0,0,0,0,1,0,0,0,0,1,0,0,0,0,0,0,0,0,0,1,0,1,0,0
36,0,39.082568,-121.55325,6439,0,41,36.93,30,68.6,2877.05,0.0,0,1514.13,4,0,0,0,0,0,0,0,0,0,0,0,1,1,1,1,0,0,0,0,1,1,0,1,1,1,1,0,1,0,0,0
46,0,39.342587,-121.249833,1519,10,17,9.22,13,92.6,1579.7,0.0,0,156.74,4,0,0,0,1,0,1,0,0,0,1,0,1,1,1,0,1,0,0,0,0,0,1,1,1,1,0,0,0,0,0,0
28,0,39.748037,-122.302169,13706,7,56,46.9,48,100.55,5514.95,0.0,0,2626.4,3,1,1,0,1,0,1,0,0,0,0,0,1,1,1,0,1,0,1,0,0,0,1,1,1,1,1,0,1,0,0,0
49,0,39.624561,-121.552866,17782,0,5,24.53,0,20.55,96.1,0.0,0,122.65,3,0,0,0,0,0,0,0,0,0,0,0,1,0,0,0,0,1,0,0,0,0,0,0,0,0,0,0,0,1,0,0
28,0,39.435756,-121.552071,1254,5,3,41.9,0,19.6,55.25,0.0,0,125.7,3,0,1,0,1,0,1,0,0,0,0,0,1,0,0,0,0,1,0,0,0,0,0,0,0,0,0,0,1,1,0,0
42,0,39.69676,-121.644379,28318,0,37,13.04,14,67.45,2443.3,0.0,0,482.48,3,1,0,0,0,0,0,0,0,1,0,0,1,1,1,1,0,0,1,1,1,1,0,0,0,1,1,0,0,0,0,0
44,0,39.971228,-121.041166,6189,0,8,7.02,23,43.55,335.4,0.0,10,56.16,5,1,0,0,0,0,0,0,0,0,0,0,1,0,1,1,0,0,0,0,0,0,0,0,0,0,0,0,0,1,0,0
40,0,39.903272,-121.843567,26971,0,63,19.01,20,109.85,7002.95,0.0,0,1197.63,5,0,0,0,0,0,0,0,1,0,0,0,1,1,1,0,1,0,0,1,1,1,1,1,1,1,0,0,1,1,0,0
61,1,39.495768,-121.747472,74,7,7,5.01,0,20.65,158.95,0.0,0,35.07,3,0,0,0,1,1,1,0,0,0,0,0,1,0,0,0,0,1,0,0,0,0,0,0,0,0,0,0,0,1,0,0
52,0,39.225634,-121.156163,1601,0,3,17.01,28,95.4,293.15,0.0,0,51.03,3,0,0,0,0,0,0,0,0,0,0,0,1,0,1,0,1,0,0,1,0,0,1,1,1,1,0,0,0,0,0,0
19,1,39.176595,-121.291692,963,3,72,5.7,0,21.0,1493.75,0.0,0,410.4,5,1,1,0,1,1,1,1,0,0,0,0,1,0,0,0,0,1,0,0,0,0,0,0,0,0,0,1,0,0,0,0
57,0,39.904002,-121.527823,28,0,19,40.22,22,56.2,1093.4,0.0,0,764.18,5,0,0,0,0,0,0,0,0,0,1,0,1,0,1,0,0,0,0,0,0,0,0,1,1,1,0,0,1,0,0,0
60,0,39.288127,-122.415841,844,9,59,26.99,0,18.4,1057.85,0.0,0,1592.41,4,0,0,0,1,0,1,0,1,0,0,0,1,0,0,0,0,1,0,0,0,0,0,0,0,0,0,1,0,0,0,0
62,1,39.172777,-121.805845,3193,5,35,24.76,0,25.75,882.55,0.0,0,866.6,5,0,0,0,1,1,1,0,0,1,0,0,1,1,0,0,0,1,0,0,0,0,0,0,0,0,0,0,1,0,0,0
64,0,40.053684,-120.743116,513,0,14,8.54,0,19.6,300.4,0.0,0,119.56,4,1,0,0,0,0,0,0,0,0,1,0,1,0,0,0,0,1,0,0,0,0,0,0,0,0,0,0,0,1,0,0
29,2,39.34128,-120.786867,145,7,69,8.39,0,19.8,1436.95,0.0,0,578.9100000000001,5,0,1,0,1,1,1,1,0,0,0,0,1,0,0,0,0,1,0,0,0,0,0,0,0,0,0,1,0,1,0,0
64,0,39.493991,-122.286363,8812,4,69,44.33,18,75.75,5388.15,0.0,0,3058.77,4,1,0,0,1,0,1,1,0,0,0,0,1,0,1,0,0,0,1,1,1,1,1,0,0,1,0,1,1,0,0,0
56,0,39.02741,-121.614982,34967,10,72,26.04,6,78.95,5730.15,0.0,0,1874.88,5,0,0,0,1,0,1,1,0,0,0,0,1,1,1,0,0,0,0,1,0,1,1,1,1,1,0,1,1,0,0,0
61,1,40.587919,-122.464732,31586,8,4,44.64,21,50.3,217.1,0.0,0,178.56,3,0,0,0,1,1,1,0,0,0,0,0,1,0,1,0,0,0,1,0,0,0,0,0,0,1,0,0,0,0,0,0
30,2,40.527834,-122.318749,30338,9,63,18.88,48,80.3,4896.35,0.0,40,1189.4399999999998,4,1,0,0,1,1,1,0,1,0,0,0,1,0,1,0,1,0,0,1,1,0,0,0,0,0,0,0,1,1,0,0
52,0,40.677649,-122.29467,41476,0,72,3.43,0,19.85,1434.1,0.0,0,246.96,5,1,0,0,0,0,0,1,0,0,0,0,1,0,0,0,0,1,0,0,0,0,0,0,0,0,0,1,0,0,0,0
42,0,41.171578,-120.913161,615,0,46,32.78,0,21.1,937.1,0.0,0,1507.88,5,0,0,0,0,0,0,0,1,0,0,0,1,0,0,0,0,1,0,0,0,0,0,0,0,0,0,1,1,0,0,0
53,0,40.722733,-122.109666,899,10,30,23.16,6,50.0,1474.9,0.0,0,694.8,4,1,0,0,1,0,1,0,0,1,0,0,1,0,1,1,0,0,0,0,1,0,0,0,0,1,0,0,1,1,0,0
52,0,41.083464,-121.107929,595,0,63,48.75,21,104.75,6536.5,0.0,0,3071.25,5,1,0,0,0,0,0,0,1,0,0,0,1,1,1,0,1,0,0,1,1,0,1,1,1,1,0,1,1,0,0,0
53,0,40.775272,-123.287414,269,0,60,31.12,0,19.85,1128.1,0.0,0,1867.2,4,0,0,0,0,0,0,0,1,0,0,0,1,0,0,0,0,1,0,0,0,0,0,0,0,0,0,1,0,0,0,0
26,3,40.946785,-121.719489,4552,0,25,11.79,59,85.9,2199.05,0.0,0,294.75,3,1,1,0,1,1,0,0,0,1,0,0,1,0,1,0,1,0,0,0,0,1,1,0,0,1,0,0,0,0,0,0
61,0,40.936285,-121.572692,344,0,22,4.79,0,25.25,566.5,0.0,0,105.38,4,1,0,0,0,0,0,0,0,0,1,0,1,1,0,0,0,1,0,0,0,0,0,0,0,0,0,1,0,1,0,0
58,0,41.121108,-122.336613,228,9,31,28.52,2,80.55,2471.6,0.0,0,884.12,4,0,0,0,1,0,1,0,0,1,0,0,1,1,1,1,0,0,0,1,0,1,1,1,1,1,0,1,0,0,0,0
64,5,40.692523,-122.369876,6277,7,39,40.68,76,81.5,3107.3,0.0,0,1586.52,5,0,0,0,1,1,1,0,0,1,0,0,1,0,1,0,1,0,0,0,1,1,0,0,0,1,0,0,1,0,0,0
31,0,40.243494,-121.154733,2664,0,26,31.73,0,20.9,518.3,0.0,0,824.98,3,1,0,0,0,0,0,0,0,1,0,0,1,0,0,0,0,1,0,0,0,0,0,0,0,0,0,0,0,1,0,0
54,0,41.949216,-122.050062,1162,0,12,45.8,4,67.25,832.3,0.0,0,549.5999999999999,3,1,0,0,0,0,0,0,0,0,1,0,1,1,1,1,0,0,1,1,0,1,0,0,0,1,0,0,1,0,0,0
52,0,41.212695,-122.392067,2602,0,2,25.92,0,20.35,45.3,0.0,0,51.84,3,0,0,0,0,0,0,0,0,0,0,0,1,0,0,0,0,1,0,0,0,0,0,0,0,0,0,0,0,1,0,0
40,0,41.405193,-123.008567,2156,0,39,0.0,13,45.05,1790.6,0.0,0,0.0,3,1,0,0,0,0,0,0,0,1,0,0,0,0,1,1,0,0,1,0,0,1,1,0,0,1,1,0,0,0,0,0
37,1,39.84784,-122.544556,84,8,7,0.0,17,34.65,246.6,0.0,0,0.0,3,0,0,0,1,1,1,0,0,0,0,0,0,0,1,0,0,0,1,0,0,1,0,0,0,1,0,0,0,1,0,0
39,0,40.740138,-122.587476,373,0,55,22.34,4,81.55,4509.5,0.0,0,1228.7,3,0,0,0,0,0,0,0,1,0,0,0,1,0,1,0,1,0,0,1,1,0,0,0,0,1,0,0,1,0,0,0
43,0,41.411315,-122.697236,392,7,72,42.16,18,75.4,5480.25,0.0,0,3035.5199999999995,3,1,0,0,1,0,1,0,0,0,0,0,1,0,1,0,0,0,0,1,1,0,1,1,1,1,0,1,1,0,0,0
62,0,40.03194,-122.176023,3357,6,10,37.08,7,67.8,653.15,0.0,0,370.8,5,0,0,0,1,0,1,0,0,0,1,0,1,0,1,0,0,0,0,0,1,0,1,1,1,1,0,0,1,1,0,0
24,3,41.599978,-122.539381,616,7,15,24.27,27,46.3,639.45,0.0,0,364.05,5,0,1,0,1,1,1,0,0,0,1,0,1,0,1,0,0,0,0,0,0,0,0,0,0,1,0,0,0,0,0,0
48,1,41.831901,-123.487478,1294,1,23,39.59,0,20.4,478.75,0.0,0,910.57,4,0,0,0,1,1,1,0,0,0,1,0,1,0,0,0,0,1,0,0,0,0,0,0,0,0,0,1,0,0,0,0
46,3,40.789799,-121.474529,397,0,1,7.66,0,20.05,20.05,0.0,0,7.66,3,1,0,0,0,1,0,0,0,0,0,0,1,0,0,0,0,1,0,0,0,0,0,0,0,0,0,0,0,1,0,0
23,2,41.962127,-122.527696,1026,1,47,15.59,52,96.1,4391.45,0.0,0,732.73,3,1,1,0,1,1,1,0,1,0,0,0,1,0,1,0,1,0,1,1,1,0,0,1,1,1,1,0,1,0,0,0
36,0,40.648024,-123.465088,268,0,15,23.56,0,19.65,270.6,0.0,0,353.4,5,0,0,0,0,0,0,0,0,0,0,0,1,0,0,0,0,1,0,0,0,0,0,0,0,0,1,0,0,1,0,0
39,0,40.059385,-122.091481,3756,0,21,0.0,9,36.0,780.15,0.0,0,0.0,4,1,0,0,0,0,0,0,0,0,0,0,0,0,1,1,0,0,0,1,0,1,0,0,0,1,0,0,1,1,0,0
62,0,41.10831,-121.360362,1554,1,56,39.72,11,65.2,3512.15,0.0,0,2224.32,3,0,0,0,1,0,1,0,1,0,0,0,1,1,1,1,0,0,1,0,0,0,1,0,0,1,1,0,0,0,0,0
28,1,41.251322,-122.105209,1586,1,6,24.83,82,48.95,273.25,0.0,0,148.98,3,0,1,0,1,1,1,0,0,0,0,1,1,1,1,0,0,0,0,0,0,0,0,0,0,1,0,0,1,1,0,0
30,0,40.426679,-121.850421,598,1,42,17.31,82,80.45,3375.9,0.0,0,727.02,3,1,0,0,1,0,1,0,1,0,0,0,1,1,1,0,0,0,1,0,0,1,1,1,1,1,1,0,0,1,0,0
55,3,40.331975,-121.460674,78,1,68,18.42,53,109.05,7508.55,0.0,0,1252.5600000000002,4,0,0,0,1,1,1,0,0,0,0,0,1,1,1,0,1,0,1,0,1,1,1,1,1,1,0,1,1,0,0,0
59,3,40.531257,-122.148139,830,1,48,20.73,0,26.3,1245.05,0.0,0,995.04,3,1,0,0,1,1,1,0,1,0,0,0,1,1,0,0,0,1,0,0,0,0,0,0,0,0,0,1,0,0,0,0
31,3,40.877552,-121.885884,431,0,63,41.84,0,19.35,1263.85,0.0,0,2635.92,4,0,0,0,1,1,0,0,1,0,0,0,1,0,0,0,0,1,0,0,0,0,0,0,0,0,0,1,0,0,0,0
24,0,41.33832,-122.290756,7309,0,17,34.02,0,21.1,385.55,0.0,0,578.34,3,1,1,0,0,0,0,0,0,0,0,0,1,0,0,0,0,1,0,0,0,0,0,0,0,0,0,0,0,1,0,0
41,1,40.689243,-122.037023,829,1,4,39.04,0,18.85,84.2,0.0,0,156.16,4,1,0,0,1,1,1,0,0,0,0,1,1,0,0,0,0,1,0,0,0,0,0,0,0,0,0,0,0,1,0,0
51,3,40.656287,-121.428965,182,0,62,2.83,0,26.0,1638.7,0.0,0,175.46,3,0,0,0,0,1,0,0,1,0,0,0,1,1,0,0,0,1,0,0,0,0,0,0,0,0,0,1,0,0,0,0
45,0,39.884395,-122.587513,263,1,2,7.7,22,70.35,120.25,0.0,20,15.4,3,0,0,0,1,0,1,0,0,0,0,1,1,0,1,0,1,0,0,0,0,0,0,0,0,0,0,0,1,0,0,0
33,0,40.343213,-121.815412,433,1,48,6.1,18,96.9,4473.45,0.0,0,292.79999999999995,4,1,0,0,1,0,1,0,1,0,0,0,1,1,1,0,1,0,1,1,1,0,1,0,0,1,0,1,1,0,0,0
53,0,40.367964,-122.937379,215,1,27,44.19,0,19.55,520.55,0.0,0,1193.13,4,1,0,0,1,0,1,0,0,1,0,0,1,0,0,0,0,1,0,0,0,0,0,0,0,0,0,1,0,0,0,0
28,0,40.186772,-122.388361,26438,4,70,39.78,52,80.4,5717.85,0.0,0,2784.6,5,0,1,0,1,0,1,0,0,0,0,0,1,0,1,1,0,0,0,1,1,1,1,1,1,1,0,1,1,0,0,0
44,0,41.737962,-123.07557,88,1,46,10.13,3,94.65,4312.5,0.0,0,465.98,4,1,0,0,1,0,1,0,1,0,0,0,1,1,1,0,1,0,0,1,1,0,1,0,0,1,1,0,1,0,0,0
35,2,40.497441,-121.827524,4231,9,69,42.45,27,95.75,6511.25,0.0,0,2929.05,4,1,0,0,1,1,1,0,0,0,0,0,1,1,1,0,1,0,0,1,1,0,1,0,0,1,1,0,0,1,0,0
34,0,40.021787,-122.127576,405,0,65,44.7,0,19.55,1218.65,0.0,0,2905.5,5,1,0,0,0,0,0,0,1,0,0,0,1,0,0,0,0,1,0,0,0,0,0,0,0,0,0,1,1,1,0,0
46,0,40.759401,-122.939337,3749,0,17,31.6,0,20.1,279.5,0.0,0,537.2,4,1,0,0,0,0,0,0,0,0,0,0,1,0,0,0,0,1,0,0,0,0,0,0,0,0,1,0,1,1,0,0
23,0,41.465121,-122.380947,5896,2,51,39.32,76,111.55,5720.35,0.0,0,2005.32,4,1,1,0,1,0,1,0,1,0,0,0,1,1,1,0,1,0,1,0,1,1,1,1,1,1,1,0,1,0,0,0
40,0,40.637105,-121.906949,843,5,51,9.53,10,60.5,3121.45,0.0,0,486.03,3,1,0,0,1,0,1,0,1,0,0,0,1,0,1,1,0,0,1,1,0,1,0,0,0,1,0,1,0,1,0,0
52,0,41.764869,-122.671316,9538,6,72,42.64,15,90.95,6468.6,0.0,0,3070.08,3,0,0,0,1,0,1,0,0,0,0,0,1,1,1,1,0,0,1,1,1,1,1,1,1,1,0,1,1,0,0,0
31,0,39.783747,-120.661032,1839,0,34,36.52,0,19.7,675.6,0.0,0,1241.68,3,1,0,0,0,0,0,0,0,1,0,0,1,0,0,0,0,1,0,0,0,0,0,0,0,0,0,0,0,1,0,0
39,0,41.505916,-120.152505,857,10,67,0.0,6,50.95,3521.7,0.0,0,0.0,3,1,0,0,1,0,1,0,0,0,0,0,0,0,1,1,0,0,1,1,0,1,0,1,1,1,0,1,1,0,0,0
56,0,39.872961,-120.198876,650,3,49,22.1,0,20.05,923.1,0.0,0,1082.9,5,0,0,0,1,0,1,0,0,0,0,0,1,0,0,0,0,1,0,0,0,0,0,0,0,0,1,0,1,0,0,0
38,3,39.745805,-120.580882,88,8,53,25.32,0,19.4,1110.35,0.0,0,1341.96,3,1,0,0,1,1,1,0,0,0,0,0,1,0,0,0,0,1,0,0,0,0,0,0,0,0,0,1,1,1,0,0
55,0,38.42528,-119.475741,1332,0,27,33.94,25,59.45,1611.65,0.0,0,916.38,4,1,0,0,0,0,0,0,0,0,0,0,1,1,1,0,0,0,0,0,1,1,0,0,0,1,0,0,0,0,0,0
46,0,40.012675,-120.101857,1177,0,69,3.24,26,81.5,5553.25,0.0,0,223.56,4,1,0,0,0,0,0,0,0,0,0,0,1,1,1,0,0,0,1,1,1,1,0,1,1,1,0,1,1,1,0,0
51,2,41.280341,-120.150381,132,4,2,0.0,27,29.05,44.75,0.0,0,0.0,4,0,0,0,1,1,1,0,0,0,0,1,0,0,1,0,0,0,0,0,0,1,0,0,0,1,0,0,0,0,0,0
45,0,40.198234,-120.18089,946,6,46,44.75,27,70.6,3231.05,0.0,0,2058.5,3,0,0,0,1,0,1,0,0,0,0,0,1,0,1,1,0,0,1,1,0,1,0,1,1,1,1,0,0,1,0,0
39,0,40.294034,-120.512622,3093,0,54,31.55,8,97.2,5129.45,0.0,0,1703.7,5,0,0,0,0,0,0,0,0,0,0,0,1,1,1,0,1,0,0,1,0,0,1,1,1,1,0,1,1,0,0,0
53,0,40.507272,-120.338228,385,0,20,33.14,17,59.2,1191.2,0.0,130,662.8,3,1,0,0,0,0,0,0,0,0,0,0,1,1,1,1,0,0,1,0,0,1,0,0,0,0,0,0,0,0,0,0
20,0,39.637471,-120.226338,1822,0,11,13.55,27,75.9,866.4,0.0,0,149.05,4,1,1,0,0,0,0,0,0,0,0,0,1,0,1,0,1,0,0,1,0,0,0,0,0,1,0,0,1,1,0,0
56,0,38.735789,-119.85798,957,4,68,11.94,3,70.95,4741.45,0.0,0,811.92,3,1,0,0,1,0,1,0,0,0,0,0,1,0,1,1,0,0,1,1,1,0,0,1,1,1,0,1,0,0,0,0
39,0,39.672813,-120.456699,322,0,1,37.5,3,43.8,43.8,0.0,0,37.5,5,0,0,0,0,0,0,0,0,0,0,1,1,0,1,1,0,0,0,0,0,0,0,0,0,1,0,0,0,0,0,0
36,0,39.600599,-120.636358,348,1,63,0.0,5,59.0,3707.6,0.0,0,0.0,3,1,0,0,1,0,1,0,0,0,0,0,0,0,1,0,0,0,1,1,1,0,1,1,1,1,0,1,0,0,0,0
58,0,39.559709,-120.345639,227,0,3,29.51,17,69.95,220.45,0.0,30,88.53,5,0,0,0,0,0,0,0,0,0,0,1,1,0,1,0,0,0,0,0,1,0,1,1,1,0,1,0,1,0,0,0
25,0,40.346634,-120.386422,408,0,48,13.67,0,24.35,1133.7,0.0,0,656.16,5,0,1,0,0,0,0,0,0,0,0,0,1,1,0,0,0,1,0,0,0,0,0,0,0,0,1,0,0,0,0,0
45,0,40.559177,-120.612113,19440,0,66,0.0,15,29.45,1983.15,0.0,0,0.0,3,1,0,0,0,0,0,0,0,0,0,0,0,0,1,0,0,0,0,0,0,1,0,0,0,1,1,0,0,1,0,0
44,1,41.027281,-120.669427,72,3,68,24.94,30,84.4,5746.75,0.0,0,1695.92,5,0,0,0,1,1,1,0,0,0,0,0,1,1,1,0,1,0,0,1,1,0,0,0,0,1,0,1,1,1,0,0
20,0,41.813521,-121.492666,2595,2,7,41.64,0,20.65,134.05,0.0,0,291.48,4,0,1,0,1,0,1,0,0,0,0,1,1,0,0,0,0,1,0,0,0,0,0,0,0,0,1,0,0,0,1,0
48,0,40.345949,-120.081187,162,5,72,12.02,26,87.1,6230.1,0.0,0,865.4399999999999,3,1,0,0,1,0,1,0,0,0,0,0,1,1,1,0,0,0,1,1,1,1,1,1,1,1,0,1,1,0,0,0
46,0,40.271535,-121.018087,4158,0,29,5.69,0,19.85,573.05,0.0,0,165.01000000000002,4,0,0,0,1,0,0,0,0,0,0,0,1,0,0,0,0,1,0,0,0,0,0,0,0,0,0,0,0,0,1,0
56,0,39.227434,-120.091806,1943,4,37,6.99,22,90.35,3419.3,0.0,150,258.63,3,1,0,0,1,0,1,0,0,0,0,0,1,0,1,0,1,0,0,0,1,1,0,1,1,0,0,0,1,0,0,0
57,0,39.246654,-120.029273,4806,6,59,14.49,25,65.5,3801.3,0.0,0,854.91,3,0,0,0,1,0,1,0,0,0,0,0,1,1,1,0,0,0,1,1,0,1,0,0,0,1,1,0,0,0,1,0
29,0,39.24124,-120.054765,678,0,27,1.31,53,56.15,1439.35,0.0,0,35.370000000000005,3,0,1,0,0,0,0,0,0,0,0,0,1,0,1,0,0,0,0,1,0,1,0,0,0,1,0,0,1,0,1,0
36,0,33.973616,-118.24902,54492,1,17,0.0,10,34.4,592.75,0.0,0,0.0,3,1,0,0,1,0,1,0,0,0,0,0,0,0,1,0,0,0,1,0,1,0,0,0,0,1,0,0,0,0,1,0
31,0,33.949255,-118.246978,44586,9,58,18.68,0,20.75,1185.95,0.0,0,1083.44,5,1,0,0,1,0,1,0,0,0,0,0,1,0,0,0,0,1,0,0,0,0,0,0,0,0,0,1,0,1,0,0
29,0,33.964131,-118.272783,58198,9,1,43.57,0,18.8,18.8,0.0,0,43.57,3,1,1,0,1,0,1,0,0,0,0,0,1,0,0,0,0,1,0,0,0,0,0,0,0,0,1,0,0,0,1,0
50,0,34.059281,-118.30742,43019,0,53,2.51,19,90.8,4921.2,0.0,60,133.03,3,0,0,0,0,0,0,0,0,0,0,0,1,1,1,0,1,0,1,1,1,0,0,0,0,0,0,0,0,0,0,0
21,0,34.048013,-118.293953,62784,0,35,39.84,0,25.6,901.25,0.0,0,1394.4,4,1,1,0,0,0,0,0,0,0,0,0,1,1,0,0,0,1,0,0,0,0,0,0,0,0,0,0,1,0,0,0
35,0,34.008293,-118.346766,30852,1,68,11.12,10,70.8,4859.95,0.0,0,756.16,4,1,0,0,1,0,1,0,0,0,0,0,1,1,1,0,0,0,0,1,0,1,0,1,1,1,0,1,0,1,0,0
20,0,34.062125,-118.315709,1957,1,47,10.07,0,25.4,1139.2,0.0,0,473.29,3,1,1,0,1,0,1,0,0,0,0,0,1,1,0,0,0,1,0,0,0,0,0,0,0,0,0,0,0,0,0,0
51,0,34.039224,-118.266293,15140,0,9,42.41,8,76.85,663.55,0.0,0,381.69,5,0,0,0,0,0,0,0,0,0,0,1,1,1,1,0,1,0,0,0,0,0,0,0,0,1,0,0,1,0,0,0
41,0,34.028331,-118.354338,46984,0,8,15.86,0,20.25,174.65,0.0,0,126.88,5,0,0,0,0,0,0,0,0,0,0,1,1,0,0,0,0,1,0,0,0,0,0,0,0,0,0,1,0,0,1,0
40,0,34.052842,-118.264495,20692,0,14,33.5,0,24.8,321.7,0.0,0,469.0,4,1,0,0,0,0,0,0,0,0,0,0,1,1,0,0,0,1,0,0,0,0,0,0,0,0,1,0,1,1,0,0
26,0,34.028735,-118.317236,47143,0,45,33.73,30,115.65,5125.5,0.0,0,1517.85,3,0,1,0,0,0,0,0,0,0,0,0,1,1,1,0,1,0,1,1,1,1,1,1,1,1,0,0,1,0,0,0
21,0,34.049841,-118.33846,67520,0,8,1.28,42,74.6,548.9,0.0,0,10.24,5,0,1,0,0,0,0,0,0,0,0,1,1,1,1,0,1,0,0,0,0,0,0,0,0,1,0,0,1,1,0,0
40,2,34.029043,-118.239504,3012,7,66,39.45,19,103.15,7031.3,0.0,0,2603.7000000000003,4,1,0,0,1,1,1,0,0,0,0,0,1,0,1,0,1,0,1,1,1,0,1,1,1,1,1,0,1,0,0,0
39,0,34.02381,-118.156582,68701,5,72,42.55,18,72.1,5016.65,0.0,0,3063.6,3,1,0,0,1,0,1,0,0,0,0,0,1,1,1,1,0,0,1,1,1,1,0,0,0,1,0,1,0,1,0,0
47,2,34.066303,-118.435479,44150,4,23,35.86,0,25.1,611.45,0.0,0,824.78,5,0,0,0,1,1,1,0,0,0,0,0,1,1,0,0,0,1,0,0,0,0,0,0,0,0,0,1,0,0,1,0
27,0,34.078991,-118.263804,73686,0,4,6.5,73,80.15,319.85,0.0,0,26.0,3,0,1,0,0,0,0,0,0,0,0,1,1,1,1,0,1,0,1,0,0,0,0,0,0,1,0,0,1,0,0,0
58,3,34.127194,-118.295647,48727,8,6,31.73,0,25.4,153.3,0.0,0,190.38,3,1,0,0,1,1,1,0,0,0,0,1,1,1,0,0,0,1,0,0,0,0,0,0,0,0,0,1,0,0,1,0
64,0,34.085807,-118.206617,38415,7,56,32.93,0,24.45,1431.65,0.0,0,1844.08,3,1,0,0,1,0,1,0,0,0,0,0,1,1,0,0,0,1,0,0,0,0,0,0,0,0,1,0,1,0,1,0
56,0,34.078821,-118.177576,46960,7,72,39.98,0,25.0,1849.2,0.0,0,2878.56,4,0,0,0,1,0,1,0,0,0,0,0,1,1,0,0,0,1,0,0,0,0,0,0,0,0,0,1,0,1,0,0
64,0,34.050198,-118.210946,49431,9,72,16.58,30,85.25,6083.1,0.0,0,1193.7599999999998,3,1,0,0,1,0,1,0,0,0,0,0,1,1,1,1,0,0,1,1,1,0,1,1,1,1,0,1,1,0,0,0
60,3,34.030578,-118.399613,58218,10,23,34.04,0,19.6,426.65,0.0,0,782.92,5,1,0,0,1,1,1,0,0,0,0,0,1,0,0,0,0,1,0,0,0,0,0,0,0,0,0,1,0,1,0,0
52,1,34.051809,-118.383843,27799,0,35,38.82,19,50.15,1655.35,0.0,130,1358.7,3,0,0,0,0,1,0,0,0,0,0,0,1,1,1,1,0,0,0,0,0,0,0,0,0,0,0,0,0,0,1,0
54,0,34.088017,-118.327168,32562,5,12,45.15,0,26.4,314.95,0.0,0,541.8,4,1,0,0,1,0,1,0,0,0,0,0,1,1,0,0,0,1,0,0,0,0,0,0,0,0,1,0,0,0,1,0
33,0,34.110845,-118.259595,29310,0,40,8.36,0,20.15,804.85,0.0,0,334.4,5,0,0,0,0,0,0,0,0,0,0,0,1,0,0,0,0,1,0,0,0,0,0,0,0,0,0,1,0,0,1,0
21,2,33.994524,-118.149953,9805,9,7,0.0,47,58.85,465.7,0.0,0,0.0,3,1,1,0,1,1,1,0,0,0,0,1,0,0,1,0,0,0,1,1,1,0,1,1,1,1,0,0,0,1,0,0
62,3,34.137412,-118.207607,27866,8,70,32.38,53,97.55,6669.05,0.0,0,2266.6000000000004,4,1,0,0,1,1,1,0,0,0,0,0,1,1,1,0,1,0,1,1,0,0,1,0,0,1,0,0,1,1,0,0
31,1,34.11572,-118.192754,64672,7,60,21.98,0,19.65,1161.75,0.0,0,1318.8,5,1,0,0,1,1,1,0,0,0,0,0,1,0,0,0,0,1,0,0,0,0,0,0,0,0,0,1,0,1,0,0
27,0,33.988543,-118.334081,44764,8,39,0.0,48,25.25,947.75,0.0,0,0.0,3,1,1,0,1,0,1,0,0,0,0,0,0,0,1,1,0,0,0,0,0,0,0,0,0,1,1,0,1,1,0,0
53,0,33.952714,-118.292061,87383,5,72,6.29,8,114.45,8375.05,0.0,0,452.88,4,1,0,0,1,0,1,0,0,0,0,0,1,1,1,0,1,0,1,1,1,1,1,1,1,1,0,1,0,1,0,0
49,0,34.108455,-118.362081,49839,3,54,48.45,28,70.7,3770.0,0.0,0,2616.3,3,1,0,0,1,0,1,0,0,0,0,0,1,1,1,1,0,0,0,1,0,1,1,0,0,1,1,0,1,0,0,0
58,0,34.072945,-118.37267,21739,7,63,6.33,30,75.55,4707.85,0.0,0,398.79,4,0,0,0,1,0,1,0,0,0,0,0,1,0,1,0,0,0,1,1,1,1,1,0,0,1,0,1,0,1,0,0
40,3,34.091829,-118.491244,33523,9,71,33.67,75,84.8,6152.4,0.0,0,2390.57,3,1,0,0,1,1,1,0,0,0,0,0,1,1,1,0,1,0,0,1,0,1,0,0,0,1,0,1,1,0,0,0
56,0,33.987945,-118.370442,8115,0,42,23.25,0,20.65,958.1,0.0,0,976.5,4,0,0,0,0,0,0,0,0,0,0,0,1,0,0,0,0,1,0,0,0,0,0,0,0,0,1,0,1,1,0,0
27,0,34.061918,-118.277939,44004,0,47,6.61,0,20.45,943.0,0.0,0,310.67,4,1,1,0,0,0,0,0,0,0,0,0,1,0,0,0,0,1,0,0,0,0,0,0,0,0,0,1,0,0,0,0
20,0,33.92128,-118.274186,24511,0,11,0.0,73,35.65,425.1,0.0,0,0.0,4,1,1,0,0,0,0,0,0,0,0,0,0,0,1,1,0,0,0,1,0,1,0,0,0,1,0,0,1,0,0,0
41,0,34.037251,-118.423573,24505,0,69,49.35,30,97.65,6743.55,0.0,0,3405.15,3,1,0,0,0,0,0,1,0,0,0,0,1,1,1,0,1,0,0,1,1,1,1,0,0,1,0,1,1,1,0,0
21,0,34.137411,-118.328915,21728,0,5,29.74,42,82.75,417.75,0.0,0,148.7,4,0,1,0,0,0,0,0,0,0,0,1,1,1,1,0,1,0,0,0,1,1,0,0,0,1,0,0,1,0,0,0
19,0,34.093781,-118.381061,20408,1,71,24.72,0,24.4,1725.4,0.0,0,1755.12,5,0,1,0,1,0,1,1,0,0,0,0,1,1,0,0,0,1,0,0,0,0,0,0,0,0,0,1,1,1,0,0
28,0,34.052917,-118.255178,21,0,29,39.35,69,55.25,1620.2,0.0,0,1141.15,4,0,1,0,0,0,0,0,0,0,0,0,1,1,1,1,0,0,0,1,0,0,0,0,0,1,1,0,1,0,0,0
39,0,34.102084,-118.451629,10470,3,52,44.65,3,61.35,3169.55,0.0,0,2321.8,3,1,0,0,1,0,1,0,0,0,0,0,1,1,1,0,0,0,0,1,0,1,0,0,0,1,0,0,0,0,0,0
40,0,33.970343,-118.171368,105285,0,68,20.29,29,76.75,5233.25,0.0,0,1379.72,4,1,0,0,0,0,0,1,0,0,0,0,1,1,1,1,0,0,1,1,1,0,0,1,1,1,1,0,0,1,0,0
61,1,34.099891,-118.414338,21397,9,46,47.5,0,19.4,967.85,0.0,0,2185.0,4,0,0,0,1,1,1,0,0,0,0,0,1,0,0,0,0,1,0,0,0,0,0,0,0,0,0,1,0,1,0,0
63,0,34.063947,-118.383001,8321,0,8,30.53,26,54.75,438.05,0.0,0,244.24,5,1,0,0,0,0,0,0,0,0,0,0,1,0,1,1,0,0,0,0,0,0,0,1,1,1,0,0,1,1,0,0
23,0,34.062095,-118.401508,11355,10,72,27.97,0,19.7,1421.9,0.0,0,2013.84,3,1,1,0,1,0,1,1,0,0,0,0,1,0,0,0,0,1,0,0,0,0,0,0,0,0,0,1,0,1,0,0
38,0,33.88151,-118.234451,47305,0,17,25.62,0,19.9,323.15,0.0,0,435.54,4,0,0,0,0,0,0,0,0,0,0,0,1,0,0,0,0,1,0,0,0,0,0,0,0,0,1,0,0,0,0,0
42,0,33.885811,-118.206459,51387,0,3,12.66,28,107.95,318.6,0.0,0,37.98,3,1,0,0,0,0,0,0,0,0,0,1,1,0,1,0,1,0,0,1,1,1,1,1,1,1,0,0,1,0,0,0
52,0,34.019323,-118.391902,15195,0,51,0.0,24,56.4,2928.5,0.0,0,0.0,4,0,0,0,0,0,0,0,0,0,0,0,0,0,1,1,0,0,0,1,1,0,1,1,1,1,1,0,1,1,0,0
52,1,33.956228,-118.120993,24908,4,6,25.05,0,20.1,100.35,0.0,0,150.3,4,0,0,0,1,1,1,0,0,0,0,1,1,0,0,0,0,1,0,0,0,0,0,0,0,0,0,1,0,1,0,0
51,0,33.940884,-118.128628,40152,5,3,2.97,7,94.9,273.2,0.0,0,8.91,5,0,0,0,1,0,1,0,0,0,0,0,1,1,1,0,1,0,0,0,0,0,1,1,1,1,0,0,0,0,0,0
62,0,33.917145,-118.401554,16041,4,30,5.56,8,49.9,1441.95,0.0,100,166.79999999999998,4,1,0,0,1,0,1,0,0,0,0,0,1,1,1,1,0,0,0,0,0,0,0,0,0,0,0,0,0,0,0,0
39,0,33.890853,-118.297967,47758,0,31,6.4,24,71.05,2168.15,0.0,0,198.4,4,1,0,0,0,0,0,0,0,0,0,0,1,1,1,0,0,0,0,1,0,1,1,0,0,1,0,0,1,0,0,0
57,0,33.876482,-118.284077,9960,0,45,37.39,30,81.65,3618.7,0.0,0,1682.55,3,0,0,0,0,0,0,0,1,0,0,0,1,0,1,1,0,0,1,0,1,1,1,1,1,1,0,1,0,0,0,0
30,0,33.90139,-118.315697,26442,5,64,13.8,48,89.45,5692.65,0.0,0,883.2,3,1,0,0,1,0,1,0,1,0,0,0,1,1,1,0,1,0,1,1,1,0,0,0,0,1,1,0,0,0,0,0
46,0,33.88856,-118.351813,33300,0,1,5.02,0,19.05,19.05,0.0,0,5.02,4,1,0,0,0,0,0,0,0,0,0,0,1,0,0,0,0,1,0,0,0,0,0,0,0,0,0,0,0,1,0,0
51,1,34.037037,-118.705803,11,0,72,24.95,13,114.45,8100.55,0.0,0,1796.4,3,1,0,0,1,1,0,1,0,0,0,0,1,1,1,0,1,0,1,1,1,1,1,1,1,1,0,1,0,0,0,0
61,0,33.889632,-118.39737,33758,4,7,31.43,24,44.25,313.45,0.0,0,220.01,5,0,0,0,1,0,1,0,0,0,0,0,1,0,1,1,0,0,0,0,0,0,0,0,0,0,0,0,1,1,0,0
43,0,33.988572,-118.186565,28094,6,66,11.72,20,90.55,6130.95,0.0,0,773.5200000000001,5,0,0,0,1,0,1,1,0,0,0,0,1,1,1,0,1,0,0,1,1,1,0,0,0,1,1,0,1,0,0,0
61,1,33.788208,-118.404955,24979,2,40,1.89,0,20.4,745.3,0.0,0,75.6,3,1,0,0,1,1,1,0,1,0,0,0,1,0,0,0,0,1,0,0,0,0,0,0,0,0,0,0,1,0,0,0
24,0,33.753146,-118.367459,41263,0,16,25.71,48,71.4,1212.1,0.0,0,411.36,5,1,1,0,0,0,0,0,0,0,0,0,1,1,1,1,0,0,0,1,1,0,0,1,1,1,0,0,1,0,0,0
19,0,33.873395,-118.37019,37322,9,67,3.28,0,24.85,1583.5,0.0,0,219.76,4,1,1,0,1,0,1,1,0,0,0,0,1,1,0,0,0,1,0,0,0,0,0,0,0,0,0,1,0,1,0,0
45,0,33.944624,-118.192615,96267,2,41,9.85,14,104.45,4162.05,0.0,0,403.85,3,0,0,0,1,0,1,0,1,0,0,0,1,0,1,0,1,0,1,1,1,0,1,1,1,1,1,0,1,0,0,0
58,1,34.115192,-118.61017,5451,2,56,48.56,0,19.8,1119.9,0.0,0,2719.36,3,0,0,0,1,1,1,0,1,0,0,0,1,0,0,0,0,1,0,0,0,0,0,0,0,0,0,1,1,1,0,0
25,0,33.991782,-118.479229,31021,0,72,48.52,51,116.45,8013.55,0.0,90,3493.44,4,0,1,0,0,0,0,1,0,0,0,0,1,1,1,0,1,0,1,1,1,1,1,1,1,0,0,1,1,0,0,0
58,0,33.947305,-118.439841,11264,1,54,32.72,0,20.05,1102.4,0.0,0,1766.88,5,0,0,0,1,0,1,0,1,0,0,0,1,0,0,0,0,1,0,0,0,0,0,0,0,0,0,1,0,1,0,0
63,0,33.975332,-118.355252,30779,0,50,29.8,26,89.7,4304.5,0.0,0,1490.0,4,0,0,0,0,0,0,0,1,0,0,0,1,0,1,0,1,0,0,0,1,1,0,1,1,1,0,1,1,0,0,0
33,0,33.936827,-118.359824,28680,10,27,9.01,5,48.7,1421.75,0.0,0,243.27,3,1,0,0,1,0,1,0,0,0,0,0,1,0,1,1,0,0,1,0,0,0,0,0,0,1,1,0,0,1,0,0
56,0,34.015481,-118.493231,5221,0,62,38.33,30,74.3,4698.05,0.0,0,2376.46,4,1,0,0,0,0,0,0,1,0,0,0,1,0,1,0,0,0,1,1,0,0,1,1,1,1,1,0,1,1,0,0
59,0,34.035849,-118.503508,11509,0,12,37.63,26,54.3,654.5,0.0,130,451.56000000000006,3,0,0,0,0,0,0,0,0,0,1,0,1,0,1,1,0,0,0,1,0,1,0,0,0,0,0,0,1,0,0,0
31,8,34.026334,-118.474222,19975,2,54,46.7,75,79.95,4362.05,0.0,0,2521.8,3,1,0,0,1,1,1,0,1,0,0,0,1,0,1,0,1,0,0,1,0,1,0,0,0,1,0,1,1,0,0,0
49,0,34.005439,-118.477507,26099,0,68,2.83,0,20.05,1386.9,0.0,0,192.44,4,0,0,0,0,0,0,1,0,0,0,0,1,0,0,0,0,1,0,0,0,0,0,0,0,0,0,1,0,0,0,0
20,0,33.833699,-118.314387,40705,0,20,31.02,0,19.4,415.4,0.0,0,620.4,3,1,1,0,0,0,0,0,0,0,1,0,1,0,0,0,0,1,0,0,0,0,0,0,0,0,0,0,0,1,0,0
46,0,33.833181,-118.292062,17058,4,50,10.33,6,54.9,2614.1,0.0,0,516.5,4,1,0,0,1,0,1,0,1,0,0,0,1,1,1,1,0,0,0,0,1,0,0,0,0,1,1,0,0,0,0,0
42,0,33.840399,-118.353714,41979,0,58,2.38,0,24.45,1513.6,0.0,0,138.04,4,1,0,0,0,0,0,0,1,0,0,0,1,1,0,0,0,1,0,0,0,0,0,0,0,0,0,1,1,1,0,0
41,3,33.867257,-118.330794,31678,4,35,48.08,53,89.65,3161.6,0.0,40,1682.8,3,1,0,0,1,1,1,0,0,0,0,0,1,1,1,0,1,0,0,1,0,0,1,0,0,0,0,0,1,0,0,0
31,0,33.807882,-118.347957,34873,0,2,10.81,13,45.4,80.95,0.0,0,21.62,3,0,0,0,0,0,0,0,0,0,0,0,1,0,1,0,0,0,0,0,0,0,0,0,0,1,0,0,1,0,0,0
35,0,34.007353,-118.033683,32050,3,63,12.15,21,75.7,4676.7,0.0,0,765.45,3,1,0,0,1,0,1,0,1,0,0,0,1,1,1,1,0,0,1,0,1,1,0,1,1,1,0,1,0,1,0,0
35,0,33.972119,-118.020188,26265,8,58,37.95,18,110.65,6526.65,0.0,0,2201.1000000000004,3,0,0,0,1,0,1,0,1,0,0,0,1,1,1,0,1,0,1,1,1,0,1,1,1,1,1,0,1,1,0,0
37,0,33.945318,-117.992066,19109,10,27,20.96,0,20.55,583.3,0.0,0,565.9200000000001,4,0,0,0,1,0,1,0,0,0,0,0,1,0,0,0,0,1,0,0,0,0,0,0,0,0,1,0,1,1,0,0
57,0,33.929704,-118.01208,37887,7,71,9.44,9,115.15,8078.1,0.0,0,670.24,3,0,0,0,1,0,1,1,0,0,0,0,1,1,1,0,1,0,1,1,1,1,1,1,1,1,0,1,1,1,0,0
35,0,33.960891,-118.032222,38181,0,63,27.38,9,58.55,3503.5,0.0,0,1724.9399999999998,3,0,0,0,0,0,0,0,1,0,0,0,1,0,1,1,0,0,0,0,1,0,0,1,1,1,1,0,0,1,0,0
40,0,33.976678,-118.065875,32148,8,71,26.56,7,93.25,6669.45,0.0,90,1885.76,4,1,0,0,1,0,1,1,0,0,0,0,1,1,1,0,1,0,0,1,1,0,0,1,1,0,0,0,1,0,0,0
51,1,33.818477,-118.038307,47344,10,68,46.61,0,19.35,1292.65,0.0,0,3169.48,4,0,0,0,1,1,1,1,0,0,0,0,1,0,0,0,0,1,0,0,0,0,0,0,0,0,0,1,1,0,0,0
32,2,33.940619,-117.9513,67354,10,1,26.26,22,48.75,48.75,0.0,0,26.26,4,1,0,0,1,1,1,0,0,0,0,0,1,0,1,1,0,0,1,0,0,0,0,0,0,1,0,0,1,1,0,0
37,0,33.905963,-118.08263,103214,0,28,3.25,11,54.9,1505.15,0.0,0,91.0,3,0,0,0,0,0,0,0,0,0,0,0,1,1,1,0,0,0,0,0,0,1,0,0,0,1,0,0,1,1,0,0
54,2,33.989524,-118.089299,63288,3,72,47.69,0,24.75,1859.1,0.0,0,3433.68,4,1,0,0,1,1,1,1,0,0,0,0,1,1,0,0,0,1,0,0,0,0,0,0,0,0,0,1,0,1,0,0
36,0,33.933565,-118.062611,16271,0,2,46.78,12,91.15,168.5,0.0,10,93.56,3,0,0,0,0,0,0,0,0,0,0,0,1,0,1,0,1,0,1,1,0,0,1,0,0,0,0,0,1,0,0,0
39,0,33.798266,-118.300237,24660,4,68,38.38,20,92.2,6392.85,0.0,0,2609.84,3,1,0,0,1,0,1,1,0,0,0,0,1,1,1,1,0,0,1,1,1,1,1,1,1,1,0,1,1,1,0,0
54,0,33.841027,-118.078097,20890,10,57,23.28,0,19.6,1134.25,0.0,0,1326.96,4,0,0,0,1,0,1,0,1,0,0,0,1,0,0,0,0,1,0,0,0,0,0,0,0,0,0,1,1,0,0,0
45,0,33.830431,-118.074071,14852,9,54,0.0,9,30.4,1621.35,0.0,0,0.0,4,1,0,0,1,0,1,0,1,0,0,0,0,0,1,0,0,0,0,1,0,0,0,0,0,1,0,0,0,0,0,0
60,0,33.79499,-118.065591,21343,8,44,44.87,20,61.5,2722.2,0.0,150,1974.28,3,0,0,0,1,0,1,0,1,0,0,0,1,0,1,0,0,0,1,1,1,0,0,0,0,0,1,0,1,1,0,0
64,1,33.897122,-118.164432,55306,10,42,16.67,17,69.4,3058.3,0.0,0,700.1400000000001,3,1,0,0,1,1,1,0,1,0,0,0,1,1,1,0,0,0,1,1,0,0,1,0,0,1,0,0,1,0,0,0
27,1,33.736387,-118.284363,58639,1,72,35.33,0,24.75,1769.6,0.0,0,2543.76,3,1,1,0,1,1,1,1,0,0,0,0,1,1,0,0,0,1,0,0,0,0,0,0,0,0,0,1,0,0,0,0
26,0,33.744119,-118.31448,21279,3,71,9.5,76,91.05,6293.75,0.0,0,674.5,3,0,1,0,1,0,1,1,0,0,0,0,1,1,1,0,0,0,1,1,1,1,1,1,1,1,0,1,0,1,0,0
20,0,33.719221,-118.073596,1107,5,23,14.53,48,73.65,1642.75,0.0,0,334.19,5,0,1,0,1,0,1,0,0,0,1,0,1,1,1,0,0,0,0,0,0,1,1,1,1,1,0,0,1,1,0,0
35,0,33.728273,-118.085304,174,0,30,9.27,0,19.4,578.5,0.0,0,278.1,3,0,0,0,0,0,0,0,0,0,0,0,1,0,0,0,0,1,0,0,0,0,0,0,0,0,0,1,0,1,0,0
40,0,33.782068,-118.262263,53323,0,35,49.13,0,26.2,954.9,0.0,0,1719.5500000000002,3,1,0,0,0,0,0,0,0,0,0,0,1,1,0,0,0,1,0,0,0,0,0,0,0,0,1,0,0,0,0,0
54,0,33.859171,-118.252272,25566,0,1,15.9,27,43.85,43.85,0.0,10,15.9,4,1,0,0,0,0,0,0,0,0,0,0,1,0,1,0,0,0,0,0,0,0,0,0,0,0,0,0,1,0,0,0
22,0,33.752524,-118.210737,38427,0,22,15.77,42,69.7,1490.4,0.0,0,346.94,3,1,1,0,0,0,0,0,0,0,1,0,1,0,1,0,1,0,0,0,0,0,0,0,0,1,0,0,1,1,0,0
26,0,33.760458,-118.129725,31352,5,7,0.0,58,38.55,280.0,0.0,0,0.0,4,1,1,0,1,0,1,0,0,0,0,0,0,0,1,0,0,0,1,1,1,0,0,0,0,1,0,1,0,1,0,0
46,0,33.783047,-118.1486,43467,0,36,0.0,9,53.1,1901.25,0.0,0,0.0,3,0,0,0,0,0,0,0,0,0,0,0,0,0,1,0,0,0,1,1,1,1,0,1,1,1,0,1,1,1,0,0
39,1,33.864622,-118.179626,91664,7,34,9.66,0,20.65,716.4,0.0,0,328.44,3,0,0,0,1,1,1,0,0,0,0,0,1,0,0,0,0,1,0,0,0,0,0,0,0,0,0,0,0,1,0,0
25,0,33.802664,-118.179971,49647,1,72,32.67,48,64.45,4720.0,0.0,0,2352.24,3,1,1,0,1,0,1,1,0,0,0,0,1,1,1,0,0,0,1,1,1,0,0,0,0,1,0,1,0,1,0,0
48,1,33.830099,-118.182239,31556,9,36,34.79,0,25.1,930.95,0.0,0,1252.44,3,1,0,0,1,1,1,0,0,0,0,0,1,1,0,0,0,1,0,0,0,0,0,0,0,0,0,1,0,1,0,0
35,1,33.771612,-118.143866,19034,3,71,34.53,19,95.15,6770.85,0.0,0,2451.63,3,0,0,0,1,1,1,1,0,0,0,0,1,1,1,0,1,0,1,1,1,1,0,0,0,0,1,0,1,1,0,0
33,0,33.778436,-118.118648,425,1,17,28.83,5,96.65,1588.25,0.0,0,490.11,5,1,0,0,1,0,1,0,0,0,1,0,1,0,1,0,1,0,0,0,1,0,1,1,1,1,1,0,1,0,0,0
26,0,34.196837,-118.142236,36243,0,1,5.63,52,75.5,75.5,0.0,0,5.63,5,1,1,0,0,0,0,0,0,0,0,0,1,0,1,0,0,0,0,0,1,1,1,1,1,1,0,0,1,0,0,0
44,3,34.137319,-118.029837,30028,7,12,4.71,0,19.7,258.35,0.0,0,56.52,4,1,0,0,1,1,1,0,0,0,1,0,1,0,0,0,0,1,0,0,0,0,0,0,0,0,0,1,0,1,0,0
51,0,34.128284,-118.047732,30933,6,72,43.91,0,20.5,1502.25,0.0,0,3161.5199999999995,4,0,0,0,1,0,1,1,0,0,0,0,1,0,0,0,0,1,0,0,0,0,0,0,0,0,0,1,0,1,0,0
33,0,34.145695,-117.95982,27414,0,1,35.88,0,19.2,19.2,0.0,0,35.88,3,1,0,0,0,0,0,0,0,0,0,0,1,0,0,0,0,1,0,0,0,0,0,0,0,0,0,0,0,1,0,0
50,4,34.1528,-118.000482,41067,9,60,38.44,57,74.35,4453.3,0.0,0,2306.4,5,1,0,0,1,1,1,0,1,0,0,0,1,1,1,0,1,0,0,0,0,0,0,0,0,1,0,0,0,0,0,0
38,0,34.2112,-118.230625,7527,10,61,0.0,17,51.35,3244.4,0.0,0,0.0,3,0,0,0,1,0,1,0,1,0,0,0,0,0,1,1,0,0,0,1,1,1,1,0,0,1,0,1,0,1,0,0
27,0,34.168686,-118.057505,10558,9,6,5.69,27,45.65,323.45,0.0,0,34.14,4,0,1,0,1,0,1,0,0,0,0,1,1,0,1,1,0,0,0,0,0,0,0,0,0,1,0,0,0,1,0,0
29,1,34.146635,-118.139225,16812,9,72,27.16,0,20.3,1401.15,0.0,0,1955.52,3,1,1,0,1,1,1,1,0,0,0,0,1,0,0,0,0,1,0,0,0,0,0,0,0,0,0,1,0,0,0,0
42,0,34.167465,-118.165327,27891,0,32,32.02,3,54.2,1739.6,0.0,0,1024.64,5,0,0,0,0,0,0,0,0,0,0,0,1,1,1,1,0,0,0,1,0,0,0,0,0,1,0,0,1,0,0,0
52,0,34.165383,-118.123752,38460,1,65,19.84,2,90.65,5931.0,0.0,110,1289.6,5,1,0,0,1,0,1,0,1,0,0,0,1,1,1,0,1,0,0,1,0,0,0,1,1,0,0,0,1,0,0,0
54,2,34.13946,-118.166649,10253,10,45,0.0,18,50.9,2333.85,0.0,0,0.0,3,0,0,0,1,1,1,0,1,0,0,0,0,0,1,1,0,0,1,0,0,0,1,1,1,1,0,0,1,0,0,0
20,0,34.139402,-118.128658,23742,0,42,27.64,0,25.05,949.85,0.0,0,1160.88,5,1,1,0,0,0,0,0,0,0,0,0,1,1,0,0,0,1,0,0,0,0,0,0,0,0,1,0,0,0,0,0
64,0,34.159007,-118.087353,32369,0,8,11.58,7,74.85,572.45,0.0,0,92.64,4,1,0,0,0,0,0,0,0,0,0,1,1,1,1,0,1,0,0,0,0,0,0,0,0,1,0,0,1,0,0,0
38,2,34.122671,-118.112911,13158,0,32,16.94,0,20.5,696.8,0.0,0,542.08,4,1,0,0,0,1,0,0,0,0,0,0,1,0,0,0,0,1,0,0,0,0,0,0,0,0,0,1,0,1,0,0
33,0,34.153338,-118.262974,14493,0,1,46.23,25,47.95,47.95,0.0,0,46.23,4,1,0,0,0,0,0,0,0,0,0,1,1,0,1,1,0,0,1,0,0,0,0,0,0,1,0,0,0,0,0,0
25,0,34.13658,-118.245839,41390,7,1,40.63,52,45.0,45.0,0.0,10,40.63,5,0,1,0,1,0,1,0,0,0,0,1,1,0,1,1,0,0,0,0,0,0,0,0,0,0,0,0,1,0,0,0
24,0,34.239636,-118.245259,29110,0,4,9.75,0,25.3,116.95,0.0,0,39.0,3,0,1,0,0,0,0,0,0,0,0,1,1,1,0,0,0,1,0,0,0,0,0,0,0,0,0,1,1,1,0,0
23,0,34.130861,-118.68346,23661,7,56,21.21,0,24.3,1261.7,0.0,0,1187.76,5,0,1,0,1,0,1,0,0,0,0,0,1,1,0,0,0,1,0,0,0,0,0,0,0,0,1,0,0,0,0,0
61,0,34.19829,-118.602203,23519,0,45,10.36,6,75.95,3273.8,0.0,0,466.2,4,1,0,0,0,0,0,0,0,0,0,0,1,0,1,1,0,0,1,0,1,0,1,1,1,1,0,0,1,0,0,0
22,2,34.224377,-118.632656,49242,5,71,22.36,0,19.7,1415.85,0.0,0,1587.56,3,0,1,0,1,1,1,0,0,0,0,0,1,0,0,0,0,1,0,0,0,0,0,0,0,0,0,1,0,1,0,0
49,0,34.209532,-118.577563,43857,3,59,16.06,4,66.4,3958.2,0.0,0,947.54,3,1,0,0,1,0,1,0,0,0,0,0,1,0,1,1,0,0,1,1,1,0,1,0,0,1,1,0,0,1,0,0
37,0,34.199787,-118.68493,23637,0,69,0.0,19,35.75,2492.25,0.0,150,0.0,5,1,0,0,0,0,0,0,0,0,0,0,0,0,1,1,0,0,0,1,1,0,0,0,0,0,1,0,1,0,0,0
62,0,34.294142,-118.603883,35325,0,19,17.17,0,18.8,279.2,0.0,0,326.23,3,1,0,0,0,0,0,0,0,0,1,0,1,0,0,0,0,1,0,0,0,0,0,0,0,0,1,0,0,1,0,0
24,2,34.150354,-118.518292,27614,8,55,27.75,0,19.4,1083.0,0.0,0,1526.25,5,0,1,0,1,1,1,0,0,0,0,0,1,0,0,0,0,1,0,0,0,0,0,0,0,0,0,1,0,1,0,0
48,0,34.172071,-118.946262,37779,0,38,32.63,0,19.3,755.5,0.0,0,1239.94,5,0,0,0,0,0,0,0,0,0,0,0,1,0,0,0,0,1,0,0,0,0,0,0,0,0,1,0,0,0,1,0
35,2,34.286131,-118.435969,33389,4,46,14.91,0,20.1,936.85,0.0,0,685.86,5,1,0,0,1,1,1,0,0,0,0,0,1,0,0,0,0,1,0,0,0,0,0,0,0,0,0,1,1,0,1,0
22,0,34.238802,-118.482296,57017,5,65,34.31,71,58.9,3857.1,0.0,0,2230.15,4,0,1,0,1,0,1,0,0,0,0,0,1,0,1,1,0,0,1,0,1,1,0,0,0,1,0,1,0,1,0,0
21,3,34.502432,-118.41459,40077,6,71,11.3,0,19.45,1378.45,0.0,0,802.3000000000001,4,1,1,0,1,1,1,0,0,0,0,0,1,0,0,0,0,1,0,0,0,0,0,0,0,0,0,1,0,0,1,0
37,0,34.457005,-118.573726,17846,4,6,47.29,0,25.1,171.0,0.0,0,283.74,4,1,0,0,1,0,1,0,0,0,0,0,1,1,0,0,0,1,0,0,0,0,0,0,0,0,1,0,0,0,1,0
42,2,34.214054,-118.88109,42526,4,64,13.95,11,104.4,6721.6,0.0,0,892.8,4,0,0,0,1,1,1,0,0,0,0,0,1,1,1,0,1,0,1,0,0,1,1,1,1,1,1,0,1,0,0,0
49,0,34.191842,-118.822796,33057,0,1,30.73,10,44.05,44.05,0.0,0,30.73,5,1,0,0,0,0,0,0,0,0,0,1,1,0,1,0,0,0,0,0,0,0,0,0,0,1,0,0,1,0,0,0
48,1,34.153733,-118.593408,25988,0,72,19.64,0,24.1,1734.65,0.0,0,1414.08,4,1,0,0,1,1,0,0,0,0,0,0,1,1,0,0,0,1,0,0,0,0,0,0,0,0,0,1,0,1,0,0
50,0,34.178068,-118.615714,36123,0,1,16.34,4,45.55,45.55,0.0,0,16.34,4,1,0,0,0,0,0,0,0,0,0,1,1,0,1,1,0,0,0,0,0,0,0,0,0,1,0,0,1,0,1,0
41,3,34.19225,-118.776874,14814,9,51,27.23,75,93.8,4539.35,0.0,0,1388.73,3,0,0,0,1,1,1,0,0,0,0,0,1,1,1,0,1,0,1,1,0,0,0,1,1,1,0,0,1,0,0,0
45,1,34.364153,-118.615583,9937,1,41,23.95,0,19.7,804.25,0.0,0,981.95,3,0,0,0,1,1,1,0,0,0,0,0,1,0,0,0,0,1,0,0,0,0,0,0,0,0,0,1,0,0,0,0
59,0,34.506627,-118.699048,22177,6,72,43.12,22,70.65,5011.15,0.0,0,3104.64,3,0,0,0,1,0,1,0,0,0,0,0,1,0,1,0,0,0,1,1,1,0,1,0,0,1,0,1,1,1,0,0
64,0,34.178483,-118.431791,40376,6,43,21.08,14,86.45,3574.5,0.0,0,906.44,4,0,0,0,1,0,1,0,0,0,0,0,1,1,1,0,0,0,1,1,0,1,1,1,1,1,0,1,0,1,0,0
64,0,33.362575,-117.299644,42239,6,72,23.27,3,114.1,8086.4,0.0,0,1675.44,3,1,0,0,1,0,1,0,0,0,0,0,1,1,1,0,1,0,1,1,1,1,1,1,1,1,0,1,1,1,0,0
21,0,34.147149,-118.463365,22085,1,47,20.93,85,95.2,4563.0,0.0,80,983.71,5,1,1,0,1,0,1,0,0,0,0,0,1,1,1,0,1,0,0,0,0,0,1,1,1,0,1,0,1,1,0,0
61,0,34.202494,-118.448048,51348,0,72,46.1,27,88.55,6362.35,0.0,0,3319.2000000000003,4,1,0,0,0,0,0,0,0,0,0,0,1,1,1,1,0,0,1,1,1,1,1,1,1,1,0,1,0,1,0,0
23,0,34.195685,-118.490752,50047,0,3,16.39,0,20.75,67.1,0.0,0,49.17,5,1,1,0,0,0,0,0,0,0,0,1,1,0,0,0,0,1,0,0,0,0,0,0,0,0,0,0,1,1,0,0
39,0,34.152875,-118.486056,13129,0,26,0.0,6,44.65,1156.55,0.0,0,0.0,4,1,0,0,0,0,0,0,0,0,0,0,0,0,1,1,0,0,1,1,0,0,0,1,1,1,0,0,1,0,0,0
28,3,34.188339,-118.300942,18112,9,29,1.41,73,60.2,1834.15,0.0,0,40.89,3,1,1,0,1,1,1,0,0,0,0,0,1,0,1,1,0,0,1,0,0,0,0,1,1,1,0,0,1,1,0,0
50,0,34.213049,-118.317651,25882,0,27,20.29,21,55.45,1477.65,0.0,0,547.8299999999999,3,1,0,0,0,0,0,0,0,0,0,0,1,0,1,1,0,0,1,1,0,0,0,0,0,1,1,0,0,0,0,0
30,2,34.174215,-118.345928,29245,6,24,44.57,26,70.3,1706.45,0.0,0,1069.68,3,1,0,0,1,1,1,0,0,0,0,0,1,0,1,0,0,0,1,1,0,1,0,1,1,1,0,0,1,1,0,0
60,0,34.169706,-118.323548,18539,1,67,21.17,13,60.4,3953.7,0.0,40,1418.39,3,1,0,0,1,0,1,0,0,0,0,0,1,0,1,0,0,0,1,0,1,1,0,0,0,0,0,1,1,0,0,0
55,0,34.15136,-118.364786,16996,0,23,9.04,8,55.8,1327.85,0.0,0,207.92,3,0,0,0,0,0,0,0,0,0,1,0,1,0,1,1,0,0,0,1,1,0,0,0,0,1,1,0,0,0,0,0
63,0,34.139082,-118.39275,26157,0,14,0.0,12,31.1,419.7,0.0,0,0.0,5,1,0,0,0,0,0,0,0,0,1,0,0,0,1,0,0,0,0,1,0,0,0,0,0,1,0,0,1,0,1,0
46,2,34.132275,-117.611478,39064,0,16,13.99,18,69.1,1083.7,0.0,0,223.84,4,1,0,0,0,1,0,0,0,0,1,0,1,1,1,1,0,0,1,1,0,0,0,1,1,1,0,0,1,0,0,0
47,0,34.174493,-117.87068,57775,1,46,0.0,8,43.95,2007.85,0.0,0,0.0,3,0,0,0,1,0,1,0,0,0,0,0,0,0,1,1,0,0,0,0,0,0,1,1,1,1,0,0,1,0,0,0
62,0,34.098275,-117.967399,76890,0,68,11.5,29,86.5,5882.75,0.0,0,782.0,4,1,0,0,0,0,0,0,0,0,0,0,1,1,1,1,0,0,1,1,0,1,1,1,1,1,0,1,1,0,0,0
51,0,33.942895,-117.725644,66754,0,38,28.0,22,69.95,2657.55,0.0,90,1064.0,3,1,0,0,0,0,0,0,0,0,0,0,1,1,1,1,0,0,1,1,1,1,0,0,0,0,0,0,0,0,0,0
49,0,34.097345,-117.906736,33817,0,17,34.98,21,90.95,1612.2,0.0,0,594.66,5,1,0,0,0,0,0,0,0,0,1,0,1,0,1,0,1,0,0,1,1,0,0,1,1,1,0,0,1,1,0,0
25,1,34.084747,-117.886844,17554,1,4,24.57,0,19.9,76.65,0.0,0,98.28,4,1,1,0,1,1,1,0,0,0,0,1,1,0,0,0,0,1,0,0,0,0,0,0,0,0,0,1,0,0,1,0
35,0,34.08111,-117.853935,25068,0,12,26.67,0,20.15,260.7,0.0,0,320.04,5,0,0,0,0,0,0,0,0,0,1,0,1,0,0,0,0,1,0,0,0,0,0,0,0,0,1,0,0,0,0,0
57,0,34.10097,-117.57882,51970,1,72,34.97,11,90.6,6441.85,0.0,0,2517.84,3,1,0,0,1,0,1,0,0,0,0,0,1,1,1,0,0,0,1,1,1,1,1,1,1,1,0,1,1,1,0,0
58,0,34.079934,-118.046695,30211,0,3,15.6,9,92.0,266.8,0.0,0,46.8,3,1,0,0,0,0,0,0,0,0,0,1,1,0,1,0,1,0,0,0,0,0,1,1,1,1,0,0,1,0,0,0
38,0,34.04622,-118.053753,45645,0,41,32.66,0,24.85,962.25,0.0,0,1339.06,3,0,0,0,0,0,0,0,0,0,0,0,1,1,0,0,0,1,0,0,0,0,0,0,0,0,1,0,1,0,1,0
55,0,34.245289,-117.642503,23079,0,40,0.0,12,36.0,1382.9,0.0,130,0.0,3,1,0,0,0,0,0,0,0,0,0,0,0,0,1,0,0,0,0,1,0,1,0,0,0,0,1,0,0,1,0,0
44,0,34.133809,-117.523724,12937,0,7,3.34,13,78.5,571.05,0.0,0,23.38,4,0,0,0,0,0,0,0,0,0,0,1,1,0,1,0,0,0,1,1,0,1,1,1,1,1,0,0,1,0,0,0
24,0,34.119363,-117.855059,25135,0,69,7.18,0,19.95,1399.35,0.0,0,495.42,4,1,1,0,0,0,0,0,0,0,0,0,1,0,0,0,0,1,0,0,0,0,0,0,0,0,0,1,0,1,0,0
64,0,34.14649,-117.849815,24973,1,7,21.09,0,20.65,150.0,0.0,0,147.63,5,1,0,0,1,0,1,0,0,0,0,0,1,0,0,0,0,1,0,0,0,0,0,0,0,0,1,0,0,0,1,0
22,1,34.031441,-117.936436,84965,1,5,0.0,59,30.5,167.2,0.0,0,0.0,3,0,1,0,1,1,1,0,0,0,0,0,0,0,1,1,0,0,0,1,0,0,0,0,0,1,0,0,1,0,0,0
57,1,33.998471,-117.973758,53686,1,72,6.41,14,106.1,7657.4,0.0,0,461.52,4,0,0,0,1,1,1,0,0,0,0,0,1,1,1,0,1,0,1,1,1,1,1,0,0,1,0,1,0,1,0,0
64,0,34.038983,-117.991372,30802,1,44,27.4,0,20.5,865.05,0.0,0,1205.6,3,1,0,0,1,0,1,0,0,0,0,0,1,0,0,0,0,1,0,0,0,0,0,0,0,0,1,0,1,0,0,0
59,0,33.976753,-117.897367,46342,0,65,27.68,6,95.5,6153.85,0.0,80,1799.2,5,0,0,0,0,0,0,0,0,0,0,0,1,1,1,0,1,0,0,1,1,0,1,0,0,0,1,0,1,0,0,0
20,0,34.144703,-117.770299,35530,0,3,40.99,48,64.6,174.2,0.0,0,122.97,5,0,1,0,0,0,0,0,0,0,0,0,1,1,1,0,0,0,0,0,0,1,1,0,0,1,0,0,0,0,0,0
45,0,33.999992,-117.535395,18980,0,24,2.33,2,51.1,1269.6,0.0,0,55.92,5,1,0,0,0,0,0,0,0,0,0,0,1,0,1,1,0,0,0,0,0,1,0,0,0,1,0,0,1,1,0,0
28,0,34.231318,-117.662032,47,0,24,30.07,69,54.95,1348.5,0.0,0,721.6800000000001,3,1,1,0,0,0,0,0,0,0,0,0,1,0,1,1,0,0,1,0,0,1,0,0,0,1,0,0,0,0,0,0
43,0,34.057256,-117.667677,54254,1,22,20.78,0,20.45,471.55,0.0,0,457.16,4,1,0,0,1,0,1,0,0,0,1,0,1,0,0,0,0,1,0,0,0,0,0,0,0,0,0,0,1,0,0,0
33,0,34.072121,-117.698319,34447,10,70,30.06,24,85.95,5931.75,0.0,0,2104.2,5,1,0,0,1,0,1,0,0,0,0,0,1,1,1,0,0,0,0,1,1,1,1,1,1,1,0,1,1,1,0,0
55,3,34.074087,-117.605618,49474,1,25,25.87,76,60.35,1404.65,0.0,10,646.75,4,1,0,0,1,1,1,0,0,0,0,0,1,1,1,0,0,0,0,0,0,0,1,0,0,0,0,0,0,0,0,0
24,3,33.992416,-117.807874,46532,0,37,8.21,0,19.8,726.1,0.0,0,303.77000000000004,3,1,1,0,1,1,0,0,0,0,0,0,1,0,0,0,0,1,0,0,0,0,0,0,0,0,0,1,0,0,0,0
39,0,34.083086,-117.737997,46626,9,59,24.81,24,72.1,4194.85,0.0,0,1463.79,5,0,0,0,1,0,1,0,0,0,0,0,1,1,1,0,0,0,0,0,1,1,1,0,0,1,0,1,1,0,0,0
19,3,34.114772,-118.089431,23444,1,1,36.32,85,81.05,81.05,0.0,0,36.32,5,1,1,0,1,1,1,0,0,0,0,0,1,0,1,0,1,0,0,0,0,0,0,1,1,1,0,0,1,0,0,0
28,0,34.089927,-118.095645,38041,0,3,37.01,0,20.5,76.95,0.0,0,111.03,5,1,1,0,0,0,0,0,0,0,0,0,1,0,0,0,0,1,0,0,0,0,0,0,0,0,0,0,1,0,0,0
29,0,34.101608,-118.055848,32718,3,53,41.82,69,111.8,5809.75,0.0,0,2216.46,3,0,1,0,1,0,1,0,0,0,0,0,1,1,1,0,1,0,0,1,1,1,1,1,1,1,1,0,1,0,0,0
27,0,34.141146,-117.655583,23331,0,1,42.15,0,20.2,20.2,0.0,0,42.15,3,1,1,0,0,0,0,0,0,0,0,0,1,0,0,0,0,1,0,0,0,0,0,0,0,0,0,0,0,0,1,0
59,0,34.105493,-117.660934,48827,0,20,30.13,0,19.7,415.9,0.0,0,602.6,4,1,0,0,0,0,0,0,0,0,1,0,1,0,0,0,0,1,0,0,0,0,0,0,0,0,1,0,1,0,1,0
61,0,34.066964,-117.937007,44099,0,51,29.87,0,19.85,996.95,0.0,0,1523.37,5,0,0,0,0,0,0,0,1,0,0,0,1,0,0,0,0,1,0,0,0,0,0,0,0,0,1,0,1,0,0,0
56,0,34.061634,-117.893169,30458,4,51,47.18,12,60.5,3145.15,0.0,0,2406.18,3,0,0,0,1,0,1,0,1,0,0,0,1,0,1,0,0,0,1,1,0,1,0,0,0,1,1,0,1,0,0,0
21,3,34.024405,-117.898722,31622,1,13,42.23,0,19.55,265.3,0.0,0,548.99,4,0,1,0,1,1,1,0,0,0,0,0,1,0,0,0,0,1,0,0,0,0,0,0,0,0,0,1,0,0,1,0
28,0,34.090925,-118.128164,54382,0,1,10.21,0,20.9,20.9,0.0,0,10.21,5,0,1,0,0,0,0,0,0,0,0,0,1,0,0,0,0,1,0,0,0,0,0,0,0,0,0,0,0,0,1,0
53,1,34.074736,-118.145959,30635,0,1,10.14,0,21.05,21.05,0.0,0,10.14,3,1,0,0,0,1,0,0,0,0,0,0,1,0,0,0,0,1,0,0,0,0,0,0,0,0,0,0,1,0,1,0
46,0,32.827184,-116.703729,16486,0,63,18.05,11,71.5,4576.3,0.0,70,1137.15,3,1,0,0,0,0,0,0,1,0,0,0,1,1,1,1,0,0,1,1,1,1,0,0,0,0,1,0,0,0,0,0
64,0,32.67117,-117.00232,17389,0,3,33.53,30,54.65,189.1,0.0,0,100.59,5,1,0,0,0,0,0,0,0,0,0,0,1,0,1,1,0,0,0,0,0,0,0,1,1,1,0,0,0,0,1,0
49,0,32.677097,-116.304991,1509,0,46,30.99,0,19.2,908.15,0.0,0,1425.54,4,1,0,0,0,0,0,0,1,0,0,0,1,0,0,0,0,1,0,0,0,0,0,0,0,0,0,1,0,1,0,0
31,0,32.673483,-116.472863,3133,0,1,3.97,11,49.8,49.8,0.0,0,3.97,4,1,0,0,0,0,0,0,0,0,0,0,1,1,1,1,0,0,0,0,0,0,0,0,0,1,0,0,1,1,0,0
60,1,32.607964,-117.059459,71126,8,71,11.13,0,20.5,1500.95,0.0,0,790.23,4,0,0,0,1,1,1,0,0,0,0,0,1,0,0,0,0,1,0,0,0,0,0,0,0,0,0,1,0,0,0,0
38,3,32.64164,-116.985026,12884,10,55,22.56,56,90.4,5099.15,0.0,0,1240.8,5,1,0,0,1,1,1,0,1,0,0,0,1,1,1,0,1,0,0,0,1,0,1,0,0,1,0,0,1,1,0,0
38,0,32.688506,-116.938632,2606,0,70,13.4,3,90.25,6385.95,0.0,100,938.0,3,0,0,0,0,0,0,0,0,0,0,0,1,1,1,0,1,0,0,1,1,1,0,0,0,0,1,0,1,0,0,0
32,3,32.912664,-116.635387,1587,10,67,11.31,57,104.6,6885.75,0.0,0,757.77,3,1,0,0,1,1,1,0,0,0,0,0,1,1,1,0,1,0,1,0,0,1,1,1,1,1,0,1,0,0,0,0
27,0,32.857946,-116.561917,796,6,14,4.05,59,50.2,668.85,0.0,0,56.7,3,1,1,0,1,0,1,0,0,0,0,0,1,0,1,1,0,0,0,0,1,0,0,0,0,1,0,0,0,1,0,0
28,2,32.579134,-117.119009,26662,5,20,38.71,48,95.5,1916.2,0.0,0,774.2,3,0,1,0,1,1,1,0,0,0,0,0,1,1,1,0,1,0,0,0,1,1,0,1,1,1,0,0,1,0,0,0
56,6,32.759327,-116.99726,44652,6,49,8.18,53,95.4,4613.95,0.0,0,400.82,5,0,0,0,1,1,1,0,1,0,0,0,1,1,1,0,1,0,0,0,0,0,1,1,1,1,0,0,1,0,0,0
32,0,32.782501,-117.01611,24005,0,72,2.25,16,101.3,7261.25,0.0,0,162.0,3,0,0,0,0,0,0,1,0,0,0,0,1,1,1,0,1,0,1,1,1,0,1,0,0,1,0,1,1,0,0,0
25,0,32.733564,-117.033713,24961,1,46,44.74,82,53.1,2459.8,0.0,0,2058.04,3,0,1,0,1,0,1,0,1,0,0,0,1,1,1,1,0,0,1,0,0,0,0,0,1,1,0,0,0,0,0,0
57,0,32.830852,-116.444601,81,0,24,13.13,14,84.85,2048.8,0.0,80,315.12,4,1,0,0,0,0,0,0,0,1,0,0,1,1,1,0,1,0,0,1,1,0,0,0,0,0,0,0,1,0,0,0
52,2,32.67102,-117.095235,62355,9,5,0.0,19,34.25,163.55,0.0,0,0.0,5,0,0,0,1,1,1,0,0,0,0,0,0,0,1,1,0,0,0,1,0,1,0,0,0,1,0,0,0,0,0,0
21,1,32.800671,-116.483363,1604,6,33,11.01,73,88.6,2888.7,0.0,0,363.33,3,0,1,0,1,1,1,0,0,1,0,0,1,1,1,0,1,0,0,1,1,1,0,0,1,1,0,0,0,1,0,0
23,0,32.619465,-116.593605,905,0,42,29.44,41,60.15,2421.6,0.0,0,1236.48,3,0,1,0,0,0,0,0,1,0,0,0,1,1,1,0,0,0,1,1,0,0,0,0,1,1,1,0,1,0,0,0
21,0,32.726627,-116.994608,56100,0,23,41.94,30,99.95,2292.75,0.0,0,964.62,3,1,1,0,0,0,0,0,0,0,0,0,1,0,1,0,1,0,1,0,1,0,1,1,1,1,1,0,1,1,0,0
26,0,32.730264,-116.950963,7863,0,8,41.93,59,70.7,553.4,0.0,0,335.44,5,1,1,0,0,0,0,0,0,0,0,1,1,0,1,0,1,0,0,0,0,0,0,0,1,1,0,0,0,0,0,0
32,0,32.587557,-116.636816,91,0,66,11.56,30,54.8,3465.7,0.0,0,762.96,4,1,0,0,0,0,0,1,0,0,0,0,1,0,1,1,0,0,1,1,0,0,0,0,0,1,1,0,1,0,1,0
22,0,33.148116,-117.306043,35582,0,53,8.33,73,100.3,5200.8,0.0,0,441.49,4,0,1,0,0,0,0,0,1,0,0,0,1,0,1,0,1,0,0,1,1,0,1,1,1,1,1,0,1,0,1,0
61,0,33.098018,-117.258203,43161,0,60,0.0,4,53.6,3237.05,0.0,0,0.0,3,0,0,0,0,0,0,0,0,0,0,0,0,0,1,0,0,0,1,0,1,0,1,1,1,1,0,1,0,0,0,0
32,0,32.785165,-116.862648,40995,0,20,10.9,0,19.35,433.75,0.0,0,218.0,5,0,0,0,0,0,0,0,0,0,0,0,1,0,0,0,0,1,0,0,0,0,0,0,0,0,1,0,1,1,0,0
25,1,32.79697,-116.969082,55277,10,23,9.84,71,85.6,1868.4,0.0,0,226.32,3,0,1,0,1,1,1,0,0,0,0,0,1,1,1,0,1,0,0,0,0,0,0,1,1,1,0,0,0,0,0,0
23,0,32.832706,-116.873258,61872,8,72,35.07,53,80.8,5728.55,0.0,0,2525.04,5,1,1,0,1,0,1,1,0,0,0,0,1,0,1,0,0,0,1,0,1,1,1,1,1,1,0,1,1,0,0,0
43,0,33.081478,-117.033814,49281,0,21,16.81,0,19.6,390.4,0.0,0,353.01,4,1,0,0,0,0,0,0,0,0,0,0,1,0,0,0,0,1,0,0,0,0,0,0,0,0,0,1,0,0,1,0
21,0,33.362575,-117.299644,42239,0,57,36.14,48,69.75,3894.4,0.0,0,2059.98,3,0,1,0,0,0,0,0,0,0,0,0,1,0,1,0,0,0,0,1,1,1,1,0,1,1,0,1,0,0,1,0
42,2,33.079834,-117.134275,17944,9,45,21.73,0,20.0,886.4,0.0,0,977.85,4,0,0,0,1,1,1,0,0,0,0,0,1,0,0,0,0,1,0,0,0,0,0,0,0,0,0,1,1,0,0,0
35,0,32.980678,-116.262854,3577,0,10,26.43,13,95.25,1021.55,0.0,0,264.3,3,1,0,0,0,0,0,0,0,0,0,0,1,1,1,0,1,0,0,1,1,0,0,1,1,1,0,0,1,0,0,0
49,5,32.909873,-116.906774,42277,0,14,40.66,0,19.95,268.4,0.0,0,569.24,5,1,0,0,0,1,0,0,0,0,0,0,1,0,0,0,0,1,0,0,0,0,0,0,0,0,0,0,0,1,0,0
42,0,33.351059,-117.420557,98239,3,27,11.83,14,80.85,2204.35,0.0,0,319.41,3,1,0,0,1,0,1,0,0,1,0,0,1,1,1,1,0,0,1,0,0,1,1,1,1,1,1,0,0,1,0,0
59,1,33.384345,-117.072619,1831,0,69,28.53,24,93.3,6398.05,0.0,0,1968.57,5,0,0,0,1,1,0,1,0,0,0,0,1,1,1,0,1,0,0,1,0,1,0,1,1,1,0,1,1,0,0,0
59,0,32.984395,-117.013454,47969,7,35,0.0,24,46.35,1662.05,0.0,140,0.0,4,0,0,0,1,0,1,0,0,1,0,0,0,0,1,1,0,0,1,0,0,1,1,0,0,0,0,1,1,1,0,0
33,0,33.215251,-116.53633,339,3,45,39.82,13,78.75,3600.65,0.0,0,1791.9,3,1,0,0,1,0,1,0,0,0,0,0,1,1,1,1,0,0,0,1,1,0,1,1,1,1,1,0,0,1,0,0
60,0,33.012751,-117.200617,7615,0,17,22.61,19,83.55,1329.15,0.0,0,384.37,5,0,0,0,0,0,0,0,0,0,0,0,1,0,1,0,1,0,0,1,0,0,1,0,0,1,0,0,1,0,0,0
62,0,33.174725,-116.743329,1143,0,22,20.46,0,19.6,422.5,0.0,0,450.12,5,1,0,0,0,0,0,0,0,0,0,0,1,0,0,0,0,1,0,0,0,0,0,0,0,0,1,0,0,1,0,0
21,0,33.001813,-117.263628,12173,5,67,2.12,58,67.85,4627.65,0.0,0,142.04000000000002,3,1,1,0,1,0,1,1,0,0,0,0,1,0,1,0,0,0,1,0,1,1,0,1,1,1,0,1,0,1,0,0
45,3,33.119028,-117.166036,6760,8,67,17.79,22,105.65,6717.9,0.0,0,1191.9299999999998,5,0,0,0,1,1,1,1,0,0,0,0,1,1,1,0,1,0,0,0,1,1,1,1,1,1,0,1,1,0,0,0
30,0,33.323705,-116.626907,1205,0,5,3.37,0,20.15,117.95,0.0,0,16.85,4,0,0,0,0,0,0,0,0,0,0,1,1,0,0,0,0,1,0,0,0,0,0,0,0,0,0,0,0,1,0,0
47,0,32.99356,-117.207121,1072,0,54,0.0,10,45.2,2460.55,0.0,0,0.0,4,1,0,0,0,0,0,0,0,0,0,0,0,0,1,0,0,0,1,0,0,1,1,0,0,1,0,1,0,1,0,0
56,0,32.741852,-117.243453,27959,8,70,27.97,2,79.25,5731.85,0.0,0,1957.9,3,1,0,0,1,0,1,1,0,0,0,0,1,1,1,0,0,0,1,1,1,1,1,0,0,1,0,1,1,0,0,0
51,2,32.787836,-117.232376,46086,5,53,26.84,12,85.7,4616.1,0.0,0,1422.52,5,1,0,0,1,1,1,0,0,0,0,0,1,1,1,0,0,0,1,0,1,1,1,1,1,1,0,0,0,0,0,0
63,0,32.805518,-117.169052,46828,0,31,33.71,0,20.1,589.25,0.0,0,1045.01,3,0,0,0,0,0,0,0,0,1,0,0,1,0,0,0,0,1,0,0,0,0,0,0,0,0,1,0,0,1,0,0
56,3,32.697098,-117.116587,47431,8,13,28.15,56,61.8,750.1,0.0,0,365.95,3,1,0,0,1,1,1,0,0,0,0,0,1,0,1,0,0,0,0,1,1,1,0,0,0,1,0,0,0,0,0,0
33,1,32.707892,-117.05512,66838,6,28,41.41,30,49.9,1410.25,0.0,0,1159.48,5,0,0,0,1,1,1,0,0,1,0,0,1,1,1,1,0,0,0,0,0,0,0,0,0,1,0,0,0,1,0,0
62,0,32.765299,-117.122565,33083,8,38,6.97,0,20.4,743.5,0.0,0,264.86,5,1,0,0,1,0,1,0,0,1,0,0,1,0,0,0,0,1,0,0,0,0,0,0,0,0,0,1,0,0,0,0
28,0,32.802959,-117.027095,21866,9,52,10.4,85,75.4,3865.45,0.0,0,540.8000000000001,5,1,1,0,1,0,1,0,0,0,0,0,1,0,1,1,0,0,1,1,0,0,1,1,1,1,1,0,1,1,0,0
42,3,32.807867,-117.060993,25569,2,62,1.76,20,108.15,6825.65,0.0,0,109.12,4,1,0,0,1,1,1,0,0,0,0,0,1,0,1,0,1,0,1,1,1,1,1,1,1,1,0,1,0,1,0,0
40,0,32.898613,-117.202937,4258,0,16,22.3,28,86.25,1340.1,0.0,0,356.8,5,0,0,0,0,0,0,0,0,0,1,0,1,0,1,0,1,0,0,1,0,0,0,1,1,1,0,0,1,0,0,0
57,0,32.808814,-117.134694,25232,0,12,49.0,23,95.7,1184.0,0.0,0,588.0,5,1,0,0,0,0,0,0,0,0,1,0,1,0,1,0,1,0,0,0,1,0,1,1,1,1,1,0,0,0,0,0
63,1,32.827238,-117.089287,30206,1,72,31.83,14,116.85,8477.7,0.0,0,2291.76,3,0,0,0,1,1,1,1,0,0,0,0,1,1,1,0,1,0,1,1,1,1,1,1,1,1,0,1,1,0,0,0
33,0,33.017518,-117.118456,20046,1,24,32.86,0,20.15,456.85,0.0,0,788.64,3,0,0,0,1,0,1,0,0,1,0,0,1,0,0,0,0,1,0,0,0,0,0,0,0,0,1,0,0,1,0,0
64,0,33.000269,-117.072093,42733,0,15,39.49,0,19.6,331.6,0.0,0,592.35,3,0,0,0,0,0,0,0,0,0,1,0,1,0,0,0,0,1,0,0,0,0,0,0,0,0,0,1,0,1,0,0
54,2,32.957195,-117.202542,28201,0,2,14.88,12,60.95,134.6,0.0,0,29.76,4,1,0,0,0,1,0,0,0,0,0,0,1,1,1,1,0,0,1,1,0,0,0,0,0,1,0,0,0,0,0,0
40,3,32.89325,-117.087091,29283,3,5,0.0,53,25.05,125.5,0.0,0,0.0,5,0,0,0,1,1,1,0,0,0,0,1,0,0,1,1,0,0,0,0,0,0,0,0,0,1,0,0,0,1,0,0
20,0,32.555828,-117.040073,28488,8,41,2.43,69,60.3,2511.3,0.0,0,99.63,3,1,1,0,1,0,1,0,0,0,0,0,1,0,1,1,0,0,1,1,1,0,0,0,1,1,1,0,1,0,0,0
26,1,33.713891,-116.237257,56307,0,43,5.6,30,63.95,2737.05,0.0,0,240.8,3,0,1,0,0,1,0,0,0,0,0,0,1,0,1,0,0,0,1,1,0,0,0,1,1,1,0,0,1,0,0,0
30,0,33.946982,-116.977672,17721,2,71,28.58,30,90.55,6404.0,0.0,0,2029.18,4,1,0,0,1,0,1,1,0,0,0,0,1,1,1,0,0,0,1,1,1,1,1,1,1,1,0,1,0,0,0,0
29,0,33.674583,-114.71612,24659,0,7,9.43,0,19.45,165.35,0.0,0,66.00999999999999,5,1,1,0,0,0,0,0,0,0,0,0,1,0,0,0,0,1,0,0,0,0,0,0,0,0,0,1,0,1,0,0
48,0,32.690654,-115.431225,27804,0,7,30.58,0,19.5,128.6,0.0,0,214.06,5,1,0,0,0,0,0,0,0,0,0,1,1,0,0,0,0,1,0,0,0,0,0,0,0,0,1,0,0,1,0,0
30,0,33.143826,-115.497485,7857,0,69,23.92,42,110.5,7455.45,0.0,0,1650.48,4,0,0,0,0,0,0,1,0,0,0,0,1,1,1,0,1,0,0,1,1,1,1,1,1,1,0,1,1,0,0,0
29,1,33.829583,-116.474131,43141,0,1,0.0,48,24.7,24.7,0.0,70,0.0,5,0,1,0,0,1,0,0,0,0,0,1,0,0,1,0,0,0,0,0,0,0,0,0,0,0,0,0,0,1,0,0
36,0,33.680031,-116.171678,23170,0,3,44.42,6,77.4,206.15,0.0,0,133.26,4,1,0,0,0,0,0,0,0,0,0,1,1,0,1,0,0,0,1,0,1,0,1,1,1,1,0,0,1,0,0,0
33,0,33.948558,-116.516976,22796,6,69,34.49,29,85.4,5869.4,0.0,0,2379.81,5,0,0,0,1,0,1,1,0,0,0,0,1,1,1,0,1,0,0,1,1,0,0,0,0,1,0,0,1,0,0,0
44,0,33.832799,-116.250973,5529,1,71,0.0,16,47.6,3377.8,0.0,0,0.0,3,0,0,0,1,0,1,1,0,0,0,0,0,0,1,1,0,0,1,1,1,1,0,0,0,1,0,1,1,0,0,0
19,2,34.137742,-114.36514,1564,0,69,25.18,0,19.4,1346.2,0.0,0,1737.42,5,0,1,0,1,1,0,1,0,0,0,0,1,0,0,0,0,1,0,0,0,0,0,0,0,0,0,1,0,1,0,0
35,0,32.770393,-115.60915,43712,0,48,10.5,12,103.85,4946.05,0.0,0,504.0,5,0,0,0,0,0,0,0,0,0,0,0,1,1,1,0,1,0,0,0,1,1,1,1,1,1,0,0,1,0,0,0
30,0,32.858595,-115.662709,14546,0,45,5.97,73,108.45,4964.7,0.0,0,268.65,3,1,0,0,0,0,0,0,0,0,0,0,1,1,1,0,1,0,1,0,1,1,1,1,1,1,0,0,1,1,0,0
54,0,34.167236,-116.281511,8141,0,51,42.93,11,81.0,4085.75,0.0,10,2189.43,3,1,0,0,0,0,0,0,0,0,0,0,1,1,1,0,1,0,0,1,0,0,0,0,0,0,0,0,0,0,0,0
39,0,33.543835,-115.993906,8768,0,72,11.41,17,86.65,6224.8,0.0,0,821.52,3,1,0,0,0,0,0,1,0,0,0,0,1,1,1,1,0,0,1,1,1,1,1,1,1,1,0,1,0,0,0,0
33,1,34.097863,-116.594561,3499,1,37,38.89,29,92.95,3415.25,0.0,0,1438.93,4,1,0,0,1,1,1,0,0,1,0,0,1,1,1,0,1,0,0,1,1,0,1,0,0,1,0,0,1,0,0,0
31,0,33.345825,-115.596574,2753,1,71,18.42,29,90.35,6325.25,0.0,0,1307.8200000000002,4,1,0,0,1,0,1,1,0,0,0,0,1,1,1,1,0,0,1,1,1,1,1,1,1,1,0,1,0,0,0,0
51,0,32.698964,-115.886656,471,0,66,20.77,0,25.15,1683.6,0.0,0,1370.82,5,0,0,0,0,0,0,1,0,0,0,0,1,1,0,0,0,1,0,0,0,0,0,0,0,0,0,1,1,1,0,0
59,0,33.694501,-116.412711,29340,1,51,31.66,3,76.4,3966.3,0.0,0,1614.66,3,1,0,0,1,0,1,0,0,0,0,0,1,0,1,0,0,0,1,0,0,1,1,1,1,1,1,0,1,0,0,0
57,0,33.839989,-116.659215,24924,1,30,21.14,0,19.55,608.5,0.0,0,634.2,3,0,0,0,1,0,1,0,0,0,0,0,1,0,0,0,0,1,0,0,0,0,0,0,0,0,1,0,0,0,0,0
26,0,33.745746,-116.514215,18884,0,34,23.54,76,85.35,2896.6,0.0,0,800.36,5,0,1,0,0,0,0,0,0,0,0,0,1,1,1,0,1,0,0,0,0,0,1,0,0,0,0,0,0,0,0,0
62,1,33.3249,-114.758334,291,1,64,35.25,0,24.8,1514.85,0.0,0,2256.0,3,1,0,0,1,1,1,0,0,0,0,0,1,1,0,0,0,1,0,0,0,0,0,0,0,0,0,1,1,1,0,0
50,0,34.201108,-116.593456,354,0,47,47.73,25,100.75,4669.2,0.0,0,2243.31,3,1,0,0,0,0,0,0,0,0,0,0,1,1,1,0,1,0,1,1,0,1,1,0,0,1,0,0,0,1,0,0
53,3,33.53604,-116.119222,17018,1,67,11.4,27,94.1,6302.8,0.0,0,763.8000000000001,4,0,0,0,1,1,1,1,0,0,0,0,1,1,1,0,1,0,0,1,0,1,1,0,0,1,0,1,0,1,0,0
42,0,33.28156,-115.955541,799,0,39,48.61,0,19.35,779.2,0.0,0,1895.79,3,1,0,0,0,0,0,0,0,0,0,0,1,0,0,0,0,1,0,0,0,0,0,0,0,0,1,0,0,0,0,0
27,0,33.849263,-116.382778,6242,0,14,43.5,0,19.9,283.75,0.0,0,609.0,3,1,1,0,0,0,0,0,0,0,1,0,1,0,0,0,0,1,0,0,0,0,0,0,0,0,0,0,0,1,0,0
19,0,33.141265,-116.967221,48690,0,14,34.01,69,59.1,772.85,0.0,0,476.14,4,0,1,0,0,0,0,0,0,0,1,0,1,0,1,0,0,0,0,0,0,1,0,1,1,1,1,0,0,1,0,0
57,0,33.972293,-116.654195,805,1,16,21.04,17,55.85,857.8,0.0,0,336.64,3,1,0,0,1,0,1,0,0,0,1,0,1,0,1,0,0,0,1,1,0,0,0,0,0,1,1,0,1,1,0,0
40,1,32.852947,-114.850784,3663,1,70,40.28,13,106.05,7554.05,0.0,0,2819.6,4,1,0,0,1,1,1,1,0,0,0,0,1,1,1,0,1,0,1,1,0,0,1,1,1,1,0,0,1,0,0,0
51,3,34.341737,-116.539416,2182,6,23,48.73,75,75.3,1702.9,0.0,0,1120.79,5,0,0,0,1,1,1,0,0,0,1,0,1,0,1,0,1,0,0,0,1,0,0,0,0,1,0,0,1,1,0,0
53,1,34.667815,-117.536183,18980,0,21,31.26,0,24.7,467.15,0.0,0,656.46,4,1,0,0,0,1,0,0,0,0,1,0,1,1,0,0,0,1,0,0,0,0,0,0,0,0,0,0,0,1,0,0
38,0,35.349241,-116.770281,9465,0,36,46.92,5,55.8,1941.5,0.0,70,1689.12,3,0,0,0,0,0,0,0,0,0,0,0,1,1,1,1,0,0,0,0,1,0,0,0,0,0,1,0,0,0,0,0
48,0,34.965648,-117.001509,31293,0,50,0.0,6,39.7,1932.75,0.0,0,0.0,3,0,0,0,0,0,0,0,0,0,0,0,0,0,1,1,0,0,0,1,1,1,0,0,0,1,0,1,0,1,0,0
38,1,34.029175,-117.307211,11024,6,48,0.0,16,29.5,1423.05,0.0,0,0.0,4,0,0,0,1,1,1,0,0,0,0,0,0,0,1,1,0,0,0,0,0,1,0,0,0,1,0,0,1,1,0,0
40,3,34.278967,-116.773825,9899,0,50,18.95,0,20.15,970.85,0.0,0,947.5,3,0,0,0,0,1,0,0,0,0,0,0,1,0,0,0,0,1,0,0,0,0,0,0,0,0,0,1,0,1,0,0
34,0,34.242058,-116.89802,5447,3,72,45.05,9,79.55,5810.9,0.0,0,3243.6,3,1,0,0,1,0,1,1,0,0,0,0,1,1,1,0,0,0,1,1,1,1,0,1,1,1,0,1,0,1,0,0
61,3,34.059722,-117.39104,25995,0,10,34.47,0,24.8,223.9,0.0,0,344.7,3,1,0,0,0,1,0,0,0,0,1,0,1,1,0,0,0,1,0,0,0,0,0,0,0,0,0,0,0,1,0,0
44,0,33.982787,-117.057627,7334,0,18,18.2,0,19.65,391.7,0.0,0,327.6,3,0,0,0,0,0,0,0,0,0,1,0,1,0,0,0,0,1,0,0,0,0,0,0,0,0,0,0,0,1,0,0
40,0,34.248061,-117.29028,10484,0,9,15.53,14,94.05,811.65,0.0,0,139.76999999999998,4,1,0,0,0,0,0,0,0,0,0,1,1,0,1,0,1,0,0,0,1,0,1,1,1,1,0,0,1,0,0,0
55,0,34.875144,-116.821698,678,0,2,27.17,23,90.75,174.75,0.0,0,54.34,3,1,0,0,0,0,0,0,0,0,0,1,1,1,1,0,1,0,1,0,0,0,0,1,1,1,0,0,0,1,0,0
61,0,36.27688,-117.033326,443,10,40,39.97,17,78.85,3126.85,0.0,0,1598.8,4,0,0,0,1,0,1,0,0,0,0,0,1,1,1,0,1,0,0,0,0,1,0,0,0,1,0,0,1,1,0,0
50,0,34.9436,-115.287901,115,10,69,3.81,4,99.5,6841.45,0.0,0,262.89,4,1,0,0,1,0,1,1,0,0,0,0,1,1,1,0,1,0,0,0,1,0,1,1,1,1,1,0,0,0,0,0
29,3,34.087558,-117.464096,82630,0,18,41.08,48,80.55,1406.65,0.0,0,739.4399999999999,5,1,1,0,0,1,0,0,0,0,1,0,1,1,1,0,1,0,0,0,1,0,0,0,0,1,0,0,1,1,0,0
24,0,34.067699,-116.903891,958,5,55,36.17,69,59.45,3157.0,0.0,40,1989.35,4,1,1,0,1,0,1,0,0,0,0,0,1,0,1,1,0,0,1,0,0,0,0,1,1,0,1,0,0,1,0,0
35,0,34.244411,-117.072654,317,5,33,31.76,7,93.35,3092.0,0.0,0,1048.0800000000002,4,1,0,0,1,0,1,0,0,0,0,0,1,1,1,0,1,0,0,1,1,0,0,1,1,1,0,0,1,0,0,0
19,0,34.757783,-117.33997,4948,0,46,40.32,51,44.95,2168.9,0.0,0,1854.72,5,0,1,0,0,0,0,0,0,0,0,0,1,0,1,0,0,0,0,0,0,0,0,0,0,1,0,0,0,0,0,0
54,0,34.361387,-117.337509,68515,0,34,20.47,0,26.1,980.35,0.0,0,695.98,3,1,0,0,0,0,0,0,0,0,0,0,1,1,0,0,0,1,0,0,0,0,0,0,0,0,0,1,0,0,0,0
64,0,34.129677,-117.154277,48245,0,3,31.81,0,20.2,65.95,0.0,0,95.43,5,0,0,0,0,0,0,0,0,0,0,0,1,0,0,0,0,1,0,0,0,0,0,0,0,0,0,0,0,0,0,0
58,3,34.983808,-117.239306,1933,6,30,40.0,0,21.25,711.9,0.0,0,1200.0,3,1,0,0,1,1,1,0,0,0,0,0,1,0,0,0,0,1,0,0,0,0,0,0,0,0,0,1,0,1,0,0
41,0,34.2565,-117.19335,9793,0,33,10.28,7,59.4,1952.8,0.0,0,339.23999999999995,3,0,0,0,0,0,0,0,0,0,0,0,1,1,1,0,0,0,1,0,0,1,0,0,0,1,1,0,0,0,0,0
25,2,34.049315,-117.255974,18068,6,45,33.45,69,95.0,4368.85,0.0,60,1505.2500000000002,4,1,1,0,1,1,1,0,0,0,0,0,1,1,1,0,1,0,0,1,1,0,0,1,1,0,1,0,1,1,0,0
49,0,34.508417,-116.856103,5256,0,40,36.98,21,61.9,2647.1,0.0,0,1479.1999999999998,4,1,0,0,0,0,0,0,0,0,0,0,1,0,1,1,0,0,1,1,0,1,0,0,0,1,0,0,1,1,0,0
58,0,34.238162,-117.534306,1090,0,71,17.9,21,118.65,8477.6,0.0,0,1270.9,3,0,0,0,0,0,0,1,0,0,0,0,1,1,1,0,1,0,1,1,1,1,1,1,1,1,0,1,1,0,0,0
53,0,34.711224,-114.702256,5488,0,72,0.0,6,64.45,4528.0,0.0,0,0.0,4,0,0,0,1,0,0,1,0,0,0,0,0,0,1,1,0,0,1,1,1,1,1,1,1,1,0,1,0,0,0,0
59,3,35.478736,-115.516984,162,5,22,33.46,29,80.15,1790.65,0.0,0,736.12,5,0,0,0,1,1,1,0,0,0,1,0,1,0,1,0,1,0,0,0,0,0,0,1,1,1,0,0,1,0,0,0
44,0,33.507255,-117.029473,46171,6,46,4.72,0,20.2,845.6,0.0,0,217.12,3,1,0,0,1,0,1,0,0,0,0,0,1,0,0,0,0,1,0,0,0,0,0,0,0,0,1,0,1,0,0,0
53,3,34.647959,-117.296957,909,8,55,38.51,0,21.0,1210.3,0.0,0,2118.05,3,0,0,0,1,1,1,0,1,0,0,0,1,0,0,0,0,1,0,0,0,0,0,0,0,0,0,1,0,1,0,0
26,0,34.441123,-117.537886,12463,0,1,30.09,0,20.45,20.45,0.0,0,30.09,4,1,1,0,0,0,0,0,0,0,0,0,1,0,0,0,0,1,0,0,0,0,0,0,0,0,0,0,0,1,0,0
23,0,34.459322,-117.629729,4280,0,12,49.25,47,75.85,854.45,0.0,0,591.0,4,0,1,0,0,0,0,0,0,0,1,0,1,1,1,1,0,0,0,0,0,1,1,1,1,1,1,0,1,1,0,0
43,0,34.003243,-117.138286,31230,0,31,37.07,23,80.45,2429.1,0.0,0,1149.17,4,1,0,0,0,0,0,0,0,0,0,0,1,1,1,0,1,0,0,1,0,0,0,0,0,1,0,0,1,0,0,0
24,0,34.109775,-117.378904,75882,5,67,1.36,82,75.5,5229.45,0.0,0,91.12,3,0,1,0,1,0,1,1,0,0,0,0,1,1,1,1,0,0,1,0,0,0,1,1,1,1,0,1,1,0,0,0
45,0,34.156758,-117.404686,18518,0,1,23.34,16,44.45,44.45,0.0,0,23.34,3,1,0,0,0,0,0,0,0,0,0,0,1,0,1,1,0,0,0,0,0,0,0,0,0,1,0,0,0,1,0,0
61,2,35.924252,-116.188668,87,4,41,28.55,20,74.55,3023.55,0.0,0,1170.55,3,1,0,0,1,1,1,0,1,0,0,0,1,1,1,0,0,0,1,1,1,0,1,0,0,1,0,0,1,1,0,0
48,0,34.486835,-117.362274,63235,10,42,0.0,8,48.15,2032.3,0.0,0,0.0,4,1,0,0,1,0,1,0,1,0,0,0,0,0,1,0,0,0,1,0,1,1,1,0,0,1,0,1,0,1,0,0
62,0,34.567058,-117.362329,12083,2,23,24.88,0,19.65,436.9,0.0,0,572.24,5,1,0,0,1,0,1,0,0,0,1,0,1,0,0,0,0,1,0,0,0,0,0,0,0,0,1,0,0,0,1,0
40,0,35.013299,-116.834092,1195,0,1,27.59,0,20.15,20.15,0.0,0,27.59,4,0,0,0,0,0,0,0,0,0,0,0,1,0,0,0,0,1,0,0,0,0,0,0,0,0,0,0,0,0,1,0
25,0,34.04597,-117.011825,41575,0,56,24.77,51,106.6,5893.95,0.0,0,1387.12,4,0,1,0,0,0,0,0,1,0,0,0,1,1,1,0,1,0,1,1,0,0,1,1,1,1,0,0,1,1,0,0
31,1,34.105935,-117.2914,1779,0,15,30.22,12,91.0,1430.05,0.0,0,453.3,4,1,0,0,0,1,0,0,0,0,1,0,1,1,1,0,1,0,0,1,0,0,1,0,0,1,0,0,1,0,0,0
55,3,34.183286,-117.221722,53636,8,12,44.12,0,25.4,313.0,0.0,0,529.4399999999999,3,1,0,0,1,1,1,0,0,0,1,0,1,1,0,0,0,1,0,0,0,0,0,0,0,0,0,1,1,0,0,0
21,0,34.142747,-117.300864,24644,3,54,28.17,76,69.95,3871.85,0.0,0,1521.18,4,0,1,0,1,0,1,0,1,0,0,0,1,0,1,1,0,0,1,0,1,1,0,1,1,1,0,1,0,0,0,0
30,0,34.250069,-117.393949,49355,0,7,48.16,85,66.85,458.1,0.0,0,337.12,4,0,0,0,0,0,0,0,0,0,0,0,1,0,1,1,0,0,0,0,0,0,1,1,1,1,0,0,1,0,0,0
30,3,34.106922,-117.297553,44556,4,16,38.55,0,20.15,341.35,0.0,0,616.8,4,1,0,0,1,1,1,0,0,0,1,0,1,0,0,0,0,1,0,0,0,0,0,0,0,0,0,0,0,0,0,0
55,0,34.122501,-117.320138,23146,0,21,30.88,15,64.85,1336.8,0.0,0,648.48,3,0,0,0,0,0,0,0,0,0,1,0,1,0,1,1,0,0,1,0,1,0,0,1,1,1,1,0,0,0,1,0
45,0,33.890046,-117.455583,71678,0,3,26.38,25,50.5,147.75,0.0,0,79.14,4,1,0,0,0,0,0,0,0,0,0,0,1,0,1,1,0,0,0,0,0,1,0,0,0,1,0,0,1,0,1,0
27,0,33.9108,-117.398153,46550,0,11,18.33,76,72.9,818.45,0.0,0,201.63,3,1,1,0,0,0,0,0,0,0,1,0,1,0,1,0,1,0,0,0,1,0,0,0,0,1,0,0,0,0,0,0
39,0,33.920907,-117.489426,38446,0,62,36.84,13,115.05,7133.45,0.0,0,2284.0800000000004,4,0,0,0,0,0,0,0,1,0,0,0,1,1,1,0,1,0,1,1,1,1,1,1,1,1,1,0,1,1,0,0
42,0,33.930931,-117.361788,42425,0,18,33.16,0,19.0,348.8,0.0,0,596.8799999999999,5,1,0,0,0,0,0,0,0,0,1,0,1,0,0,0,0,1,0,0,0,0,0,0,0,0,0,0,0,0,0,0
20,1,33.976328,-117.319786,48649,0,6,17.53,0,19.55,128.6,0.0,0,105.18,4,1,1,0,0,1,0,0,0,0,0,0,1,0,0,0,0,1,0,0,0,0,0,0,0,0,0,0,0,1,0,0
45,0,33.885499,-117.324959,17147,0,46,27.97,22,101.1,4674.4,0.0,0,1286.62,4,0,0,0,0,0,0,0,1,0,0,0,1,1,1,0,1,0,0,0,1,0,1,1,1,1,1,0,1,0,0,0
46,0,34.004379,-117.447864,63999,0,21,49.05,9,84.1,1737.45,0.0,0,1030.05,4,1,0,0,0,0,0,0,0,0,0,0,1,1,1,0,1,0,0,0,0,0,0,1,1,1,0,0,1,0,0,0
45,0,33.888323,-117.277533,1005,0,68,37.79,0,24.15,1498.85,0.0,0,2569.72,4,1,0,0,0,0,0,0,0,0,0,0,1,1,0,0,0,1,0,0,0,0,0,0,0,0,0,1,1,0,0,0
19,0,33.655421,-117.391751,38519,0,1,29.13,51,50.1,50.1,0.0,0,29.13,4,0,1,0,0,0,0,0,0,0,0,0,1,1,1,0,0,0,0,0,0,0,0,0,0,1,0,0,1,0,0,0
26,0,33.705836,-117.318204,4546,7,25,37.1,82,74.6,1797.75,0.0,0,927.5,5,0,1,0,1,0,1,0,0,0,0,0,1,0,1,0,1,0,0,0,1,0,0,0,0,1,0,0,1,0,0,0
57,1,33.482243,-116.827173,2433,0,24,34.24,0,19.75,498.1,0.0,0,821.76,3,0,0,0,0,1,0,0,0,0,0,0,1,0,0,0,0,1,0,0,0,0,0,0,0,0,0,1,0,0,1,0
31,0,33.644585,-116.871544,39264,3,51,29.4,21,106.8,5498.8,0.0,140,1499.4,3,1,0,0,1,0,1,0,1,0,0,0,1,1,1,0,1,0,0,1,1,0,1,1,1,0,1,0,1,0,0,0
33,0,33.734933,-117.044145,25694,2,57,10.05,16,84.5,4845.4,0.0,0,572.85,3,0,0,0,1,0,1,0,1,0,0,0,1,1,1,1,0,0,1,0,1,1,1,1,1,1,0,1,1,0,0,0
52,0,33.761894,-117.120868,4283,0,15,40.97,0,25.05,369.1,0.0,0,614.55,5,0,0,0,0,0,0,0,0,0,0,0,1,1,0,0,0,1,0,0,0,0,0,0,0,0,0,1,0,0,0,0
25,0,33.755039,-116.741796,3588,9,72,16.05,46,83.7,6096.9,0.0,0,1155.6,3,0,1,0,1,0,1,0,0,0,0,0,1,0,1,0,0,0,1,1,1,1,1,1,1,1,0,1,1,0,0,0
25,0,33.923149,-117.244933,61205,10,28,33.57,52,96.6,2684.35,0.0,0,939.96,5,1,1,0,1,0,1,0,0,0,0,0,1,1,1,0,1,0,0,1,1,0,1,0,0,1,0,0,0,1,0,0
52,2,33.970661,-117.255039,46214,10,70,49.67,19,101.1,6994.8,0.0,0,3476.9,3,1,0,0,1,1,1,0,0,0,0,0,1,0,1,0,1,0,1,1,1,1,1,0,0,1,0,1,1,1,0,0
52,0,33.638645,-116.55783,1500,0,13,26.57,0,20.2,273.25,0.0,0,345.41,5,0,0,0,0,0,0,0,0,0,0,0,1,0,0,0,0,1,0,0,0,0,0,0,0,0,1,0,0,0,1,0
49,0,33.787298,-117.320676,36817,6,62,13.32,22,81.0,4985.9,0.0,0,825.84,4,0,0,0,1,0,1,0,1,0,0,0,1,0,1,0,0,0,1,0,1,1,1,1,1,1,0,1,0,0,1,0
30,0,33.828289,-117.201666,26357,0,21,7.41,51,60.25,1258.35,0.0,0,155.61,4,0,0,0,0,0,0,0,0,0,0,0,1,0,1,1,0,0,1,0,1,1,0,0,0,1,1,0,1,0,0,0
28,0,33.806708,-117.02007,4456,0,2,15.25,82,60.85,111.4,0.0,0,30.5,5,0,1,0,0,0,0,0,0,0,0,0,1,0,1,1,0,0,0,0,1,0,0,1,1,1,0,0,0,0,0,0
38,0,33.796568,-116.924723,21349,0,1,45.59,5,43.95,43.95,0.0,0,45.59,5,0,0,0,0,0,0,0,0,0,0,0,1,0,1,1,0,0,0,0,0,0,0,0,0,1,0,0,0,1,0,0
63,0,33.653338,-117.178271,14068,0,4,44.36,20,86.05,308.1,0.0,0,177.44,5,1,0,0,0,0,0,0,0,0,0,0,1,0,1,0,1,0,0,0,1,0,0,1,1,1,0,0,0,0,0,0
45,0,33.739412,-117.173334,8692,0,19,18.57,0,20.25,383.65,0.0,0,352.83,4,0,0,0,0,0,0,0,0,0,0,0,1,0,0,0,0,1,0,0,0,0,0,0,0,0,1,0,0,1,0,0
48,2,33.69887,-117.25071,13151,6,67,5.48,0,19.4,1284.2,0.0,0,367.16,5,1,0,0,1,1,1,0,0,0,0,0,1,0,0,0,0,1,0,0,0,0,0,0,0,0,0,1,1,1,0,0
35,0,33.540604,-117.10909,25655,8,53,34.46,0,19.9,1110.05,0.0,0,1826.38,3,1,0,0,1,0,1,0,1,0,0,0,1,0,0,0,0,1,0,0,0,0,0,0,0,0,0,1,0,1,0,0
54,0,33.507255,-117.029473,46171,0,5,37.97,0,19.55,99.6,0.0,0,189.85,4,0,0,0,0,0,0,0,0,0,0,0,1,0,0,0,0,1,0,0,0,0,0,0,0,0,1,0,0,0,0,0
53,0,33.657433,-117.04254,4093,9,50,46.49,11,84.15,4164.4,0.0,0,2324.5,3,0,0,0,1,0,1,0,1,0,0,0,1,1,1,1,0,0,0,1,1,1,1,1,1,1,1,0,1,1,0,0
38,1,33.720359,-117.733655,2762,3,56,42.16,19,103.2,5873.75,0.0,0,2360.96,3,1,0,0,1,1,1,0,1,0,0,0,1,1,1,0,1,0,0,0,1,1,1,1,1,1,0,1,1,0,0,0
61,0,33.688546,-117.788091,27369,0,2,6.34,28,50.2,109.25,0.0,10,12.68,4,1,0,0,0,0,0,0,0,0,0,0,1,0,1,0,0,0,0,0,0,1,0,0,0,0,0,0,1,1,0,0
40,2,33.643095,-117.810896,41062,9,46,26.12,0,19.95,862.4,0.0,0,1201.52,5,1,0,0,1,1,1,0,1,0,0,0,1,0,0,0,0,1,0,0,0,0,0,0,0,0,0,1,0,1,0,0
42,0,33.680302,-117.833296,22499,4,71,6.19,9,116.25,8564.75,0.0,0,439.49,3,1,0,0,1,0,1,0,0,0,0,0,1,1,1,0,1,0,1,1,1,1,1,1,1,1,0,1,1,0,0,0
30,0,33.667145,-117.732135,6301,0,29,0.0,59,31.2,926.2,0.0,0,0.0,5,0,0,0,0,0,0,0,0,0,0,0,0,0,1,0,0,0,0,0,0,1,0,0,0,1,0,0,1,0,0,0
23,3,33.716136,-117.752574,26419,1,69,33.09,0,24.45,1718.2,0.0,0,2283.21,5,1,1,0,1,1,1,0,0,0,0,0,1,1,0,0,0,1,0,0,0,0,0,0,0,0,0,1,0,0,0,0
32,0,33.458754,-117.665104,7465,4,71,15.12,30,84.2,5956.85,0.0,0,1073.52,4,1,0,0,1,0,1,0,0,0,0,0,1,1,1,1,0,0,0,1,1,1,1,1,1,1,0,1,0,1,0,0
38,0,33.645672,-117.922613,62069,0,56,48.63,0,21.2,1238.65,0.0,0,2723.28,4,1,0,0,0,0,0,0,1,0,0,0,1,0,0,0,0,1,0,0,0,0,0,0,0,0,1,0,1,0,1,0
22,0,33.644849,-117.684254,59176,7,28,43.36,0,25.55,672.2,0.0,0,1214.08,3,0,1,0,1,0,1,0,0,0,0,0,1,1,0,0,0,1,0,0,0,0,0,0,0,0,1,0,0,0,1,0
47,2,33.666301,-117.969501,56517,6,19,46.91,0,20.2,382.2,0.0,0,891.29,4,0,0,0,1,1,1,0,0,0,0,0,1,0,0,0,0,1,0,0,0,0,0,0,0,0,0,0,0,0,1,0
21,0,33.723579,-118.005441,58764,4,66,7.67,69,63.85,4264.6,0.0,0,506.22,3,1,1,0,1,0,1,0,0,0,0,0,1,1,1,1,0,0,0,0,0,1,0,1,1,1,0,0,0,0,0,0
52,0,33.679659,-118.016195,42663,6,17,47.59,25,61.95,1070.7,0.0,0,809.0300000000001,5,0,0,0,1,0,1,0,0,0,0,0,1,1,1,1,0,0,0,0,1,1,0,0,0,1,1,0,1,0,1,0
61,2,33.721917,-118.043237,32304,6,52,49.51,0,25.75,1345.85,0.0,0,2574.52,3,1,0,0,1,1,1,0,1,0,0,0,1,1,0,0,0,1,0,0,0,0,0,0,0,0,0,1,0,0,1,0
19,0,33.570023,-117.773669,25206,0,19,24.35,69,58.2,1045.25,0.0,0,462.65,4,0,1,0,0,0,0,0,0,0,0,0,1,0,1,0,0,0,0,1,0,0,1,0,0,1,1,0,0,0,0,0
26,0,33.606899,-117.717854,48273,0,36,13.9,73,85.85,3003.55,0.0,0,500.4,4,0,1,0,0,0,0,0,0,0,0,0,1,0,1,0,0,0,1,1,1,1,1,1,1,0,1,0,0,0,0,0
22,2,33.571259,-117.731917,41237,9,72,41.18,52,104.9,7537.5,0.0,0,2964.96,3,1,1,0,1,1,1,0,0,0,0,0,1,1,1,0,1,0,1,1,1,1,0,1,1,1,1,0,1,1,0,0
38,0,33.429488,-117.609432,34946,7,8,22.34,0,19.55,161.15,0.0,0,178.72,5,1,0,0,1,0,1,0,0,0,0,0,1,0,0,0,0,1,0,0,0,0,0,0,0,0,0,0,1,0,0,0
44,0,33.4725,-117.584273,15297,0,69,1.85,13,104.0,7028.5,0.0,0,127.65,5,0,0,0,0,0,0,0,0,0,0,0,1,1,1,0,1,0,0,0,1,1,1,1,1,1,0,1,0,0,0,0
57,0,33.521447,-117.602555,34321,7,50,20.79,7,104.4,5232.9,0.0,0,1039.5,3,0,0,0,1,0,1,0,1,0,0,0,1,1,1,0,1,0,1,0,1,0,1,1,1,1,1,0,1,0,1,0
58,0,33.782346,-117.635263,1859,0,10,15.71,0,19.5,225.85,0.0,0,157.10000000000002,3,1,0,0,0,0,0,0,0,0,0,0,1,0,0,0,0,1,0,0,0,0,0,0,0,0,1,0,0,1,0,0
39,2,33.529047,-117.701175,62103,4,12,39.59,0,25.25,274.7,0.0,0,475.08,3,0,0,0,1,1,1,0,0,0,0,0,1,1,0,0,0,1,0,0,0,0,0,0,0,0,0,1,0,1,0,0
46,0,33.752591,-117.993661,88230,8,70,0.0,26,49.85,3370.2,0.0,0,0.0,3,0,0,0,1,0,1,0,0,0,0,0,0,0,1,0,0,0,1,0,1,1,0,1,1,1,0,1,1,0,0,0
31,0,33.611945,-117.665867,46371,9,66,36.36,3,89.9,5958.85,0.0,0,2399.76,3,0,0,0,1,0,1,0,0,0,0,0,1,1,1,0,0,0,1,1,1,1,1,1,1,1,0,1,0,1,0,0
40,0,33.60693,-117.644253,46227,0,71,38.22,23,82.0,5999.85,0.0,0,2713.62,3,0,0,0,1,0,0,0,0,0,0,0,1,0,1,1,0,0,1,0,1,1,1,1,1,1,0,1,1,1,0,0
48,0,33.748478,-117.858918,58157,2,72,29.8,14,79.35,5753.25,0.0,40,2145.6,3,1,0,0,1,0,1,0,0,0,0,0,1,0,1,1,0,0,1,1,0,1,1,1,1,0,0,1,1,0,0,0
64,0,33.748635,-117.906125,70011,10,71,4.71,29,64.05,4492.9,0.0,0,334.41,4,0,0,0,1,0,1,0,0,0,0,0,1,0,1,1,0,0,1,1,1,1,0,0,0,1,0,1,0,1,0,0
34,1,33.719869,-117.907063,91188,9,38,24.22,14,101.15,3956.7,0.0,0,920.36,3,1,0,0,1,1,1,0,0,0,0,0,1,1,1,0,1,0,0,0,1,0,1,1,1,1,0,0,1,1,0,0
62,0,33.714829,-117.872941,62634,0,33,0.0,30,39.1,1309.0,0.0,0,0.0,4,1,0,0,0,0,0,0,0,0,0,0,0,0,1,1,0,0,0,1,0,0,1,0,0,1,1,0,1,0,0,0
27,0,33.712036,-117.950113,54548,10,23,0.0,42,34.6,813.45,0.0,0,0.0,4,0,1,0,1,0,1,0,0,0,0,0,0,0,1,1,0,0,1,0,0,1,0,0,0,1,0,1,0,1,0,0
54,0,33.735802,-117.818805,55062,3,58,27.93,0,19.55,1108.8,0.0,0,1619.94,3,1,0,0,1,0,1,0,1,0,0,0,1,0,0,0,0,1,0,0,0,0,0,0,0,0,1,0,1,0,0,0
40,0,33.844983,-117.952151,60553,2,4,28.47,5,70.5,294.2,0.0,10,113.88,5,1,0,0,1,0,1,0,0,0,0,0,1,0,1,0,1,0,0,0,0,0,0,0,0,0,0,0,0,0,0,0
24,2,33.807864,-117.923782,45086,3,45,39.03,0,20.35,929.2,0.0,0,1756.35,3,1,1,0,1,1,1,0,1,0,0,0,1,0,0,0,0,1,0,0,0,0,0,0,0,0,0,1,0,1,0,0
26,2,33.830209,-117.906099,68802,2,36,32.3,0,19.45,754.5,0.0,0,1162.8,5,1,1,0,1,1,1,0,0,0,0,0,1,0,0,0,0,1,0,0,0,0,0,0,0,0,0,1,0,1,0,0
61,0,33.83796,-117.870494,34398,0,54,27.62,24,69.9,3883.3,0.0,0,1491.48,4,1,0,0,0,0,0,0,1,0,0,0,1,0,1,0,0,0,1,1,0,1,1,0,0,1,0,0,1,1,0,0
33,0,33.848733,-117.788357,36301,6,23,13.79,17,59.7,1414.2,0.0,0,317.17,5,1,0,0,1,0,1,0,0,0,0,0,1,1,1,0,0,0,0,1,0,1,0,0,0,1,0,1,0,1,0,0
28,0,33.850452,-117.726668,19629,8,41,18.84,26,78.35,3211.2,0.0,0,772.4399999999999,3,0,1,0,1,0,1,0,1,0,0,0,1,1,1,0,0,0,1,1,1,0,1,0,0,1,1,0,1,1,0,0
25,0,33.924143,-117.79387,1408,3,27,0.0,27,45.85,1246.4,0.0,30,0.0,4,1,1,0,1,0,1,0,0,0,0,0,0,0,1,1,0,0,0,1,1,0,0,1,1,0,1,0,1,1,0,0
50,0,33.879983,-117.895482,34592,0,1,2.7,14,95.85,95.85,0.0,0,2.7,4,0,0,0,0,0,0,0,0,0,0,0,1,0,1,0,1,0,0,0,0,1,1,1,1,1,0,0,1,0,0,0
55,0,33.868316,-117.929029,24502,5,67,0.0,30,35.7,2545.7,0.0,0,0.0,3,0,0,0,1,0,1,0,0,0,0,0,0,0,1,0,0,0,1,0,0,1,0,0,0,1,0,1,0,1,0,0
40,2,33.902211,-117.914922,21157,9,56,29.06,0,24.95,1468.9,0.0,0,1627.36,5,0,0,0,1,1,1,0,0,0,0,0,1,1,0,0,0,1,0,0,0,0,0,0,0,0,0,1,1,1,0,0
44,0,33.787165,-117.931889,50641,7,44,32.22,0,24.85,1013.6,0.0,0,1417.6799999999998,3,1,0,0,1,0,1,0,0,0,0,0,1,1,0,0,0,1,0,0,0,0,0,0,0,0,1,0,0,0,0,0
51,0,33.766476,-117.969795,23481,3,69,14.69,6,105.35,7240.65,0.0,50,1013.61,5,0,0,0,1,0,1,0,0,0,0,0,1,1,1,0,1,0,0,0,1,1,1,1,1,0,0,1,0,0,0,0
48,0,33.925833,-117.559639,22443,0,40,26.03,0,19.65,830.25,0.0,0,1041.2,4,0,0,0,0,0,0,0,0,0,0,0,1,0,0,0,0,1,0,0,0,0,0,0,0,0,0,1,0,1,0,0
50,2,33.817473,-117.810462,5935,6,30,12.49,19,54.45,1588.7,0.0,0,374.7,4,1,0,0,1,1,1,0,0,0,0,0,1,1,1,1,0,0,1,0,0,0,0,0,0,1,0,0,1,0,0,0
38,0,33.828779,-117.848299,18058,0,11,47.61,12,70.5,829.3,0.0,0,523.71,3,0,0,0,0,0,0,0,0,0,0,0,1,0,1,1,0,0,0,0,0,1,1,1,1,1,0,0,0,1,0,0
58,0,33.784597,-117.844535,15396,0,15,9.74,0,20.1,302.45,0.0,0,146.1,5,0,0,0,0,0,0,0,0,0,0,0,1,0,0,0,0,1,0,0,0,0,0,0,0,0,1,0,0,1,0,0
35,0,33.81859,-117.821288,40915,0,11,16.14,8,69.35,712.25,0.0,0,177.54000000000002,3,1,0,0,0,0,0,0,0,0,0,0,1,0,1,1,0,0,0,0,1,0,1,1,1,1,0,0,1,0,0,0
47,0,33.787796,-117.875928,23172,7,64,23.25,0,19.8,1336.65,0.0,0,1488.0,5,0,0,0,1,0,1,0,0,0,0,0,1,0,0,0,0,1,0,0,0,0,0,0,0,0,1,0,0,0,0,0
42,3,33.893823,-117.531446,44875,0,1,2.98,26,51.2,51.2,0.0,0,2.98,3,0,0,0,0,1,0,0,0,0,0,0,1,0,1,0,0,0,1,0,0,0,0,0,0,1,0,0,0,1,0,0
26,0,33.918043,-117.617809,16998,0,15,20.11,73,65.6,1010.0,0.0,0,301.65,3,0,1,0,0,0,0,0,0,0,1,0,1,0,1,0,0,0,1,1,1,1,0,0,1,1,1,0,0,1,0,0
32,0,33.833686,-117.513063,21911,0,60,16.11,18,80.55,4847.05,0.0,0,966.6,5,0,0,0,0,0,0,0,0,0,0,0,1,1,1,0,0,0,0,0,1,1,1,1,1,1,1,0,0,1,0,0
57,0,33.819385,-117.600213,60294,0,56,21.61,27,52.7,3019.7,0.0,0,1210.16,3,1,0,0,0,0,0,0,0,0,0,0,1,0,1,0,0,0,1,0,1,0,0,0,0,1,1,0,0,1,0,0
31,0,33.762351,-117.488725,13188,0,8,11.46,0,20.85,161.65,0.0,0,91.68,5,0,0,0,0,0,0,0,0,0,0,0,1,0,0,0,0,1,0,0,0,0,0,0,0,0,0,1,0,1,0,0
19,0,33.884073,-117.732197,20893,6,49,28.42,41,52.15,2583.75,0.0,50,1392.5800000000002,4,0,1,0,1,0,1,0,0,0,0,0,1,1,1,1,0,0,0,0,0,0,0,0,1,0,0,0,1,1,0,0
51,0,34.278697,-119.167798,27381,0,70,14.63,30,114.95,7711.25,0.0,0,1024.1,3,1,0,0,0,0,0,1,0,0,0,0,1,1,1,0,1,0,1,1,1,1,1,1,1,1,0,1,1,0,0,0
25,0,34.441398,-119.513163,17409,6,72,24.85,47,113.65,8124.2,0.0,0,1789.2,3,0,1,0,1,0,1,1,0,0,0,0,1,1,1,0,1,0,1,1,1,1,1,1,1,1,0,1,1,1,0,0
42,0,34.408161,-118.865111,16013,0,40,22.89,0,20.6,827.3,0.0,0,915.6,3,0,0,0,0,0,0,0,0,0,0,0,1,0,0,0,0,1,0,0,0,0,0,0,0,0,0,1,1,0,0,0
44,3,34.223244,-119.18012,79736,0,1,42.55,25,49.85,49.85,0.0,0,42.55,4,1,0,0,0,1,0,0,0,0,0,1,1,0,1,1,0,0,0,0,1,0,0,0,0,1,0,0,1,0,0,0
33,0,34.156629,-119.117218,77791,2,30,9.81,0,19.8,576.65,0.0,0,294.3,5,1,0,0,1,0,1,0,0,0,0,0,1,0,0,0,0,1,0,0,0,0,0,0,0,0,1,0,0,1,0,0
20,1,34.037342,-119.80079,25771,0,3,33.28,69,55.9,157.55,0.0,0,99.84,4,1,1,0,0,1,0,0,0,0,0,1,1,0,1,0,0,0,1,0,1,0,0,0,1,1,0,0,0,1,0,0
37,0,34.460197,-119.802602,16477,0,5,45.74,30,85.3,420.45,0.0,10,228.7,4,0,0,0,0,0,0,0,0,0,0,1,1,0,1,0,1,0,0,1,0,0,1,0,0,0,0,0,1,1,0,0
49,2,34.489983,-120.091246,49975,6,72,2.71,20,107.45,7576.7,0.0,0,195.12,4,0,0,0,1,1,1,1,0,0,0,0,1,1,1,0,1,0,1,0,1,1,1,1,1,1,0,1,0,1,0,0
27,0,35.116307,-118.817644,16206,5,54,29.66,76,91.3,4965.0,0.0,0,1601.64,3,0,1,0,1,0,1,0,0,0,0,0,1,1,1,0,0,0,1,1,1,1,1,1,1,1,0,1,0,1,0,0
57,0,35.916943,-120.129921,14697,2,72,10.97,30,85.95,6151.9,0.0,0,789.84,4,1,0,0,1,0,1,1,0,0,0,0,1,1,1,1,0,0,0,1,1,1,1,1,1,1,0,1,0,0,0,0
53,1,36.186867,-120.387793,18036,5,69,21.56,17,79.2,5420.65,0.0,0,1487.64,4,1,0,0,1,1,1,1,0,0,0,0,1,1,1,0,1,0,0,0,1,0,0,0,0,1,0,1,1,1,0,0
58,0,36.04533,-119.532424,23506,0,48,13.03,5,55.5,2627.35,0.0,0,625.4399999999999,4,0,0,0,0,0,0,0,0,0,0,0,1,0,1,1,0,0,1,1,0,0,0,0,0,1,0,1,0,1,0,0
54,0,35.846067,-119.004073,823,4,8,9.88,4,90.25,743.75,0.0,0,79.04,3,0,0,0,1,0,1,0,0,0,0,1,1,1,1,0,1,0,0,0,0,1,0,1,1,0,0,0,1,0,0,0
59,0,35.858054,-119.305858,9318,7,71,46.53,3,91.25,6589.6,0.0,0,3303.63,3,1,0,0,1,0,1,1,0,0,0,0,1,1,1,1,0,0,1,1,1,1,1,1,1,1,0,1,1,1,0,0
40,0,34.907911,-119.234281,1526,8,67,31.41,23,100.9,6733.15,0.0,0,2104.47,3,1,0,0,1,0,1,1,0,0,0,0,1,0,1,0,1,0,1,1,0,0,1,1,1,1,1,0,1,1,0,0
28,2,36.29878,-119.201028,8644,9,34,42.74,52,97.7,3410.0,0.0,0,1453.16,3,1,1,0,1,1,1,0,0,0,0,0,1,1,1,0,1,0,0,1,0,0,1,1,1,1,0,0,1,0,0,0
53,0,35.215731,-119.57013,626,0,3,34.76,21,69.85,199.85,0.0,0,104.28,5,0,0,0,0,0,0,0,0,0,0,1,1,0,1,0,1,0,0,0,0,0,0,0,0,1,0,0,1,0,0,0
37,0,34.827662,-118.999073,4498,2,9,42.39,16,65.6,593.3,0.0,0,381.51,3,0,0,0,1,0,1,0,0,0,0,0,1,0,1,0,0,0,0,1,0,1,1,0,0,1,1,0,1,1,0,0
23,3,35.735694,-118.738483,296,1,71,14.14,59,104.65,7288.4,0.0,0,1003.94,4,1,1,0,1,1,1,1,0,0,0,0,1,0,1,0,1,0,1,1,1,0,1,1,1,1,1,0,1,0,0,0
34,0,36.29223,-119.622676,53204,0,57,30.77,10,90.45,5229.8,0.0,70,1753.89,5,1,0,0,0,0,0,0,0,0,0,0,1,1,1,0,1,0,0,0,0,1,1,0,0,0,0,1,1,1,0,0
36,0,36.217864,-120.080117,6918,0,72,0.0,14,63.7,4464.8,0.0,0,0.0,3,1,0,0,0,0,0,1,0,0,0,0,0,0,1,0,0,0,1,1,1,1,1,1,1,1,0,1,1,0,0,0
28,0,35.852892,-118.397782,1873,0,18,38.73,0,20.1,401.85,0.0,0,697.14,5,1,1,0,0,0,0,0,0,0,1,0,1,0,0,0,0,1,0,0,0,0,0,0,0,0,1,0,0,1,0,0
20,2,35.996923,-120.000951,1809,0,43,22.83,47,104.3,4451.85,0.0,0,981.69,5,1,1,0,1,1,0,0,0,0,0,0,1,1,1,0,1,0,0,0,1,1,1,1,1,1,1,0,1,1,0,0
62,0,35.607875,-118.466318,5564,2,72,1.72,7,93.25,6688.95,0.0,0,123.84,3,0,0,0,1,0,1,1,0,0,0,0,1,1,1,0,0,0,1,1,1,1,1,1,1,1,0,1,1,0,0,0
61,0,35.245035,-118.905553,15364,10,35,13.39,20,73.45,2661.1,0.0,0,468.65,4,1,0,0,1,0,1,0,0,0,0,0,1,1,1,1,0,0,0,0,0,1,1,1,1,1,1,0,1,0,0,0
28,0,36.444232,-119.718285,2900,0,4,45.37,0,20.7,73.05,0.0,0,181.48,5,1,1,0,0,0,0,0,0,0,0,0,1,0,0,0,0,1,0,0,0,0,0,0,0,0,0,0,0,1,0,0
23,2,34.845861,-118.885163,1247,8,49,33.65,0,25.25,1211.65,0.0,0,1648.85,3,0,1,0,1,1,1,0,0,0,0,0,1,1,0,0,0,1,0,0,0,0,0,0,0,0,0,1,0,1,0,0
61,2,36.462671,-118.997291,293,5,71,36.5,19,100.5,7030.65,0.0,0,2591.5,4,0,0,0,1,1,1,1,0,0,0,0,1,1,1,0,1,0,1,1,1,0,1,0,0,1,0,1,0,0,0,0
44,1,36.303666,-119.825657,30419,9,11,38.48,19,90.6,1020.2,0.0,0,423.28,5,1,0,0,1,1,1,0,0,0,1,0,1,0,1,0,1,0,0,0,0,0,1,1,1,1,0,0,0,0,0,0
39,0,36.205465,-119.085807,15508,6,63,44.55,29,89.4,5597.65,0.0,0,2806.65,3,1,0,0,1,0,1,0,0,0,0,0,1,1,1,1,0,0,1,1,1,1,1,1,1,1,0,1,1,1,0,0
60,3,35.666886,-119.186717,10781,0,49,31.7,0,20.45,1024.65,0.0,0,1553.3,4,0,0,0,0,1,0,0,0,0,0,0,1,0,0,0,0,1,0,0,0,0,0,0,0,0,0,1,0,1,0,0
30,2,34.956577,-119.750142,798,1,4,28.55,0,19.95,82.9,0.0,0,114.2,4,0,0,0,1,1,1,0,0,0,0,0,1,0,0,0,0,1,0,0,0,0,0,0,0,0,0,0,1,0,0,0
21,0,33.507255,-117.029473,46171,2,72,11.85,82,109.15,7789.6,0.0,0,853.1999999999999,4,0,1,0,1,0,1,1,0,0,0,0,1,1,1,0,1,0,0,1,1,1,1,1,1,1,1,0,0,1,0,0
47,0,35.861928,-118.636698,266,0,57,38.94,7,94.7,5468.95,0.0,0,2219.58,4,0,0,0,0,0,0,0,0,0,0,0,1,1,1,0,1,0,0,1,0,1,0,1,1,1,1,0,0,0,0,0
52,2,35.809921,-119.127437,2956,2,28,9.31,19,64.4,1802.15,0.0,0,260.68,3,1,0,0,1,1,1,0,0,0,0,0,1,1,1,1,0,0,0,1,0,0,0,1,1,1,0,0,0,0,0,0
56,0,36.527243,-118.594938,56,10,25,3.6,0,26.8,733.55,0.0,0,90.0,5,0,0,0,1,0,1,0,0,0,0,0,1,1,0,0,0,1,0,0,0,0,0,0,0,0,1,0,1,1,0,0
49,0,35.490705,-119.286833,15177,1,47,6.56,11,66.05,3021.45,0.0,40,308.32,4,0,0,0,1,0,1,0,0,0,0,0,1,0,1,1,0,0,1,0,1,0,1,0,0,0,1,0,1,1,0,0
35,1,36.245926,-118.693138,3546,3,57,1.54,15,65.2,3687.85,0.0,0,87.78,3,0,0,0,1,1,1,0,0,0,0,0,1,1,1,1,0,0,1,1,0,1,0,0,0,1,0,0,0,0,0,0
24,0,36.141319,-119.129075,5689,0,5,41.29,51,55.8,274.35,0.0,0,206.45,3,1,1,0,0,0,0,0,0,0,0,0,1,0,1,1,0,0,1,0,1,0,0,0,0,1,0,0,1,1,0,0
48,2,36.413433,-118.854708,2318,0,72,8.53,0,19.95,1322.85,0.0,0,614.16,3,1,0,0,1,1,0,1,0,0,0,0,1,0,0,0,0,1,0,0,0,0,0,0,0,0,0,1,0,0,0,0
43,3,36.185471,-119.375243,56101,3,48,0.0,22,45.0,2196.3,0.0,0,0.0,3,0,0,0,1,1,1,0,0,0,0,0,0,0,1,1,0,0,1,0,1,0,0,1,1,1,1,0,0,1,0,0
46,0,35.316263,-119.402559,236,8,68,23.14,21,114.9,7843.55,0.0,0,1573.52,3,0,0,0,1,0,1,1,0,0,0,0,1,1,1,0,1,0,1,1,1,1,1,1,1,1,0,1,0,0,0,0
22,0,36.303793,-119.375646,44741,0,30,42.49,73,106.4,3211.9,0.0,60,1274.7,4,0,1,0,0,0,0,0,0,0,0,0,1,1,1,0,1,0,1,0,0,1,1,1,1,0,0,0,0,0,0,0
61,0,35.652242,-119.4464,22760,2,3,2.66,7,46.1,130.15,0.0,0,7.98,4,0,0,0,1,0,1,0,0,0,0,0,1,0,1,1,0,0,0,0,0,0,0,0,0,1,0,0,1,0,1,0
57,2,35.690535,-118.552784,2515,0,4,27.37,0,20.05,85.5,0.0,0,109.48,5,0,0,0,0,1,0,0,0,0,0,0,1,0,0,0,0,1,0,0,0,0,0,0,0,0,0,0,1,0,0,0
58,2,36.464635,-119.094348,8870,9,71,27.26,12,95.75,6849.4,0.0,0,1935.46,5,0,0,0,1,1,1,1,0,0,0,0,1,1,1,0,1,0,0,1,1,0,0,1,1,1,0,1,1,1,0,0
43,0,35.710244,-118.881679,88,6,8,23.18,0,24.4,203.95,0.0,0,185.44,5,1,0,0,1,0,1,0,0,0,0,0,1,1,0,0,0,1,0,0,0,0,0,0,0,0,1,0,0,0,1,0
24,1,36.391777,-119.372842,36718,3,61,0.0,76,33.6,2117.2,0.0,110,0.0,3,1,1,0,1,1,1,0,0,0,0,0,0,0,1,1,0,0,1,0,1,0,0,0,0,0,0,0,0,0,0,0
31,3,36.37559,-119.211689,30395,7,72,8.51,24,90.45,6565.85,0.0,0,612.72,3,1,0,0,1,1,1,1,0,0,0,0,1,1,1,0,1,0,0,1,1,1,0,0,0,1,0,1,0,0,0,0
29,0,35.383937,-119.020428,12963,0,5,48.49,85,84.0,424.75,0.0,0,242.45,4,0,1,0,0,0,0,0,0,0,0,0,1,1,1,0,1,0,0,0,0,0,1,0,0,1,0,0,1,0,0,0
37,0,35.339796,-119.023552,44588,0,49,20.45,23,67.4,3306.85,0.0,0,1002.05,3,0,0,0,0,0,0,0,0,0,0,0,1,0,1,0,0,0,1,1,1,1,0,0,0,1,0,1,0,0,0,0
28,0,35.391733,-118.984109,35643,0,8,22.15,0,19.7,168.9,0.0,0,177.2,4,1,1,0,0,0,0,0,0,0,0,1,1,0,0,0,0,1,0,0,0,0,0,0,0,0,0,0,1,0,0,0
60,0,35.449881,-118.841442,53481,0,3,49.63,26,80.35,253.8,0.0,0,148.89,5,1,0,0,0,0,0,0,0,0,0,1,1,0,1,0,1,0,0,0,0,0,0,1,1,1,0,0,1,0,0,0
53,3,35.280113,-118.962329,59195,9,9,2.68,0,19.6,197.4,0.0,0,24.12,3,1,0,0,1,1,1,0,0,0,0,1,1,0,0,0,0,1,0,0,0,0,0,0,0,0,0,1,0,0,1,0
42,2,35.559617,-118.925185,44915,1,67,10.9,26,54.2,3838.2,0.0,10,730.3000000000001,4,1,0,0,1,1,1,1,0,0,0,0,1,0,1,0,0,0,1,1,0,0,0,0,0,0,0,1,1,0,0,0
36,0,35.342891,-119.064803,58632,0,46,24.13,16,45.2,2065.15,0.0,0,1109.98,5,1,0,0,0,0,0,0,1,0,0,0,1,0,1,0,0,0,0,0,0,0,0,0,0,1,0,0,1,1,0,0
23,0,35.16207,-119.194488,20440,10,67,4.71,58,75.1,5064.45,0.0,0,315.57,4,0,1,0,1,0,1,1,0,0,0,0,1,1,1,1,0,0,1,1,1,0,0,1,1,1,1,0,0,0,1,0
54,0,35.392599,-119.245341,40836,8,55,3.28,0,19.7,1140.05,0.0,0,180.4,3,0,0,0,1,0,1,0,1,0,0,0,1,0,0,0,0,1,0,0,0,0,0,0,0,0,1,0,0,0,0,0
54,0,35.140938,-119.051348,25126,1,33,19.11,21,72.75,2447.45,0.0,0,630.63,3,1,0,0,1,0,1,0,0,0,0,0,1,1,1,1,0,0,1,1,1,0,1,0,0,1,0,0,1,0,0,0
64,1,35.233745,-120.626442,27047,5,62,20.96,0,20.05,1263.9,0.0,0,1299.52,5,1,0,0,1,1,1,0,1,0,0,0,1,0,0,0,0,1,0,0,0,0,0,0,0,0,0,1,0,1,0,0
24,2,35.236549,-120.727344,31982,8,49,0.0,47,39.2,1838.15,0.0,0,0.0,4,1,1,0,1,1,1,0,1,0,0,0,0,0,1,1,0,0,1,0,0,0,0,1,1,1,0,0,1,0,0,0
37,0,35.176236,-120.483243,24499,0,1,18.57,26,44.75,44.75,0.0,10,18.57,4,1,0,0,0,0,0,0,0,0,0,1,1,0,1,1,0,0,0,0,0,0,0,0,0,0,0,0,1,0,0,0
37,0,35.453912,-120.69461,29539,8,14,45.57,10,82.65,1185.0,0.0,0,637.98,5,1,0,0,1,0,1,0,0,0,1,0,1,1,1,0,1,0,0,1,1,0,0,0,0,1,0,0,1,0,0,0
43,0,35.591387,-121.032256,6526,1,72,24.89,5,117.15,8529.5,0.0,0,1792.08,3,0,0,0,1,0,1,1,0,0,0,0,1,1,1,0,1,0,1,1,1,1,1,1,1,1,0,1,1,1,0,0
38,0,34.866032,-120.536546,210,0,64,36.54,14,99.25,6549.45,0.0,0,2338.56,4,1,0,0,0,0,0,0,1,0,0,0,1,1,1,0,1,0,1,0,1,1,0,1,1,1,0,1,0,1,0,0
29,0,35.511833,-120.918713,3220,9,69,3.41,41,112.55,7806.5,0.0,0,235.29,4,1,1,0,1,0,1,1,0,0,0,0,1,1,1,0,1,0,1,1,1,1,1,1,1,1,0,1,1,0,0,0
30,0,35.480896,-120.469476,1203,0,1,43.84,0,25.7,25.7,0.0,0,43.84,3,0,0,0,0,0,0,0,0,0,0,1,1,1,0,0,0,1,0,0,0,0,0,0,0,0,0,0,1,0,0,0
48,3,35.120833,-120.61843,13106,1,71,15.71,57,90.3,6287.3,0.0,100,1115.41,3,1,0,0,1,1,1,1,0,0,0,0,1,1,1,1,0,0,1,1,1,1,1,1,1,0,0,1,0,1,0,0
34,2,34.936,-120.594655,5726,1,66,48.11,27,49.4,3251.85,0.0,0,3175.26,3,0,0,0,1,1,1,1,0,0,0,0,1,0,1,0,0,0,0,0,0,1,0,0,0,1,1,0,1,1,0,0
32,0,34.601055,-120.382917,51737,0,2,15.16,0,19.4,50.6,0.0,0,30.32,5,1,0,0,0,0,0,0,0,0,0,1,1,0,0,0,0,1,0,0,0,0,0,0,0,0,0,0,0,1,0,0
29,0,34.758699,-120.275839,1328,0,11,27.84,59,61.25,729.95,0.0,0,306.24,3,1,1,0,0,0,0,0,0,0,1,0,1,0,1,0,0,0,0,1,0,0,1,0,0,1,1,0,1,0,0,0
52,2,34.70434,-120.02609,1317,0,47,25.25,17,55.3,2654.05,0.0,0,1186.75,3,1,0,0,0,1,0,0,1,0,0,0,1,0,1,0,0,0,1,1,0,0,0,0,0,1,0,0,1,0,0,0
57,1,35.059695,-120.604741,7435,1,60,2.83,19,103.75,5969.95,0.0,0,169.8,4,1,0,0,1,1,1,0,1,0,0,0,1,1,1,0,1,0,0,1,0,1,1,1,1,1,0,0,1,0,0,0
22,0,35.634222,-120.728341,35586,0,11,33.48,0,19.5,226.8,0.0,0,368.28,4,1,1,0,0,0,0,0,0,0,1,0,1,0,0,0,0,1,0,0,0,0,0,0,0,0,1,0,0,0,1,0
47,0,35.165668,-120.655842,8564,0,29,0.0,28,39.5,1082.75,0.0,0,0.0,3,0,0,0,0,0,0,0,0,0,0,0,0,0,1,0,0,0,1,1,0,1,0,0,0,1,1,0,0,1,0,0
23,9,35.996008,-120.85305,670,1,21,0.0,59,26.05,565.75,0.0,0,0.0,5,1,1,0,1,1,1,0,0,0,1,0,0,0,1,1,0,0,0,0,0,0,0,0,0,1,0,0,1,0,0,0
44,3,35.746484,-121.223355,471,0,3,0.0,53,29.65,90.05,0.0,0,0.0,3,0,0,0,0,1,0,0,0,0,0,0,0,0,1,1,0,0,0,1,0,0,0,0,0,1,0,0,0,0,1,0
41,2,35.303926,-120.256567,2687,1,43,14.64,19,50.2,2169.4,0.0,0,629.52,4,0,0,0,1,1,1,0,1,0,0,0,1,0,1,1,0,0,0,1,0,0,0,0,0,1,0,0,0,0,1,0
34,0,34.943523,-120.256729,30540,0,5,44.65,30,105.3,550.6,0.0,0,223.25,3,1,0,0,0,0,0,0,0,0,0,1,1,1,1,0,1,0,0,1,1,0,1,1,1,1,0,0,0,0,0,0
63,0,34.818227,-120.418784,37364,0,1,6.43,27,55.45,55.45,0.0,10,6.43,4,0,0,0,0,0,0,0,0,0,0,1,1,0,1,1,0,0,0,0,0,0,0,1,1,0,0,0,1,0,0,0
57,3,34.95934,-120.490081,43684,0,71,23.41,53,85.45,6300.85,0.0,0,1662.11,4,1,0,0,1,1,0,1,0,0,0,0,1,1,1,1,0,0,1,0,1,1,1,1,1,1,1,0,0,0,0,0
20,0,34.630356,-120.032564,5710,1,8,28.37,0,19.8,160.05,0.0,0,226.96,4,0,1,0,1,0,1,0,0,0,0,1,1,0,0,0,0,1,0,0,0,0,0,0,0,0,1,0,0,0,0,0
38,0,35.634488,-120.293534,1255,0,8,48.2,22,59.25,436.6,0.0,0,385.6,3,1,0,0,0,0,0,0,0,0,0,1,1,1,1,1,0,0,0,0,0,0,1,0,0,1,0,0,1,0,0,0
38,0,34.624399,-120.137875,7958,0,20,25.41,27,90.7,1781.35,0.0,0,508.2,4,1,0,0,0,0,0,0,0,0,1,0,1,1,1,0,1,0,0,0,1,0,1,0,0,1,0,0,1,1,0,0
44,0,35.097323,-118.171288,4882,0,71,41.34,10,79.05,5552.5,0.0,0,2935.1400000000003,4,1,0,0,0,0,0,1,0,0,0,0,1,1,1,0,1,0,0,1,0,0,0,0,0,1,1,0,1,1,0,0
31,2,37.245505,-118.062943,1826,6,2,0.0,20,30.25,63.75,0.0,0,0.0,3,0,0,0,1,1,1,0,0,0,0,1,0,0,1,1,0,0,0,1,0,0,0,0,0,1,0,0,1,0,1,0
24,0,37.04584,-118.397236,13309,10,12,0.0,82,49.85,617.15,0.0,0,0.0,3,0,1,0,1,0,1,0,0,0,1,0,0,0,1,0,0,0,0,0,1,0,1,1,1,1,0,0,1,0,0,0
46,1,34.95703,-117.73045,2241,0,9,42.1,16,93.0,870.25,0.0,0,378.9,3,0,0,0,0,1,0,0,0,0,0,0,1,0,1,0,1,0,1,0,1,1,0,1,1,1,0,0,0,0,0,0
46,1,35.358953,-118.527064,1022,0,6,27.78,0,19.7,111.65,0.0,0,166.68,3,1,0,0,0,1,0,0,0,0,0,0,1,0,0,0,0,1,0,0,0,0,0,0,0,0,0,0,0,0,1,0
50,0,36.319181,-117.593053,64,2,71,23.06,6,84.8,6046.1,0.0,0,1637.26,3,0,0,0,1,0,1,0,0,0,0,0,1,0,1,0,0,0,1,1,1,1,1,1,1,1,1,0,1,0,0,0
21,3,34.966777,-117.961179,7685,5,42,6.37,69,94.45,3923.8,0.0,140,267.54,3,0,1,0,1,1,1,0,1,0,0,0,1,1,1,0,1,0,1,1,0,0,1,0,0,0,1,0,1,1,0,0
24,1,37.730269,-119.055813,618,2,45,40.19,0,20.85,892.15,0.0,0,1808.55,4,0,1,0,1,1,1,0,1,0,0,0,1,0,0,0,0,1,0,0,0,0,0,0,0,0,0,1,0,0,1,0
58,3,36.560498,-117.962461,71,8,28,0.0,52,60.0,1682.05,0.0,0,0.0,5,1,0,0,1,1,1,0,0,0,0,0,0,0,1,1,0,0,0,1,1,1,1,1,1,1,1,0,1,1,0,0
41,0,35.214982,-118.59049,1436,7,43,41.83,15,80.45,3398.9,0.0,0,1798.6899999999998,4,0,0,0,1,0,1,0,1,0,0,0,1,1,1,0,1,0,0,1,0,0,0,0,0,1,0,0,0,0,0,0
28,1,34.659579,-118.584212,2771,0,60,49.96,85,84.95,4984.85,0.0,0,2997.6,3,1,1,0,0,1,0,0,1,0,0,0,1,1,1,1,0,0,1,0,1,1,1,1,1,1,0,1,1,0,0,0
46,2,34.712708,-117.889656,57794,4,7,0.0,28,49.65,305.55,0.0,0,0.0,3,1,0,0,1,1,1,0,0,0,0,0,0,0,1,1,0,0,1,0,1,1,0,1,1,1,0,1,0,1,0,0
21,0,34.741406,-118.38111,49309,2,25,10.49,0,20.2,507.9,0.0,0,262.25,3,0,1,0,1,0,1,0,0,0,0,0,1,0,0,0,0,1,0,0,0,0,0,0,0,0,1,0,1,0,0,0
23,0,34.505273,-117.955054,11198,0,27,8.86,73,100.5,2673.45,0.0,70,239.22,3,1,1,0,0,0,0,0,0,1,0,0,1,1,1,0,1,0,0,0,1,0,1,1,1,0,1,0,1,0,0,0
53,0,34.500091,-117.765862,1220,0,10,0.0,22,35.75,389.8,0.0,0,0.0,3,1,0,0,0,0,0,0,0,0,1,0,0,0,1,1,0,0,0,1,0,1,0,0,0,1,0,0,0,0,0,0
33,0,37.550074,-118.837167,8217,0,11,7.42,17,53.8,651.55,0.0,0,81.62,5,0,0,0,0,0,0,0,0,0,1,0,1,0,1,1,0,0,0,0,1,1,0,0,0,1,1,0,0,0,0,0
56,3,36.296851,-117.865469,318,3,4,0.0,53,38.55,156.1,0.0,0,0.0,4,1,0,0,1,1,1,0,0,0,0,0,0,0,1,1,0,0,1,0,0,0,1,0,0,1,0,0,0,1,0,0
19,0,34.536232,-118.082935,67232,0,68,0.0,58,39.9,2796.35,0.0,0,0.0,4,1,1,0,0,0,0,0,0,0,0,0,0,0,1,1,0,0,0,0,1,0,0,1,1,1,0,0,1,0,0,0
38,0,34.557711,-118.029441,25370,0,18,18.8,0,20.1,407.05,0.0,0,338.40000000000003,4,0,0,0,0,0,0,0,0,0,1,0,1,0,0,0,0,1,0,0,0,0,0,0,0,0,1,0,0,0,1,0
57,0,35.405722,-117.773354,117,0,26,13.34,0,20.3,511.25,0.0,0,346.84,5,1,0,0,0,0,0,0,0,1,0,0,1,0,0,0,0,1,0,0,0,0,0,0,0,0,0,0,1,0,0,0
48,0,33.507255,-117.029473,46171,5,17,0.0,23,35.65,646.05,0.0,0,0.0,3,0,0,0,1,0,1,0,0,0,1,0,0,0,1,1,0,0,0,1,1,0,0,0,0,1,0,0,1,1,0,0
35,0,34.39583,-117.734568,413,0,30,47.06,24,55.65,1653.85,0.0,0,1411.8000000000002,3,1,0,0,0,0,0,0,0,1,0,0,1,0,1,0,0,0,1,0,1,0,0,0,0,1,0,1,1,0,1,0
61,0,36.991762,-119.242874,3464,0,9,0.0,14,50.8,463.6,0.0,0,0.0,4,1,0,0,0,0,0,0,0,0,0,0,0,0,1,1,0,0,1,0,1,1,0,1,1,1,1,0,0,0,1,0
44,3,36.64545,-118.924982,273,1,3,30.34,0,19.65,60.65,0.0,0,91.02,4,0,0,0,1,1,1,0,0,0,0,0,1,0,0,0,0,1,0,0,0,0,0,0,0,0,0,0,0,1,0,0
44,1,37.458367,-119.345011,613,0,14,44.14,24,59.8,824.85,0.0,0,617.96,4,0,0,0,0,1,0,0,0,0,1,0,1,0,1,1,0,0,0,0,1,0,1,0,0,1,0,0,1,1,0,0
38,0,36.798882,-120.019511,807,0,7,15.84,14,61.4,438.9,0.0,0,110.88,3,0,0,0,0,0,0,0,0,0,0,0,1,0,1,1,0,0,1,1,1,0,0,0,0,1,0,0,0,0,0,0
61,0,36.5276,-119.865999,5446,8,17,14.69,0,19.9,329.75,0.0,0,249.73,3,1,0,0,1,0,1,0,0,0,1,0,1,0,0,0,0,1,0,0,0,0,0,0,0,0,1,0,0,0,0,0
22,3,37.100948,-120.270136,19391,5,32,35.05,0,19.45,674.55,0.0,0,1121.6,4,1,1,0,1,1,1,0,0,1,0,0,1,0,0,0,0,1,0,0,0,0,0,0,0,0,0,0,1,1,0,0
27,3,37.212191,-119.749323,9395,9,72,33.39,52,109.55,7887.25,0.0,120,2404.08,4,0,1,0,1,1,1,0,0,0,0,0,1,1,1,0,1,0,1,1,1,0,1,1,1,0,0,1,0,1,0,0
56,2,36.657462,-119.595293,1965,6,27,46.66,28,74.4,1972.35,0.0,0,1259.82,3,0,0,0,1,1,1,0,0,1,0,0,1,0,1,0,1,0,1,0,0,0,0,0,0,1,0,0,0,1,0,0
55,0,37.045728,-120.630682,9388,0,7,34.59,12,74.9,490.55,0.0,0,242.13,3,1,0,0,0,0,0,0,0,0,0,1,1,0,1,0,1,0,0,0,1,0,0,0,0,1,0,0,1,0,0,0
25,1,36.785618,-120.625382,9491,7,11,21.14,47,59.65,683.25,0.0,0,232.54,3,1,1,0,1,1,1,0,0,0,1,0,1,0,1,1,0,0,0,0,1,0,1,0,0,1,0,0,1,0,0,0
62,1,37.483535,-119.679414,77,9,72,46.63,14,110.45,8058.85,0.0,0,3357.36,4,0,0,0,1,1,1,0,0,0,0,0,1,1,1,0,1,0,1,0,1,1,1,1,1,1,0,1,1,0,0,0
30,0,36.520537,-120.118055,152,0,71,2.66,0,24.55,1719.15,0.0,0,188.86,5,0,0,0,0,0,0,0,0,0,0,0,1,1,0,0,0,1,0,0,0,0,0,0,0,0,0,1,0,0,0,0
28,2,36.727418,-120.123526,14062,3,47,15.68,0,24.55,1160.45,0.0,0,736.96,4,1,1,0,1,1,1,0,1,0,0,0,1,1,0,0,0,1,0,0,0,0,0,0,0,0,0,1,0,1,0,0
23,0,36.995162,-120.955099,29124,0,8,35.21,0,20.45,162.3,0.0,0,281.68,3,1,1,0,0,0,0,0,0,0,0,1,1,0,0,0,0,1,0,0,0,0,0,0,0,0,0,0,1,1,0,0
20,2,36.902954,-120.194274,28434,3,48,13.26,0,19.55,883.35,0.0,0,636.48,5,0,1,0,1,1,1,0,1,0,0,0,1,0,0,0,0,1,0,0,0,0,0,0,0,0,0,1,0,1,0,0
30,0,37.004068,-119.930027,49247,0,70,10.0,0,19.7,1341.5,0.0,0,700.0,4,0,0,0,0,0,0,0,0,0,0,0,1,0,0,0,0,1,0,0,0,0,0,0,0,0,1,0,0,0,0,0
61,1,33.141265,-116.967221,48690,0,1,20.1,21,70.45,70.45,0.0,0,20.1,3,1,0,0,0,1,0,0,0,0,0,0,1,0,1,0,0,0,1,1,0,1,0,1,1,1,0,0,1,0,0,0
62,0,36.696759,-119.024051,571,1,8,39.59,16,85.65,659.45,0.0,70,316.72,4,1,0,0,1,0,1,0,0,0,0,1,1,1,1,0,1,0,0,0,0,0,0,1,1,0,0,0,1,0,0,0
37,3,37.140104,-119.657092,173,4,60,15.65,0,20.55,1205.05,0.0,0,939.0,3,1,0,0,1,1,1,0,1,0,0,0,1,0,0,0,0,1,0,0,0,0,0,0,0,0,0,1,0,1,0,0
61,1,36.633498,-119.298895,8449,7,49,16.02,18,97.95,4917.9,0.0,0,784.98,3,1,0,0,1,1,1,0,1,0,0,0,1,1,1,0,1,0,0,0,0,1,1,1,1,1,1,0,1,0,0,0
30,0,36.622237,-119.521126,12587,0,29,32.43,0,20.0,599.3,0.0,0,940.47,5,0,0,0,0,0,0,0,0,1,0,0,1,0,0,0,0,1,0,0,0,0,0,0,0,0,1,0,0,1,0,0
55,0,36.841655,-119.797113,3258,1,67,35.34,0,25.25,1733.15,0.0,0,2367.78,5,0,0,0,1,0,1,0,0,0,0,0,1,1,0,0,0,1,0,0,0,0,0,0,0,0,0,1,1,1,0,0
38,0,36.594542,-119.905245,265,8,67,28.06,15,70.9,4677.1,0.0,0,1880.02,3,1,0,0,1,0,1,0,0,0,0,0,1,1,1,1,0,0,1,1,1,1,0,0,0,1,0,1,0,1,0,0
40,1,37.252057,-119.95783,972,1,6,6.48,0,19.85,119.3,0.0,0,38.88,3,0,0,0,1,1,1,0,0,0,0,1,1,0,0,0,0,1,0,0,0,0,0,0,0,0,0,0,0,1,0,0
51,0,36.636638,-119.421842,25923,0,47,14.54,10,106.35,4849.1,0.0,0,683.38,4,0,0,0,0,0,0,0,1,0,0,0,1,1,1,0,1,0,0,1,1,0,1,1,1,1,0,0,1,0,0,0
46,0,36.452211,-119.94575,5729,0,53,43.57,13,99.5,5424.25,0.0,0,2309.21,3,0,0,0,0,0,0,0,1,0,0,0,1,0,1,0,1,0,1,1,1,1,0,1,1,1,0,1,0,1,0,0
41,0,36.819628,-119.440414,28991,10,69,48.37,7,84.7,5878.9,0.0,0,3337.53,3,1,0,0,1,0,1,0,0,0,0,0,1,0,1,1,0,0,1,1,1,1,1,1,1,1,0,1,1,1,0,0
54,0,36.600193,-120.153393,4318,0,3,18.26,29,86.05,244.85,0.0,0,54.78,4,1,0,0,0,0,0,0,0,0,0,1,1,0,1,0,1,0,1,0,0,0,0,1,1,1,0,0,1,1,0,0
38,0,36.545322,-119.642281,26213,0,4,30.07,29,44.55,220.75,0.0,0,120.28,3,1,0,0,0,0,0,0,0,0,0,1,1,0,1,0,0,0,0,0,0,0,0,0,0,1,0,0,0,1,0,0
33,1,37.223,-119.001021,642,6,56,37.58,26,75.85,4261.2,0.0,0,2104.48,3,1,0,0,1,1,1,0,1,0,0,0,1,1,1,1,0,0,1,1,0,1,0,1,1,1,0,1,1,1,0,0
38,0,36.993666,-119.348267,2633,8,2,15.5,12,45.0,89.75,0.0,0,31.0,4,0,0,0,1,0,1,0,0,0,0,1,1,0,1,1,0,0,0,0,0,0,0,0,0,1,0,0,1,0,0,0
57,1,37.287758,-119.548156,327,6,12,46.06,0,20.5,255.5,0.0,0,552.72,3,1,0,0,1,1,1,0,0,0,0,0,1,0,0,0,0,1,0,0,0,0,0,0,0,0,0,0,0,1,0,0
44,1,36.719141,-119.202677,3146,7,28,26.28,19,90.45,2509.25,0.0,0,735.84,3,0,0,0,1,1,1,0,0,1,0,0,1,1,1,0,1,0,0,0,0,1,0,1,1,1,1,0,1,0,0,0
50,0,36.749403,-119.787574,13858,0,24,23.71,4,60.45,1440.75,0.0,0,569.04,5,1,0,0,0,0,0,0,0,1,0,0,1,0,1,1,0,0,1,1,0,1,0,0,0,1,0,0,0,0,0,0
57,3,36.768774,-119.762633,31180,8,68,7.47,29,78.45,5333.35,0.0,0,507.96,5,0,0,0,1,1,1,0,0,0,0,0,1,1,1,1,0,0,1,1,1,1,0,1,1,1,1,0,1,0,0,0
21,1,36.799648,-119.801247,26580,0,39,14.72,85,100.55,3895.35,0.0,0,574.08,3,1,1,0,0,1,0,0,0,1,0,0,1,1,1,0,1,0,0,0,0,1,1,1,1,1,0,1,0,1,0,0
37,0,36.78724,-119.827813,35451,0,42,5.95,0,20.35,869.9,0.0,0,249.9,3,0,0,0,1,0,0,0,1,0,0,0,1,0,0,0,0,1,0,0,0,0,0,0,0,0,0,0,0,1,0,0
56,0,36.822715,-119.761826,29337,1,6,23.35,8,90.75,512.25,0.0,0,140.10000000000002,4,0,0,0,1,0,1,0,0,0,0,0,1,1,1,0,1,0,0,1,0,0,0,1,1,1,0,0,1,0,0,0
47,0,36.878709,-119.7645,45087,1,38,10.54,0,20.25,814.75,0.0,0,400.52,4,0,0,0,1,0,1,0,0,1,0,0,1,0,0,0,0,1,0,0,0,0,0,0,0,0,1,0,1,1,0,0
64,0,36.732694,-119.783786,6848,0,18,26.26,0,20.05,388.6,0.0,0,472.68,3,1,0,0,0,0,0,0,0,0,0,0,1,0,0,0,0,1,0,0,0,0,0,0,0,0,0,1,0,1,0,0
34,0,36.78979,-119.929894,60889,1,4,29.14,0,19.6,93.45,0.0,0,116.56,4,0,0,0,1,0,1,0,0,0,0,0,1,0,0,0,0,1,0,0,0,0,0,0,0,0,0,0,0,1,0,0
32,0,36.623632,-119.741322,21010,1,27,41.48,15,53.8,1389.85,0.0,0,1119.9599999999998,4,1,0,0,1,0,1,0,0,1,0,0,1,0,1,1,0,0,0,1,0,1,0,0,0,1,0,0,1,0,0,0
44,1,36.793601,-119.761131,39148,0,41,13.76,11,70.2,2894.55,0.0,0,564.16,4,1,0,0,0,1,0,0,0,0,0,0,1,0,1,0,0,0,1,1,1,0,1,0,0,1,1,0,0,1,0,0
29,1,36.751489,-119.68072,54701,1,50,31.83,47,75.5,4025.6,0.0,100,1591.5,3,1,1,0,1,1,1,0,0,0,0,0,1,0,1,0,0,0,1,0,0,1,1,1,1,0,1,0,0,0,0,0
24,1,36.757345,-119.818274,16346,1,72,22.78,0,20.35,1354.4,0.0,0,1640.16,3,1,1,0,1,1,1,0,0,0,0,0,1,0,0,0,0,1,0,0,0,0,0,0,0,0,0,1,0,0,0,0
35,0,36.64152,-121.622188,35739,0,70,31.33,0,26.05,1856.4,0.0,0,2193.1,5,0,0,0,0,0,0,0,0,0,0,0,1,1,0,0,0,1,0,0,0,0,0,0,0,0,1,0,0,1,0,0
37,2,36.667794,-121.601306,58548,1,44,34.94,0,20.6,926.0,0.0,0,1537.36,5,1,0,0,1,1,1,0,0,0,0,0,1,0,0,0,0,1,0,0,0,0,0,0,0,0,1,0,0,0,0,0
43,1,36.77462,-121.664714,22292,1,34,41.72,0,20.1,682.1,0.0,0,1418.48,5,0,0,0,1,1,1,0,0,1,0,0,1,0,0,0,0,1,0,0,0,0,0,0,0,0,1,0,1,0,0,0
20,0,33.141265,-116.967221,48690,9,71,32.18,0,24.5,1816.2,0.0,0,2284.78,4,1,1,0,1,0,1,0,0,0,0,0,1,1,0,0,0,1,0,0,0,0,0,0,0,0,0,1,1,0,0,0
42,0,36.554618,-121.922239,2966,0,64,5.68,24,110.5,7069.25,0.0,60,363.52,5,0,0,0,0,0,0,0,0,0,0,0,1,1,1,0,1,0,0,1,1,1,1,1,1,0,0,1,1,1,0,0
45,0,36.460611,-121.852507,13121,9,72,49.51,0,25.25,1841.2,0.0,0,3564.72,3,0,0,0,1,0,1,0,0,0,0,0,1,1,0,0,0,1,0,0,0,0,0,0,0,0,0,1,1,0,0,0
38,0,36.52588,-121.396719,9023,3,23,31.39,29,68.75,1689.45,0.0,0,721.97,3,0,0,0,1,0,1,0,0,0,0,0,1,0,1,1,0,0,1,0,1,1,0,1,1,1,1,0,1,0,0,0
19,3,36.248708,-121.386617,14204,10,52,40.76,0,19.2,1054.75,0.0,0,2119.52,5,1,1,0,1,1,1,0,0,0,0,0,1,0,0,0,0,1,0,0,0,0,0,0,0,0,0,1,0,1,0,0
51,0,36.220761,-120.980777,14477,0,64,44.31,4,115.1,7334.05,0.0,0,2835.84,3,0,0,0,0,0,0,0,0,0,0,0,1,1,1,0,1,0,1,1,1,1,1,1,1,1,0,1,1,0,0,0
39,0,36.362741,-121.869685,32857,0,24,25.68,6,99.65,2404.85,0.0,0,616.3199999999999,3,1,0,0,0,0,0,0,0,1,0,0,1,1,1,0,1,0,0,1,0,0,1,1,1,1,0,0,1,0,0,0
39,0,36.618337,-121.926417,15449,0,2,49.41,20,91.45,171.45,0.0,10,98.82,5,1,0,0,1,0,0,0,0,0,0,0,1,1,1,0,1,0,0,0,1,0,1,0,0,0,0,0,1,0,0,0
41,2,36.587497,-121.944815,4602,9,34,9.09,16,84.75,2839.45,0.0,0,309.06,3,0,0,0,1,1,1,0,0,1,0,0,1,0,1,1,0,0,1,1,1,1,1,1,1,1,0,1,0,1,0,0
43,3,36.625114,-121.823565,38244,7,53,31.86,56,78.75,3942.45,0.0,0,1688.58,4,1,0,0,1,1,1,0,0,0,0,0,1,1,1,1,0,0,0,0,1,1,1,1,1,1,1,0,1,1,0,0
64,1,36.414216,-121.360597,13003,8,47,37.35,0,20.25,873.4,0.0,0,1755.45,5,0,0,0,1,1,1,0,0,0,0,0,1,0,0,0,0,1,0,0,0,0,0,0,0,0,0,1,0,1,0,0
22,1,36.624641,-121.647195,407,0,72,31.93,0,19.9,1529.65,0.0,0,2298.96,4,1,1,0,0,1,0,0,0,0,0,0,1,0,0,0,0,1,0,0,0,0,0,0,0,0,0,1,0,1,0,0
25,3,37.509366,-122.306132,25566,1,72,20.79,59,97.75,6991.6,0.0,0,1496.88,3,1,1,0,1,1,1,0,0,0,0,0,1,1,1,0,1,0,1,1,0,1,0,1,1,1,0,1,1,1,0,0
45,0,37.45567,-122.407992,17929,0,7,39.02,25,100.4,715.0,0.0,0,273.14000000000004,3,0,0,0,0,0,0,0,0,0,0,0,1,0,1,0,1,0,0,0,1,1,1,1,1,1,0,0,1,0,0,0
59,0,37.285677,-122.224165,1622,10,71,33.0,0,24.45,1681.6,0.0,0,2343.0,5,0,0,0,1,0,1,0,0,0,0,0,1,1,0,0,0,1,0,0,0,0,0,0,0,0,0,1,1,1,0,0
39,2,37.349546,-122.134356,18486,2,67,0.0,17,50.9,3281.65,0.0,0,0.0,4,1,0,0,1,1,1,1,0,0,0,0,0,0,1,1,0,0,1,0,0,0,1,1,1,1,0,1,0,1,0,0
51,0,37.352911,-122.093002,21496,8,69,33.37,24,107.2,7317.1,0.0,0,2302.53,4,1,0,0,1,0,1,1,0,0,0,0,1,1,1,0,1,0,1,1,1,1,0,1,1,1,1,0,1,1,0,0
33,0,37.369709,-122.215844,6601,0,72,2.56,25,113.4,8164.1,0.0,0,184.32,3,1,0,0,0,0,0,1,0,0,0,0,1,1,1,0,1,0,1,1,1,1,1,1,1,1,0,1,0,0,0,0
31,1,37.601248,-122.403099,20350,10,34,0.0,29,40.55,1325.85,0.0,0,0.0,5,1,0,0,1,1,1,0,0,0,0,0,0,0,1,1,0,0,0,0,0,1,1,0,0,1,0,1,1,0,0,0
48,1,37.540582,-122.509594,2346,7,65,2.95,0,26.0,1654.85,0.0,0,191.75,3,0,0,0,1,1,1,0,0,0,0,0,1,1,0,0,0,1,0,0,0,0,0,0,0,0,0,1,0,1,0,0
60,0,37.515556,-122.502311,3064,0,70,44.57,26,111.95,7795.95,0.0,0,3119.9,4,0,0,0,0,0,0,1,0,0,0,0,1,1,1,0,1,0,1,1,1,1,1,1,1,1,0,1,1,1,0,0
61,1,37.380662,-122.086022,32143,10,72,0.0,14,53.8,3952.45,0.0,0,0.0,3,0,0,0,1,1,1,1,0,0,0,0,0,0,1,0,0,0,1,0,1,0,1,1,1,1,0,1,1,1,0,0
23,2,37.388349,-122.075299,13483,0,35,10.11,73,72.1,2495.15,0.0,0,353.85,4,1,1,0,0,1,0,0,0,0,0,0,1,0,1,1,0,0,0,0,0,1,1,1,1,1,1,0,1,1,0,0
46,0,37.573633,-122.455167,38885,3,12,25.09,17,78.85,876.75,0.0,0,301.08,3,0,0,0,1,0,1,0,0,0,0,0,1,1,1,0,0,0,1,0,1,0,1,1,1,1,1,0,0,0,0,0
58,2,37.22565,-122.297533,2055,5,62,42.05,20,70.75,4263.45,0.0,0,2607.1,3,0,0,0,1,1,1,0,0,0,0,0,1,0,1,1,0,0,1,0,1,1,1,0,0,1,1,0,1,0,0,0
26,0,37.461251,-122.235414,35737,0,25,21.67,48,76.15,1992.95,0.0,0,541.75,3,0,1,0,0,0,0,0,0,0,0,0,1,0,1,1,0,0,1,0,0,1,1,1,1,1,0,0,1,1,0,0
63,0,37.410567,-122.297152,25569,0,52,0.0,7,39.1,1982.1,0.0,130,0.0,3,0,0,0,0,0,0,0,0,0,0,0,0,0,1,1,0,0,1,1,0,1,0,0,0,0,0,1,0,1,0,0
33,0,37.527497,-122.230941,10658,0,2,1.81,0,20.05,33.7,0.0,0,3.62,3,1,0,0,0,0,0,0,0,0,0,0,1,0,0,0,0,1,0,0,0,0,0,0,0,0,0,0,0,1,0,0
58,3,37.624436,-122.430661,39566,10,56,35.38,0,20.05,1090.1,0.0,0,1981.28,4,0,0,0,1,1,1,0,0,0,0,0,1,0,0,0,0,1,0,0,0,0,0,0,0,0,0,1,0,1,0,0
27,0,37.497915,-122.267361,28098,0,12,35.81,0,19.45,227.45,0.0,0,429.72,4,0,1,0,0,0,0,0,0,0,0,0,1,0,0,0,0,1,0,0,0,0,0,0,0,0,0,0,0,0,0,0
20,0,37.331762,-122.341444,291,7,47,11.68,0,26.9,1250.85,0.0,0,548.96,4,0,1,0,1,0,1,0,0,0,0,0,1,1,0,0,0,1,0,0,0,0,0,0,0,0,1,0,0,0,0,0
30,0,37.378541,-122.020456,64010,0,18,17.33,69,50.0,892.7,0.0,50,311.93999999999994,5,0,0,0,0,0,0,0,0,0,0,0,1,0,1,1,0,0,0,0,1,0,0,0,0,0,0,0,1,1,0,0
43,0,37.3511,-122.037311,50070,0,8,46.78,24,60.0,487.75,0.0,0,374.24,3,0,0,0,0,0,0,0,0,0,0,0,1,0,1,1,0,0,1,0,0,0,1,0,0,1,0,0,1,0,0,0
49,0,37.421633,-122.009613,16985,8,45,22.8,15,84.55,3713.95,0.0,0,1026.0,3,1,0,0,1,0,1,0,0,0,0,0,1,1,1,0,1,0,1,0,1,0,0,0,0,1,0,0,1,1,0,0
35,0,37.7795,-122.419233,28998,0,3,20.37,17,45.45,141.7,0.0,0,61.11,5,1,0,0,0,0,0,0,0,0,0,0,1,0,1,0,0,0,0,0,0,0,0,0,0,1,0,0,0,1,0,0
22,0,37.773147,-122.411287,23036,0,38,40.64,0,20.05,678.2,0.0,0,1544.32,3,0,1,0,0,0,0,0,0,0,0,0,1,0,0,0,0,1,0,0,0,0,0,0,0,0,1,0,0,1,0,0
46,0,37.791222,-122.402241,384,2,72,47.82,21,115.55,8425.3,0.0,0,3443.04,3,1,0,0,1,0,1,1,0,0,0,0,1,1,1,0,1,0,1,1,1,1,1,1,1,1,0,1,1,0,0,0
43,2,37.768881,-122.395521,17372,4,71,15.73,17,99.0,7061.65,0.0,0,1116.83,3,0,0,0,1,1,1,1,0,0,0,0,1,1,1,0,1,0,1,1,1,0,1,0,0,1,0,1,1,1,0,0
33,4,37.791998,-122.408653,13723,9,66,0.0,23,50.55,3364.55,0.0,110,0.0,4,1,0,0,1,1,1,1,0,0,0,0,0,0,1,0,0,0,0,0,0,1,1,1,1,0,0,1,0,0,0,0
44,3,37.801776,-122.402293,3337,5,13,35.19,0,25.0,332.5,0.0,0,457.47,4,0,0,0,1,1,1,0,0,0,0,0,1,1,0,0,0,1,0,0,0,0,0,0,0,0,0,1,1,0,0,0
52,3,37.720498,-122.443119,73117,1,65,10.11,26,91.55,5963.95,0.0,0,657.15,3,0,0,0,1,1,1,0,0,0,0,0,1,1,1,0,0,0,1,1,1,1,1,1,1,1,0,1,0,0,0,0
19,3,37.786031,-122.437301,33122,2,15,46.47,0,19.35,278.85,0.0,0,697.05,3,1,1,0,1,1,1,0,0,0,0,0,1,0,0,0,0,1,0,0,0,0,0,0,0,0,0,1,0,1,0,0
21,0,37.74441,-122.486764,42959,1,72,13.27,0,24.85,1871.85,0.0,0,955.44,3,0,1,0,1,0,1,1,0,0,0,0,1,1,0,0,0,1,0,0,0,0,0,0,0,0,0,1,0,1,0,0
42,3,37.781304,-122.461522,38955,1,42,12.6,26,100.4,4303.65,0.0,0,529.1999999999999,5,0,0,0,1,1,1,0,0,0,0,0,1,0,1,0,1,0,0,0,1,1,1,1,1,1,0,1,1,0,0,0
61,0,37.776718,-122.495781,42476,1,71,48.01,0,25.0,1753.0,0.0,0,3408.71,4,0,0,0,1,0,1,1,0,0,0,0,1,1,0,0,0,1,0,0,0,0,0,0,0,0,0,1,0,0,0,0
31,0,37.731505,-122.384532,33177,0,35,37.81,0,19.25,617.65,0.0,0,1323.35,5,0,0,0,0,0,0,0,0,0,0,0,1,0,0,0,0,1,0,0,0,0,0,0,0,0,0,0,0,0,0,0
38,2,37.736535,-122.45732,20643,1,53,43.39,29,108.25,5935.1,0.0,0,2299.67,4,0,0,0,1,1,1,0,0,0,0,0,1,0,1,0,1,0,0,1,1,1,1,1,1,1,0,0,1,0,0,0
41,0,37.746699,-122.442833,27906,0,48,33.68,0,20.15,982.95,0.0,0,1616.64,5,1,0,0,0,0,0,0,0,0,0,0,1,0,0,0,0,1,0,0,0,0,0,0,0,0,0,1,0,1,0,0
56,0,37.802071,-122.411004,26831,0,10,4.42,0,20.0,198.7,0.0,0,44.2,5,1,0,0,0,0,0,0,0,0,0,0,1,0,0,0,0,1,0,0,0,0,0,0,0,0,0,0,0,1,0,0
62,2,37.721052,-122.413573,40137,0,12,16.96,18,105.3,1275.65,0.0,0,203.52,3,0,0,0,0,1,0,0,0,0,0,0,1,1,1,0,1,0,0,1,1,0,1,1,1,1,0,0,1,0,0,0
47,0,37.45809,-122.115398,45499,0,58,40.16,20,65.25,3791.6,0.0,110,2329.28,3,0,0,0,1,0,0,0,0,0,0,0,1,0,1,1,0,0,1,1,0,0,1,0,0,0,0,0,1,1,0,0
49,0,37.386978,-122.177746,1723,0,37,41.99,0,19.8,813.3,0.0,0,1553.63,5,0,0,0,0,0,0,0,0,0,0,0,1,0,0,0,0,1,0,0,0,0,0,0,0,0,0,1,0,1,0,0
21,2,37.424342,-122.165641,13386,1,44,4.17,0,19.6,780.25,0.0,0,183.48,5,0,1,0,1,1,1,0,0,0,0,0,1,0,0,0,0,1,0,0,0,0,0,0,0,0,0,0,0,1,0,0
26,3,37.416159,-122.131337,24492,0,27,17.3,0,20.05,552.9,0.0,0,467.1,3,1,1,0,0,1,0,0,0,0,0,0,1,0,0,0,0,1,0,0,0,0,0,0,0,0,1,0,0,1,0,0
52,0,37.590421,-122.306467,32488,0,8,20.9,6,49.4,408.25,0.0,0,167.2,4,0,0,0,0,0,0,0,0,0,0,0,1,0,1,1,0,0,0,0,0,1,0,0,0,1,0,0,0,0,0,0
37,3,37.556094,-122.272437,31882,1,57,32.37,28,100.6,5611.7,0.0,0,1845.09,3,0,0,0,1,1,1,0,0,0,0,0,1,1,1,0,1,0,0,1,0,0,1,1,1,1,0,0,1,0,0,0
38,0,37.774633,-122.274434,58555,0,12,18.12,0,19.45,246.25,0.0,0,217.44,4,0,0,0,0,0,0,0,0,0,0,0,1,0,0,0,0,1,0,0,0,0,0,0,0,0,0,0,0,1,0,0
57,2,37.724817,-122.224363,13996,1,62,2.41,0,20.3,1296.15,0.0,0,149.42000000000002,5,0,0,0,1,1,1,0,0,0,0,0,1,0,0,0,0,1,0,0,0,0,0,0,0,0,0,1,0,0,0,0
25,0,37.791481,-121.903253,19777,1,65,27.69,52,107.65,7082.85,0.0,0,1799.85,5,0,1,0,1,0,1,0,0,0,0,0,1,1,1,0,1,0,0,1,1,1,1,1,1,1,0,1,1,0,0,0
30,0,37.855717,-121.994813,15187,1,71,26.58,27,80.45,5662.25,0.0,0,1887.18,5,0,0,0,1,0,1,1,0,0,0,0,1,1,1,0,0,0,0,0,1,1,1,1,1,1,0,1,1,0,0,0
63,3,38.542448,-122.419923,3641,1,21,35.72,30,58.85,1215.45,0.0,0,750.12,4,0,0,0,1,1,1,0,0,0,0,0,1,0,1,0,0,0,0,1,0,0,1,0,0,1,1,0,1,1,0,0
53,0,37.980057,-121.801599,90891,9,71,49.32,9,109.6,7854.15,0.0,0,3501.72,3,1,0,0,1,0,1,1,0,0,0,0,1,1,1,0,1,0,1,1,1,0,1,1,1,1,1,0,1,0,0,0
56,0,38.113533,-122.11926,25578,0,7,30.06,10,75.15,525.0,0.0,10,210.42,3,0,0,0,0,0,0,0,0,0,0,0,1,0,1,0,1,0,0,0,1,0,0,0,0,0,0,0,1,0,0,0
23,0,38.050558,-121.646924,2379,0,72,23.02,69,73.0,5265.2,0.0,0,1657.44,4,0,1,0,0,0,0,1,0,0,0,0,1,0,1,0,0,0,1,1,1,1,0,1,1,1,0,1,1,1,0,0
53,0,38.140719,-121.838298,138,0,1,1.15,23,70.1,70.1,0.0,0,1.15,4,0,0,0,0,0,0,0,0,0,0,0,1,0,1,0,1,0,0,0,0,0,0,0,0,1,0,0,0,0,0,0
61,2,37.908242,-121.682472,26577,6,72,35.21,10,98.65,7129.45,0.0,0,2535.12,4,0,0,0,1,1,1,1,0,0,0,0,1,1,1,0,1,0,0,1,1,1,0,1,1,1,0,1,1,0,0,0
48,3,37.83323,-121.601461,10153,3,64,39.37,53,111.45,7266.95,0.0,0,2519.68,5,0,0,0,1,1,1,0,1,0,0,0,1,1,1,0,1,0,0,1,1,1,1,1,1,1,1,0,1,0,0,0
56,0,38.629618,-122.593216,7384,0,72,48.37,5,114.9,8496.7,0.0,0,3482.64,4,0,0,0,0,0,0,1,0,0,0,0,1,1,1,0,1,0,1,1,1,1,1,1,1,1,0,1,1,0,0,0
33,0,37.881842,-121.848111,14239,0,29,10.67,12,100.55,2878.75,0.0,0,309.43,4,0,0,0,0,0,0,0,0,0,0,0,1,1,1,0,1,0,0,0,1,0,1,1,1,1,0,0,0,0,0,0
23,0,37.950248,-122.022455,27394,0,13,6.56,0,20.4,261.3,0.0,0,85.28,5,0,1,0,0,0,0,0,0,0,0,0,1,0,0,0,0,1,0,0,0,0,0,0,0,0,0,1,1,1,0,0
23,0,37.990118,-122.012188,18650,0,31,45.71,58,104.35,3205.6,0.0,0,1417.01,4,0,1,0,0,0,0,0,0,0,0,0,1,1,1,0,1,0,1,1,0,0,1,1,1,1,0,0,0,0,0,0
43,3,37.924838,-122.289145,23141,8,14,9.77,21,80.45,1137.05,0.0,0,136.78,3,0,0,0,1,1,1,0,0,0,1,0,1,1,1,1,0,0,0,1,0,1,1,1,1,1,0,0,0,1,0,0
47,0,37.572273,-121.964583,66543,0,72,44.21,22,91.35,6697.2,0.0,0,3183.12,3,0,0,0,0,0,0,1,0,0,0,0,1,1,1,1,0,0,1,1,1,1,1,1,1,1,0,1,1,0,0,0
47,1,37.674002,-122.076796,60274,0,25,18.87,0,19.9,505.45,0.0,0,471.75,5,1,0,0,1,1,0,0,0,0,0,0,1,0,0,0,0,1,0,0,0,0,0,0,0,0,1,0,0,0,0,0
22,0,37.639215,-122.037554,72993,0,18,48.68,48,68.35,1299.8,0.0,0,876.24,3,1,1,0,0,0,0,0,0,0,1,0,1,0,1,1,0,0,1,0,1,1,1,0,0,1,0,0,1,0,0,0
21,0,37.62984,-122.120843,27311,6,71,28.02,27,79.1,5564.85,0.0,0,1989.42,5,1,1,0,1,0,1,1,0,0,0,0,1,0,1,1,0,0,0,1,1,1,1,1,1,1,0,1,1,1,0,0
56,1,37.991259,-122.214945,22479,0,2,5.3,11,80.55,188.1,0.0,0,10.6,4,0,0,0,0,1,0,0,0,0,0,0,1,1,1,0,1,0,1,0,0,0,0,0,0,1,0,0,0,1,0,0
48,3,37.907777,-122.127161,23996,1,17,29.87,53,66.7,1077.05,0.0,0,507.79,3,1,0,0,1,1,1,0,0,0,1,0,1,1,1,1,0,0,0,1,1,1,0,0,0,1,0,0,1,0,1,0
32,0,37.571748,-121.659562,75929,0,56,37.15,13,86.4,4922.4,0.0,0,2080.4,5,1,0,0,0,0,0,0,1,0,0,0,1,1,1,0,1,0,1,1,0,0,0,0,0,1,0,0,1,0,0,0
31,0,37.722727,-122.02157,13212,7,60,0.0,4,50.05,2911.5,0.0,0,0.0,3,0,0,0,1,0,1,0,1,0,0,0,0,0,1,0,0,0,1,1,1,0,0,1,1,1,1,0,0,0,0,0
60,0,38.014457,-122.115432,46677,0,33,36.5,0,25.7,826.1,0.0,0,1204.5,4,0,0,0,0,0,0,0,0,0,0,0,1,1,0,0,0,1,0,0,0,0,0,0,0,0,0,1,0,1,0,0
49,0,37.555473,-122.080312,33883,0,1,43.06,9,83.4,83.4,0.0,0,43.06,3,0,0,0,0,0,0,0,0,0,0,0,1,0,1,0,1,0,1,1,0,1,0,0,0,1,0,0,1,1,0,0
52,0,38.489789,-122.27011,63947,8,63,12.96,7,84.65,5377.8,0.0,20,816.48,4,1,0,0,1,0,1,0,1,0,0,0,1,1,1,0,1,0,1,0,0,1,0,0,0,0,0,1,1,1,0,0
63,0,37.504133,-122.032347,42491,0,55,27.0,20,64.75,3617.1,0.0,0,1485.0,3,0,0,0,0,0,0,0,1,0,0,0,1,0,1,0,0,0,0,1,1,0,0,1,1,1,0,1,1,0,1,0
35,0,37.999406,-121.686241,27607,8,65,36.62,6,100.15,6643.5,0.0,0,2380.3,4,0,0,0,1,0,1,0,1,0,0,0,1,1,1,0,1,0,1,1,0,1,1,0,0,1,1,0,1,0,0,0
28,0,37.996462,-122.293716,16717,0,63,4.01,0,25.25,1559.3,0.0,0,252.63,4,1,1,0,0,0,0,0,1,0,0,0,1,1,0,0,0,1,0,0,0,0,0,0,0,0,0,1,0,0,1,0
19,3,37.633361,-121.862395,36669,5,36,0.0,71,40.65,1547.35,0.0,0,0.0,4,0,1,0,1,1,1,0,0,0,0,0,0,0,1,0,0,0,1,0,1,1,0,0,0,1,0,1,0,1,0,0
37,0,38.035707,-122.196821,173,0,22,48.07,18,94.95,2142.8,0.0,0,1057.54,5,1,0,0,0,0,0,0,0,0,1,0,1,0,1,0,1,0,0,1,1,1,0,1,1,1,0,0,1,0,0,0
50,0,37.717196,-122.159338,41871,0,1,11.96,0,19.8,19.8,0.0,0,11.96,5,0,0,0,0,0,0,0,0,0,0,0,1,0,0,0,0,1,0,0,0,0,0,0,0,0,0,0,0,1,0,0
55,0,37.704384,-122.126703,36568,0,56,49.36,21,81.8,4534.45,0.0,0,2764.16,5,1,0,0,0,0,0,0,1,0,0,0,1,0,1,1,0,0,0,1,1,1,1,1,1,1,0,1,1,1,0,0
40,0,37.687264,-122.15728,19815,0,2,43.27,0,20.0,40.9,0.0,0,86.54,4,0,0,0,0,0,0,0,0,0,0,1,1,0,0,0,0,1,0,0,0,0,0,0,0,0,0,0,1,0,1,0
48,0,37.676249,-122.132415,26240,0,35,20.61,16,59.6,2094.9,0.0,0,721.35,3,1,0,0,0,0,0,0,0,0,0,0,1,1,1,1,0,0,1,0,1,0,0,0,0,1,0,0,1,0,0,0
44,0,37.766556,-121.976784,44078,5,64,6.81,0,25.0,1584.8,0.0,0,435.84,5,0,0,0,1,0,1,0,1,0,0,0,1,1,0,0,0,1,0,0,0,0,0,0,0,0,0,1,0,1,0,0
44,0,38.197907,-122.017258,39279,0,15,6.22,4,84.35,1302.65,0.0,0,93.3,3,0,0,0,0,0,0,0,0,0,1,0,1,1,1,0,1,0,1,0,1,0,0,0,0,1,0,0,1,1,0,0
23,0,37.59485,-122.051521,66472,0,1,33.32,48,55.55,55.55,0.0,30,33.32,5,1,1,0,0,0,0,0,0,0,0,1,1,0,1,1,0,0,0,0,0,0,0,1,1,0,0,0,0,0,1,0
35,3,37.685052,-121.912061,28568,9,70,39.53,53,75.35,5437.75,0.0,0,2767.1,3,0,0,0,1,1,1,1,0,0,0,0,1,0,1,1,0,0,1,0,0,1,1,1,1,1,0,1,0,1,0,0
62,0,38.105733,-122.186338,51665,0,39,6.77,17,59.3,2209.15,0.0,0,264.03,4,0,0,0,0,0,0,0,0,0,0,0,1,0,1,1,0,0,0,0,0,1,0,1,1,1,1,0,0,0,0,0
32,0,38.093701,-122.276589,159,0,29,17.87,26,66.1,1912.15,0.0,0,518.23,3,0,0,0,0,0,0,0,0,0,0,0,1,1,1,0,0,0,1,0,0,0,0,1,1,1,0,0,1,0,0,0
38,3,37.862128,-122.075197,18024,2,14,44.55,0,18.8,255.55,0.0,0,623.6999999999999,5,0,0,0,1,1,1,0,0,0,1,0,1,0,0,0,0,1,0,0,0,0,0,0,0,0,0,1,0,0,1,0
57,0,37.900662,-122.052782,40917,0,61,4.51,24,86.45,5175.3,0.0,0,275.11,4,0,0,0,0,0,0,0,1,0,0,0,1,1,1,0,0,0,1,0,1,1,1,1,1,1,0,1,0,1,0,0
28,1,37.916648,-122.008483,26022,0,13,19.17,59,52.1,670.65,0.0,0,249.21000000000004,3,1,1,0,0,1,0,0,0,0,1,0,1,0,1,0,0,0,1,0,0,0,0,0,1,1,0,0,1,1,0,0
64,0,38.421458,-122.365048,2873,0,66,0.0,29,47.4,3177.25,0.0,0,0.0,3,0,0,0,0,0,0,1,0,0,0,0,0,0,1,1,0,0,1,1,1,1,0,0,0,0,0,1,1,0,1,0
52,0,37.803883,-122.208417,28900,7,59,40.47,4,109.15,6557.75,0.0,0,2387.73,4,0,0,0,1,0,1,0,1,0,0,0,1,1,1,0,1,0,1,1,1,0,1,1,1,1,1,0,1,1,0,0
19,3,37.739113,-122.175602,31392,6,62,15.76,59,94.95,5791.85,0.0,0,977.12,4,1,1,0,1,1,1,0,1,0,0,0,1,1,1,0,1,0,1,1,0,0,1,0,1,1,1,0,1,1,0,0
48,2,37.792489,-122.244314,41876,0,66,12.48,23,79.5,5196.1,0.0,0,823.6800000000001,4,1,0,0,0,1,0,1,0,0,0,0,1,0,1,1,0,0,0,1,1,1,1,1,1,1,0,1,1,1,0,0
41,0,37.80707,-122.297401,21054,0,72,19.6,15,115.05,8405.0,0.0,0,1411.2,3,0,0,0,0,0,0,1,0,0,0,0,1,1,1,0,1,0,1,1,1,1,1,1,1,1,0,1,0,1,0,0
21,1,37.808731,-122.238708,29964,2,51,18.42,47,95.15,5000.05,0.0,0,939.42,3,0,1,0,1,1,1,0,1,0,0,0,1,1,1,0,1,0,1,0,0,1,1,0,1,1,1,0,1,0,1,0
25,0,37.828416,-122.216005,36517,0,63,22.73,73,105.4,6713.2,0.0,130,1431.99,4,1,1,0,0,0,0,0,1,0,0,0,1,1,1,0,1,0,0,1,0,1,1,1,1,0,0,0,0,0,0,0
31,0,37.809014,-122.269739,11702,0,27,33.4,0,20.1,562.6,0.0,0,901.8,5,1,0,0,0,0,0,0,0,0,0,0,1,0,0,0,0,1,0,0,0,0,0,0,0,0,1,0,0,0,0,0
59,1,37.750553,-122.197175,30751,10,42,32.02,0,20.7,828.85,0.0,0,1344.84,5,1,0,0,1,1,1,0,1,0,0,0,1,0,0,0,0,1,0,0,0,0,0,0,0,0,0,1,0,0,1,0
28,0,37.866009,-122.286228,15638,0,29,21.19,0,20.35,617.35,0.0,0,614.51,4,0,1,0,0,0,0,0,0,0,0,0,1,0,0,0,0,1,0,0,0,0,0,0,0,0,1,0,0,0,1,0
62,0,37.871416,-122.246597,21205,0,30,24.57,0,19.7,625.05,0.0,0,737.1,4,1,0,0,0,0,0,0,0,0,0,0,1,0,0,0,0,1,0,0,0,0,0,0,0,0,1,0,0,0,1,0
35,3,37.890274,-122.295192,15882,9,71,22.83,53,85.45,6029.9,0.0,0,1620.9299999999998,3,1,0,0,1,1,1,1,0,0,0,0,1,0,1,1,0,0,1,1,1,1,1,1,1,1,0,1,0,0,0,0
63,0,37.897753,-122.279391,11889,6,46,0.0,26,40.4,1842.7,0.0,80,0.0,3,1,0,0,1,0,1,0,1,0,0,0,0,0,1,1,0,0,1,0,1,1,0,0,0,0,0,1,0,1,0,0
48,0,37.872902,-122.303708,8157,0,69,44.57,28,105.2,7386.05,0.0,0,3075.33,3,1,0,0,0,0,0,1,0,0,0,0,1,1,1,0,1,0,0,1,0,1,1,1,1,1,1,0,1,0,0,0
48,0,37.945288,-122.383941,28450,10,72,41.68,28,100.65,7334.05,0.0,0,3000.96,3,0,0,0,1,0,1,1,0,0,0,0,1,1,1,0,1,0,1,1,1,0,1,0,0,1,0,1,0,0,0,0
26,0,37.921034,-122.341798,39089,0,28,45.24,59,91.0,2626.15,0.0,0,1266.72,3,1,1,0,0,0,0,0,0,0,0,0,1,0,1,0,1,0,0,0,1,1,0,1,1,1,0,0,0,0,0,0
32,0,38.018065,-122.546024,28403,0,7,6.83,17,59.1,369.25,0.0,0,47.81,3,0,0,0,0,0,0,0,0,0,0,0,1,0,1,1,0,0,1,0,0,0,0,1,1,1,1,0,1,0,0,0
64,0,37.946617,-122.563571,12010,0,22,31.53,11,49.8,1049.05,0.0,0,693.6600000000001,3,0,0,0,0,0,0,0,0,0,1,0,1,0,1,0,0,0,1,0,0,0,0,0,0,1,0,0,1,0,0,0
57,0,37.885629,-122.46858,13065,0,72,45.75,0,19.3,1414.8,0.0,0,3294.0,4,1,0,0,0,0,0,0,0,0,0,0,1,0,0,0,0,1,0,0,0,0,0,0,0,0,0,1,0,0,0,0
58,3,38.343282,-122.9755,584,6,8,26.17,0,19.65,169.75,0.0,0,209.36,4,1,0,0,1,1,1,0,0,0,0,1,1,0,0,0,0,1,0,0,0,0,0,0,0,0,0,0,0,1,0,0
64,0,38.377165,-123.037957,1785,6,52,41.34,24,81.4,4354.45,0.0,0,2149.6800000000003,4,1,0,0,1,0,1,0,1,0,0,0,1,1,1,0,0,0,1,1,1,1,0,1,1,1,1,0,1,1,0,0
21,0,37.943087,-122.72379,1573,0,68,0.0,58,38.9,2719.2,0.0,0,0.0,3,0,1,0,0,0,0,0,0,0,0,0,0,0,1,1,0,0,1,0,1,1,0,0,0,1,0,1,0,1,0,0
46,0,37.924014,-122.511694,9038,7,71,9.06,30,87.95,6365.35,0.0,0,643.26,4,0,0,0,1,0,1,0,0,0,0,0,1,1,1,1,0,0,1,1,1,1,1,1,1,1,0,1,0,0,0,0
27,0,38.34719,-122.697822,42544,0,2,27.47,0,19.85,51.6,0.0,0,54.94,3,1,1,0,0,0,0,0,0,0,0,1,1,0,0,0,0,1,0,0,0,0,0,0,0,0,0,0,0,1,0,0
54,0,37.971751,-122.611873,8486,0,35,0.0,21,24.15,812.5,0.0,40,0.0,4,0,0,0,0,0,0,0,0,0,0,0,0,0,1,1,0,0,0,0,0,0,0,0,0,0,0,0,0,0,0,0
21,1,38.326215,-122.718742,7936,8,61,42.11,0,19.1,1143.8,0.0,0,2568.71,4,0,1,0,1,1,1,0,0,0,0,0,1,0,0,0,0,1,0,0,0,0,0,0,0,0,1,0,0,1,0,0
62,0,38.010092,-122.689442,1025,0,1,13.4,17,44.0,44.0,0.0,0,13.4,5,1,0,0,0,0,0,0,0,0,0,1,1,0,1,1,0,0,0,0,0,0,0,0,0,1,0,0,0,0,0,0
29,5,38.021772,-122.691744,821,3,53,31.99,59,60.6,3297.0,0.0,0,1695.47,4,0,1,0,1,1,1,0,0,0,0,0,1,0,1,1,0,0,0,0,1,0,0,1,1,1,1,0,0,1,0,0
37,0,37.937082,-122.532369,6773,4,72,12.58,0,25.65,1887.0,0.0,0,905.76,5,0,0,0,1,0,1,0,0,0,0,0,1,1,0,0,0,1,0,0,0,0,0,0,0,0,0,1,0,0,0,0
44,0,38.112166,-122.634384,24741,6,24,35.86,0,20.4,482.8,0.0,0,860.64,5,0,0,0,1,0,1,0,0,0,0,0,1,0,0,0,0,1,0,0,0,0,0,0,0,0,1,0,0,1,0,0
47,0,38.052209,-122.775567,248,0,8,0.0,8,29.35,216.45,0.0,10,0.0,4,1,0,0,0,0,0,0,0,0,0,1,0,0,1,0,0,0,1,0,0,0,0,0,0,0,0,0,0,1,0,0
28,0,38.325599,-122.642352,3777,0,1,42.17,0,20.45,20.45,0.0,0,42.17,3,1,1,0,0,0,0,0,0,0,0,1,1,0,0,0,0,1,0,0,0,0,0,0,0,0,0,0,1,1,0,0
26,0,38.237018,-122.77872,31930,0,54,11.76,52,95.1,5064.85,0.0,0,635.04,3,0,1,0,0,0,0,0,0,0,0,0,1,1,1,0,1,0,0,0,1,1,0,1,1,1,0,1,1,0,0,0
23,0,38.235021,-122.557332,35419,0,41,41.21,0,25.25,996.45,0.0,0,1689.61,4,1,1,0,0,0,0,0,0,0,0,0,1,1,0,0,0,1,0,0,0,0,0,0,0,0,0,0,1,0,0,0
33,0,38.060264,-122.830646,1885,0,19,34.51,22,44.9,839.65,0.0,0,655.6899999999999,5,0,0,0,1,0,0,0,0,0,1,0,1,0,1,0,0,0,0,0,0,0,0,0,0,1,0,0,0,1,0,0
35,1,37.99272,-122.575026,16849,4,72,30.0,19,92.65,6733.0,0.0,0,2160.0,4,0,0,0,1,1,1,0,0,0,0,0,1,1,1,1,0,0,1,1,1,1,1,1,1,1,0,1,0,0,0,0
21,0,38.00474,-122.663717,548,0,62,0.0,51,43.7,2618.3,0.0,0,0.0,4,1,1,0,0,0,0,0,0,0,0,0,0,0,1,1,0,0,1,1,1,1,0,0,0,1,0,1,1,0,0,0
39,1,38.240769,-122.901041,384,2,32,35.39,0,18.95,613.95,0.0,0,1132.48,4,1,0,0,1,1,1,0,0,0,0,0,1,0,0,0,0,1,0,0,0,0,0,0,0,0,0,1,0,1,0,0
31,0,38.339996,-122.935056,66,0,21,32.89,0,20.5,402.85,0.0,0,690.69,4,1,0,0,0,0,0,0,0,0,1,0,1,0,0,0,0,1,0,0,0,0,0,0,0,0,0,0,0,1,0,0
28,2,38.005839,-122.638155,1449,9,62,47.96,0,19.95,1244.8,0.0,0,2973.52,4,1,1,0,1,1,1,0,0,0,0,0,1,0,0,0,0,1,0,0,0,0,0,0,0,0,1,0,0,0,0,0
34,0,37.449537,-121.994813,2147,0,2,0.0,5,24.5,46.4,0.0,0,0.0,4,0,0,0,0,0,0,0,0,0,0,1,0,0,1,1,0,0,0,0,0,0,0,0,0,1,0,0,0,0,0,0
42,2,37.013471,-121.877877,24227,0,27,8.55,0,20.6,581.85,0.0,0,230.85,4,1,0,0,0,1,0,0,0,0,0,0,1,0,0,0,0,1,0,0,0,0,0,0,0,0,0,1,0,1,0,0
31,0,37.078873,-122.090386,6407,0,25,0.0,9,61.05,1540.2,0.0,0,0.0,3,0,0,0,0,0,0,0,0,0,0,0,0,0,1,1,0,0,1,1,1,0,1,1,1,1,1,0,0,0,0,0
45,0,37.106902,-122.100006,1007,0,49,22.52,25,106.65,5168.1,0.0,130,1103.48,5,1,0,0,0,0,0,0,0,0,0,0,1,1,1,0,1,0,0,1,0,1,1,1,1,0,1,0,1,0,0,0
46,0,37.279689,-121.954567,44976,0,63,5.17,16,108.25,6780.1,0.0,0,325.71,3,0,0,0,0,0,0,0,0,0,0,0,1,1,1,0,1,0,1,1,1,0,1,1,1,1,0,0,0,1,0,0
51,3,36.977025,-121.952864,9673,0,4,30.79,0,20.4,94.5,0.0,0,123.16,3,0,0,0,0,1,0,0,0,0,0,1,1,0,0,0,0,1,0,0,0,0,0,0,0,0,0,0,0,1,0,0
27,0,36.784481,-121.759054,8582,8,1,36.69,82,55.3,55.3,0.0,0,36.69,3,0,1,0,1,0,1,0,0,0,0,0,1,0,1,1,0,0,0,0,0,0,1,0,0,1,0,0,1,1,0,0
46,0,37.306612,-122.080621,54431,0,11,28.62,0,20.25,208.0,0.0,0,314.82,4,1,0,0,0,0,0,0,0,0,1,0,1,0,0,0,0,1,0,0,0,0,0,0,0,0,0,0,0,1,0,0
47,0,36.936228,-121.785559,4753,0,64,25.95,23,104.65,6889.8,0.0,0,1660.8,4,1,0,0,0,0,0,0,0,0,0,0,1,1,1,0,1,0,0,0,1,1,1,1,1,1,1,0,1,1,0,0
30,1,37.03889,-121.528955,49968,10,43,29.98,59,75.2,3254.35,0.0,0,1289.14,3,0,0,0,1,1,1,0,0,0,0,0,1,0,1,0,0,0,1,0,1,0,1,1,1,1,0,1,0,0,0,0
35,0,33.141265,-116.967221,48690,5,61,36.13,23,101.15,6383.9,0.0,0,2203.9300000000003,3,0,0,0,1,0,1,0,0,0,0,0,1,1,1,0,1,0,0,0,0,1,1,1,1,1,1,0,0,0,0,0
64,0,37.160194,-121.945611,10172,0,66,20.52,10,68.75,4447.55,0.0,0,1354.32,4,1,0,0,0,0,0,0,0,0,0,0,1,1,1,0,0,0,1,1,1,1,0,0,0,1,0,1,0,0,0,0
51,0,37.441931,-121.878502,62848,8,67,46.89,29,111.05,7321.05,0.0,0,3141.63,3,1,0,0,1,0,1,0,0,0,0,0,1,0,1,0,1,0,1,1,1,1,1,1,1,1,0,1,1,0,0,0
54,0,37.161544,-121.649371,41707,9,42,1.31,17,99.0,4135.0,0.0,0,55.02,4,0,0,0,1,0,1,0,0,0,0,0,1,0,1,0,1,0,0,0,1,1,1,1,1,1,0,1,1,1,0,0
60,3,37.051166,-122.056194,77,3,31,9.8,0,21.0,697.7,0.0,0,303.8,3,0,0,0,1,1,1,0,0,1,0,0,1,0,0,0,0,1,0,0,0,0,0,0,0,0,0,1,0,1,0,0
63,0,36.525703,-120.952122,813,0,7,9.19,0,19.4,168.65,0.0,0,64.33,5,1,0,0,0,0,0,0,0,0,0,0,1,0,0,0,0,1,0,0,0,0,0,0,0,0,0,0,1,1,0,0
23,1,37.084697,-121.606417,5671,0,34,5.39,52,77.2,2753.8,0.0,0,183.26,5,1,1,0,1,1,0,0,0,1,0,0,1,1,1,0,0,0,0,0,1,0,1,1,1,1,1,0,0,0,0,0
33,0,37.351214,-121.952417,36349,0,3,2.78,0,19.45,69.25,0.0,0,8.34,4,1,0,0,0,0,0,0,0,0,0,0,1,0,0,0,0,1,0,0,0,0,0,0,0,0,1,0,1,1,0,0
21,1,37.348129,-121.98469,52986,4,19,0.0,85,24.85,434.8,0.0,0,0.0,5,0,1,0,1,1,1,0,0,0,1,0,0,0,1,0,0,0,0,0,0,0,0,0,0,1,0,0,1,1,0,0
32,0,36.974575,-121.991149,36631,0,3,0.0,25,41.35,107.25,0.0,0,0.0,3,1,0,0,0,0,0,0,0,0,0,0,0,0,1,0,0,0,1,0,1,1,0,0,0,1,0,0,0,1,0,0
59,0,37.007882,-122.065975,4563,3,46,16.07,0,19.6,851.2,0.0,0,739.22,5,1,0,0,1,0,1,0,0,0,0,0,1,0,0,0,0,1,0,0,0,0,0,0,0,0,0,0,0,0,0,0
47,1,37.070177,-122.010077,14574,7,69,38.92,16,84.45,5848.6,0.0,40,2685.48,3,0,0,0,1,1,1,0,0,0,0,0,1,1,1,0,1,0,1,0,1,0,0,0,0,0,1,0,0,0,0,0
31,0,37.257772,-122.051824,30589,0,5,7.83,0,20.25,109.8,0.0,0,39.15,3,1,0,0,0,0,0,0,0,0,0,0,1,0,0,0,0,1,0,0,0,0,0,0,0,0,0,0,0,1,0,0
20,0,37.023669,-121.946461,9823,0,1,27.88,0,19.65,19.65,0.0,0,27.88,3,1,1,0,0,0,0,0,0,0,0,0,1,0,0,0,0,1,0,0,0,0,0,0,0,0,0,0,0,0,0,0
28,0,36.931654,-121.752383,81141,0,26,31.53,0,20.65,595.5,0.0,0,819.78,3,1,1,0,0,0,0,0,0,1,0,0,1,0,0,0,0,1,0,0,0,0,0,0,0,0,1,0,1,1,0,0
21,0,37.284265,-121.827673,57748,0,25,4.94,51,99.3,2513.5,0.0,0,123.5,4,1,1,0,0,0,0,0,0,1,0,0,1,0,1,0,1,0,0,0,1,1,1,1,1,1,0,1,0,0,0,0
47,2,37.343827,-121.883119,52334,4,64,49.49,12,81.05,5135.35,0.0,0,3167.36,3,1,0,0,1,1,1,0,0,0,0,0,1,0,1,0,1,0,1,1,0,0,0,0,0,1,0,0,0,0,0,0
31,1,37.333851,-121.891147,561,4,30,48.04,19,67.6,2000.2,0.0,0,1441.2,3,1,0,0,1,1,1,0,0,1,0,0,1,1,1,0,0,0,1,1,1,1,0,0,0,1,0,0,0,0,0,0
53,0,37.350284,-121.852855,51706,0,13,39.17,10,70.15,931.75,0.0,150,509.21,5,1,0,0,0,0,0,0,0,0,1,0,1,0,1,0,1,0,0,0,0,0,0,0,0,0,0,0,1,0,0,0
37,0,37.311088,-121.961786,29914,1,64,46.44,29,115.0,7396.15,0.0,0,2972.16,4,0,0,0,1,0,1,0,0,0,0,0,1,1,1,0,1,0,1,1,1,1,1,1,1,1,1,0,1,0,0,0
28,2,37.255479,-121.889838,31926,0,46,4.08,59,84.8,3958.85,0.0,0,187.68,3,0,1,0,0,1,0,0,0,0,0,0,1,1,1,0,1,0,0,0,1,1,0,0,0,1,0,0,1,0,0,0
57,0,37.233226,-121.78809,10155,0,12,36.65,0,19.7,260.9,0.0,0,439.8,4,0,0,0,0,0,0,0,0,0,1,0,1,0,0,0,0,1,0,0,0,0,0,0,0,0,1,0,0,1,0,0
40,3,37.32886,-121.834567,59841,3,13,39.2,25,63.15,816.8,0.0,0,509.6,3,0,0,0,1,1,1,0,0,0,0,0,1,0,1,0,0,0,1,0,1,0,0,1,1,1,0,0,1,1,0,0
49,2,37.238758,-121.828375,59632,5,67,43.01,16,74.0,4868.4,0.0,0,2881.67,3,0,0,0,1,1,1,0,0,0,0,0,1,1,1,0,0,0,1,1,0,1,1,0,0,1,0,1,0,1,0,0
25,0,37.257063,-121.923037,45257,4,24,0.0,51,29.1,688.0,0.0,0,0.0,3,1,1,0,1,0,1,0,0,1,0,0,0,0,1,1,0,0,0,0,1,0,0,0,0,1,0,0,0,0,0,0
37,0,37.294926,-121.894763,46185,0,6,23.01,13,50.05,288.35,0.0,40,138.06,5,1,0,0,0,0,0,0,0,0,0,1,1,0,1,1,0,0,0,0,0,1,0,0,0,0,0,0,0,1,0,0
27,0,37.316146,-121.936285,32804,0,10,39.39,0,20.0,185.4,0.0,0,393.9,3,1,1,0,0,0,0,0,0,0,0,0,1,0,0,0,0,1,0,0,0,0,0,0,0,0,0,0,0,0,0,0
39,0,37.305622,-122.000887,37570,0,13,42.62,15,74.65,966.25,0.0,0,554.06,5,0,0,0,0,0,0,0,0,0,0,0,1,0,1,0,1,0,0,1,0,0,0,0,0,1,1,0,1,1,0,0
26,2,37.371862,-121.860349,26032,6,38,17.52,59,85.4,3297.0,0.0,0,665.76,4,1,1,0,1,1,1,0,0,1,0,0,1,1,1,1,0,0,1,0,1,1,1,1,1,1,0,1,1,0,0,0
33,0,37.42765,-121.945416,9657,9,43,49.48,11,94.1,4107.3,0.0,0,2127.64,3,0,0,0,1,0,1,0,0,0,0,0,1,1,1,0,1,0,1,1,0,0,0,1,1,1,0,0,1,0,0,0
20,0,37.270938,-121.851046,36944,0,25,32.33,51,108.9,2809.05,0.0,0,808.25,4,0,1,0,0,0,0,0,0,1,0,0,1,1,1,0,1,0,0,1,1,1,1,1,1,1,0,1,0,0,0,0
19,2,37.246064,-121.749494,14792,0,27,2.63,59,56.2,1567.55,0.0,30,71.00999999999999,4,1,1,0,0,1,0,0,0,1,0,0,1,0,1,1,0,0,1,1,0,0,0,0,0,0,1,0,0,1,0,0
61,2,37.218705,-121.762429,7023,2,72,33.92,0,26.1,1851.45,0.0,0,2442.24,3,1,0,0,1,1,1,0,0,0,0,0,1,1,0,0,0,1,0,0,0,0,0,0,0,0,0,1,0,1,0,0
19,1,37.382909,-121.634151,38,0,71,31.89,30,85.45,6028.95,0.0,0,2264.19,4,1,1,0,0,1,0,0,0,0,0,0,1,1,1,0,1,0,1,1,0,0,0,0,0,1,1,0,1,1,0,0
63,0,37.339533,-121.777179,44103,0,24,44.09,9,88.95,2072.75,0.0,0,1058.16,3,0,0,0,0,0,0,0,0,1,0,0,1,1,1,0,1,0,0,0,1,0,1,0,0,1,0,0,1,1,0,0
30,0,37.954089,-121.329761,16357,0,57,24.67,42,74.35,4317.35,0.0,0,1406.19,4,1,0,0,0,0,0,0,0,0,0,0,1,0,1,1,0,0,1,0,1,0,1,1,1,1,0,1,1,0,0,0
34,0,37.974498,-121.319568,30476,0,15,31.68,23,48.85,736.8,0.0,0,475.2,5,0,0,0,0,0,0,0,0,0,0,0,1,0,1,0,0,0,0,1,0,0,0,0,0,1,0,0,0,0,0,0
27,0,37.965695,-121.260051,34138,0,4,44.16,82,80.1,336.15,0.0,0,176.64,3,1,1,0,0,0,0,0,0,0,0,1,1,1,1,0,1,0,1,0,0,0,0,0,0,1,0,0,1,0,0,0
51,0,37.902422,-121.440029,49657,0,28,44.11,15,56.05,1522.65,0.0,110,1235.08,3,0,0,0,0,0,0,0,0,1,0,0,1,0,1,0,0,0,1,1,0,0,0,0,0,0,0,0,0,0,0,0
37,0,38.044523,-121.348048,30814,2,55,5.08,9,89.8,4959.6,0.0,0,279.4,3,0,0,0,1,0,1,0,1,0,0,0,1,1,1,0,1,0,1,0,0,0,1,0,0,1,0,0,1,0,0,0
53,2,37.946282,-121.139499,23789,0,55,39.29,0,19.1,1001.5,0.0,0,2160.95,5,1,0,0,0,1,0,0,1,0,0,0,1,0,0,0,0,1,0,0,0,0,0,0,0,0,1,0,0,0,0,0
58,3,38.029729,-121.387999,19109,9,20,42.46,0,20.35,442.6,0.0,0,849.2,4,0,0,0,1,1,1,0,0,0,0,0,1,0,0,0,0,1,0,0,0,0,0,0,0,0,0,0,0,1,0,0
47,2,38.200231,-121.235034,6317,8,62,15.05,23,106.05,6703.5,0.0,0,933.1,4,0,0,0,1,1,1,0,1,0,0,0,1,1,1,0,1,0,0,1,0,1,1,1,1,1,1,0,1,1,0,0
44,0,38.32153,-120.236358,5159,0,43,6.71,0,19.65,779.25,0.0,0,288.53,3,0,0,0,0,0,0,0,1,0,0,0,1,0,0,0,0,1,0,0,0,0,0,0,0,0,0,1,1,0,0,0
49,0,38.183918,-120.898817,27,7,60,41.4,21,59.85,3483.45,0.0,0,2484.0,3,0,0,0,1,0,1,0,1,0,0,0,1,0,1,0,0,0,1,1,0,1,0,0,0,1,0,1,0,0,0,0
38,0,38.233879,-120.861666,75,3,58,22.14,2,86.1,4890.5,0.0,110,1284.12,3,1,0,0,1,0,1,0,1,0,0,0,1,1,1,1,0,0,1,1,1,0,1,1,1,0,0,1,1,0,0,0
47,2,38.227285,-121.02789,722,0,7,49.16,0,19.45,136.75,0.0,0,344.12,3,1,0,0,0,1,0,0,0,0,0,0,1,0,0,0,0,1,0,0,0,0,0,0,0,0,1,0,0,1,0,0
40,1,37.943954,-120.67108,2633,10,2,39.35,24,97.1,184.15,0.0,0,78.7,3,1,0,0,1,1,1,0,0,0,0,1,1,0,1,0,1,0,1,0,0,0,1,1,1,1,0,0,0,0,0,0
40,3,38.358464,-120.579304,21,6,39,15.91,0,19.75,757.95,0.0,0,620.49,3,0,0,0,1,1,1,0,0,1,0,0,1,0,0,0,0,1,0,0,0,0,0,0,0,0,0,1,0,1,0,0
20,0,38.047746,-121.030499,3148,0,68,5.84,0,24.55,1657.4,0.0,0,397.12,3,1,1,0,0,0,0,0,0,0,0,0,1,1,0,0,0,1,0,0,0,0,0,0,0,0,0,1,0,1,0,0
32,2,38.166791,-121.14207,3205,6,62,0.0,26,48.7,3008.55,0.0,120,0.0,3,0,0,0,1,1,1,0,1,0,0,0,0,0,1,0,0,0,1,1,0,1,1,0,0,0,0,1,0,0,0,0
34,0,38.128087,-121.4078,22073,9,72,44.2,2,109.55,8165.1,0.0,0,3182.4,3,0,0,0,1,0,1,0,0,0,0,0,1,1,1,0,1,0,1,1,1,0,1,1,1,1,0,1,1,0,0,0
40,0,38.304194,-120.592431,2718,9,41,8.44,0,20.65,875.55,0.0,0,346.04,3,0,0,0,1,0,1,0,1,0,0,0,1,0,0,0,0,1,0,0,0,0,0,0,0,0,0,1,0,1,0,0
64,0,38.147852,-120.440124,4353,0,4,7.49,17,55.2,220.65,0.0,0,29.96,3,0,0,0,0,0,0,0,0,0,0,1,1,0,1,0,0,0,1,1,0,0,0,0,0,1,0,0,0,0,0,0
34,0,38.196497,-120.61689,3930,0,53,39.37,0,24.05,1301.9,0.0,0,2086.61,3,1,0,0,0,0,0,0,1,0,0,0,1,1,0,0,0,1,0,0,0,0,0,0,0,0,1,0,0,0,0,0
39,0,38.156971,-120.849231,11266,10,39,36.39,0,20.45,790.0,0.0,0,1419.21,5,1,0,0,1,0,1,0,0,1,0,0,1,0,0,0,0,1,0,0,0,0,0,0,0,0,0,1,1,0,0,0
57,0,38.192608,-120.957842,304,9,63,17.38,0,19.25,1237.65,0.0,0,1094.9399999999998,3,1,0,0,1,0,1,0,1,0,0,0,1,0,0,0,0,1,0,0,0,0,0,0,0,0,0,1,0,1,0,0
48,0,38.41935,-120.469545,2198,0,15,7.96,0,26.35,378.6,0.0,0,119.4,3,1,0,0,0,0,0,0,0,0,0,0,1,1,0,0,0,1,0,0,0,0,0,0,0,0,0,0,1,0,0,0
34,0,38.392686,-120.415951,435,1,13,29.49,2,43.8,592.65,0.0,0,383.37,3,0,0,0,1,0,1,0,0,0,0,0,1,0,1,1,0,0,0,0,0,0,0,0,0,1,1,0,0,0,0,0
45,0,38.169605,-121.310964,4176,0,1,20.3,16,50.15,50.15,0.0,0,20.3,3,1,0,0,0,0,0,0,0,0,0,1,1,0,1,1,0,0,0,1,0,0,0,0,0,1,0,0,1,1,0,0
37,0,37.321233,-120.656354,27808,0,1,43.82,0,20.45,20.45,0.0,0,43.82,3,1,0,0,0,0,0,0,0,0,0,1,1,0,0,0,0,1,0,0,0,0,0,0,0,0,0,1,0,1,0,0
24,0,37.818589,-120.256995,167,0,60,30.92,26,61.4,3638.25,0.0,0,1855.2,3,1,1,0,0,0,0,0,1,0,0,0,1,0,1,1,0,0,1,1,1,0,0,0,0,1,0,1,0,0,0,0
33,0,37.553469,-120.952825,32881,0,40,23.74,22,70.75,2921.75,0.0,0,949.6,5,1,0,0,1,0,0,0,1,0,0,0,1,1,1,1,0,0,0,1,0,1,1,0,0,1,1,0,0,1,0,0
25,0,38.085839,-120.37855,2144,0,66,21.37,30,61.15,4017.45,0.0,0,1410.42,3,0,1,0,0,0,0,0,0,0,0,0,1,0,1,1,0,0,1,1,1,0,0,0,0,1,0,1,1,0,0,0
57,2,37.722127,-120.110174,2271,4,42,9.33,0,20.25,854.9,0.0,0,391.86,4,1,0,0,1,1,1,0,1,0,0,0,1,0,0,0,0,1,0,0,0,0,0,0,0,0,1,0,0,1,0,0
56,0,37.435664,-121.049056,1508,0,49,45.46,27,98.7,4920.55,0.0,0,2227.54,3,1,0,0,0,0,0,0,1,0,0,0,1,1,1,0,1,0,0,1,0,0,1,1,1,1,0,0,0,0,0,0
23,0,37.524721,-120.757977,5513,0,41,10.09,0,20.0,810.3,0.0,0,413.69,4,0,1,0,0,0,0,0,1,0,0,0,1,0,0,0,0,1,0,0,0,0,0,0,0,0,0,1,0,0,1,0
34,1,37.127386,-120.506422,808,1,41,21.28,0,19.3,772.4,0.0,0,872.48,3,0,0,0,1,1,1,0,1,0,0,0,1,0,0,0,0,1,0,0,0,0,0,0,0,0,0,1,0,0,0,0
19,2,37.654551,-119.822984,579,5,23,27.24,82,84.4,1936.85,0.0,0,626.52,3,0,1,0,1,1,1,0,0,0,0,0,1,0,1,0,1,0,1,1,0,1,0,0,0,1,0,0,0,0,1,0
28,0,37.818543,-121.006907,11474,0,3,0.0,69,25.1,79.8,0.0,0,0.0,5,1,1,0,0,0,0,0,0,0,0,1,0,0,1,1,0,0,0,0,0,0,0,0,0,1,0,0,0,0,0,0
19,0,37.902968,-119.667544,3680,0,4,0.0,30,48.25,202.25,0.0,10,0.0,3,0,1,0,0,0,0,0,0,0,0,1,0,0,1,0,0,0,1,0,1,1,0,1,1,0,0,0,0,0,1,0
27,1,37.147198,-121.120161,7872,1,52,3.41,0,19.85,1070.5,0.0,0,177.32,4,0,1,0,1,1,1,0,1,0,0,0,1,0,0,0,0,1,0,0,0,0,0,0,0,0,0,1,0,0,1,0
54,0,37.394536,-120.890747,7177,0,11,9.52,4,94.2,999.9,0.0,0,104.72,3,0,0,0,0,0,0,0,0,0,0,0,1,0,1,0,1,0,0,1,1,1,0,1,1,1,0,0,1,0,0,0
59,0,37.479926,-120.230424,128,6,2,48.39,24,62.15,113.1,0.0,0,96.78,3,0,0,0,1,0,1,0,0,0,0,1,1,0,1,0,0,0,1,0,0,0,0,1,1,1,0,0,1,0,1,0
50,0,37.5923,-120.853288,6822,5,26,37.6,10,79.3,2015.8,0.0,0,977.6,3,0,0,0,1,0,1,0,0,0,0,0,1,1,1,0,1,0,0,1,0,0,0,0,0,1,0,0,0,0,0,0
33,3,37.84771,-120.486589,9559,7,24,2.31,53,56.25,1454.25,0.0,0,55.44,4,1,0,0,1,1,1,0,0,0,0,0,1,0,1,0,0,0,1,0,1,0,0,0,0,1,1,0,1,1,0,0
26,0,37.555631,-120.911653,2130,0,12,32.32,0,20.3,246.7,0.0,0,387.84,3,0,1,0,0,0,0,0,0,0,0,0,1,0,0,0,0,1,0,0,0,0,0,0,0,0,0,0,0,0,1,0
44,1,37.80821,-121.308401,10834,3,64,37.0,19,90.6,5817.45,0.0,0,2368.0,4,0,0,0,1,1,1,0,0,0,0,0,1,1,1,1,0,0,1,1,1,1,1,1,1,1,0,1,1,0,1,0
42,0,37.249377,-120.249581,3256,2,66,7.61,10,85.9,5595.3,0.0,0,502.2600000000001,3,1,0,0,1,0,1,0,0,0,0,0,1,0,1,1,0,0,1,1,1,1,1,1,1,1,0,1,1,0,0,0
24,0,37.361987,-120.748394,12672,0,60,15.29,48,79.2,4765.0,0.0,0,917.4,3,0,1,0,0,0,0,0,0,0,0,0,1,1,1,0,1,0,0,0,1,0,0,0,0,1,1,0,1,0,0,0
36,3,38.109125,-120.078597,683,5,17,33.24,76,70.35,1201.65,0.0,0,565.08,3,1,0,0,1,1,1,0,0,0,0,0,1,1,1,1,0,0,1,0,1,0,1,0,0,1,1,0,1,0,0,0
63,2,37.830267,-121.201018,36738,10,42,34.33,0,19.35,867.3,0.0,0,1441.86,4,1,0,0,1,1,1,0,0,0,0,0,1,0,0,0,0,1,0,0,0,0,0,0,0,0,0,1,0,0,1,0
42,0,37.750822,-121.238423,19867,0,1,39.87,2,50.15,50.15,0.0,0,39.87,3,1,0,0,0,0,0,0,0,0,0,1,1,1,1,1,0,0,0,0,0,0,0,0,0,1,0,0,1,0,0,0
32,3,37.526791,-119.99437,10226,0,47,30.06,57,63.8,3007.25,0.0,80,1412.82,3,0,0,0,1,1,0,0,0,0,0,0,1,0,1,1,0,0,0,1,0,1,0,1,1,0,0,1,0,0,0,0
27,0,37.255637,-120.493537,59289,2,10,10.42,0,20.55,252.75,0.0,0,104.2,3,0,1,0,1,0,1,0,0,0,0,0,1,0,0,0,0,1,0,0,0,0,0,0,0,0,0,0,1,1,0,0
45,0,37.621458,-121.012295,47536,0,1,45.28,2,44.6,44.6,0.0,0,45.28,4,1,0,0,0,0,0,0,0,0,0,0,1,0,1,1,0,0,0,0,0,0,0,0,0,1,0,0,0,0,1,0
53,0,37.639029,-120.964772,27135,0,4,3.03,11,63.75,226.2,0.0,0,12.12,5,1,0,0,0,0,0,0,0,0,0,0,1,0,1,1,0,0,0,1,0,1,1,0,0,1,0,0,1,0,0,0
61,2,37.672906,-120.946594,47613,2,66,20.11,25,109.25,7082.5,0.0,80,1327.26,3,0,0,0,1,1,1,0,0,0,0,0,1,1,1,0,1,0,1,1,1,0,1,1,1,0,0,1,0,0,0,0
31,0,37.716186,-121.025836,26055,0,12,2.57,25,84.6,1017.35,0.0,0,30.84,5,0,0,0,0,0,0,0,0,0,0,0,1,0,1,0,1,0,0,1,0,0,0,1,1,1,0,0,1,0,0,0
25,0,37.670526,-120.877572,13343,0,24,5.98,0,20.45,527.35,0.0,0,143.52,4,0,1,0,0,0,0,0,0,0,0,0,1,0,0,0,0,1,0,0,0,0,0,0,0,0,1,0,0,1,0,0
48,0,37.612612,-121.108568,30668,0,26,40.35,13,85.75,2146.5,0.0,0,1049.1,3,1,0,0,0,0,0,0,0,0,0,0,1,0,1,0,1,0,0,1,0,0,1,0,0,1,0,0,1,0,0,0
31,0,37.785033,-120.776141,25384,2,57,16.78,29,107.95,5969.85,0.0,0,956.46,3,1,0,0,1,0,1,0,0,0,0,0,1,1,1,0,1,0,0,0,1,1,1,1,1,1,0,1,0,0,0,0
47,3,38.224869,-119.755729,235,1,42,13.95,0,22.95,1014.25,0.0,0,585.9,5,0,0,0,1,1,1,0,0,0,0,0,1,1,0,0,0,1,0,0,0,0,0,0,0,0,0,1,0,0,0,0
25,0,37.750778,-121.13238,12646,4,64,14.78,0,19.45,1225.65,0.0,0,945.92,3,0,1,0,1,0,1,0,0,0,0,0,1,0,0,0,0,1,0,0,0,0,0,0,0,0,0,1,0,1,0,0
62,0,37.713152,-121.08739,12466,0,19,26.54,0,19.7,386.5,0.0,0,504.26,4,1,0,0,0,0,0,0,0,0,0,0,1,0,0,0,0,1,0,0,0,0,0,0,0,0,1,0,1,1,0,0
56,0,37.982716,-120.343732,25340,9,22,48.68,18,87.0,1850.65,0.0,0,1070.96,4,1,0,0,1,0,1,0,0,0,0,0,1,0,1,0,1,0,0,0,1,0,1,0,0,1,0,0,1,0,0,0
23,0,37.316807,-120.855753,1960,0,12,40.06,41,79.95,1043.4,0.0,0,480.72,5,1,1,0,0,0,0,0,0,0,0,0,1,0,1,0,1,0,0,0,0,0,0,1,1,1,0,0,1,0,0,0
55,0,37.680968,-121.446049,69801,9,31,28.8,15,64.0,1910.75,0.0,0,892.8000000000001,4,0,0,0,1,0,1,0,0,0,0,0,1,0,1,0,0,0,1,0,0,1,0,1,1,1,1,0,1,0,0,0
42,0,37.939768,-120.188002,3979,0,11,13.56,17,64.9,716.1,0.0,0,149.16,5,0,0,0,0,0,0,0,0,0,1,0,1,0,1,0,0,0,0,0,0,0,1,1,1,1,0,0,1,0,0,0
36,1,37.474396,-120.875917,40545,10,68,26.83,0,25.75,1686.15,0.0,0,1824.44,4,1,0,0,1,1,1,0,0,0,0,0,1,1,0,0,0,1,0,0,0,0,0,0,0,0,0,1,0,0,1,0
30,0,37.609095,-121.263381,274,0,60,22.88,48,104.95,6236.75,0.0,0,1372.8,4,0,0,0,0,0,0,0,0,0,0,0,1,0,1,0,1,0,1,0,1,1,1,1,1,1,0,0,1,0,0,0
21,3,37.421299,-120.599587,11463,9,58,0.0,52,50.0,2919.85,0.0,0,0.0,4,1,1,0,1,1,1,0,0,0,0,0,0,0,1,0,0,0,1,1,1,0,1,0,0,1,1,0,0,0,1,0
32,0,38.488431,-122.752839,40270,0,1,39.61,0,20.45,20.45,0.0,0,39.61,5,1,0,0,0,0,0,0,0,0,0,0,1,0,0,0,0,1,0,0,0,0,0,0,0,0,0,0,0,0,1,0
54,0,38.394091,-122.739814,30876,8,37,15.51,0,19.85,717.5,0.0,0,573.87,4,0,0,0,1,0,1,0,0,0,0,0,1,0,0,0,0,1,0,0,0,0,0,0,0,0,1,0,1,0,0,0
34,0,38.468893,-122.580539,25718,0,13,7.33,0,19.95,253.8,0.0,0,95.29,3,1,0,0,0,0,0,0,0,0,1,0,1,0,0,0,0,1,0,0,0,0,0,0,0,0,1,0,1,0,0,0
39,0,39.225694,-123.717354,1054,0,43,28.9,0,26.45,1110.05,0.0,0,1242.7,4,1,0,0,0,0,0,0,0,0,0,0,1,1,0,0,0,1,0,0,0,0,0,0,0,0,0,1,0,0,0,0
21,0,38.731055,-123.316553,747,0,6,0.0,52,63.4,348.8,0.0,10,0.0,4,0,1,0,0,0,0,0,0,0,0,0,0,0,1,0,0,0,1,1,1,1,1,1,1,0,0,1,1,0,1,0
46,0,39.025867,-123.381544,1374,0,71,0.0,20,53.95,3888.65,0.0,0,0.0,3,1,0,0,0,0,0,0,0,0,0,0,0,0,1,1,0,0,1,1,1,1,1,0,0,1,0,1,0,0,0,0
39,2,39.361283,-123.784599,333,8,72,18.74,19,95.1,6843.15,0.0,0,1349.28,3,0,0,0,1,1,1,0,0,0,0,0,1,1,1,0,1,0,1,1,0,0,1,0,0,1,0,1,1,0,0,0
19,3,38.965804,-122.631779,13485,7,12,0.0,73,35.5,432.25,0.0,0,0.0,4,1,1,0,1,1,1,0,0,0,1,0,0,0,1,1,0,0,0,1,0,1,0,0,0,1,0,0,0,0,1,0
49,0,38.801936,-122.938935,9210,7,21,14.51,20,79.2,1742.45,0.0,0,304.71,3,0,0,0,1,0,1,0,0,0,1,0,1,0,1,0,1,0,0,0,1,1,0,0,0,1,1,0,0,0,0,0
39,2,38.838088,-122.73203,1591,3,6,49.45,10,48.8,297.35,0.0,0,296.70000000000005,4,0,0,0,1,1,1,0,0,0,0,0,1,0,1,1,0,0,0,0,0,1,0,0,0,1,0,0,1,1,0,0
38,0,39.756049,-123.358701,91,0,43,1.6,19,55.45,2444.25,0.0,130,68.8,4,0,0,0,0,0,0,0,0,0,0,0,1,0,1,1,0,0,0,1,0,1,0,0,0,0,1,0,0,0,0,0
53,1,38.445603,-123.063756,187,9,35,32.75,0,25.4,949.8,0.0,0,1146.25,3,0,0,0,1,1,1,0,0,0,0,0,1,1,0,0,0,1,0,0,0,0,0,0,0,0,0,1,1,1,0,0
57,0,38.499302,-122.92444,6216,0,52,0.0,18,63.9,3334.95,0.0,0,0.0,4,1,0,0,0,0,0,0,0,0,0,0,0,0,1,1,0,0,1,1,1,1,1,1,1,1,0,1,0,1,0,0
43,0,39.455555,-123.683979,14417,0,32,15.52,12,64.85,2010.95,0.0,0,496.64,5,1,0,0,0,0,0,0,0,0,0,0,1,0,1,1,0,0,0,0,0,0,1,1,1,1,1,0,1,0,0,0
61,3,38.493888,-122.777141,476,8,72,0.0,22,63.8,4684.3,0.0,0,0.0,4,0,0,0,1,1,1,0,0,0,0,0,0,0,1,1,0,0,1,1,1,1,1,1,1,1,0,1,1,0,0,0
31,0,38.731771,-123.064272,2349,0,51,0.0,2,44.45,2181.55,0.0,0,0.0,4,1,0,0,0,0,0,0,0,0,0,0,0,0,1,1,0,0,1,0,0,1,0,1,1,1,0,0,1,1,0,0
47,3,38.368744,-122.522642,4101,4,68,19.75,0,19.95,1303.25,0.0,0,1343.0,3,1,0,0,1,1,1,1,0,0,0,0,1,0,0,0,0,1,0,0,0,0,0,0,0,0,0,1,1,0,0,0
22,0,38.434362,-122.86891,390,8,49,0.0,27,49.65,2409.9,0.0,0,0.0,4,1,1,0,1,0,1,0,0,0,0,0,0,0,1,0,0,0,0,1,0,0,1,1,1,1,0,1,0,1,0,0
24,0,38.848082,-123.50608,1916,7,72,20.54,41,85.1,6155.4,0.0,0,1478.88,4,0,1,0,1,0,1,1,0,0,0,0,1,0,1,0,0,0,1,1,1,1,1,1,1,1,0,1,0,1,0,0
55,0,38.93706,-123.118111,1373,0,54,27.17,24,89.8,4667.0,0.0,0,1467.18,3,1,0,0,0,0,0,0,0,0,0,0,1,0,1,0,1,0,1,0,1,0,1,0,0,1,0,0,0,1,0,0
41,3,38.93496,-122.792243,9902,7,50,47.48,27,103.05,5153.5,0.0,0,2374.0,4,0,0,0,1,1,1,0,0,0,0,0,1,0,1,0,1,0,0,0,1,1,1,1,1,1,1,0,0,1,0,0
55,0,38.419525,-122.521585,1653,3,69,38.52,27,116.0,8182.85,0.0,0,2657.88,3,0,0,0,1,0,1,1,0,0,0,0,1,1,1,0,1,0,1,1,1,1,1,1,1,1,0,1,1,0,0,0
46,0,39.080469,-122.955176,11180,0,1,9.36,14,69.9,69.9,0.0,10,9.36,4,1,0,0,0,0,0,0,0,0,0,0,1,0,1,0,1,0,0,0,0,0,0,0,0,0,0,0,1,0,0,0
31,2,39.806141,-123.531098,2706,3,68,9.29,18,95.1,6683.4,0.0,0,631.7199999999999,3,1,0,0,1,1,1,1,0,0,0,0,1,0,1,0,1,0,1,1,0,1,0,1,1,1,0,1,0,0,0,0
62,3,39.245911,-123.77214,882,0,40,0.0,57,40.25,1564.05,0.0,0,0.0,4,1,0,0,0,1,0,0,0,0,0,0,0,0,1,0,0,0,1,1,0,1,0,0,0,1,1,0,0,1,0,0
26,3,38.925545,-122.549083,2644,7,31,7.03,0,25.75,755.6,0.0,0,217.93,4,1,1,0,1,1,1,0,0,0,0,0,1,1,0,0,0,1,0,0,0,0,0,0,0,0,0,1,0,1,0,0
60,1,39.305545,-123.743697,2229,8,68,2.71,0,24.0,1664.3,0.0,0,184.28,4,1,0,0,1,1,1,1,0,0,0,0,1,1,0,0,0,1,0,0,0,0,0,0,0,0,0,1,1,0,0,0
48,1,38.787446,-122.58675,7789,0,12,8.25,0,19.4,198.1,0.0,0,99.0,3,0,0,0,1,1,0,0,0,0,1,0,1,0,0,0,0,1,0,0,0,0,0,0,0,0,0,0,0,0,0,0
39,0,38.471049,-123.015549,1537,7,71,5.51,6,86.1,6045.9,0.0,0,391.21,4,1,0,0,1,0,1,1,0,0,0,0,1,0,1,0,0,0,1,1,1,1,1,1,1,1,0,1,1,0,0,0
42,0,39.182916,-123.552571,148,0,40,32.78,29,102.65,4108.15,0.0,0,1311.2,4,1,0,0,0,0,0,0,0,0,0,0,1,1,1,0,1,0,0,1,1,0,1,1,1,1,0,0,1,1,0,0
21,3,39.12334,-122.838198,2223,8,64,37.47,69,92.85,5980.75,0.0,0,2398.08,4,0,1,0,1,1,1,0,0,0,0,0,1,1,1,0,1,0,0,1,1,0,0,1,1,1,1,0,1,0,0,0
44,0,38.415003,-122.998726,1880,6,53,32.94,17,97.75,5043.2,0.0,0,1745.82,3,1,0,0,1,0,1,0,0,0,0,0,1,1,1,0,1,0,0,1,0,1,0,1,1,1,1,0,0,0,0,0
43,0,39.408634,-123.045516,1884,1,72,38.3,3,97.95,7114.25,0.0,0,2757.6,4,1,0,0,1,0,1,1,0,0,0,0,1,1,1,0,1,0,1,1,1,0,1,0,0,1,0,1,1,1,0,0
51,0,39.298065,-123.25211,5995,0,46,13.42,0,19.95,907.05,0.0,0,617.32,5,1,0,0,0,0,0,0,0,0,0,0,1,0,0,0,0,1,0,0,0,0,0,0,0,0,0,1,0,0,0,0
27,0,38.522328,-122.97932,298,0,40,27.47,0,24.6,973.95,0.0,0,1098.8,5,1,1,0,0,0,0,0,0,0,0,0,1,1,0,0,0,1,0,0,0,0,0,0,0,0,0,1,1,1,0,0
45,0,38.398815,-122.861923,31266,0,12,0.0,9,50.95,605.75,0.0,0,0.0,3,1,0,0,0,0,0,0,0,0,1,0,0,0,1,1,0,0,1,1,0,1,1,0,0,1,0,0,1,0,0,0
58,0,38.25485,-122.461799,34314,0,9,21.11,6,75.6,661.55,0.0,0,189.99,3,1,0,0,0,0,0,0,0,0,0,0,1,0,1,0,1,0,1,0,0,0,0,0,0,1,0,0,0,0,0,0
40,2,39.134075,-123.23422,30988,9,51,29.56,27,80.75,4116.9,0.0,0,1507.56,4,0,0,0,1,1,1,0,1,0,0,0,1,1,1,0,1,0,0,0,0,1,0,0,0,1,0,0,1,0,0,0
62,3,39.220368,-122.907693,2344,10,49,11.74,20,90.4,4494.65,0.0,0,575.26,3,1,0,0,1,1,1,0,1,0,0,0,1,0,1,0,1,0,0,1,1,0,1,0,0,1,0,0,1,1,0,0
32,0,39.492046,-123.375818,13472,0,56,30.86,22,60.25,3282.75,0.0,0,1728.16,4,0,0,0,0,0,0,0,1,0,0,0,1,0,1,1,0,0,1,0,1,1,0,0,0,1,1,0,1,1,0,0
29,0,38.527297,-122.810044,23701,0,4,46.53,0,20.2,55.7,0.0,0,186.12,3,1,1,0,0,0,0,0,0,0,0,0,1,0,0,0,0,1,0,0,0,0,0,0,0,0,0,0,1,0,0,0
45,0,39.222323,-122.985488,240,3,20,33.78,18,64.15,1274.45,0.0,100,675.6,4,1,0,0,1,0,1,0,0,0,1,0,1,0,1,1,0,0,1,0,0,1,0,1,1,0,1,0,1,1,0,0
41,1,38.888351,-123.239647,335,4,26,24.44,0,20.25,493.95,0.0,0,635.44,5,0,0,0,1,1,1,0,0,0,0,0,1,0,0,0,0,1,0,0,0,0,0,0,0,0,0,0,1,1,0,0
34,0,40.166028,-123.584144,261,0,51,42.33,2,99.0,5038.15,0.0,0,2158.83,5,1,0,0,0,0,0,0,1,0,0,0,1,0,1,0,1,0,0,1,1,0,1,1,1,1,0,0,1,0,0,0
26,0,40.309088,-123.668201,199,0,4,38.74,51,80.3,324.2,0.0,0,154.96,3,0,1,0,0,0,0,0,0,0,0,0,1,1,1,0,1,0,0,1,0,0,0,0,0,1,0,0,1,1,0,0
30,0,40.965011,-124.015255,15921,0,1,8.23,0,19.55,19.55,0.0,0,8.23,4,0,0,0,0,0,0,0,0,0,0,0,1,0,0,0,0,1,0,0,0,0,0,0,0,0,0,0,0,1,0,0
39,1,40.839958,-124.003757,19596,0,27,14.07,15,100.75,2793.55,0.0,0,379.89,3,1,0,0,1,1,0,0,0,0,0,0,1,1,1,0,1,0,1,1,0,1,1,0,0,1,0,0,0,0,0,0
53,0,40.94338,-123.831799,1584,0,12,1.8,3,53.75,648.65,0.0,0,21.6,5,1,0,0,0,0,0,0,0,0,1,0,1,0,1,1,0,0,0,1,0,1,0,0,0,1,0,0,1,1,0,0
57,1,40.854512,-123.450097,485,6,34,25.69,0,25.6,917.15,0.0,0,873.46,4,0,0,0,1,1,1,0,0,0,0,0,1,1,0,0,0,1,0,0,0,0,0,0,0,0,1,0,1,1,0,0
50,0,40.497283,-123.93037,1072,5,24,34.01,4,58.35,1346.9,0.0,0,816.24,3,1,0,0,1,0,1,0,0,0,0,0,1,1,1,0,0,0,1,0,0,1,0,0,0,1,1,0,1,0,0,0
34,0,40.726949,-124.217378,228,9,59,14.98,19,113.75,6561.25,0.0,0,883.82,3,1,0,0,1,0,1,0,1,0,0,0,1,1,1,0,1,0,1,1,1,1,1,1,1,1,0,1,0,0,0,0
22,0,40.584991,-124.121504,12241,0,3,31.48,73,90.4,268.45,0.0,0,94.44,5,1,1,0,0,0,0,0,0,0,0,0,1,0,1,0,1,0,0,1,1,0,0,1,1,1,0,0,0,0,0,0
22,2,40.057784,-123.679461,2423,4,65,13.25,47,109.3,7337.55,0.0,0,861.25,4,0,1,0,1,1,1,0,1,0,0,0,1,1,1,0,1,0,1,0,1,1,1,1,1,1,0,1,0,0,0,0
50,2,40.342928,-124.063329,82,5,59,47.05,24,90.3,5194.05,0.0,0,2775.95,3,0,0,0,1,1,1,0,1,0,0,0,1,1,1,0,0,0,1,1,1,1,1,1,1,1,0,1,0,1,0,0
24,3,41.163637,-123.704841,3041,9,72,0.0,51,65.25,4478.85,0.0,80,0.0,4,1,1,0,1,1,1,1,0,0,0,0,0,0,1,1,0,0,1,1,1,1,1,1,1,0,0,1,1,1,0,0
43,0,40.664483,-123.865325,264,0,3,22.49,11,60.65,196.9,0.0,0,67.47,5,1,0,0,0,0,0,0,0,0,0,0,1,0,1,1,0,0,0,0,0,1,0,1,1,1,0,0,0,1,0,0
62,2,40.7666,-123.80458,155,0,19,14.48,0,24.1,439.2,0.0,0,275.12,4,1,0,0,0,1,0,0,0,0,1,0,1,1,0,0,0,1,0,0,0,0,0,0,0,0,0,0,1,1,0,0
54,0,40.665952,-124.240051,1447,0,1,8.02,0,19.5,19.5,0.0,0,8.02,5,1,0,0,0,0,0,0,0,0,0,0,1,0,0,0,0,1,0,0,0,0,0,0,0,0,0,0,1,1,0,0
60,0,40.390301,-123.412327,265,0,24,9.53,24,85.95,2107.15,0.0,0,228.72,3,1,0,0,0,0,0,0,0,0,0,0,1,0,1,0,1,0,0,1,1,1,0,0,0,1,0,0,1,0,0,0
39,0,40.267158,-123.805913,644,0,72,6.75,0,25.45,1866.45,0.0,0,486.0,4,0,0,0,0,0,0,1,0,0,0,0,1,1,0,0,0,1,0,0,0,0,0,0,0,0,0,1,0,1,0,0
24,0,41.336354,-124.044354,494,0,67,47.31,0,20.5,1430.95,0.0,0,3169.77,5,1,1,0,0,0,0,1,0,0,0,0,1,0,0,0,0,1,0,0,0,0,0,0,0,0,0,1,0,0,0,0
47,3,41.269521,-123.546958,574,2,52,39.48,0,20.85,1071.6,0.0,0,2052.96,4,1,0,0,1,1,1,0,1,0,0,0,1,0,0,0,0,1,0,0,0,0,0,0,0,0,1,0,1,1,0,0
57,3,40.274302,-124.210902,300,6,71,31.33,27,89.9,6457.15,0.0,0,2224.43,3,1,0,0,1,1,1,1,0,0,0,0,1,1,1,0,0,0,1,1,1,1,1,1,1,1,0,1,0,1,0,0
56,0,40.184094,-123.745487,163,7,26,33.47,0,26.0,684.05,0.0,0,870.22,5,0,0,0,1,0,1,0,0,0,0,0,1,1,0,0,0,1,0,0,0,0,0,0,0,0,1,0,0,1,0,0
49,0,40.142256,-123.852927,1851,0,35,30.5,8,113.2,3914.05,0.0,0,1067.5,4,0,0,0,0,0,0,0,0,0,0,0,1,1,1,0,1,0,1,1,1,1,1,1,1,1,0,1,1,1,0,0
52,2,40.485849,-124.163234,3284,3,55,27.87,17,69.05,3842.6,0.0,0,1532.85,3,0,0,0,1,1,1,0,1,0,0,0,1,0,1,0,1,0,0,0,0,0,0,0,0,1,0,1,1,1,0,0
61,3,40.89866,-123.539754,660,2,33,24.27,0,20.1,670.35,0.0,0,800.91,3,0,0,0,1,1,1,0,0,0,0,0,1,0,0,0,0,1,0,0,0,0,0,0,0,0,0,1,0,1,0,0
20,0,40.809636,-124.189977,395,2,72,6.89,73,109.65,7880.25,0.0,10,496.08,4,1,1,0,1,0,1,1,0,0,0,0,1,1,1,0,1,0,1,1,1,0,1,1,1,0,0,1,1,0,0,0
37,3,40.440636,-124.098739,1125,0,1,17.89,0,19.2,19.2,0.0,0,17.89,3,1,0,0,0,1,0,0,0,0,0,0,1,0,0,0,0,1,0,0,0,0,0,0,0,0,0,0,1,1,0,0
35,0,40.363446,-123.835041,400,0,12,0.0,6,34.0,442.45,0.0,0,0.0,3,1,0,0,0,0,0,0,0,0,1,0,0,0,1,0,0,0,0,1,0,1,0,0,0,1,0,0,0,1,0,0
27,2,41.162295,-124.027381,2369,3,1,27.5,0,20.4,20.4,0.0,0,27.5,4,1,1,0,1,1,1,0,0,0,0,0,1,0,0,0,0,1,0,0,0,0,0,0,0,0,1,0,0,1,0,0
56,0,40.310119,-123.909449,270,8,62,0.0,29,38.6,2345.55,0.0,0,0.0,4,1,0,0,1,0,1,0,1,0,0,0,0,0,1,0,0,0,1,1,0,1,0,0,0,1,0,1,1,1,0,0
40,0,40.949012,-123.655847,1666,0,1,0.0,15,25.25,25.25,0.0,10,0.0,5,0,0,0,0,0,0,0,0,0,0,1,0,0,1,1,0,0,0,0,0,0,0,0,0,0,0,0,0,0,0,0
64,0,39.873371,-123.741474,321,0,18,10.97,9,60.6,1156.35,0.0,0,197.46,3,0,0,0,0,0,0,0,0,0,1,0,1,1,1,1,0,0,1,0,1,0,0,0,0,1,0,0,1,1,0,0
19,0,33.362575,-117.299644,42239,0,2,43.56,52,74.75,144.8,0.0,0,87.12,3,1,1,0,0,0,0,0,0,0,0,1,1,0,1,0,1,0,0,1,0,0,0,0,0,1,0,0,1,0,0,0
43,2,40.170357,-123.417298,259,6,19,4.7,0,20.6,414.95,0.0,0,89.3,3,1,0,0,1,1,1,0,0,0,1,0,1,0,0,0,0,1,0,0,0,0,0,0,0,0,0,0,0,1,0,0
36,0,38.99003,-121.114408,18197,0,9,13.72,0,20.4,181.8,0.0,0,123.48,5,1,0,0,0,0,0,0,0,0,0,1,1,0,0,0,0,1,0,0,0,0,0,0,0,0,0,0,0,1,0,0
58,0,38.912881,-121.082766,24944,0,27,49.25,4,81.7,2212.55,0.0,0,1329.75,4,1,0,0,0,0,0,0,0,0,0,0,1,0,1,1,0,0,1,0,1,1,1,1,1,1,1,0,0,0,0,0
31,0,38.384648,-121.578701,1417,0,11,46.49,0,20.0,211.95,0.0,0,511.39,4,0,0,0,0,0,0,0,0,0,1,0,1,0,0,0,0,1,0,0,0,0,0,0,0,0,1,0,0,1,0,0
41,0,38.880622,-120.973865,3674,0,1,3.39,0,25.0,25.0,0.0,0,3.39,3,1,0,0,0,0,0,0,0,0,0,1,1,1,0,0,0,1,0,0,0,0,0,0,0,0,0,0,1,1,0,0
45,2,38.508735,-121.678813,67411,6,9,16.13,0,19.75,210.65,0.0,0,145.17,4,0,0,0,1,1,1,0,0,0,0,1,1,0,0,0,0,1,0,0,0,0,0,0,0,0,0,1,0,1,0,0
25,2,38.544002,-121.685559,648,1,54,24.59,52,65.65,3566.7,0.0,0,1327.86,3,1,1,0,1,1,1,0,1,0,0,0,1,1,1,1,0,0,1,1,0,1,0,0,0,1,0,1,1,1,0,0
47,0,38.683605,-120.811852,4426,0,29,41.38,4,71.0,2080.1,0.0,0,1200.02,5,0,0,0,0,0,0,0,0,0,0,0,1,1,1,1,0,0,0,0,0,0,1,1,1,1,1,0,1,1,0,0
21,3,38.69549,-121.307864,41636,4,59,42.37,73,86.75,5186.0,0.0,150,2499.83,3,1,1,0,1,1,1,0,1,0,0,0,1,0,1,0,0,0,1,1,1,1,1,1,1,0,0,1,1,0,0,0
22,2,38.434138,-121.30587,38534,7,18,40.36,51,61.5,1087.45,0.0,0,726.48,4,0,1,0,1,1,1,0,0,0,1,0,1,0,1,1,0,0,1,1,0,1,0,0,0,1,1,0,1,1,0,0
64,2,38.834469,-122.127193,2756,0,33,0.0,12,34.05,1113.95,0.0,0,0.0,3,1,0,0,0,1,0,0,0,0,0,0,0,0,1,0,0,0,1,0,0,1,0,0,0,1,1,0,0,1,0,0
31,0,38.652065,-121.25441,40750,0,5,24.16,0,19.95,107.05,0.0,0,120.8,5,1,0,0,0,0,0,0,0,0,0,0,1,0,0,0,0,1,0,0,0,0,0,0,0,0,0,0,0,1,0,0
33,0,38.513484,-120.704613,850,0,2,34.57,0,19.95,38.15,0.0,0,69.14,4,0,0,0,0,0,0,0,0,0,0,1,1,0,0,0,0,1,0,0,0,0,0,0,0,0,0,0,0,1,0,0
25,1,38.672638,-121.147403,51855,10,72,33.75,30,89.7,6339.3,0.0,0,2430.0,3,1,1,0,1,1,1,1,0,0,0,0,1,1,1,0,0,0,1,1,1,1,1,1,1,1,0,1,0,1,0,0
34,2,39.031876,-120.811141,5714,0,9,45.83,0,20.4,184.1,0.0,0,412.47,4,1,0,0,0,1,0,0,0,0,0,1,1,0,0,0,0,1,0,0,0,0,0,0,0,0,0,0,0,1,0,0
54,2,38.274451,-121.259201,24194,2,67,14.54,0,26.3,1688.9,0.0,0,974.18,5,1,0,0,1,1,1,1,0,0,0,0,1,1,0,0,0,1,0,0,0,0,0,0,0,0,0,1,0,1,0,0
59,0,38.9386,-120.785514,2723,0,8,26.47,0,20.7,137.6,0.0,0,211.76,5,0,0,0,0,0,0,0,0,0,0,1,1,0,0,0,0,1,0,0,0,0,0,0,0,0,0,0,1,0,1,0
50,0,38.375325,-121.507935,213,0,17,39.34,0,19.45,369.05,0.0,0,668.7800000000001,4,1,0,0,0,0,0,0,0,0,1,0,1,0,0,0,0,1,0,0,0,0,0,0,0,0,0,1,0,1,0,0
61,0,38.33788,-120.954202,9752,2,68,46.7,14,110.8,7553.6,0.0,0,3175.6000000000004,3,0,0,0,1,0,1,1,0,0,0,0,1,1,1,0,1,0,1,1,1,0,1,1,1,1,0,1,1,0,0,0
30,0,38.875508,-121.765866,1793,0,67,0.0,85,49.35,3321.35,0.0,0,0.0,3,1,0,0,0,0,0,1,0,0,0,0,0,0,1,0,0,0,1,0,1,1,1,0,0,1,1,0,1,0,0,0
20,0,38.631489,-120.015167,129,0,32,36.78,0,20.35,707.5,0.0,0,1176.96,5,1,1,0,0,0,0,0,0,0,0,0,1,0,0,0,0,1,0,0,0,0,0,0,0,0,1,0,0,1,0,0
29,1,38.674276,-121.961866,844,0,1,6.35,76,49.9,49.9,0.0,0,6.35,5,1,1,0,0,1,0,0,0,0,0,1,1,0,1,1,0,0,0,1,0,0,0,0,0,1,0,0,1,0,0,0
27,0,38.671295,-121.388251,32202,6,48,49.88,42,65.65,3094.65,0.0,0,2394.24,3,0,1,0,1,0,1,0,1,0,0,0,1,0,1,1,0,0,0,1,1,0,0,1,1,1,1,0,1,0,0,0
63,0,38.736685,-121.251984,25173,6,61,18.03,22,103.3,6518.35,0.0,0,1099.8300000000002,5,0,0,0,1,0,1,0,1,0,0,0,1,1,1,0,1,0,0,0,1,1,1,1,1,1,1,0,1,0,0,0
22,0,38.859093,-121.182872,2048,0,2,18.7,59,44.45,82.7,0.0,0,37.4,3,0,1,0,0,0,0,0,0,0,0,1,1,0,1,1,0,0,0,0,0,0,0,0,0,1,0,0,0,0,0,0
22,1,38.546999,-120.271114,5501,9,71,37.57,85,89.9,6342.7,0.0,150,2667.47,5,0,1,0,1,1,1,1,0,0,0,0,1,1,1,1,0,0,1,1,1,1,1,1,1,0,0,1,0,0,0,0
57,0,38.733714,-120.795213,34146,6,37,27.41,10,55.05,2030.75,0.0,0,1014.17,5,1,0,0,1,0,1,0,0,0,0,0,1,1,1,1,0,0,1,0,0,0,0,0,0,1,0,0,1,0,1,0
40,3,38.833554,-121.498102,901,0,65,39.52,57,104.1,6700.05,0.0,0,2568.8,4,1,0,0,1,1,0,0,1,0,0,0,1,1,1,0,1,0,0,0,1,1,1,1,1,1,0,1,1,0,0,0
19,2,38.489273,-120.891614,2220,0,67,18.74,59,106.6,7244.7,0.0,0,1255.58,4,0,1,0,0,1,0,1,0,0,0,0,1,1,1,0,1,0,0,1,0,1,1,1,1,1,1,0,1,0,0,0
53,2,38.724322,-120.991237,3815,10,50,44.49,28,70.5,3486.65,0.0,0,2224.5,4,1,0,0,1,1,1,0,1,0,0,0,1,1,1,0,0,0,1,0,0,1,1,0,0,1,0,1,1,1,0,0
43,2,38.688764,-121.457596,14010,1,25,15.76,0,19.6,411.15,0.0,0,394.0,4,1,0,0,1,1,1,0,0,0,0,0,1,0,0,0,0,1,0,0,0,0,0,0,0,0,1,0,0,0,0,0
45,3,38.545775,-120.743325,364,5,64,17.93,0,24.05,1559.15,0.0,0,1147.52,3,0,0,0,1,1,1,0,1,0,0,0,1,1,0,0,0,1,0,0,0,0,0,0,0,0,0,1,1,0,1,0
37,0,38.7904,-121.236973,21510,10,25,0.0,24,38.1,970.4,0.0,100,0.0,5,1,0,0,1,0,1,0,0,0,0,0,0,0,1,0,0,0,0,0,1,0,1,0,0,0,1,0,1,1,0,0
64,0,38.598936,-120.963092,24738,0,37,17.46,22,100.05,3810.55,0.0,0,646.02,5,0,0,0,0,0,0,0,0,1,0,0,1,1,1,0,1,0,0,0,1,0,1,1,1,1,0,0,1,0,0,0
60,0,38.470423,-121.114897,4731,0,21,30.59,11,68.65,1493.2,0.0,0,642.39,5,0,0,0,0,0,0,0,0,0,1,0,1,0,1,0,1,0,0,0,0,0,0,0,0,1,0,0,1,0,0,0
34,0,38.606703,-120.586659,2958,0,1,13.62,21,45.8,45.8,0.0,0,13.62,5,1,0,0,0,0,0,0,0,0,0,0,1,0,1,0,0,0,0,0,0,0,0,0,0,1,0,0,1,1,0,0
37,0,38.432145,-120.77069,4610,0,10,39.85,21,75.75,777.3,0.0,0,398.5,5,0,0,0,0,0,0,0,0,0,0,0,1,1,1,0,1,0,0,0,0,0,0,0,0,1,0,0,1,0,1,0
63,0,38.333133,-121.920151,63157,7,51,35.0,8,96.4,4911.05,0.0,0,1785.0,3,1,0,0,1,0,1,0,1,0,0,0,1,1,1,0,1,0,1,1,0,0,0,1,1,1,1,0,1,1,0,0
63,0,38.419088,-122.024568,32564,0,10,4.76,0,20.55,187.35,0.0,0,47.6,3,0,0,0,0,0,0,0,0,0,0,0,1,0,0,0,0,1,0,0,0,0,0,0,0,0,0,0,1,0,1,0
43,0,38.481902,-120.603668,1273,0,6,0.0,23,50.95,307.6,0.0,0,0.0,3,0,0,0,0,0,0,0,0,0,0,1,0,0,1,0,0,0,1,1,0,1,0,1,1,1,0,0,0,1,0,0
30,3,38.240419,-121.587535,2344,10,47,11.74,48,90.5,4318.35,0.0,0,551.78,3,1,0,0,1,1,1,0,1,0,0,0,1,1,1,1,0,0,1,1,1,1,1,1,1,1,0,1,1,0,1,0
52,2,38.627951,-121.593287,19050,3,61,40.48,20,79.4,4820.55,0.0,0,2469.28,3,0,0,0,1,1,1,0,1,0,0,0,1,1,1,1,0,0,1,1,1,1,0,1,1,1,1,0,1,0,0,0
40,0,39.043387,-121.409837,3600,0,52,0.0,19,58.75,3038.55,0.0,0,0.0,4,0,0,0,0,0,0,0,1,0,0,0,0,0,1,1,0,0,1,1,1,0,1,1,1,1,0,1,1,0,0,0
42,3,38.392559,-121.225093,5889,0,35,39.11,23,59.45,2136.9,0.0,0,1368.85,3,0,0,0,1,1,0,0,0,1,0,0,1,1,1,1,0,0,1,1,0,0,0,0,0,1,0,0,1,1,0,0
52,0,38.578604,-122.024579,8406,8,71,29.11,28,105.7,7472.15,0.0,0,2066.81,4,1,0,0,1,0,1,1,0,0,0,0,1,1,1,0,1,0,0,1,1,0,1,1,1,1,1,0,1,0,0,0
37,0,39.218096,-120.79153,751,10,45,43.27,4,53.3,2296.25,0.0,90,1947.15,3,1,0,0,1,0,1,0,0,0,0,0,1,0,1,1,0,0,1,0,1,0,0,0,0,0,0,1,0,1,0,0
19,0,39.084645,-120.894014,8525,0,2,0.0,59,24.3,38.45,0.0,0,0.0,4,1,1,0,0,0,0,0,0,0,0,1,0,0,1,1,0,0,0,0,0,0,0,0,0,1,0,0,0,0,1,0
59,0,39.23754,-120.720196,185,0,51,9.85,3,59.9,3043.6,0.0,0,502.35,3,1,0,0,0,0,0,0,0,0,0,0,1,1,1,0,0,0,1,0,0,1,0,0,0,1,1,0,0,1,0,0
37,2,39.170376,-120.838404,407,1,60,28.45,0,23.95,1506.4,0.0,0,1707.0,5,1,0,0,1,1,1,0,0,0,0,0,1,1,0,0,0,1,0,0,0,0,0,0,0,0,1,0,0,1,0,0
40,0,38.766036,-120.209673,183,0,9,48.61,0,20.15,163.7,0.0,0,437.49,4,1,0,0,0,0,0,0,0,0,0,1,1,0,0,0,0,1,0,0,0,0,0,0,0,0,1,0,1,0,1,0
58,0,39.003358,-121.022539,3747,0,17,21.14,5,95.65,1640.0,0.0,0,359.38,4,1,0,0,0,0,0,0,0,0,0,0,1,1,1,0,1,0,0,0,1,1,0,1,1,1,0,0,1,0,0,0
37,1,39.279068,-120.414275,88,1,46,45.95,10,81.0,3846.35,0.0,0,2113.7000000000003,4,1,0,0,1,1,1,0,0,0,0,0,1,0,1,0,0,0,1,0,1,1,1,1,1,1,0,1,0,0,1,0
21,0,38.805481,-120.13287,25,0,68,14.86,59,82.45,5646.6,0.0,90,1010.48,3,0,1,0,0,0,0,1,0,0,0,0,1,0,1,0,0,0,1,1,1,1,1,1,1,0,0,1,1,1,0,0
52,0,38.591134,-121.161585,299,8,4,44.73,0,20.5,79.05,0.0,0,178.92,5,0,0,0,1,0,1,0,0,0,0,0,1,0,0,0,0,1,0,0,0,0,0,0,0,0,1,0,0,0,0,0
55,1,38.784329,-121.373245,25418,0,28,34.43,22,54.4,1516.6,0.0,0,964.04,3,1,0,0,0,1,0,0,0,1,0,0,1,0,1,1,0,0,0,1,0,1,0,0,0,1,1,0,1,1,0,0
23,0,38.35363,-121.44195,47065,0,39,48.17,58,58.6,2224.5,0.0,0,1878.63,4,0,1,0,0,0,0,0,0,1,0,0,1,0,1,1,0,0,0,1,0,0,1,0,0,1,1,0,1,1,0,0
54,0,38.684437,-121.055634,22028,0,11,30.57,15,84.8,888.75,0.0,0,336.27,4,1,0,0,0,0,0,0,0,0,0,0,1,0,1,0,1,0,0,0,1,0,0,1,1,1,0,0,0,0,0,0
46,0,38.823278,-121.281856,15494,2,71,0.0,27,61.4,4310.35,0.0,0,0.0,4,0,0,0,1,0,1,1,0,0,0,0,0,0,1,1,0,0,0,1,1,1,1,1,1,1,0,1,1,1,0,0
42,2,38.694081,-121.694431,15022,0,2,49.53,0,20.4,42.9,0.0,0,99.06,3,1,0,0,0,1,0,0,0,0,0,0,1,0,0,0,0,1,0,0,0,0,0,0,0,0,0,0,0,0,1,0
35,0,38.608405,-121.449942,25355,0,17,4.38,0,20.15,353.65,0.0,0,74.46,5,0,0,0,0,0,0,0,0,0,0,0,1,0,0,0,0,1,0,0,0,0,0,0,0,0,1,0,0,0,1,0
64,0,38.574856,-121.46504,16164,1,55,34.61,16,94.45,5073.1,0.0,0,1903.55,5,0,0,0,1,0,1,0,0,0,0,0,1,1,1,0,1,0,0,1,1,0,1,0,0,1,0,0,1,1,0,0
47,0,38.550722,-121.457314,14966,0,58,22.71,14,79.8,4526.85,0.0,0,1317.18,4,0,0,0,0,0,0,0,0,0,0,0,1,1,1,0,1,0,1,0,0,0,0,0,0,1,0,0,1,0,0,0
36,0,38.625096,-121.383658,35426,0,26,44.11,8,49.15,1237.3,0.0,0,1146.86,4,1,0,0,0,0,0,0,0,1,0,0,1,0,1,1,0,0,0,0,0,1,0,0,0,1,0,0,0,0,0,0
36,0,38.512569,-121.495184,44683,0,50,12.62,0,19.4,1023.95,0.0,0,631.0,5,0,0,0,0,0,0,0,0,0,0,0,1,0,0,0,0,1,0,0,0,0,0,0,0,0,0,1,0,1,0,0
35,0,38.475465,-121.443625,72199,10,72,29.0,22,113.65,8182.75,0.0,0,2088.0,3,0,0,0,1,0,1,1,0,0,0,0,1,1,1,0,1,0,1,1,1,1,1,1,1,1,0,1,1,0,0,0
47,2,38.517295,-121.439819,30580,0,43,10.19,10,106.0,4532.3,0.0,130,438.17,4,0,0,0,0,1,0,0,0,0,0,0,1,0,1,0,1,0,1,1,0,1,1,1,1,0,1,0,1,1,0,0
52,0,38.590035,-121.412455,30715,0,56,47.82,0,25.95,1444.05,0.0,0,2677.92,3,1,0,0,0,0,0,0,0,0,0,0,1,1,0,0,0,1,0,0,0,0,0,0,0,0,0,1,1,0,0,0
28,0,38.542532,-121.378826,38818,0,1,5.02,0,19.1,19.1,0.0,0,5.02,5,0,1,0,0,0,0,0,0,0,0,0,1,0,0,0,0,1,0,0,0,0,0,0,0,0,0,0,0,0,1,0
62,0,38.486938,-121.395805,54880,5,72,43.84,15,100.55,7325.1,0.0,0,3156.4800000000005,5,1,0,0,1,0,1,1,0,0,0,0,1,1,1,0,1,0,1,1,0,1,0,1,1,1,0,1,1,0,0,0
58,0,38.486502,-121.334051,11396,4,36,40.58,12,95.4,3474.2,0.0,0,1460.88,3,1,0,0,1,0,1,0,0,1,0,0,1,1,1,0,1,0,0,0,0,0,1,1,1,1,0,0,1,0,0,0
51,0,38.490508,-121.284171,592,0,5,45.69,4,75.15,392.65,0.0,0,228.45,4,1,0,0,0,0,0,0,0,0,0,0,1,0,1,0,0,0,0,0,1,1,1,1,1,1,0,0,0,0,0,0
60,0,38.646209,-121.52446,8403,0,44,18.14,0,19.5,835.5,0.0,0,798.1600000000001,4,1,0,0,0,0,0,0,0,0,0,0,1,0,0,0,0,1,0,0,0,0,0,0,0,0,1,0,0,1,0,0
23,0,38.691607,-121.602284,264,10,69,45.12,0,24.95,1718.35,0.0,0,3113.28,3,0,1,0,1,0,1,0,0,0,0,0,1,1,0,0,0,1,0,0,0,0,0,0,0,0,0,1,1,1,0,0
43,0,38.687367,-121.34848,31373,0,16,27.43,27,69.95,1205.5,0.0,0,438.88,5,1,0,0,0,0,0,0,0,0,0,0,1,0,1,0,1,0,0,0,0,0,0,0,0,1,0,0,1,1,0,0
52,1,38.715498,-121.363411,36432,1,68,27.59,27,82.85,5776.45,0.0,0,1876.12,4,1,0,0,1,1,1,0,0,0,0,0,1,0,1,1,0,0,1,1,0,1,1,1,1,1,0,1,0,0,0,0
31,0,38.585826,-121.376263,23362,0,4,20.16,0,19.0,78.9,0.0,0,80.64,4,1,0,0,0,0,0,0,0,0,0,0,1,0,0,0,0,1,0,0,0,0,0,0,0,0,0,0,0,0,1,0
40,3,39.19514,-121.503883,38091,4,26,0.0,23,38.85,1025.15,0.0,30,0.0,4,0,0,0,1,1,1,0,0,1,0,0,0,0,1,0,0,0,1,1,0,1,0,0,0,0,0,0,0,1,0,0
39,1,39.467828,-120.841386,118,0,5,8.01,0,20.35,122.0,0.0,0,40.05,4,1,0,0,0,1,0,0,0,0,0,0,1,0,0,0,0,1,0,0,0,0,0,0,0,0,0,0,0,1,0,0
48,0,38.982373,-122.047751,4796,5,70,31.13,16,95.0,6602.9,0.0,0,2179.1,4,1,0,0,1,0,1,0,0,0,0,0,1,1,1,0,1,0,0,1,1,0,1,0,0,1,1,0,1,0,0,0
61,0,39.396585,-121.38029,626,10,24,32.86,30,74.4,1712.9,0.0,0,788.64,3,1,0,0,1,0,1,0,0,1,0,0,1,0,1,0,0,0,1,0,0,1,1,1,1,1,1,0,0,0,0,0
37,0,39.457388,-121.818201,3169,0,1,39.55,21,74.3,74.3,0.0,0,39.55,5,1,0,0,0,0,0,0,0,0,0,0,1,0,1,0,1,0,0,0,0,1,0,0,0,1,0,0,1,0,1,0
19,0,39.292334,-121.320597,1477,10,70,0.0,41,51.05,3635.15,0.0,120,0.0,4,1,1,0,1,0,1,0,0,0,0,0,0,0,1,1,0,0,0,1,1,1,0,1,1,0,1,0,1,0,0,0
56,2,39.440687,-121.263583,1237,3,36,20.57,0,19.2,702.9,0.0,0,740.52,5,0,0,0,1,1,1,0,0,1,0,0,1,0,0,0,0,1,0,0,0,0,0,0,0,0,0,0,0,0,0,0
28,2,40.171312,-121.120605,86,3,41,20.41,59,109.1,4454.25,0.0,0,836.8100000000001,5,0,1,0,1,1,1,0,0,0,0,0,1,1,1,0,1,0,0,1,1,1,1,1,1,1,1,0,1,0,0,0
20,0,39.681488,-121.83721,32848,0,14,18.46,26,76.45,1117.55,0.0,0,258.44,4,1,1,0,0,0,0,0,0,0,0,0,1,0,1,0,1,0,0,0,1,0,0,0,0,1,0,0,0,0,0,0
33,2,40.080342,-120.957805,178,4,13,13.77,23,72.8,930.05,0.0,0,179.01,4,1,0,0,1,1,1,0,0,0,0,0,1,1,1,1,0,0,0,1,1,1,1,0,0,1,0,0,1,0,0,0
24,0,39.381174,-121.21191,614,0,6,27.54,0,18.95,110.15,0.0,0,165.24,4,1,1,0,0,0,0,0,0,0,0,0,1,0,0,0,0,1,0,0,0,0,0,0,0,0,0,0,0,0,1,0
55,0,39.607831,-121.777959,3524,8,15,24.12,13,101.75,1669.4,0.0,0,361.8,3,0,0,0,1,0,1,0,0,0,0,0,1,0,1,0,1,0,1,0,1,0,1,1,1,1,0,0,0,0,0,0
19,0,39.53222,-122.594879,587,0,47,48.03,69,75.45,3545.1,0.0,0,2257.41,4,0,1,0,0,0,0,0,0,0,0,0,1,0,1,0,1,0,1,0,0,0,0,0,0,1,0,0,0,1,0,0
19,0,39.531028,-121.24807,452,0,8,45.04,73,64.1,504.05,0.0,10,360.32,5,0,1,0,0,0,0,0,0,0,0,0,1,0,1,1,0,0,0,0,1,1,0,1,1,0,0,0,0,0,1,0
63,0,40.077028,-121.494168,1351,0,17,0.0,11,25.65,440.2,0.0,0,0.0,3,1,0,0,0,0,0,0,0,0,0,0,0,0,1,0,0,0,0,0,0,0,0,0,0,1,0,0,1,0,1,0
39,1,39.597975,-122.032248,1454,7,15,32.73,17,75.1,1151.55,0.0,0,490.94999999999993,4,1,0,0,1,1,1,0,0,0,0,0,1,0,1,0,1,0,1,0,0,0,0,0,0,1,0,0,0,0,1,0
60,0,39.564113,-120.868836,76,0,26,40.14,4,95.85,2475.35,0.0,0,1043.64,3,0,0,0,0,0,0,0,0,1,0,0,1,0,1,0,1,0,1,0,1,1,0,1,1,1,1,0,1,0,0,0
40,0,39.194539,-120.988066,23990,0,23,48.63,11,54.4,1249.25,0.0,0,1118.49,3,0,0,0,0,0,0,0,0,0,0,0,1,1,1,0,0,0,1,0,0,0,0,0,0,1,0,0,0,0,0,0
54,3,40.160386,-120.835428,2064,0,29,2.0,0,19.85,535.05,0.0,0,58.0,4,1,0,0,0,1,0,0,0,1,0,0,1,0,0,0,0,1,0,0,0,0,0,0,0,0,1,0,0,0,1,0
50,0,39.346898,-121.759537,9763,0,25,30.28,0,19.05,461.3,0.0,0,757.0,5,0,0,0,0,0,0,0,0,1,0,0,1,0,0,0,0,1,0,0,0,0,0,0,0,0,0,0,0,0,1,0
29,2,39.258746,-121.77697,8695,10,69,0.0,69,46.25,3121.4,0.0,0,0.0,4,0,1,0,1,1,1,0,0,0,0,0,0,0,1,1,0,0,1,1,1,1,0,0,0,1,0,1,0,0,0,0
24,0,39.933852,-121.584371,11168,0,14,26.02,0,19.35,324.8,0.0,0,364.28,3,1,1,0,0,0,0,0,0,0,1,0,1,0,0,0,0,1,0,0,0,0,0,0,0,0,1,0,0,0,1,0
54,0,39.281194,-122.226568,1146,0,19,13.76,4,69.6,1394.55,0.0,0,261.44,4,1,0,0,0,0,0,0,0,0,1,0,1,1,1,1,0,0,0,0,0,0,1,1,1,1,0,0,0,0,1,0
20,0,39.068071,-121.832638,776,0,31,19.38,76,101.4,3143.65,0.0,0,600.78,4,1,1,0,0,0,0,0,0,1,0,0,1,0,1,0,1,0,0,1,1,0,1,1,1,1,0,0,1,0,0,0
61,2,39.333737,-120.858667,17269,5,24,40.81,0,20.25,439.75,0.0,0,979.44,4,1,0,0,1,1,1,0,0,1,0,0,1,0,0,0,0,1,0,0,0,0,0,0,0,0,1,0,0,0,1,0
39,0,39.423046,-120.984472,565,4,14,21.34,24,48.8,664.4,0.0,0,298.76,5,1,0,0,1,0,1,0,0,0,1,0,1,0,1,1,0,0,0,0,0,1,0,0,0,1,0,0,0,0,0,0
23,0,39.082568,-121.55325,6439,2,64,18.03,42,74.35,4759.55,0.0,0,1153.92,3,0,1,0,1,0,1,0,0,0,0,0,1,0,1,0,0,0,1,1,1,1,0,1,1,1,0,1,1,0,1,0
29,0,39.342587,-121.249833,1519,0,50,17.88,0,19.35,1033.0,29.5,0,894.0,3,0,1,0,0,0,0,0,0,0,0,0,1,0,0,0,0,1,0,0,0,0,0,0,0,0,1,0,1,0,1,0
45,2,39.748037,-122.302169,13706,9,52,5.51,19,68.75,3482.85,16.86,0,286.52,3,1,0,0,1,1,1,0,0,0,0,0,1,0,1,0,0,0,0,1,1,1,1,0,0,1,1,0,1,0,0,0
31,0,39.624561,-121.552866,17782,0,28,12.36,13,100.2,2688.45,42.64,0,346.08,3,1,0,0,0,0,0,0,0,1,0,0,1,1,1,0,1,0,0,1,0,0,1,1,1,1,1,0,0,0,0,0
40,0,39.473896,-121.415927,28382,0,21,22.29,0,20.85,435.25,1.31,0,468.09,3,0,0,0,0,0,0,0,0,0,1,0,1,0,0,0,0,1,0,0,0,0,0,0,0,0,0,1,1,1,0,0
33,0,39.69676,-121.644379,28318,3,17,1.64,0,19.35,307.0,10.57,0,27.88,5,0,0,0,1,0,1,0,0,0,1,0,1,0,0,0,0,1,0,0,0,0,0,0,0,0,1,0,0,0,1,0
53,0,39.424957,-122.039307,495,0,58,0.0,23,45.0,2689.35,0.0,0,0.0,3,1,0,0,1,0,0,0,0,0,0,0,0,0,1,0,0,0,0,0,0,0,1,1,1,1,1,0,1,1,0,0
59,0,39.903272,-121.843567,26971,7,51,20.47,0,25.5,1281.25,0.0,0,1043.97,5,0,0,0,1,0,1,0,0,0,0,0,1,1,0,0,0,1,0,0,0,0,0,0,0,0,0,1,0,0,1,0
53,3,39.495768,-121.747472,74,3,72,0.0,53,48.9,3527.0,34.44,0,0.0,3,1,0,0,1,1,1,0,0,0,0,0,0,0,1,1,0,0,1,0,1,1,1,0,0,1,0,1,0,0,1,0
62,0,39.176595,-121.291692,963,0,27,15.41,0,19.6,561.15,13.07,0,416.07,5,0,0,0,0,0,0,0,0,0,0,0,1,0,0,0,0,1,0,0,0,0,0,0,0,0,0,1,1,0,1,0
38,0,39.904002,-121.527823,28,0,3,40.2,0,20.0,63.6,0.0,0,120.6,3,0,0,0,0,0,0,0,0,0,0,0,1,0,0,0,0,1,0,0,0,0,0,0,0,0,0,0,0,0,1,0
33,0,39.288127,-122.415841,844,6,64,16.61,4,81.3,5129.3,22.34,0,1063.04,4,0,0,0,1,0,1,0,0,0,0,0,1,1,1,0,0,0,1,1,1,1,0,1,1,1,0,1,1,0,1,0
51,0,39.58458,-121.093256,101,3,45,48.02,18,95.2,4285.8,43.95,50,2160.9,5,0,0,0,1,0,1,0,0,0,0,0,1,0,1,0,1,0,0,0,0,1,1,1,1,0,0,1,1,1,0,0
56,0,40.053684,-120.743116,513,9,71,13.41,18,83.3,5894.5,37.44,0,952.11,4,0,0,0,1,0,1,0,0,0,0,0,1,1,1,1,0,0,0,1,1,1,1,1,1,1,0,1,1,1,0,0
35,1,39.34128,-120.786867,145,6,58,17.21,0,20.3,1160.75,25.57,0,998.18,3,0,0,0,1,1,1,0,0,0,0,0,1,0,0,0,0,1,0,0,0,0,0,0,0,0,0,1,0,1,0,0
25,3,39.117537,-122.284654,4579,5,34,18.36,85,89.85,3091.75,14.93,0,624.24,5,1,1,0,1,1,1,0,0,0,0,0,1,0,1,0,1,0,0,1,1,0,1,0,0,1,0,0,1,0,0,0
49,1,39.02741,-121.614982,34967,4,15,17.43,0,19.8,272.95,18.55,0,261.45,4,0,0,0,1,1,1,0,0,0,1,0,1,0,0,0,0,1,0,0,0,0,0,0,0,0,0,0,0,0,1,0
49,3,39.075694,-121.70606,27786,0,66,0.0,28,54.65,3632.0,46.75,0,0.0,5,1,0,0,1,1,0,0,0,0,0,0,0,0,1,1,0,0,0,0,1,1,1,1,1,1,0,1,0,0,0,0
49,0,40.527834,-122.318749,30338,0,58,29.31,0,19.15,1035.5,28.7,0,1699.98,5,1,0,0,0,0,0,0,0,0,0,0,1,0,0,0,0,1,0,0,0,0,0,0,0,0,0,1,1,0,0,0
32,2,40.677649,-122.29467,41476,9,3,45.33,0,19.1,52.0,0.0,0,135.99,5,0,0,0,1,1,1,0,0,0,0,0,1,0,0,0,0,1,0,0,0,0,0,0,0,0,0,1,0,0,1,0
38,0,40.448632,-122.306657,21418,0,9,32.57,13,80.55,653.9,2.28,0,293.13,3,0,0,0,0,0,0,0,0,0,0,0,1,0,1,0,1,0,0,1,1,0,0,0,0,1,0,0,0,0,0,0
60,0,40.722733,-122.109666,899,0,3,1.47,0,20.25,71.2,0.0,0,4.41,3,0,0,0,0,0,0,0,0,0,0,0,1,0,0,0,0,1,0,0,0,0,0,0,0,0,1,0,0,0,1,0
37,0,40.775272,-123.287414,269,1,40,29.46,28,106.0,4178.65,47.02,0,1178.4,5,1,0,0,1,0,1,0,1,0,0,0,1,1,1,0,1,0,0,1,1,0,1,1,1,1,1,0,1,0,0,0
50,0,41.096569,-121.879082,265,0,68,9.82,0,25.5,1821.8,16.85,0,667.76,5,0,0,0,0,0,0,0,0,0,0,0,1,1,0,0,0,1,0,0,0,0,0,0,0,0,0,1,0,0,0,0
39,0,41.388397,-122.794636,290,0,50,48.45,14,79.6,4024.2,0.0,0,2422.5,4,0,0,0,0,0,0,0,1,0,0,0,1,1,1,1,0,0,0,1,0,1,1,1,1,1,0,1,1,0,1,0
21,0,41.486953,-120.913975,417,0,1,39.19,69,55.25,55.25,0.0,60,39.19,5,1,1,0,0,0,0,0,0,0,0,0,1,0,1,1,0,0,0,0,0,0,0,1,1,0,0,0,1,0,0,0
49,0,40.936285,-121.572692,344,1,72,38.28,24,88.05,6520.8,29.11,0,2756.16,4,0,0,0,1,0,1,0,0,0,0,0,1,1,1,1,0,0,1,1,1,1,1,1,1,1,0,1,0,0,0,0
58,3,41.121108,-122.336613,228,0,40,26.41,0,20.4,854.9,32.55,0,1056.4,5,1,0,0,0,1,0,0,1,0,0,0,1,0,0,0,0,1,0,0,0,0,0,0,0,0,1,0,1,0,0,0
28,1,40.692523,-122.369876,6277,10,72,47.02,48,117.6,8308.9,5.44,0,3385.44,3,0,1,0,1,1,1,0,0,0,0,0,1,1,1,0,1,0,1,1,1,1,1,1,1,1,0,1,1,0,0,0
60,0,40.243494,-121.154733,2664,0,6,47.46,0,20.0,109.2,0.0,0,284.76,3,0,0,0,0,0,0,0,0,0,0,0,1,0,0,0,0,1,0,0,0,0,0,0,0,0,0,0,0,0,1,0
62,0,39.913777,-122.289984,13840,0,5,41.93,0,19.65,92.05,0.0,0,209.65,3,0,0,0,0,0,0,0,0,0,0,0,1,0,0,0,0,1,0,0,0,0,0,0,0,0,0,0,1,1,0,0
41,0,40.336392,-122.448533,12348,7,48,38.82,8,70.55,3420.5,0.0,0,1863.36,4,1,0,0,1,0,1,0,1,0,0,0,1,1,1,0,0,0,0,1,1,0,0,1,1,1,1,0,1,1,0,0
39,2,40.586588,-122.903677,960,5,64,26.7,17,65.8,4068.0,27.79,20,1708.8,3,0,0,0,1,1,1,0,1,0,0,0,1,0,1,0,0,0,1,0,0,1,1,0,0,0,1,0,0,0,1,0
63,0,41.212695,-122.392067,2602,0,17,3.84,0,20.05,337.9,43.68,0,65.28,4,0,0,0,0,0,0,0,0,0,1,0,1,0,0,0,0,1,0,0,0,0,0,0,0,0,1,0,0,1,0,0
41,0,41.405193,-123.008567,2156,8,40,39.22,27,80.0,3168.75,41.74,0,1568.8,3,1,0,0,1,0,1,0,1,0,0,0,1,0,1,0,1,0,0,1,1,0,0,0,0,1,0,0,1,0,0,0
37,2,41.017282,-121.468945,1902,1,41,0.0,16,35.4,1412.4,0.0,0,0.0,4,0,0,0,1,1,1,0,1,0,0,0,0,0,1,0,0,0,1,0,1,0,0,0,0,1,1,0,0,1,0,0
36,0,41.232128,-123.194748,170,10,41,39.39,3,80.25,3439.0,2.18,0,1614.99,5,1,0,0,1,0,1,0,1,0,0,0,1,1,1,0,1,0,0,1,0,0,0,0,0,1,0,0,1,0,0,0
31,0,40.740138,-122.587476,373,0,2,47.19,0,20.45,42.45,0.0,0,94.38,5,0,0,0,0,0,0,0,0,0,0,0,1,0,0,0,0,1,0,0,0,0,0,0,0,0,0,0,1,0,1,0
50,0,41.411315,-122.697236,392,0,68,18.53,21,79.6,5461.45,3.26,10,1260.04,4,1,0,0,0,0,0,0,0,0,0,0,1,0,1,0,1,0,0,1,1,0,0,0,0,0,1,0,0,1,0,0
42,3,40.03194,-122.176023,3357,7,24,20.74,0,24.7,571.75,0.0,0,497.76,3,0,0,0,1,1,1,0,0,0,0,0,1,1,0,0,0,1,0,0,0,0,0,0,0,0,0,1,0,0,1,0
22,0,41.528541,-122.955018,295,2,70,4.8,41,77.3,5498.2,26.87,0,336.0,3,1,1,0,1,0,1,0,0,0,0,0,1,1,1,0,0,0,1,0,1,1,0,1,1,1,0,1,0,1,0,0
58,0,41.599978,-122.539381,616,0,3,0.0,18,29.75,96.85,0.0,0,0.0,3,1,0,0,0,0,0,0,0,0,0,1,0,0,1,1,0,0,0,0,0,1,0,0,0,1,0,0,1,0,0,0
56,0,41.831901,-123.487478,1294,0,2,5.08,17,44.9,111.05,0.0,0,10.16,4,1,0,0,0,0,0,0,0,0,0,0,1,0,1,1,0,0,0,0,0,0,0,0,0,1,0,0,0,0,0,0
62,0,40.789799,-121.474529,397,1,3,0.0,4,29.8,94.4,0.0,0,0.0,3,1,0,0,1,0,1,0,0,0,0,1,0,0,1,1,0,0,0,1,0,0,0,0,0,1,0,0,0,1,0,0
54,0,41.962127,-122.527696,1026,0,13,10.66,5,71.95,923.85,10.47,0,138.58,3,0,0,0,0,0,0,0,0,0,1,0,1,0,1,1,0,0,1,0,0,0,1,1,1,1,0,0,1,0,0,0
44,0,40.648024,-123.465088,268,0,7,47.19,0,20.75,141.1,0.0,0,330.33,5,1,0,0,0,0,0,0,0,0,0,1,1,0,0,0,0,1,0,0,0,0,0,0,0,0,0,0,0,0,1,0
49,2,40.524535,-122.647172,911,5,12,17.27,29,56.3,628.65,0.0,0,207.24,3,1,0,0,1,1,1,0,0,0,1,0,1,0,1,0,0,0,0,0,0,0,1,0,0,1,0,0,1,0,1,0
40,1,40.913192,-123.06597,734,7,53,3.78,27,105.25,5576.3,0.0,0,200.34,3,1,0,0,1,1,1,0,1,0,0,0,1,1,1,0,1,0,0,1,1,0,1,1,1,1,1,0,1,0,0,0
48,2,40.883853,-122.418258,1236,4,63,10.67,0,19.55,1245.6,0.0,0,672.21,5,1,0,0,1,1,1,0,1,0,0,0,1,0,0,0,0,1,0,0,0,0,0,0,0,0,0,1,0,0,1,0
58,0,40.704293,-122.803899,1845,0,15,8.97,2,84.45,1287.85,0.0,0,134.55,3,0,0,0,0,0,0,0,0,0,1,0,1,0,1,0,0,0,1,1,1,1,1,1,1,1,0,0,0,0,1,0
40,1,41.280478,-121.160249,386,2,36,8.0,19,53.65,1939.35,0.0,0,288.0,4,1,0,0,1,1,1,0,0,0,0,0,1,0,1,0,0,0,1,1,0,0,0,0,0,1,1,0,0,1,0,0
51,1,41.10831,-121.360362,1554,8,24,30.41,0,19.7,452.55,0.0,0,729.84,4,0,0,0,1,1,1,0,0,0,0,0,1,0,0,0,0,1,0,0,0,0,0,0,0,0,0,1,0,1,0,0
59,0,41.251322,-122.105209,1586,0,61,0.0,8,43.7,2696.55,0.0,0,0.0,4,0,0,0,0,0,0,0,1,0,0,0,0,0,1,1,0,0,1,1,1,1,0,0,0,1,1,0,0,1,0,0
43,0,41.769709,-121.92063,816,0,16,5.79,4,55.3,875.35,0.0,0,92.64,5,1,0,0,0,0,0,0,0,0,0,0,1,1,1,1,0,0,0,1,0,0,0,0,0,1,0,0,0,0,0,0
55,1,40.426679,-121.850421,598,5,65,33.47,0,19.85,1267.05,0.0,0,2175.55,3,1,0,0,1,1,1,0,1,0,0,0,1,0,0,0,0,1,0,0,0,0,0,0,0,0,0,1,1,1,0,0
40,2,40.331975,-121.460674,78,4,26,12.71,0,19.65,494.9,0.0,0,330.46000000000004,4,0,0,0,1,1,1,0,0,0,0,0,1,0,0,0,0,1,0,0,0,0,0,0,0,0,0,1,0,1,0,0
29,0,40.531257,-122.148139,830,0,16,48.45,59,49.45,799.0,0.0,0,775.2,4,1,1,0,0,0,0,0,0,0,0,0,1,0,1,1,0,0,0,0,0,1,0,0,0,1,0,0,1,1,0,0
19,1,40.877552,-121.885884,431,0,5,29.15,0,20.45,106.9,0.0,0,145.75,3,1,1,0,0,1,0,0,0,0,0,1,1,0,0,0,0,1,0,0,0,0,0,0,0,0,0,1,0,1,0,0
19,0,41.33832,-122.290756,7309,0,19,0.0,59,39.7,710.05,0.0,110,0.0,5,0,1,0,0,0,0,0,0,0,0,0,0,0,1,1,0,0,0,1,0,0,0,1,1,0,0,0,1,0,0,0
29,0,41.082472,-121.195215,240,0,10,33.98,59,54.5,568.2,0.0,0,339.79999999999995,4,1,1,0,0,0,0,0,0,0,0,0,1,1,1,1,0,0,1,0,0,0,0,0,0,1,0,0,1,1,0,0
42,0,40.582399,-122.195512,4931,0,72,24.19,13,111.6,8012.75,0.0,0,1741.68,5,0,0,0,0,0,0,0,0,0,0,0,1,1,1,0,1,0,0,1,1,1,1,1,1,1,0,1,1,0,0,0
30,2,40.343213,-121.815412,433,6,10,5.74,59,55.55,551.3,0.0,0,57.400000000000006,5,0,0,0,1,1,1,0,0,0,0,0,1,0,1,1,0,0,0,1,1,0,0,0,0,1,0,0,1,1,0,0
34,0,40.367964,-122.937379,215,6,11,26.11,0,20.55,184.95,0.0,0,287.21,5,1,0,0,1,0,1,0,0,0,0,0,1,0,0,0,0,1,0,0,0,0,0,0,0,0,1,0,1,1,0,0
58,3,40.923558,-122.059933,459,10,17,32.27,28,62.1,1096.65,0.0,0,548.59,3,1,0,0,1,1,1,0,0,0,0,0,1,1,1,0,0,0,1,0,0,1,0,0,0,1,1,0,1,1,0,0
39,1,41.737962,-123.07557,88,4,36,43.7,26,104.5,3684.95,0.0,0,1573.2,3,0,0,0,1,1,1,0,0,0,0,0,1,1,1,0,1,0,1,0,1,0,1,1,1,1,0,0,1,1,0,0
21,2,40.497441,-121.827524,4231,3,61,12.72,48,84.9,5264.5,0.0,0,775.9200000000001,3,1,1,0,1,1,1,0,1,0,0,0,1,0,1,0,0,0,1,1,1,1,1,1,1,1,1,0,0,0,0,0
50,0,40.021787,-122.127576,405,0,22,46.5,17,93.2,2157.3,0.0,0,1023.0,4,1,0,0,0,0,0,0,0,0,0,0,1,0,1,0,1,0,0,1,0,0,1,1,1,1,0,0,1,1,0,0
40,0,41.081847,-122.700545,734,0,1,0.0,6,24.4,24.4,0.0,0,0.0,5,1,0,0,0,0,0,0,0,0,0,1,0,0,1,1,0,0,0,0,0,0,0,0,0,1,0,0,1,0,0,0
52,0,39.955164,-122.018567,439,0,6,30.54,27,70.55,433.95,0.0,0,183.24,3,0,0,0,0,0,0,0,0,0,0,1,1,0,1,0,1,0,0,0,0,0,0,0,0,1,0,0,0,1,0,0
61,1,41.465121,-122.380947,5896,7,68,6.28,16,85.0,5607.75,0.0,130,427.04,3,0,0,0,1,1,1,0,0,0,0,0,1,0,1,1,0,0,1,1,1,1,1,1,1,0,0,1,1,1,0,0
61,1,41.764869,-122.671316,9538,3,52,16.87,24,85.8,4433.3,0.0,0,877.24,3,0,0,0,1,1,1,0,1,0,0,0,1,0,1,0,1,0,0,1,1,1,0,0,0,1,0,0,0,0,0,0
43,3,41.468877,-120.54229,5096,0,10,42.93,52,91.1,964.35,0.0,0,429.3,3,0,0,0,0,1,0,0,0,0,0,0,1,0,1,0,1,0,0,0,1,1,1,0,0,1,0,0,1,0,0,0
39,2,41.505916,-120.152505,857,10,72,14.17,0,20.1,1460.85,0.0,0,1020.24,5,0,0,0,1,1,1,0,0,0,0,0,1,0,0,0,0,1,0,0,0,0,0,0,0,0,0,1,0,0,0,0
28,1,39.872961,-120.198876,650,9,47,6.51,0,20.05,951.55,0.0,0,305.97,5,1,1,0,1,1,1,0,1,0,0,0,1,0,0,0,0,1,0,0,0,0,0,0,0,0,1,0,0,1,0,0
57,1,39.745805,-120.580882,88,9,24,8.67,10,74.8,1821.2,0.0,0,208.08,4,1,0,0,1,1,1,0,0,0,0,0,1,1,1,0,0,0,1,0,0,0,1,1,1,1,1,0,0,1,0,0
50,0,38.42528,-119.475741,1332,0,65,45.87,0,24.8,1600.95,0.0,0,2981.55,4,1,0,0,0,0,0,0,1,0,0,0,1,1,0,0,0,1,0,0,0,0,0,0,0,0,1,0,0,1,0,0
31,0,41.750354,-120.403885,104,0,4,7.94,3,100.85,399.25,0.0,10,31.76,4,0,0,0,0,0,0,0,0,0,0,1,1,1,1,0,1,0,0,0,0,1,1,1,1,0,0,0,1,1,0,0
38,0,40.198234,-120.18089,946,0,34,2.82,2,105.1,3634.8,0.0,0,95.88,5,0,0,0,0,0,0,0,0,0,0,0,1,0,1,0,1,0,0,1,1,1,1,1,1,1,0,0,1,0,0,0
46,0,40.294034,-120.512622,3093,0,14,14.61,0,20.4,292.4,0.0,0,204.54,3,0,0,0,1,0,0,0,0,0,0,0,1,0,0,0,0,1,0,0,0,0,0,0,0,0,0,1,0,1,0,0
54,2,41.266008,-120.490731,277,7,13,4.26,0,20.0,218.55,0.0,0,55.38,3,1,0,0,1,1,1,0,0,0,0,0,1,0,0,0,0,1,0,0,0,0,0,0,0,0,1,0,0,1,0,0
42,1,40.507272,-120.338228,385,10,65,1.83,13,79.4,5071.9,0.0,0,118.95,4,0,0,0,1,1,1,0,1,0,0,0,1,1,1,0,0,0,0,1,0,1,1,1,1,1,0,1,1,0,0,0
59,2,39.637471,-120.226338,1822,4,23,37.86,30,57.2,1423.35,0.0,0,870.78,3,1,0,0,1,1,1,0,0,0,0,0,1,0,1,1,0,0,1,0,0,1,0,0,0,1,1,0,0,1,0,0
38,0,41.042003,-120.506086,85,9,55,6.63,23,58.6,3068.6,0.0,0,364.65,3,1,0,0,1,0,1,0,1,0,0,0,1,0,1,1,0,0,1,1,1,0,0,0,0,1,0,1,0,0,0,0
58,0,38.735789,-119.85798,957,8,49,36.3,9,94.8,4690.65,0.0,70,1778.6999999999998,4,1,0,0,1,0,1,0,1,0,0,0,1,0,1,0,1,0,0,1,0,0,1,1,1,0,0,1,1,0,0,0
48,0,40.181279,-120.392967,481,8,60,19.22,4,102.5,6157.6,0.0,0,1153.1999999999998,5,1,0,0,1,0,1,0,1,0,0,0,1,1,1,0,1,0,0,1,1,0,1,1,1,1,1,0,0,0,0,0
24,2,39.786755,-120.445626,4236,5,69,23.47,0,20.35,1442.65,0.0,0,1619.4299999999998,3,0,1,0,1,1,1,0,0,0,0,0,1,0,0,0,0,1,0,0,0,0,0,0,0,0,1,0,1,1,0,0
59,0,40.845738,-120.322219,61,0,40,17.83,27,84.9,3369.05,0.0,0,713.1999999999999,4,1,0,0,0,0,0,0,0,0,0,0,1,1,1,0,1,0,0,0,0,0,1,0,0,1,0,0,1,0,0,0
59,0,39.672813,-120.456699,322,0,67,47.46,20,69.2,4671.65,0.0,0,3179.82,3,1,0,0,1,0,0,0,0,0,0,0,1,0,1,1,0,0,1,1,0,1,0,1,1,1,0,1,1,1,0,0
56,3,40.346634,-120.386422,408,6,13,27.62,0,20.85,272.35,0.0,0,359.06,4,0,0,0,1,1,1,0,0,0,0,0,1,0,0,0,0,1,0,0,0,0,0,0,0,0,0,1,0,1,0,0
33,2,40.559177,-120.612113,19440,0,41,18.72,10,88.5,3645.05,0.0,0,767.52,3,0,0,0,0,1,0,0,0,0,0,0,1,1,1,0,1,0,0,1,0,0,1,0,0,1,0,0,1,0,0,0
46,0,41.027281,-120.669427,72,0,4,0.0,26,35.0,135.75,0.0,50,0.0,4,0,0,0,0,0,0,0,0,0,0,0,0,0,1,1,0,0,1,0,1,0,0,0,0,0,0,0,0,1,0,0
29,3,38.636052,-119.489162,116,7,24,27.37,85,55.15,1319.85,0.0,0,656.88,3,0,1,0,1,1,1,0,0,0,0,0,1,0,1,1,0,0,1,0,0,1,0,0,0,1,0,0,0,0,0,0
46,0,41.813521,-121.492666,2595,0,5,0.0,26,50.95,229.4,0.0,0,0.0,5,0,0,0,0,0,0,0,0,0,0,1,0,0,1,0,0,0,0,1,0,0,1,1,1,1,0,0,1,1,0,0
37,0,40.345949,-120.081187,162,0,5,44.78,29,64.0,370.25,0.0,0,223.9,5,0,0,0,0,0,0,0,0,0,0,0,1,1,1,0,0,0,0,1,0,0,0,1,1,1,0,0,1,0,0,0
39,3,39.227434,-120.091806,1943,7,72,49.12,23,80.2,5714.2,0.0,0,3536.64,4,0,0,0,1,1,1,0,0,0,0,0,1,1,1,1,0,0,1,1,1,1,1,0,0,1,0,1,0,0,0,0
34,0,39.117018,-120.212535,858,0,24,4.82,16,49.3,1233.25,0.0,0,115.68,5,0,0,0,0,0,0,0,0,0,0,0,1,0,1,1,0,0,0,0,1,0,0,0,0,1,0,0,1,1,0,0
25,0,39.061227,-120.179546,1291,4,42,9.84,52,84.35,3571.6,0.0,0,413.28,4,0,1,0,1,0,1,0,0,0,0,0,1,1,1,1,0,0,1,0,1,1,1,1,1,1,0,1,0,1,0,0
33,0,39.246654,-120.029273,4806,0,4,25.8,0,20.05,83.3,0.0,0,103.2,4,0,0,0,0,0,0,0,0,0,0,0,1,0,0,0,0,1,0,0,0,0,0,0,0,0,0,0,0,1,0,0
39,0,39.178337,-120.162806,4002,0,68,32.67,3,117.2,8035.95,0.0,0,2221.56,3,1,0,0,0,0,0,0,0,0,0,0,1,1,1,0,1,0,1,1,1,1,1,1,1,1,1,0,1,1,0,0
23,3,39.191797,-120.212401,942,3,33,28.4,0,20.1,579.4,0.0,0,937.2,3,0,1,0,1,1,1,0,0,0,0,0,1,0,0,0,0,1,0,0,0,0,0,0,0,0,1,0,0,1,0,0
49,3,33.964131,-118.272783,58198,2,3,19.18,22,80.0,241.3,0.0,0,57.54,3,0,0,0,1,1,1,0,0,0,0,0,1,0,1,0,1,0,0,1,0,1,0,0,0,1,0,0,1,0,0,0
44,1,34.076259,-118.310715,67852,5,48,8.94,27,79.65,3870.3,0.0,0,429.12,4,0,0,0,1,1,1,0,0,0,0,0,1,1,1,1,0,0,0,1,0,1,1,1,1,1,0,1,0,0,0,0
35,0,34.059281,-118.30742,43019,9,15,46.68,0,25.2,387.9,0.0,0,700.2,4,0,0,0,1,0,1,0,0,0,0,0,1,1,0,0,0,1,0,0,0,0,0,0,0,0,0,1,0,1,0,0
50,0,34.048013,-118.293953,62784,0,25,1.36,0,19.9,527.5,0.0,0,34.0,5,0,0,0,0,0,0,0,0,0,0,0,1,0,0,0,0,1,0,0,0,0,0,0,0,0,1,0,0,1,0,0
62,0,34.008293,-118.346766,30852,0,48,0.0,23,44.8,2104.55,0.0,0,0.0,3,0,0,0,0,0,0,0,0,0,0,0,0,0,1,0,0,0,1,1,0,0,1,0,0,1,0,0,1,0,0,0
29,0,34.062125,-118.315709,1957,0,1,10.84,0,20.3,20.3,0.0,0,10.84,4,1,1,0,0,0,0,0,0,0,0,0,1,0,0,0,0,1,0,0,0,0,0,0,0,0,0,0,0,1,0,0
22,0,34.00709,-118.258681,101215,0,1,26.37,0,19.2,19.2,0.0,0,26.37,4,1,1,0,0,0,0,0,0,0,0,0,1,0,0,0,0,1,0,0,0,0,0,0,0,0,0,0,0,0,0,0
48,0,34.065875,-118.238728,30596,0,37,9.61,11,80.05,3019.1,0.0,0,355.57,5,0,0,0,0,0,0,0,0,0,0,0,1,0,1,0,1,0,0,1,1,0,0,0,0,1,1,0,0,0,0,0
34,0,34.043144,-118.251977,3524,10,26,0.0,28,47.85,1190.5,0.0,80,0.0,4,0,0,0,1,0,1,0,0,0,0,0,0,0,1,0,0,0,1,1,1,0,1,0,0,0,1,0,0,0,0,0
59,0,34.039224,-118.266293,15140,6,63,46.99,13,70.8,4448.8,0.0,0,2960.3700000000003,3,1,0,0,1,0,1,0,0,0,0,0,1,0,1,0,0,0,1,1,0,1,1,0,0,1,1,0,0,1,0,0
40,0,34.049841,-118.33846,67520,9,64,49.39,0,25.55,1714.95,0.0,0,3160.96,4,0,0,0,1,0,1,0,0,0,0,0,1,1,0,0,0,1,0,0,0,0,0,0,0,0,0,1,0,1,0,0
27,3,34.029043,-118.239504,3012,0,28,26.09,0,20.25,535.35,0.0,0,730.52,5,0,1,0,0,1,0,0,0,0,0,0,1,0,0,0,0,1,0,0,0,0,0,0,0,0,0,0,0,1,0,0
32,0,34.02381,-118.156582,68701,0,1,7.11,26,75.55,75.55,0.0,0,7.11,5,0,0,0,0,0,0,0,0,0,0,0,1,0,1,0,1,0,0,0,1,0,0,0,0,1,0,0,0,0,0,0
36,0,34.046174,-118.446333,41175,1,66,25.83,24,95.3,6273.4,0.0,0,1704.78,4,1,0,0,1,0,1,0,0,0,0,0,1,1,1,0,1,0,0,1,1,0,0,1,1,1,1,0,0,0,0,0
20,0,34.078991,-118.263804,73686,0,1,10.05,51,70.25,70.25,0.0,10,10.05,4,0,1,0,0,0,0,0,0,0,0,0,1,0,1,0,1,0,0,0,0,0,0,0,0,0,0,0,1,0,0,0
42,0,34.127194,-118.295647,48727,4,18,35.96,17,50.3,908.75,0.0,0,647.28,3,0,0,0,1,0,1,0,0,0,1,0,1,0,1,1,0,0,0,0,0,1,0,0,0,1,0,0,1,1,0,0
56,1,34.089953,-118.294824,41713,5,10,15.51,0,19.85,198.5,0.0,0,155.1,3,1,0,0,1,1,1,0,0,0,0,0,1,0,0,0,0,1,0,0,0,0,0,0,0,0,0,1,0,1,0,0
44,3,34.078821,-118.177576,46960,0,12,17.23,0,19.35,212.3,0.0,0,206.76,5,1,0,0,0,1,0,0,0,0,1,0,1,0,0,0,0,1,0,0,0,0,0,0,0,0,0,1,0,0,0,0
37,0,34.030578,-118.399613,58218,0,12,2.29,0,25.0,316.2,0.0,0,27.48,4,1,0,0,0,0,0,0,0,0,1,0,1,1,0,0,0,1,0,0,0,0,0,0,0,0,0,0,0,0,0,0
62,1,34.051809,-118.383843,27799,3,55,3.18,0,20.3,1079.05,0.0,0,174.9,5,0,0,0,1,1,1,0,0,0,0,0,1,0,0,0,0,1,0,0,0,0,0,0,0,0,0,1,0,1,0,0
63,0,34.070291,-118.349191,32901,0,7,25.17,17,75.35,564.65,0.0,0,176.19,3,0,0,0,0,0,0,0,0,0,0,0,1,1,1,0,1,0,0,0,0,0,0,0,0,1,0,0,1,0,0,0
49,1,34.088017,-118.327168,32562,10,68,43.51,22,88.0,6161.9,0.0,40,2958.68,3,0,0,0,1,1,1,0,0,0,0,0,1,1,1,1,0,0,1,1,1,1,1,1,1,0,0,1,0,1,0,0
38,0,34.137412,-118.207607,27866,0,40,0.0,19,62.05,2511.55,0.0,0,0.0,3,1,0,0,0,0,0,0,0,0,0,0,0,0,1,0,0,0,1,1,1,0,1,1,1,1,1,0,0,1,0,0
23,0,34.11572,-118.192754,64672,0,16,47.25,0,20.1,318.6,0.0,0,756.0,3,0,1,0,0,0,0,0,0,0,1,0,1,0,0,0,0,1,0,0,0,0,0,0,0,0,1,0,0,0,0,0
49,0,33.952714,-118.292061,87383,6,72,46.1,23,101.35,7323.15,0.0,0,3319.2000000000003,4,0,0,0,1,0,1,1,0,0,0,0,1,1,1,0,1,0,0,1,1,0,1,1,1,1,1,0,1,0,0,0
32,1,34.108455,-118.362081,49839,1,23,18.91,0,20.9,454.0,0.0,0,434.93,3,1,0,0,1,1,1,0,0,0,1,0,1,0,0,0,0,1,0,0,0,0,0,0,0,0,0,1,0,1,0,0
44,0,34.001617,-118.222274,3642,1,12,44.6,20,85.05,999.8,0.0,0,535.2,3,1,0,0,1,0,1,0,0,0,1,0,1,0,1,0,1,0,0,1,0,0,0,1,1,1,0,0,1,1,0,0
52,0,33.927254,-118.249826,38128,0,54,0.0,21,44.1,2369.7,0.0,0,0.0,3,0,0,0,0,0,0,0,0,0,0,0,0,0,1,1,0,0,1,0,0,1,0,1,1,1,1,0,0,0,0,0
27,0,33.92128,-118.274186,24511,3,68,3.41,26,90.2,6297.65,0.0,0,231.88,4,0,1,0,1,0,1,1,0,0,0,0,1,1,1,0,1,0,0,1,1,1,0,0,0,1,0,1,0,1,0,0
53,0,34.037251,-118.423573,24505,0,27,15.09,28,53.45,1461.45,0.0,0,407.43,3,1,0,0,0,0,0,0,0,0,0,0,1,0,1,0,0,0,1,0,0,1,0,0,0,1,0,0,0,1,0,0
34,0,34.108833,-118.229715,47534,0,21,44.01,0,19.95,416.4,0.0,0,924.21,5,1,0,0,0,0,0,0,0,0,1,0,1,0,0,0,0,1,0,0,0,0,0,0,0,0,0,0,1,1,0,0
27,0,34.093781,-118.381061,20408,2,57,0.0,69,57.5,3265.95,0.0,150,0.0,4,1,1,0,1,0,1,0,0,0,0,0,0,0,1,1,0,0,0,1,1,1,1,1,1,0,0,1,1,0,0,0
25,0,34.102084,-118.451629,10470,0,19,34.68,0,19.65,358.15,0.0,0,658.92,5,1,1,0,0,0,0,0,0,0,1,0,1,0,0,0,0,1,0,0,0,0,0,0,0,0,0,1,0,1,0,0
27,0,33.970343,-118.171368,105285,2,31,36.69,52,93.8,2939.8,0.0,0,1137.39,4,1,1,0,1,0,1,0,0,0,0,0,1,0,1,0,1,0,0,0,1,0,1,1,1,1,1,0,1,0,0,0
34,0,34.099891,-118.414338,21397,0,52,6.8,30,89.25,4652.4,0.0,0,353.6,3,1,0,0,0,0,0,0,0,0,0,0,1,1,1,1,0,0,1,1,1,1,1,1,1,1,0,1,1,1,0,0
55,0,34.063947,-118.383001,8321,0,46,33.18,3,94.15,4408.45,0.0,0,1526.28,5,0,0,0,0,0,0,0,0,0,0,0,1,1,1,0,1,0,0,1,1,0,0,1,1,1,1,0,1,0,0,0
40,3,33.88151,-118.234451,47305,5,53,0.0,25,48.7,2495.2,0.0,0,0.0,4,0,0,0,1,1,1,0,0,0,0,0,0,0,1,0,0,0,1,1,1,0,0,1,1,1,0,0,1,0,0,0
34,1,33.956228,-118.120993,24908,4,71,12.22,0,19.9,1389.35,0.0,0,867.62,4,0,0,0,1,1,1,1,0,0,0,0,1,0,0,0,0,1,0,0,0,0,0,0,0,0,0,1,0,0,0,0
58,2,33.940884,-118.128628,40152,6,1,48.79,0,19.4,19.4,0.0,0,48.79,5,0,0,0,1,1,1,0,0,0,0,0,1,0,0,0,0,1,0,0,0,0,0,0,0,0,0,0,1,1,0,0
19,0,33.921793,-118.140588,42459,4,68,25.19,0,25.05,1629.2,0.0,0,1712.92,5,1,1,0,1,0,1,1,0,0,0,0,1,1,0,0,0,1,0,0,0,0,0,0,0,0,0,1,0,1,0,0
35,0,33.917145,-118.401554,16041,8,72,35.06,26,84.45,6033.1,0.0,0,2524.32,3,1,0,0,1,0,1,1,0,0,0,0,1,0,1,1,0,0,1,1,1,1,1,1,1,1,0,1,0,1,0,0
34,0,33.890853,-118.297967,47758,0,2,49.91,0,19.3,44.4,0.0,0,99.82,3,0,0,0,0,0,0,0,0,0,0,0,1,0,0,0,0,1,0,0,0,0,0,0,0,0,0,0,0,1,0,0
57,0,33.90139,-118.315697,26442,0,41,38.21,5,79.85,3320.75,0.0,0,1566.61,4,0,0,0,0,0,0,0,0,0,0,0,1,0,1,1,0,0,1,0,1,1,1,1,1,1,1,0,1,0,0,0
53,3,33.914775,-118.348083,93315,4,72,36.82,0,25.55,1867.7,0.0,0,2651.04,4,1,0,0,1,1,1,1,0,0,0,0,1,1,0,0,0,1,0,0,0,0,0,0,0,0,0,1,0,1,0,0
24,0,33.923573,-118.200669,69850,8,58,26.99,53,68.4,3972.25,0.0,0,1565.4199999999998,3,0,1,0,1,0,1,0,0,0,0,0,1,1,1,0,0,0,1,0,0,1,0,1,1,1,1,0,1,0,0,0
55,0,34.037037,-118.705803,11,0,7,15.54,0,20.65,155.9,0.0,0,108.78,5,0,0,0,0,0,0,0,0,0,0,0,1,0,0,0,0,1,0,0,0,0,0,0,0,0,0,0,0,1,0,0
63,0,34.074572,-118.831181,19630,7,65,19.99,26,55.15,3673.15,0.0,0,1299.35,3,0,0,0,1,0,1,0,0,0,0,0,1,0,1,1,0,0,1,0,1,0,0,0,0,1,0,0,1,1,0,0
31,0,33.889632,-118.39737,33758,0,1,36.12,14,70.6,70.6,0.0,0,36.12,3,1,0,0,0,0,0,0,0,0,0,0,1,0,1,0,1,0,0,0,0,0,0,0,0,1,0,0,1,1,0,0
29,0,33.988572,-118.186565,28094,0,56,48.87,0,19.95,1126.75,0.0,0,2736.72,5,1,1,0,1,0,0,0,0,0,0,0,1,0,0,0,0,1,0,0,0,0,0,0,0,0,1,0,0,1,0,0
21,0,34.079449,-118.548306,22548,0,4,8.38,0,19.0,73.45,0.0,0,33.52,5,1,1,0,0,0,0,0,0,0,0,0,1,0,0,0,0,1,0,0,0,0,0,0,0,0,0,0,0,1,0,0
44,3,33.788208,-118.404955,24979,7,58,22.65,25,44.1,2413.05,0.0,150,1313.6999999999998,4,0,0,0,1,1,1,0,0,0,0,0,1,0,1,0,0,0,0,0,0,0,0,0,0,0,1,0,1,1,0,0
54,0,33.753146,-118.367459,41263,8,62,34.62,28,107.6,6912.7,0.0,0,2146.44,4,1,0,0,1,0,1,0,0,0,0,0,1,1,1,0,1,0,0,0,1,1,1,1,1,1,0,1,1,0,0,0
23,0,33.830453,-118.384565,34191,0,26,38.04,73,61.55,1581.95,0.0,0,989.04,3,1,1,0,0,0,0,0,0,0,0,0,1,1,1,1,0,0,1,1,0,0,0,0,0,1,1,0,0,0,0,0
44,0,33.873395,-118.37019,37322,0,62,18.9,2,90.7,5586.45,0.0,0,1171.8,3,1,0,0,0,0,0,0,0,0,0,0,1,1,1,0,1,0,1,1,1,0,0,0,0,1,0,0,0,0,0,0
20,2,33.944624,-118.192615,96267,9,58,39.05,76,99.25,5846.65,0.0,0,2264.9,3,0,1,0,1,1,1,0,0,0,0,0,1,0,1,0,1,0,1,1,0,0,1,1,1,1,1,0,0,1,0,0
45,0,34.115192,-118.61017,5451,10,68,15.65,5,91.7,6424.7,0.0,0,1064.2,3,0,0,0,1,0,1,1,0,0,0,0,1,1,1,1,0,0,1,1,1,1,1,1,1,1,0,1,1,0,0,0
60,1,33.991782,-118.479229,31021,5,61,18.26,19,100.7,6018.65,0.0,90,1113.86,3,0,0,0,1,1,1,0,1,0,0,0,1,1,1,0,1,0,1,1,1,0,0,1,1,0,1,0,1,1,0,0
56,0,33.977468,-118.445475,18058,0,42,20.27,15,78.45,3373.4,0.0,0,851.34,4,0,0,0,0,0,0,0,1,0,0,0,1,1,1,1,0,0,0,0,1,1,1,1,1,1,0,1,1,1,0,0
19,0,33.947305,-118.439841,11264,0,18,2.26,73,84.3,1537.9,0.0,0,40.67999999999999,3,1,1,0,0,0,0,0,0,0,1,0,1,1,1,0,1,0,0,0,0,0,1,0,0,1,0,0,0,0,0,0
57,0,33.956445,-118.358634,37527,0,56,13.89,0,19.55,1080.55,0.0,0,777.84,5,0,0,0,0,0,0,0,1,0,0,0,1,0,0,0,0,1,0,0,0,0,0,0,0,0,0,1,1,0,0,0
31,0,33.936291,-118.332639,27778,0,4,3.05,0,20.45,82.85,0.0,0,12.2,5,0,0,0,0,0,0,0,0,0,0,0,1,0,0,0,0,1,0,0,0,0,0,0,0,0,0,0,0,1,0,0
46,3,33.936827,-118.359824,28680,0,35,12.56,56,55.6,2016.45,0.0,0,439.6,3,0,0,0,0,1,0,0,0,0,0,0,1,0,1,1,0,0,1,1,0,0,0,0,0,1,1,0,0,1,0,0
31,2,33.958134,-118.330905,13779,0,64,27.74,12,86.8,5327.25,0.0,0,1775.36,3,0,0,0,1,1,0,0,1,0,0,0,1,1,1,0,1,0,1,0,0,1,0,0,0,1,0,0,1,0,0,0
23,0,34.015481,-118.493231,5221,0,31,31.79,0,20.95,683.25,0.0,0,985.49,4,0,1,0,0,0,0,0,0,0,0,0,1,0,0,0,0,1,0,0,0,0,0,0,0,0,1,0,0,0,1,0
49,4,33.833181,-118.292062,17058,8,2,42.55,53,59.5,130.5,0.0,0,85.1,4,1,0,0,1,1,1,0,0,0,0,1,1,0,1,1,0,0,1,1,0,1,0,0,0,1,0,1,0,0,1,0
32,2,33.840399,-118.353714,41979,1,29,33.62,13,87.8,2621.75,0.0,0,974.98,4,0,0,0,1,1,1,0,0,0,0,0,1,0,1,0,1,0,0,0,0,0,1,1,1,1,0,0,1,1,0,0
54,0,33.867257,-118.330794,31678,0,47,0.0,23,41.9,1875.25,0.0,0,0.0,3,0,0,0,0,0,0,0,1,0,0,0,0,0,1,0,0,0,1,0,1,1,0,0,0,1,0,1,0,1,0,0
41,1,34.007353,-118.033683,32050,0,12,27.07,29,69.85,837.5,0.0,0,324.84000000000003,3,1,0,0,0,1,0,0,0,0,1,0,1,0,1,0,0,0,1,0,0,0,1,1,1,1,0,0,1,0,1,0
24,1,33.972119,-118.020188,26265,10,8,31.86,59,56.3,401.5,0.0,30,254.88,5,0,1,0,1,1,1,0,0,0,0,0,1,0,1,0,0,0,0,1,0,1,0,0,0,0,0,0,0,0,0,0
35,0,33.945318,-117.992066,19109,9,54,49.9,29,109.55,6118.95,0.0,0,2694.6,4,1,0,0,1,0,1,0,1,0,0,0,1,1,1,0,1,0,1,1,1,0,1,1,1,1,0,0,0,0,0,0
56,3,33.929704,-118.01208,37887,2,69,20.32,56,92.15,6480.9,0.0,0,1402.08,3,1,0,0,1,1,1,1,0,0,0,0,1,0,1,0,1,0,0,1,0,1,1,0,0,1,0,1,1,0,1,0
54,0,33.960891,-118.032222,38181,0,26,25.4,10,69.5,1800.05,0.0,0,660.4,4,0,0,0,0,0,0,0,0,1,0,0,1,1,1,1,0,0,1,1,0,0,1,0,0,1,0,0,1,0,0,0
27,0,33.976678,-118.065875,32148,1,72,38.79,42,97.0,7104.2,0.0,0,2792.88,4,0,1,0,1,0,1,1,0,0,0,0,1,1,1,0,1,0,1,1,1,1,0,0,0,1,0,1,1,0,0,0
54,0,33.845706,-118.012204,44442,0,70,0.0,13,58.35,4214.25,0.0,0,0.0,3,0,0,0,0,0,0,1,0,0,0,0,0,0,1,1,0,0,1,0,1,1,1,1,1,1,0,1,1,0,0,0
56,2,33.818477,-118.038307,47344,6,28,12.94,24,70.4,1992.2,0.0,0,362.32,3,0,0,0,1,1,1,0,0,1,0,0,1,0,1,0,1,0,0,0,0,0,0,0,0,1,1,0,1,0,0,0
60,0,33.902045,-118.008961,47568,6,21,27.66,8,94.3,1948.35,0.0,30,580.86,3,0,0,0,1,0,1,0,0,0,1,0,1,1,1,0,1,0,0,0,0,0,1,1,1,0,0,0,1,0,0,0
49,1,33.905963,-118.08263,103214,10,53,30.31,0,19.55,1007.9,0.0,0,1606.4299999999998,5,0,0,0,1,1,1,0,1,0,0,0,1,0,0,0,0,1,0,0,0,0,0,0,0,0,1,0,0,0,0,0
38,3,33.989524,-118.089299,63288,0,53,33.74,56,95.95,5036.9,0.0,0,1788.22,3,1,0,0,0,1,0,0,1,0,0,0,1,0,1,0,1,0,1,1,1,0,0,1,1,1,1,0,0,0,0,0
30,0,33.801869,-117.995068,29694,7,70,26.47,59,94.8,6859.05,0.0,0,1852.9,3,0,0,0,1,0,1,1,0,0,0,0,1,1,1,1,0,0,1,1,1,1,1,1,1,1,0,1,1,1,0,0
30,0,33.867593,-118.080637,16398,0,61,42.4,71,107.75,6521.9,0.0,0,2586.4,3,1,0,0,0,0,0,0,1,0,0,0,1,1,1,0,1,0,1,1,1,0,1,1,1,1,1,0,1,0,0,0
21,0,33.8681,-118.067402,51556,0,11,1.16,41,54.6,617.85,0.0,0,12.76,4,0,1,0,0,0,0,0,0,0,1,0,1,0,1,1,0,0,1,0,0,1,0,0,0,1,1,0,1,0,1,0
53,0,33.391181,-118.421305,3699,0,2,6.74,3,71.3,157.75,0.0,0,13.48,3,1,0,0,0,0,0,0,0,0,0,1,1,0,1,0,1,0,0,0,0,0,0,0,0,1,0,0,1,1,0,0
29,0,33.887676,-118.127289,72893,0,25,3.58,0,19.5,516.3,0.0,0,89.5,4,1,1,0,0,0,0,0,0,1,0,0,1,0,0,0,0,1,0,0,0,0,0,0,0,0,1,0,1,0,0,0
40,0,33.798266,-118.300237,24660,0,41,36.47,8,56.3,2364.0,0.0,0,1495.27,5,0,0,0,0,0,0,0,1,0,0,0,1,1,1,1,0,0,0,1,0,0,0,0,0,1,1,0,1,1,0,0
43,3,33.841027,-118.078097,20890,10,71,41.71,20,90.55,6239.05,0.0,0,2961.41,4,0,0,0,1,1,1,1,0,0,0,0,1,1,1,0,0,0,1,1,1,1,1,1,1,1,0,1,1,1,0,0
34,1,33.830431,-118.074071,14852,7,34,49.58,16,60.8,2042.05,0.0,0,1685.72,4,0,0,0,1,1,1,0,0,1,0,0,1,0,1,0,0,0,1,1,1,0,0,0,0,1,1,0,1,0,1,0
62,0,33.794209,-118.317354,21065,0,29,48.2,19,98.8,2807.1,0.0,0,1397.8000000000002,5,1,0,0,0,0,0,0,0,1,0,0,1,0,1,0,1,0,0,0,1,1,1,1,1,1,0,0,1,1,0,0
37,0,33.897122,-118.164432,55306,7,36,0.0,23,35.35,1317.95,0.0,0,0.0,4,1,0,0,1,0,1,0,0,1,0,0,0,0,1,0,0,0,1,0,1,0,0,0,0,1,1,0,0,0,1,0
41,0,33.736387,-118.284363,58639,3,46,33.22,29,103.15,4594.65,0.0,130,1528.12,3,0,0,0,1,0,1,0,1,0,0,0,1,1,1,0,1,0,0,1,0,1,1,1,1,0,1,0,1,0,0,0
51,0,33.744119,-118.31448,21279,0,58,46.7,19,107.75,6332.75,0.0,0,2708.6000000000004,3,0,0,0,0,0,0,0,1,0,0,0,1,1,1,0,1,0,1,1,1,0,1,1,1,1,1,0,1,0,0,0
54,0,33.75462,-118.071128,24180,0,39,36.93,12,81.4,3213.75,0.0,0,1440.27,4,1,0,0,0,0,0,0,0,1,0,0,1,1,1,0,1,0,0,1,0,0,0,0,0,1,1,0,0,1,0,0
53,3,33.728273,-118.085304,174,8,52,8.16,20,95.7,4976.15,0.0,0,424.32,3,0,0,0,1,1,1,0,1,0,0,0,1,1,1,0,1,0,0,1,1,0,1,0,0,1,1,0,1,1,0,0
61,0,33.859171,-118.252272,25566,0,1,13.63,13,44.95,44.95,0.0,0,13.63,5,1,0,0,0,0,0,0,0,0,0,1,1,0,1,1,0,0,0,0,0,0,0,0,0,1,0,0,1,0,1,0
21,0,33.752524,-118.210737,38427,9,70,16.66,26,97.65,6982.5,0.0,80,1166.2,4,0,1,0,1,0,1,1,0,0,0,0,1,1,1,0,1,0,0,0,1,0,1,1,1,0,1,0,1,0,0,0
21,0,33.864622,-118.179626,91664,0,67,8.71,41,85.25,5714.2,1.31,0,583.57,4,0,1,0,0,0,0,1,0,0,0,0,1,1,1,1,0,0,1,0,1,1,1,1,1,1,0,1,1,0,1,0
57,0,33.802664,-118.179971,49647,0,1,33.02,0,19.5,19.5,0.0,0,33.02,4,0,0,0,0,0,0,0,0,0,0,1,1,0,0,0,0,1,0,0,0,0,0,0,0,0,0,0,1,1,0,0
39,2,33.823943,-118.111335,37417,6,30,47.21,0,25.1,789.55,15.41,0,1416.3,3,0,0,0,1,1,1,0,0,1,0,0,1,1,0,0,0,1,0,0,0,0,0,0,0,0,0,1,1,1,0,0
58,0,33.819814,-118.222416,35656,3,48,1.02,2,100.05,4834.0,37.45,0,48.96,5,0,0,0,1,0,1,0,1,0,0,0,1,0,1,0,1,0,0,0,1,1,1,1,1,1,0,0,1,1,0,0
49,2,33.781086,-118.199049,63136,9,55,36.41,14,55.7,3131.8,34.16,0,2002.55,3,0,0,0,1,1,1,0,1,0,0,0,1,0,1,1,0,0,1,1,0,0,0,0,0,1,0,0,0,0,0,0
29,0,33.797638,-118.11662,38902,0,37,12.69,69,91.15,3369.25,17.5,50,469.53,3,1,1,0,0,0,0,0,0,1,0,0,1,1,1,0,1,0,1,0,0,0,1,0,0,0,0,0,1,0,0,0
64,0,33.778436,-118.118648,425,1,31,12.03,9,83.85,2674.15,11.37,0,372.93,3,0,0,0,1,0,1,0,0,1,0,0,1,0,1,0,1,0,0,1,0,0,0,1,1,1,0,0,1,0,0,0
46,0,34.196837,-118.142236,36243,0,4,33.93,20,45.9,199.75,0.0,0,135.72,3,1,0,0,0,0,0,0,0,0,0,1,1,0,1,0,0,0,0,0,0,0,0,0,0,1,0,0,1,0,0,0
49,2,34.137319,-118.029837,30028,7,72,27.93,0,25.1,1790.8,46.81,0,2010.96,3,1,0,0,1,1,1,1,0,0,0,0,1,1,0,0,0,1,0,0,0,0,0,0,0,0,0,1,1,1,0,0
37,3,34.145695,-117.95982,27414,2,1,34.28,0,19.7,19.7,0.0,0,34.28,5,1,0,0,1,1,1,0,0,0,0,0,1,0,0,0,0,1,0,0,0,0,0,0,0,0,0,0,0,1,0,0
47,1,34.1528,-118.000482,41067,7,8,10.36,20,51.3,411.6,15.02,0,82.88,4,1,0,0,1,1,1,0,0,0,0,0,1,0,1,1,0,0,1,0,0,0,0,0,0,1,0,0,1,1,0,0
61,0,34.2112,-118.230625,7527,0,35,23.77,0,21.1,741.0,14.23,0,831.9499999999999,4,0,0,0,0,0,0,0,0,1,0,0,1,0,0,0,0,1,0,0,0,0,0,0,0,0,1,0,0,1,0,0
57,2,34.296574,-118.244839,26753,2,2,35.42,0,20.3,31.9,0.0,0,70.84,3,0,0,0,1,1,1,0,0,0,0,0,1,0,0,0,0,1,0,0,0,0,0,0,0,0,1,0,0,1,0,0
43,0,34.167465,-118.165327,27891,0,18,11.36,13,74.15,1345.75,0.0,0,204.48,4,0,0,0,0,0,0,0,0,0,1,0,1,1,1,0,1,0,0,0,0,0,0,0,0,1,0,0,1,0,0,0
43,0,34.165383,-118.123752,38460,0,23,48.88,12,78.55,1843.05,19.63,0,1124.24,3,0,0,0,0,0,0,0,0,0,0,0,1,1,1,1,0,0,1,0,1,0,1,1,1,1,1,0,1,0,0,0
30,0,34.139402,-118.128658,23742,9,70,3.51,0,19.85,1433.8,45.47,0,245.7,5,1,0,0,1,0,1,1,0,0,0,0,1,0,0,0,0,1,0,0,0,0,0,0,0,0,0,1,0,1,0,0
24,0,34.159007,-118.087353,32369,0,4,16.25,51,50.7,214.55,39.92,0,65.0,4,0,1,0,0,0,0,0,0,0,0,0,1,1,1,1,0,0,0,0,0,0,0,0,0,1,0,0,0,0,0,0
53,0,34.122671,-118.112911,13158,0,19,29.52,5,45.0,865.85,22.55,0,560.88,3,1,0,0,0,0,0,0,0,0,0,0,1,0,1,1,0,0,0,0,0,0,0,0,0,1,0,0,1,0,0,0
61,0,34.17051,-118.289463,23981,0,18,19.93,26,77.8,1358.6,29.76,0,358.74,5,0,0,0,0,0,0,0,0,0,0,0,1,0,1,0,1,0,0,1,1,0,0,0,0,1,0,0,0,0,0,0
51,0,34.136306,-118.26036,17015,0,47,40.25,20,94.8,4535.85,3.34,0,1891.75,4,1,0,0,0,0,0,0,1,0,0,0,1,1,1,0,1,0,1,1,0,0,1,0,0,1,1,0,0,0,0,0
22,1,34.13658,-118.245839,41390,10,52,2.44,0,20.1,1078.75,17.05,0,126.88,4,0,1,0,1,1,1,0,0,0,0,0,1,0,0,0,0,1,0,0,0,0,0,0,0,0,0,1,0,0,0,0
46,0,34.162515,-118.203869,31297,0,9,10.69,10,59.9,542.4,38.33,10,96.21,5,1,0,0,0,0,0,0,0,0,0,0,1,1,1,0,0,0,0,0,0,0,0,1,1,0,0,0,0,1,0,0
46,0,34.182378,-118.262922,9864,1,26,25.63,19,90.1,2312.55,47.79,0,666.38,3,0,0,0,1,0,1,0,0,1,0,0,1,1,1,1,0,0,1,1,1,1,1,1,1,1,1,0,1,1,0,0
19,0,34.239636,-118.245259,29110,1,44,29.61,48,70.95,3250.45,24.92,0,1302.84,5,1,1,0,1,0,1,0,0,0,0,0,1,0,1,1,0,0,0,1,1,1,1,0,0,1,1,0,1,0,0,0
34,0,34.129058,-118.759788,25303,0,3,0.0,22,29.2,98.5,0.0,0,0.0,4,0,0,0,0,0,0,0,0,0,0,0,0,0,1,1,0,0,0,1,0,0,0,0,0,1,0,0,0,1,0,0
45,0,34.130861,-118.68346,23661,0,2,1.87,12,46.6,87.9,0.0,0,3.74,4,1,0,0,0,0,0,0,0,0,0,0,1,0,1,1,0,0,0,0,0,0,0,0,0,1,0,0,1,0,0,0
53,0,34.209532,-118.577563,43857,0,25,17.3,26,74.3,1952.25,40.54,0,432.5,4,1,0,0,0,0,0,0,0,1,0,0,1,0,1,0,1,0,1,0,0,0,0,0,0,1,0,0,0,0,0,0
49,0,34.172071,-118.946262,37779,1,58,21.38,26,94.3,5610.15,5.55,150,1240.04,3,0,0,0,1,0,1,0,0,0,0,0,1,1,1,0,1,0,0,1,1,0,0,1,1,0,1,0,1,0,0,0
33,1,34.370378,-118.504118,30742,0,59,13.27,15,76.45,4519.5,30.22,0,782.93,4,0,0,0,1,1,0,0,0,0,0,0,1,1,1,1,0,0,1,0,1,1,1,0,0,1,0,1,1,1,0,0
55,0,34.238208,-118.55029,25751,0,44,0.0,17,54.0,2440.25,5.47,0,0.0,3,1,0,0,0,0,0,0,0,0,0,0,0,0,1,0,0,0,1,0,1,0,1,1,1,1,1,0,1,0,0,0
43,0,34.236683,-118.517588,32307,0,66,33.02,6,104.25,6860.6,44.0,0,2179.32,4,1,0,0,0,0,0,1,0,0,0,0,1,1,1,0,1,0,0,1,0,1,1,1,1,1,1,0,1,0,0,0
45,3,34.281911,-118.556218,28067,1,68,35.89,0,19.95,1377.7,28.98,0,2440.52,3,1,0,0,1,1,1,1,0,0,0,0,1,0,0,0,0,1,0,0,0,0,0,0,0,0,0,1,0,0,0,0
61,0,34.255442,-118.421314,97318,0,9,0.0,7,24.95,190.25,0.0,0,0.0,5,1,0,0,0,0,0,0,0,0,0,0,0,0,1,1,0,0,0,0,0,0,0,0,0,1,0,0,1,0,0,0
29,0,34.200175,-118.540958,68018,0,19,11.42,41,84.75,1651.95,49.38,0,216.98,4,1,1,0,0,0,0,0,0,0,0,0,1,1,1,0,1,0,1,0,1,0,0,0,0,1,0,0,1,0,0,0
20,0,34.286131,-118.435969,33389,0,4,41.94,0,19.75,78.3,0.0,0,167.76,3,1,1,0,0,0,0,0,0,0,0,0,1,0,0,0,0,1,0,0,0,0,0,0,0,0,0,0,0,1,0,0
28,0,34.321621,-118.399841,81986,0,70,17.32,30,113.65,7939.25,0.0,0,1212.4,4,0,1,0,0,0,0,1,0,0,0,0,1,1,1,0,1,0,1,1,1,1,1,1,1,1,0,1,1,0,0,0
44,0,34.238802,-118.482296,57017,0,1,15.76,13,44.9,44.9,0.0,0,15.76,3,1,0,0,0,0,0,0,0,0,0,1,1,0,1,1,0,0,0,0,0,0,0,0,0,1,0,0,1,1,0,0
51,0,34.291273,-118.505104,48867,0,8,18.82,3,75.25,576.7,0.0,0,150.56,4,0,0,0,0,0,0,0,0,0,0,0,1,1,1,0,1,0,0,0,0,0,0,0,0,1,0,0,1,0,0,0
24,0,34.266389,-118.459744,17112,0,53,34.16,0,24.6,1279.0,37.68,0,1810.48,5,1,1,0,0,0,0,0,0,0,0,0,1,1,0,0,0,1,0,0,0,0,0,0,0,0,0,1,0,1,0,0
33,2,34.422519,-118.420717,59259,1,11,15.73,0,20.95,267.35,18.17,0,173.03,3,1,0,0,1,1,1,0,0,0,0,0,1,0,0,0,0,1,0,0,0,0,0,0,0,0,0,0,0,0,0,0
48,3,34.231053,-118.338307,46639,1,60,40.36,76,110.6,6586.85,36.38,80,2421.6,3,1,0,0,1,1,1,0,0,0,0,0,1,1,1,0,1,0,1,0,1,1,1,1,1,0,0,1,1,0,0,0
64,0,34.457005,-118.573726,17846,0,17,33.68,14,55.5,934.15,0.0,0,572.56,4,1,0,0,0,0,0,0,0,0,0,0,1,0,1,1,0,0,1,1,0,0,0,0,0,1,0,0,1,1,0,0
34,0,34.214054,-118.88109,42526,0,1,29.15,0,19.45,19.45,0.0,0,29.15,3,1,0,0,0,0,0,0,0,0,0,1,1,0,0,0,0,1,0,0,0,0,0,0,0,0,0,0,0,1,0,0
48,0,34.191842,-118.822796,33057,1,16,46.86,0,19.6,314.45,26.83,0,749.76,3,0,0,0,1,0,1,0,0,0,0,0,1,0,0,0,0,1,0,0,0,0,0,0,0,0,0,0,0,1,0,0
33,2,34.153733,-118.593408,25988,1,57,17.01,11,53.45,3053.0,0.0,0,969.57,3,0,0,0,1,1,1,0,0,0,0,0,1,0,1,1,0,0,1,1,0,0,0,0,0,1,1,0,0,0,0,0
31,1,34.178068,-118.615714,36123,1,37,43.68,0,19.8,677.05,29.21,0,1616.16,4,1,0,0,1,1,1,0,0,0,0,0,1,0,0,0,0,1,0,0,0,0,0,0,0,0,1,0,0,1,0,0
56,0,34.19225,-118.776874,14814,1,72,4.56,18,112.1,7965.95,18.88,0,328.32,4,0,0,0,1,0,1,0,0,0,0,0,1,1,1,0,1,0,1,1,1,1,1,1,1,1,0,1,0,1,0,0
53,0,34.195685,-118.490752,50047,0,17,5.49,14,69.0,1108.0,33.67,0,93.33,5,0,0,0,0,0,0,0,0,0,0,0,1,1,1,1,0,0,0,0,1,1,1,0,0,1,0,0,1,1,0,0
63,0,34.17847,-118.459472,23646,0,16,40.95,0,19.35,295.55,0.0,0,655.2,5,0,0,0,0,0,0,0,0,0,0,0,1,0,0,0,0,1,0,0,0,0,0,0,0,0,1,0,0,1,0,0
57,0,34.152875,-118.486056,13129,0,10,2.84,0,19.8,198.25,0.0,0,28.4,3,0,0,0,0,0,0,0,0,0,0,0,1,0,0,0,0,1,0,0,0,0,0,0,0,0,1,0,1,1,0,0
53,1,34.177267,-118.31003,11517,1,64,13.73,12,109.2,6741.15,17.3,0,878.72,4,1,0,0,1,1,1,0,0,0,0,0,1,1,1,0,1,0,0,1,1,1,1,1,1,1,0,1,1,1,0,0
33,0,34.213049,-118.317651,25882,0,1,18.0,23,79.15,79.15,0.0,60,18.0,4,0,0,0,0,0,0,0,0,0,0,1,1,1,1,0,1,0,0,1,0,0,0,0,0,0,0,0,1,1,0,0
63,3,34.174215,-118.345928,29245,1,25,36.17,53,53.65,1355.45,0.0,0,904.25,5,1,0,0,1,1,1,0,0,0,0,0,1,0,1,1,0,0,0,1,1,0,0,0,0,1,1,0,0,1,0,0
22,1,34.169706,-118.323548,18539,1,71,33.69,27,100.2,7209.0,0.0,0,2391.99,3,1,1,0,1,1,1,0,0,0,0,0,1,0,1,0,1,0,1,1,1,1,1,0,0,1,0,1,0,1,0,0
63,1,34.15136,-118.364786,16996,1,72,14.46,29,108.65,7726.35,0.0,0,1041.12,4,0,0,0,1,1,1,0,0,0,0,0,1,0,1,0,1,0,1,1,1,1,1,1,1,1,0,1,1,0,0,0
57,0,34.139082,-118.39275,26157,6,49,0.0,11,40.65,2070.75,0.0,0,0.0,4,0,0,0,1,0,1,0,0,0,0,0,0,0,1,0,0,0,1,0,0,0,1,0,0,1,0,0,0,0,0,0
62,3,34.207295,-118.400022,57146,6,29,0.0,57,55.35,1636.95,0.0,0,0.0,3,1,0,0,1,1,1,0,0,0,0,0,0,0,1,1,0,0,1,1,1,1,0,1,1,1,1,0,1,1,0,0
59,0,34.187599,-118.387125,45358,5,72,6.15,5,105.6,7581.5,0.0,0,442.8,3,1,0,0,1,0,1,0,0,0,0,0,1,1,1,0,1,0,1,1,1,1,0,1,1,1,0,1,0,0,0,0
42,0,34.132275,-117.611478,39064,0,50,49.14,6,95.7,4729.75,0.0,140,2457.0,4,0,0,0,0,0,0,0,0,0,0,0,1,1,1,0,1,0,0,0,0,0,1,1,1,0,0,0,1,0,0,0
47,0,34.174493,-117.87068,57775,6,71,35.09,12,83.2,6126.1,0.0,0,2491.3900000000003,3,1,0,0,1,0,1,0,0,0,0,0,1,1,1,1,0,0,1,0,1,1,1,1,1,1,0,1,0,0,0,0
47,0,33.942895,-117.725644,66754,0,71,16.57,5,97.65,6687.85,0.0,0,1176.47,3,1,0,0,0,0,0,0,0,0,0,0,1,1,1,0,1,0,1,0,0,1,0,1,1,1,1,0,0,1,0,0
23,2,33.990646,-117.663025,75319,2,61,42.31,59,68.05,4158.25,0.0,0,2580.9100000000003,4,1,1,0,1,1,1,0,0,0,0,0,1,0,1,1,0,0,1,1,1,1,0,0,0,1,0,1,1,0,0,0
40,0,34.084747,-117.886844,17554,0,68,49.42,7,102.1,7149.35,0.0,0,3360.56,3,1,0,0,0,0,0,0,0,0,0,0,1,1,1,0,1,0,1,1,1,0,0,1,1,1,0,1,1,0,0,0
43,0,34.08111,-117.853935,25068,0,62,48.93,0,23.4,1429.65,0.0,0,3033.66,4,1,0,0,0,0,0,0,0,0,0,0,1,1,0,0,0,1,0,0,0,0,0,0,0,0,0,1,0,0,0,0
48,1,34.10097,-117.57882,51970,0,7,28.5,13,71.05,472.65,0.0,10,199.5,5,0,0,0,0,1,0,0,0,0,0,1,1,0,1,0,1,0,0,0,0,0,0,0,0,0,0,0,1,0,0,0
53,3,34.074492,-118.01462,62660,10,6,1.57,0,19.45,113.5,0.0,0,9.42,4,1,0,0,1,1,1,0,0,0,0,1,1,0,0,0,0,1,0,0,0,0,0,0,0,0,1,0,0,1,0,0
37,3,34.245289,-117.642503,23079,1,28,13.19,30,92.2,2568.15,0.0,0,369.32,4,1,0,0,1,1,1,0,0,0,0,0,1,1,1,0,1,0,0,0,0,0,1,1,1,1,1,0,0,0,0,0
27,0,34.133809,-117.523724,12937,0,27,47.65,0,19.85,470.0,0.0,0,1286.55,4,1,1,0,0,0,0,0,0,0,0,0,1,0,0,0,0,1,0,0,0,0,0,0,0,0,0,1,0,1,0,0
41,0,34.119363,-117.855059,25135,0,7,30.04,6,43.9,278.4,0.0,0,210.28,5,1,0,0,0,0,0,0,0,0,0,1,1,0,1,1,0,0,0,0,0,0,0,0,0,1,0,0,0,1,0,0
33,0,34.038983,-117.991372,30802,0,63,9.21,28,90.45,5825.5,0.0,100,580.23,3,1,0,0,0,0,0,0,0,0,0,0,1,1,1,0,1,0,0,1,0,0,0,1,1,0,1,0,0,1,0,0
55,2,34.144703,-117.770299,35530,0,53,14.54,18,84.6,4449.75,0.0,0,770.62,5,0,0,0,0,1,0,0,0,0,0,0,1,1,1,0,0,0,0,1,1,1,1,1,1,1,1,0,1,0,0,0
22,0,34.050322,-118.147037,33280,0,21,6.12,51,99.15,1956.4,0.0,0,128.52,3,0,1,0,0,0,0,0,0,0,1,0,1,0,1,0,1,0,0,1,0,1,1,1,1,1,0,0,1,0,0,0
23,0,34.049172,-118.115022,26933,0,17,25.91,0,19.95,310.6,0.0,0,440.47,5,1,1,0,0,0,0,0,0,0,1,0,1,0,0,0,0,1,0,0,0,0,0,0,0,0,1,0,0,1,0,0
30,2,34.231318,-117.662032,47,3,16,27.24,0,20.5,290.55,0.0,0,435.84,3,1,0,0,1,1,1,0,0,0,1,0,1,0,0,0,0,1,0,0,0,0,0,0,0,0,0,1,0,1,0,0
61,0,34.035602,-117.591528,56280,0,35,2.15,7,62.1,2096.1,0.0,0,75.25,4,0,0,0,0,0,0,0,0,0,0,0,1,0,1,1,0,0,0,0,1,0,0,1,1,1,0,0,1,0,0,0
27,3,34.072121,-117.698319,34447,9,28,15.85,0,19.55,543.8,0.0,0,443.8,4,0,1,0,1,1,1,0,0,0,0,0,1,0,0,0,0,1,0,0,0,0,0,0,0,0,0,0,1,0,0,0
30,0,34.074087,-117.605618,49474,0,1,29.86,0,20.35,20.35,0.0,0,29.86,4,0,0,0,0,0,0,0,0,0,0,1,1,0,0,0,0,1,0,0,0,0,0,0,0,0,0,0,1,1,0,0
43,0,33.992416,-117.807874,46532,0,59,0.0,7,51.7,3005.8,0.0,0,0.0,3,1,0,0,0,0,0,0,0,0,0,0,0,0,1,1,0,0,0,0,0,1,1,1,1,1,0,0,1,0,0,0
26,2,34.042286,-117.756106,69974,6,72,18.14,0,23.3,1623.15,0.0,0,1306.08,5,0,1,0,1,1,1,0,0,0,0,0,1,1,0,0,0,1,0,0,0,0,0,0,0,0,1,0,1,0,0,0
32,0,34.067932,-117.785168,36057,0,40,11.56,26,65.1,2586.0,0.0,0,462.4,3,0,0,0,0,0,0,0,0,0,0,0,1,0,1,1,0,0,1,1,0,0,1,0,0,1,0,0,0,1,0,0
55,3,34.065108,-118.082791,61623,4,40,3.52,56,81.2,3292.3,0.0,0,140.8,3,1,0,0,1,1,1,0,0,0,0,0,1,1,1,0,1,0,0,0,1,0,0,0,0,1,0,0,1,0,0,0
22,2,34.114772,-118.089431,23444,9,63,42.17,73,74.5,4674.55,0.0,0,2656.71,4,1,1,0,1,1,1,0,0,0,0,0,1,0,1,1,0,0,1,1,1,1,1,0,0,1,0,1,0,1,0,0
48,0,34.089927,-118.095645,38041,0,3,26.86,5,80.5,232.35,0.0,0,80.58,5,0,0,0,0,0,0,0,0,0,0,0,1,0,1,0,1,0,0,0,0,0,1,0,0,0,0,0,1,0,0,0
19,2,34.101608,-118.055848,32718,3,40,0.0,26,60.3,2448.5,0.0,0,0.0,4,1,1,0,1,1,1,0,0,0,0,0,0,0,1,1,0,0,0,1,1,1,1,1,1,1,1,0,0,1,0,0
57,0,34.141146,-117.655583,23331,8,8,20.67,18,75.0,658.1,0.0,0,165.36,3,1,0,0,1,0,1,0,0,0,0,1,1,0,1,0,1,0,1,0,0,0,0,0,0,1,0,0,1,1,0,0
27,0,34.061634,-117.893169,30458,4,9,26.03,59,69.05,653.95,0.0,0,234.27,4,1,1,0,1,0,1,0,0,0,0,1,1,1,1,0,0,0,0,1,1,0,0,1,1,1,0,0,1,1,0,0
21,1,34.024405,-117.898722,31622,6,31,30.67,59,59.7,1825.5,0.0,0,950.77,5,1,1,0,1,1,1,0,0,0,0,0,1,1,1,1,0,0,0,0,0,0,0,1,1,1,0,0,0,0,0,0
30,0,34.090925,-118.128164,54382,1,50,28.1,0,19.85,943.1,0.0,0,1405.0,5,0,0,0,1,0,1,0,0,0,0,0,1,0,0,0,0,1,0,0,0,0,0,0,0,0,1,0,1,0,0,0
45,0,32.677097,-116.304991,1509,0,9,0.0,21,40.75,359.4,0.0,20,0.0,4,0,0,0,0,0,0,0,0,0,0,1,0,0,1,1,0,0,0,1,0,0,0,1,1,0,0,0,0,0,0,0
51,0,32.607964,-117.059459,71126,7,25,3.81,8,95.7,2338.35,0.0,0,95.25,5,1,0,0,1,0,1,0,0,0,0,0,1,0,1,0,1,0,0,0,0,1,1,1,1,1,0,0,1,1,0,0
51,2,32.688506,-116.938632,2606,9,45,10.21,11,81.3,3541.1,0.0,0,459.4500000000001,3,0,0,0,1,1,1,0,1,0,0,0,1,1,1,1,0,0,1,1,1,1,1,0,0,1,0,0,0,1,0,0
31,1,32.912664,-116.635387,1587,4,55,31.3,0,20.0,1087.25,0.0,0,1721.5,4,0,0,0,1,1,1,0,1,0,0,0,1,0,0,0,0,1,0,0,0,0,0,0,0,0,0,0,0,1,0,0
39,0,32.622999,-116.687855,727,0,38,20.14,13,66.15,2522.4,0.0,0,765.32,4,0,0,0,0,0,0,0,0,0,0,0,1,1,1,1,0,0,1,1,1,0,0,0,0,1,0,0,1,0,0,0
40,2,32.579134,-117.119009,26662,3,38,24.16,0,19.6,717.3,0.0,0,918.08,3,1,0,0,1,1,1,0,0,0,0,0,1,0,0,0,0,1,0,0,0,0,0,0,0,0,0,0,0,0,0,0
34,0,32.649787,-116.2237,699,0,34,4.89,27,49.8,1734.2,0.0,70,166.26,4,1,0,0,0,0,0,0,0,0,0,0,1,0,1,0,0,0,0,1,0,0,0,0,0,0,0,0,1,0,0,0
19,0,32.695681,-116.798386,8759,0,70,19.88,26,101.75,7069.3,0.0,0,1391.6,3,0,1,0,1,0,0,0,0,0,0,0,1,1,1,0,1,0,0,0,1,0,1,1,1,1,1,0,1,0,0,0
20,0,32.759327,-116.99726,44652,0,13,46.68,59,55.15,742.9,0.0,0,606.84,4,0,1,0,0,0,0,0,0,0,1,0,1,0,1,1,0,0,1,0,0,1,0,0,1,1,1,0,0,1,0,0
21,0,32.733564,-117.033713,24961,0,61,15.44,30,103.95,6423.0,0.0,0,941.84,4,0,1,0,0,0,0,0,1,0,0,0,1,1,1,0,1,0,0,1,1,0,1,1,1,1,1,0,1,0,0,0
29,0,32.67102,-117.095235,62355,0,41,21.64,59,99.65,4220.35,0.0,0,887.24,5,1,1,0,0,0,0,0,1,0,0,0,1,0,1,0,1,0,0,1,0,1,1,1,1,1,0,1,1,1,0,0
28,0,32.800671,-116.483363,1604,0,21,28.54,42,73.7,1558.7,0.0,0,599.34,5,1,1,0,0,0,0,0,0,0,1,0,1,1,1,0,1,0,0,0,0,0,0,0,1,1,0,0,1,0,0,0
22,0,32.726627,-116.994608,56100,7,69,0.0,59,60.25,4055.5,0.0,120,0.0,3,1,1,0,1,0,1,0,0,0,0,0,0,0,1,1,0,0,1,0,1,1,1,1,1,0,0,1,0,0,0,0
28,1,33.200369,-116.192313,2863,1,47,39.25,26,54.25,2538.2,0.0,0,1844.75,5,1,1,0,1,1,1,0,1,0,0,0,1,1,1,1,0,0,0,1,0,0,0,0,1,1,0,0,0,0,0,0
46,1,33.015866,-117.272254,10375,0,72,36.13,21,85.3,6129.2,0.0,0,2601.36,3,0,0,0,1,1,0,0,0,0,0,0,1,0,1,0,0,0,1,1,1,1,1,1,1,1,0,1,0,0,0,0
20,1,32.948262,-117.256086,13945,2,72,45.66,47,90.95,6652.45,0.0,0,3287.5199999999995,3,0,1,0,1,1,1,0,0,0,0,0,1,1,1,1,0,0,1,1,1,1,1,1,1,1,0,1,0,1,0,0
44,0,32.832706,-116.873258,61872,10,71,18.41,0,19.85,1379.6,0.0,0,1307.11,4,0,0,0,1,0,1,0,0,0,0,0,1,0,0,0,0,1,0,0,0,0,0,0,0,0,0,1,0,1,0,0
25,3,33.054579,-117.25665,47126,0,23,1.58,47,55.3,1284.2,0.0,0,36.34,4,1,1,0,0,1,0,0,0,0,1,0,1,0,1,1,0,0,0,1,0,1,0,0,1,1,0,0,1,0,0,0
35,0,33.081478,-117.033814,49281,0,16,20.65,0,20.1,296.15,0.0,0,330.4,3,0,0,0,0,0,0,0,0,0,1,0,1,0,0,0,0,1,0,0,0,0,0,0,0,0,1,0,0,1,0,0
24,0,33.21846,-117.116916,43436,0,9,34.43,51,69.5,653.25,0.0,0,309.87,3,1,1,0,0,0,0,0,0,0,0,0,1,0,1,1,0,0,1,0,1,1,1,0,1,1,0,0,1,1,0,0
33,3,33.141265,-116.967221,48690,8,17,45.24,0,25.15,412.6,0.0,0,769.08,3,1,0,0,1,1,1,0,0,0,1,0,1,1,0,0,0,1,0,0,0,0,0,0,0,0,0,1,1,1,0,0
24,0,32.980678,-116.262854,3577,2,24,44.93,82,79.65,1928.7,0.0,0,1078.32,4,0,1,0,1,0,1,0,0,0,0,0,1,1,1,0,1,0,0,0,1,0,0,0,1,1,0,0,1,1,0,0
41,0,33.351059,-117.420557,98239,8,72,8.98,0,24.55,1750.7,0.0,0,646.5600000000001,4,0,0,0,1,0,1,0,0,0,0,0,1,1,0,0,0,1,0,0,0,0,0,0,0,0,0,1,0,0,0,0
57,1,33.194742,-117.29032,52895,0,11,44.88,0,19.7,216.2,0.0,0,493.68,4,0,0,0,0,1,0,0,0,0,1,0,1,0,0,0,0,1,0,0,0,0,0,0,0,0,0,0,0,1,0,0
58,0,32.984395,-117.013454,47969,0,49,7.51,13,74.45,3721.9,0.0,0,367.99,5,0,0,0,0,0,0,0,1,0,0,0,1,0,1,1,0,0,0,0,1,1,1,1,1,1,0,1,1,0,0,0
50,0,33.215251,-116.53633,339,5,53,46.24,0,19.05,990.45,0.0,0,2450.7200000000003,5,0,0,0,1,0,1,0,1,0,0,0,1,0,0,0,0,1,0,0,0,0,0,0,0,0,1,0,0,1,0,0
52,3,33.012751,-117.200617,7615,0,39,49.95,0,25.0,1004.35,0.0,0,1948.05,4,1,0,0,0,1,0,0,0,0,0,0,1,1,0,0,0,1,0,0,0,0,0,0,0,0,0,1,0,1,0,0
45,0,33.162624,-117.170863,52664,0,9,31.28,0,19.05,157.65,0.0,0,281.52,4,0,0,0,0,0,0,0,0,0,0,1,1,0,0,0,0,1,0,0,0,0,0,0,0,0,0,0,0,1,0,0
47,0,33.174725,-116.743329,1143,0,39,35.13,29,81.9,3219.75,0.0,0,1370.0700000000002,4,1,0,0,0,0,0,0,0,0,0,0,1,0,1,0,1,0,0,0,1,1,0,0,0,1,1,0,0,0,0,0
21,3,33.001813,-117.263628,12173,4,51,19.9,59,90.15,4554.85,0.0,0,1014.9,3,0,1,0,1,1,1,0,1,0,0,0,1,1,1,0,1,0,0,0,1,0,0,1,1,1,1,0,1,0,0,0
21,2,33.119028,-117.166036,6760,2,71,9.2,0,25.35,1847.55,0.0,0,653.1999999999999,5,1,1,0,1,1,1,0,0,0,0,0,1,1,0,0,0,1,0,0,0,0,0,0,0,0,0,1,0,1,0,0
47,0,33.323705,-116.626907,1205,5,38,0.0,25,60.0,2193.2,0.0,0,0.0,3,1,0,0,1,0,1,0,0,0,0,0,0,0,1,0,0,0,1,1,0,1,1,1,1,1,0,1,1,0,0,0
56,0,32.99356,-117.207121,1072,7,28,33.09,19,89.9,2433.5,0.0,0,926.52,4,0,0,0,1,0,1,0,0,0,0,0,1,0,1,0,1,0,0,1,1,0,0,1,1,1,0,0,0,1,0,0
57,0,32.72523,-117.171346,27505,1,32,12.35,0,19.4,641.15,0.0,0,395.2,4,0,0,0,1,0,1,0,0,0,0,0,1,0,0,0,0,1,0,0,0,0,0,0,0,0,0,0,0,0,0,0
40,1,32.747484,-117.166877,30202,5,37,44.68,0,24.1,861.85,0.0,0,1653.16,4,0,0,0,1,1,1,0,0,0,0,0,1,1,0,0,0,1,0,0,0,0,0,0,0,0,0,1,1,0,0,0
41,0,32.741499,-117.127409,47689,0,10,12.96,29,54.25,583.0,0.0,0,129.60000000000002,4,0,0,0,0,0,0,0,0,0,1,0,1,0,1,1,0,0,0,0,1,1,0,0,0,1,0,0,0,0,0,0
36,0,32.741859,-117.090353,73006,1,67,23.13,24,109.9,7332.4,0.0,0,1549.71,4,1,0,0,1,0,1,0,0,0,0,0,1,1,1,0,1,0,1,1,1,0,1,1,1,1,1,0,0,1,0,0
28,0,32.71346,-117.236378,18525,0,7,0.0,48,35.5,249.55,0.0,0,0.0,3,1,1,0,0,0,0,0,0,0,0,1,0,0,1,1,0,0,0,0,1,1,0,0,0,1,1,0,1,1,0,0
36,0,32.741852,-117.243453,27959,0,51,14.37,7,87.55,4475.9,0.0,0,732.87,4,0,0,0,0,0,0,0,1,0,0,0,1,0,1,0,1,0,0,0,0,0,1,1,1,1,1,0,0,1,0,0
23,0,32.787836,-117.232376,46086,0,9,35.45,52,88.4,788.6,0.0,0,319.05,5,0,1,0,0,0,0,0,0,0,0,1,1,0,1,0,1,0,0,0,0,0,1,1,1,1,0,0,1,1,0,0
58,0,32.76501,-117.19938,24169,0,4,1.88,21,50.8,202.3,0.0,0,7.52,5,1,0,0,0,0,0,0,0,0,0,1,1,0,1,1,0,0,0,0,0,1,0,0,0,1,0,0,1,1,0,0
50,0,32.805518,-117.169052,46828,5,71,44.06,6,99.0,6994.6,0.0,40,3128.26,3,1,0,0,1,0,1,0,0,0,0,0,1,1,1,0,1,0,1,1,1,0,1,0,0,0,0,1,1,0,0,0
22,0,32.762506,-117.07245,56887,10,22,6.03,51,59.75,1374.35,0.0,0,132.66,3,1,1,0,1,0,1,0,0,0,1,0,1,0,1,1,0,0,1,0,0,0,1,0,0,1,1,0,1,0,0,0
48,0,32.765299,-117.122565,33083,0,44,44.45,19,111.5,4915.15,0.0,0,1955.8,4,1,0,0,0,0,0,0,1,0,0,0,1,1,1,0,1,0,1,1,1,0,1,1,1,1,0,0,1,0,0,0
49,2,32.825086,-117.199424,51213,2,33,9.97,0,24.25,838.5,0.0,0,329.01000000000005,5,0,0,0,1,1,1,0,0,0,0,0,1,1,0,0,0,1,0,0,0,0,0,0,0,0,0,0,0,0,0,0
54,0,32.85723,-117.209774,34902,0,1,8.56,0,20.5,20.5,0.0,0,8.56,5,0,0,0,0,0,0,0,0,0,0,0,1,0,0,0,0,1,0,0,0,0,0,0,0,0,0,0,0,1,0,0
47,0,32.808814,-117.134694,25232,0,30,32.41,22,70.4,2044.75,0.0,0,972.3,3,1,0,0,0,0,0,0,0,0,0,0,1,0,1,0,0,0,1,1,0,1,1,0,0,1,1,0,0,0,0,0
60,0,32.827238,-117.089287,30206,0,1,0.0,9,30.55,30.55,0.0,40,0.0,4,0,0,0,0,0,0,0,0,0,0,0,0,0,1,1,0,0,0,0,0,1,0,0,0,0,0,0,0,1,0,0
22,2,32.886925,-117.152162,74232,5,16,9.16,59,84.9,1398.25,0.0,0,146.56,3,1,1,0,1,1,1,0,0,0,1,0,1,1,1,1,0,0,1,1,0,1,1,1,1,1,0,0,0,0,0,0
21,0,32.89325,-117.087091,29283,5,71,48.32,59,54.5,3778.2,0.0,0,3430.72,3,1,1,0,1,0,1,0,0,0,0,0,1,0,1,1,0,0,1,0,0,1,0,0,0,1,0,1,0,0,0,0
39,0,32.677716,-117.047666,36351,0,43,19.66,28,75.35,3161.4,0.0,0,845.38,5,1,0,0,0,0,0,0,1,0,0,0,1,1,1,0,1,0,0,0,0,0,0,0,0,1,0,0,1,1,0,0
20,0,32.578103,-117.012975,68776,3,50,0.0,73,44.45,2188.45,0.0,0,0.0,4,1,1,0,1,0,1,0,1,0,0,0,0,0,1,1,0,0,1,0,0,1,1,0,0,1,1,0,1,0,0,0
43,0,33.752938,-116.230055,2743,0,41,29.19,4,98.05,3990.6,0.0,0,1196.79,4,0,0,0,0,0,0,0,1,0,0,0,1,1,1,0,1,0,0,0,1,0,1,1,1,1,0,0,0,0,0,0
27,0,33.936298,-116.849577,25859,4,40,42.1,52,63.9,2635.0,0.0,0,1684.0,3,0,1,0,1,0,1,0,1,0,0,0,1,1,1,1,0,0,0,1,0,0,1,0,0,1,1,0,0,0,0,0
23,3,33.946982,-116.977672,17721,3,3,24.28,73,69.15,235.0,0.0,0,72.84,3,0,1,0,1,1,1,0,0,0,0,0,1,1,1,1,0,0,0,1,1,0,1,0,0,0,0,0,1,0,0,0
42,0,33.674583,-114.71612,24659,0,37,37.18,9,64.65,2347.85,0.0,0,1375.66,3,0,0,0,0,0,0,0,0,0,0,0,1,1,1,0,0,0,1,0,0,0,1,0,0,1,1,0,0,0,0,0
59,1,33.929812,-116.76058,2355,2,32,24.04,22,98.85,3089.6,0.0,0,769.28,4,0,0,0,1,1,1,0,0,0,0,0,1,1,1,0,1,0,0,1,0,0,1,1,1,1,0,0,1,0,0,0
25,3,33.143826,-115.497485,7857,6,32,48.49,82,89.6,2901.8,0.0,0,1551.68,4,0,1,0,1,1,1,0,0,0,0,0,1,1,1,0,1,0,1,0,0,0,1,0,0,1,0,0,0,0,0,0
48,0,33.829583,-116.474131,43141,0,59,31.23,16,83.25,4949.1,0.0,0,1842.57,3,0,0,0,0,0,0,0,1,0,0,0,1,1,1,0,1,0,0,1,1,0,0,0,0,1,0,0,1,0,0,0
53,0,33.680031,-116.171678,23170,7,30,17.33,13,70.25,2198.9,0.0,0,519.9,4,0,0,0,1,0,1,0,0,0,0,0,1,0,1,1,0,0,0,1,1,1,0,1,1,1,1,0,0,0,0,0
51,1,33.948558,-116.516976,22796,1,27,35.52,0,24.5,761.95,0.0,0,959.04,3,0,0,0,1,1,1,0,0,0,0,0,1,1,0,0,0,1,0,0,0,0,0,0,0,0,0,1,0,0,0,0
60,3,34.137742,-114.36514,1564,0,9,27.34,0,20.1,190.25,0.0,0,246.06,4,1,0,0,0,1,0,0,0,0,0,0,1,0,0,0,0,1,0,0,0,0,0,0,0,0,1,0,0,1,0,0
47,2,32.770393,-115.60915,43712,8,68,20.15,16,73.0,5163.0,0.0,0,1370.1999999999998,4,0,0,0,1,1,1,0,0,0,0,0,1,1,1,1,0,0,1,1,1,0,1,0,0,1,1,0,1,1,0,0
56,2,32.730583,-115.501083,3535,10,69,39.07,19,61.4,4059.85,0.0,0,2695.83,3,0,0,0,1,1,1,0,0,0,0,0,1,1,1,1,0,0,1,0,0,1,0,0,0,1,0,1,0,1,0,0
62,0,32.811001,-115.152865,8062,0,26,37.69,30,84.3,2281.6,0.0,0,979.94,5,1,0,0,0,0,0,0,0,0,0,0,1,1,1,0,1,0,0,0,1,1,0,0,0,1,0,0,1,1,0,0
49,2,32.858595,-115.662709,14546,10,69,28.19,0,19.9,1356.7,0.0,0,1945.11,3,1,0,0,1,1,1,1,0,0,0,0,1,0,0,0,0,1,0,0,0,0,0,0,0,0,0,1,0,0,0,0
60,0,34.167236,-116.281511,8141,0,11,49.8,0,20.4,231.45,0.0,0,547.8,4,1,0,0,0,0,0,0,0,0,1,0,1,0,0,0,0,1,0,0,0,0,0,0,0,0,0,1,0,1,0,0
19,0,33.695532,-116.310571,23971,0,1,24.66,26,50.75,50.75,0.0,0,24.66,4,1,1,0,0,0,0,0,0,0,0,0,1,1,1,1,0,0,0,0,0,0,0,0,0,1,0,0,0,1,0,0
37,1,33.543835,-115.993906,8768,0,10,37.59,0,20.45,242.4,0.0,0,375.9,4,1,0,0,1,1,0,0,0,0,1,0,1,0,0,0,0,1,0,0,0,0,0,0,0,0,1,0,0,1,0,0
41,3,34.097863,-116.594561,3499,7,55,16.16,29,75.75,4264.25,0.0,0,888.8,3,0,0,0,1,1,1,0,1,0,0,0,1,1,1,1,0,0,1,1,0,1,0,1,1,1,1,0,1,0,0,0
42,0,33.345825,-115.596574,2753,0,44,34.98,2,65.4,2774.55,0.0,0,1539.12,3,1,0,0,0,0,0,0,1,0,0,0,1,0,1,0,0,0,1,0,0,1,1,0,0,1,1,0,0,0,0,0
32,1,32.698964,-115.886656,471,4,69,49.4,12,59.75,4069.9,0.0,0,3408.6,3,1,0,0,1,1,1,1,0,0,0,0,1,0,1,1,0,0,1,1,1,0,0,0,0,1,0,1,1,0,0,0
34,0,33.745746,-116.514215,18884,0,29,10.06,25,48.95,1323.7,0.0,0,291.74,3,1,0,0,0,0,0,0,0,1,0,0,1,0,1,1,0,0,0,0,1,0,0,0,0,1,0,0,0,0,0,0
32,0,33.3249,-114.758334,291,0,57,12.19,16,99.65,5497.05,0.0,0,694.8299999999999,4,0,0,0,1,0,0,0,1,0,0,0,1,1,1,0,1,0,1,0,0,0,1,1,1,1,0,0,1,0,0,0
58,0,34.273872,-114.192901,131,0,28,40.39,0,18.25,534.7,0.0,0,1130.92,4,1,0,0,0,0,0,0,0,1,0,0,1,0,0,0,0,1,0,0,0,0,0,0,0,0,1,0,0,1,0,0
42,0,34.201108,-116.593456,354,0,42,32.16,8,54.55,2455.05,0.0,0,1350.7199999999998,3,0,0,0,0,0,0,0,1,0,0,0,1,0,1,1,0,0,1,0,1,0,0,0,0,1,0,0,0,1,0,0
61,1,32.790282,-115.689559,1632,0,23,0.0,19,40.65,947.4,0.0,0,0.0,3,1,0,0,0,1,0,0,0,0,0,0,0,0,1,1,0,0,1,1,0,1,0,0,0,1,1,0,0,0,0,0
39,2,33.53604,-116.119222,17018,8,18,14.6,0,20.45,357.0,0.0,0,262.8,4,0,0,0,1,1,1,0,0,0,0,0,1,0,0,0,0,1,0,0,0,0,0,0,0,0,0,0,0,1,0,0
60,1,33.28156,-115.955541,799,1,62,16.48,0,24.8,1476.25,0.0,0,1021.76,5,1,0,0,1,1,1,0,0,0,0,0,1,1,0,0,0,1,0,0,0,0,0,0,0,0,1,0,0,0,0,0
19,0,33.141265,-116.967221,48690,0,67,37.32,59,88.8,5903.15,0.0,0,2500.44,3,1,1,0,0,0,0,1,0,0,0,0,1,1,1,1,0,0,1,1,1,1,1,1,1,1,1,0,1,0,0,0
19,0,33.03679,-115.60503,2388,0,62,33.68,0,20.05,1201.65,0.0,0,2088.16,4,1,1,0,0,0,0,0,0,0,0,0,1,0,0,0,0,1,0,0,0,0,0,0,0,0,0,1,1,1,0,0
31,0,32.852947,-114.850784,3663,0,2,11.19,14,69.8,146.65,0.0,10,22.38,3,1,0,0,0,0,0,0,0,0,0,0,1,0,1,0,1,0,0,0,0,0,0,0,0,0,0,0,1,0,0,0
62,2,34.159534,-116.425984,20486,10,23,33.02,12,77.15,1759.4,0.0,0,759.46,3,0,0,0,1,1,1,0,0,0,0,0,1,1,1,1,0,0,1,0,1,1,1,0,0,1,0,1,1,0,0,0
32,3,34.341737,-116.539416,2182,0,25,0.0,75,35.05,844.45,0.0,0,0.0,4,0,0,0,0,1,0,0,0,1,0,0,0,0,1,0,0,0,1,0,0,1,0,0,0,1,0,1,0,0,0,0
40,0,34.559882,-115.637164,42,9,2,22.23,13,84.05,134.05,0.0,0,44.46,5,0,0,0,1,0,1,0,0,0,0,0,1,1,1,0,1,0,0,0,0,0,1,0,0,1,0,0,1,0,0,0
26,0,34.1678,-116.86433,301,0,8,5.27,0,20.2,140.95,0.0,0,42.16,4,0,1,0,0,0,0,0,0,0,0,0,1,0,0,0,0,1,0,0,0,0,0,0,0,0,1,0,1,0,0,0
47,0,34.424926,-117.184503,28819,0,35,0.0,26,49.2,1701.65,0.0,0,0.0,4,1,0,0,0,0,0,0,0,1,0,0,0,0,1,1,0,0,0,0,1,0,1,1,1,1,0,0,0,0,0,0
60,0,35.28952,-116.092214,904,0,24,47.33,0,24.6,592.65,0.0,0,1135.92,3,1,0,0,0,0,0,0,0,1,0,0,1,1,0,0,0,1,0,0,0,0,0,0,0,0,1,0,0,0,0,0
33,1,35.349241,-116.770281,9465,5,2,29.03,10,71.65,135.75,0.0,0,58.06,3,0,0,0,1,1,1,0,0,0,0,0,1,0,1,0,1,0,0,0,0,0,0,0,0,1,0,0,1,0,0,0
38,3,34.965648,-117.001509,31293,6,72,32.22,25,104.9,7732.65,0.0,0,2319.84,4,1,0,0,1,1,1,1,0,0,0,0,1,1,1,0,1,0,1,1,1,1,0,1,1,1,0,1,1,1,0,0
20,0,34.029175,-117.307211,11024,0,41,36.7,59,106.5,4282.4,0.0,0,1504.7,4,0,1,0,0,0,0,0,0,0,0,0,1,1,1,0,1,0,1,1,1,1,1,0,0,1,0,0,1,0,0,0
59,0,34.242058,-116.89802,5447,0,26,39.63,29,75.5,2018.1,0.0,0,1030.38,4,1,0,0,0,0,0,0,0,1,0,0,1,0,1,0,1,0,0,1,0,0,0,0,0,1,1,0,0,0,0,0
28,3,34.255203,-117.175654,455,9,4,35.2,52,58.5,224.85,0.0,0,140.8,3,0,1,0,1,1,1,0,0,0,0,0,1,1,1,1,0,0,0,1,0,1,0,0,0,1,0,0,1,1,0,0
45,0,34.030915,-117.273201,52202,0,48,3.59,10,78.9,3771.5,0.0,0,172.32,4,1,0,0,0,0,0,0,0,0,0,0,1,0,1,1,0,0,0,1,1,1,1,1,1,1,0,1,0,1,0,0
36,0,36.27688,-117.033326,443,6,60,4.59,9,109.45,6572.85,0.0,0,275.4,4,1,0,0,1,0,1,0,0,0,0,0,1,1,1,0,1,0,1,0,1,1,1,1,1,1,0,0,1,0,0,0
20,0,34.9436,-115.287901,115,0,55,12.28,48,59.2,3175.85,0.0,0,675.4,3,1,1,0,0,0,0,0,0,0,0,0,1,0,1,1,0,0,1,0,1,1,0,0,0,1,0,1,1,0,0,0
34,0,34.274846,-116.937581,414,0,1,0.0,22,29.15,29.15,0.0,0,0.0,5,1,0,0,0,0,0,0,0,0,0,0,0,0,1,1,0,0,0,0,0,1,0,0,0,1,0,0,0,1,0,0
30,0,34.087558,-117.464096,82630,0,1,11.1,0,20.05,20.05,0.0,0,11.1,4,1,0,0,0,0,0,0,0,0,0,0,1,0,0,0,0,1,0,0,0,0,0,0,0,0,0,0,0,1,0,0
33,0,34.702766,-116.093376,23,0,42,34.76,20,66.5,2762.75,0.0,0,1459.9199999999998,5,0,0,0,0,0,0,0,0,0,0,0,1,0,1,0,0,0,0,0,1,1,0,1,1,1,0,1,0,1,0,0
45,0,34.067699,-116.903891,958,0,1,10.83,15,49.55,49.55,0.0,0,10.83,4,0,0,0,0,0,0,0,0,0,0,0,1,0,1,1,0,0,1,0,0,0,0,0,0,1,0,0,0,0,0,0
29,0,34.757783,-117.33997,4948,0,3,27.34,71,73.6,232.5,0.0,10,82.02,5,1,1,0,0,0,0,0,0,0,0,0,1,0,1,0,1,0,0,0,1,0,0,0,0,0,0,0,1,1,0,0
53,0,34.361387,-117.337509,68515,7,72,17.28,11,82.65,5919.35,0.0,0,1244.16,3,0,0,0,1,0,1,1,0,0,0,0,1,1,1,1,0,0,1,1,1,0,1,1,1,1,0,1,1,1,0,0
40,0,34.129677,-117.154277,48245,0,15,11.75,28,49.0,749.25,0.0,0,176.25,3,1,0,0,0,0,0,0,0,0,0,0,1,1,1,1,0,0,0,0,0,0,0,0,0,1,0,0,1,0,0,0
50,0,34.2565,-117.19335,9793,0,11,1.87,0,25.2,245.15,0.0,0,20.57,4,0,0,0,0,0,0,0,0,0,0,0,1,1,0,0,0,1,0,0,0,0,0,0,0,0,1,0,0,0,0,0
63,0,34.049315,-117.255974,18068,0,5,5.41,0,25.45,134.75,0.0,0,27.05,3,0,0,0,0,0,0,0,0,0,0,0,1,1,0,0,0,1,0,0,0,0,0,0,0,0,0,0,0,1,0,0
37,0,34.238162,-117.534306,1090,6,72,46.16,14,110.9,8240.85,0.0,0,3323.5199999999995,3,1,0,0,1,0,1,1,0,0,0,0,1,1,1,0,1,0,1,0,1,1,1,1,1,1,0,1,1,1,0,0
20,0,34.103578,-117.04054,7324,3,55,23.45,53,77.75,4266.4,0.0,0,1289.75,3,0,1,0,1,0,1,0,0,0,0,0,1,1,1,0,1,0,0,1,0,0,0,0,0,1,0,0,1,1,0,0
49,4,34.711224,-114.702256,5488,5,40,49.22,0,26.2,1077.5,0.0,0,1968.8,3,0,0,0,1,1,1,0,0,0,0,0,1,1,0,0,0,1,0,0,0,0,0,0,0,0,0,0,1,0,0,0
43,0,35.478736,-115.516984,162,6,57,44.86,0,19.9,1115.6,0.0,0,2557.02,5,0,0,0,1,0,1,0,0,0,0,0,1,0,0,0,0,1,0,0,0,0,0,0,0,0,0,1,0,0,0,0
50,0,34.064073,-117.166158,36675,9,43,4.34,23,56.35,2391.15,0.0,0,186.62,4,1,0,0,1,0,1,0,0,0,0,0,1,0,1,1,0,0,0,0,0,0,1,0,0,1,1,0,1,1,0,0
24,3,34.109775,-117.378904,75882,1,47,2.56,0,19.3,890.5,0.0,0,120.32,4,0,1,0,1,1,1,0,0,0,0,0,1,0,0,0,0,1,0,0,0,0,0,0,0,0,0,1,0,0,0,0
28,0,34.156758,-117.404686,18518,0,3,29.74,59,50.4,137.25,0.0,0,89.22,5,1,1,0,0,0,0,0,0,0,0,0,1,1,1,1,0,0,0,0,0,0,0,0,0,1,0,0,0,0,0,0
24,1,35.924252,-116.188668,87,5,55,46.61,30,55.25,3119.9,0.0,0,2563.55,3,1,1,0,1,1,1,0,0,0,0,0,1,0,1,1,0,0,0,0,1,1,0,0,0,1,0,1,1,1,0,0
40,0,34.243088,-116.830015,1834,0,29,49.52,0,19.1,529.5,0.0,0,1436.0800000000002,4,1,0,0,0,0,0,0,0,1,0,0,1,0,0,0,0,1,0,0,0,0,0,0,0,0,1,0,0,1,0,0
56,1,33.362575,-117.299644,42239,0,12,17.85,19,84.05,966.55,0.0,0,214.2,4,0,0,0,0,1,0,0,0,0,0,0,1,1,1,0,1,0,0,0,0,0,1,0,0,1,0,0,1,0,0,0
39,0,34.486835,-117.362274,63235,6,66,42.23,30,105.2,6936.85,0.0,0,2787.18,4,0,0,0,1,0,1,1,0,0,0,0,1,1,1,0,1,0,0,1,1,0,1,1,1,1,0,0,1,0,0,0
60,3,35.013299,-116.834092,1195,7,27,25.26,23,75.75,1929.0,0.0,0,682.0200000000001,3,1,0,0,1,1,1,0,0,1,0,0,1,1,1,0,1,0,0,0,0,0,0,0,0,1,0,0,1,0,0,0
20,0,34.04597,-117.011825,41575,0,58,35.55,73,95.3,5817.7,0.0,0,2061.9,4,0,1,0,0,0,0,0,0,0,0,0,1,0,1,0,1,0,0,0,0,1,1,1,1,1,0,0,1,0,0,0
56,0,34.183286,-117.221722,53636,0,9,40.74,0,19.85,178.8,0.0,0,366.66,3,1,0,0,0,0,0,0,0,0,0,0,1,0,0,0,0,1,0,0,0,0,0,0,0,0,0,0,0,1,0,0
59,0,34.250069,-117.393949,49355,0,6,18.65,18,69.1,435.0,0.0,0,111.9,4,1,0,0,0,0,0,0,0,0,0,1,1,0,1,0,1,0,0,0,0,0,0,0,0,1,0,0,1,0,0,0
57,0,34.106922,-117.297553,44556,0,9,2.6,0,20.25,186.15,0.0,0,23.4,4,0,0,0,0,0,0,0,0,0,0,1,1,0,0,0,0,1,0,0,0,0,0,0,0,0,0,0,0,1,0,0
36,0,34.122501,-117.320138,23146,10,8,19.0,8,54.75,445.85,0.0,0,152.0,3,1,0,0,1,0,1,0,0,0,0,1,1,0,1,0,0,0,0,1,1,0,0,0,0,1,0,0,1,1,0,0
32,0,33.994676,-117.372498,18999,0,12,11.04,16,81.45,912.0,0.0,0,132.48,3,1,0,0,0,0,0,0,0,0,0,0,1,0,1,0,1,0,0,0,0,0,1,0,0,1,0,0,1,0,0,0
30,0,33.9108,-117.398153,46550,7,43,33.97,69,80.2,3581.6,0.0,0,1460.71,3,1,0,0,1,0,1,0,0,0,0,0,1,1,1,1,0,0,1,0,1,0,1,1,1,1,1,0,1,0,0,0
48,0,33.920907,-117.489426,38446,0,42,25.69,13,100.3,4222.95,0.0,0,1078.98,5,1,0,0,0,0,0,0,0,0,0,0,1,1,1,0,1,0,0,0,0,1,1,1,1,1,0,0,1,0,0,0
20,1,33.976328,-117.319786,48649,0,66,27.09,51,90.95,5930.05,0.0,0,1787.94,3,0,1,0,0,1,0,1,0,0,0,0,1,1,1,0,1,0,1,0,1,1,0,0,0,1,0,1,1,1,0,0
55,0,34.004379,-117.447864,63999,0,1,25.99,0,20.0,20.0,0.0,0,25.99,4,1,0,0,0,0,0,0,0,0,0,1,1,0,0,0,0,1,0,0,0,0,0,0,0,0,0,0,0,1,0,0
43,0,33.655421,-117.391751,38519,0,10,15.6,22,79.85,797.25,0.0,0,156.0,5,1,0,0,0,0,0,0,0,0,0,0,1,1,1,0,1,0,0,1,0,0,0,0,0,1,0,0,0,0,0,0
53,2,33.739415,-116.968339,29687,5,3,10.13,0,19.3,54.7,0.0,0,30.39,4,0,0,0,1,1,1,0,0,0,0,0,1,0,0,0,0,1,0,0,0,0,0,0,0,0,0,0,0,1,0,0
24,0,33.644585,-116.871544,39264,0,50,21.72,0,20.15,989.05,0.0,0,1086.0,5,1,1,0,0,0,0,0,0,0,0,0,1,0,0,0,0,1,0,0,0,0,0,0,0,0,1,0,0,1,0,0
48,2,33.734933,-117.044145,25694,1,1,41.1,18,44.55,44.55,0.0,0,41.1,4,1,0,0,1,1,1,0,0,0,0,0,1,0,1,1,0,0,0,0,0,0,0,0,0,1,0,0,0,0,0,0
32,0,33.761894,-117.120868,4283,0,2,19.87,19,54.45,87.3,0.0,0,39.74,3,1,0,0,0,0,0,0,0,0,0,0,1,0,1,1,0,0,1,0,0,1,0,0,0,1,0,0,1,1,0,0
27,0,33.755039,-116.741796,3588,0,17,47.79,0,19.65,351.55,0.0,0,812.43,5,1,1,0,0,0,0,0,0,0,0,0,1,0,0,0,0,1,0,0,0,0,0,0,0,0,1,0,1,0,0,0
47,2,33.88274,-117.224878,22983,9,69,22.49,11,105.0,7297.75,0.0,0,1551.81,4,1,0,0,1,1,1,1,0,0,0,0,1,1,1,0,1,0,0,1,1,0,1,1,1,1,0,1,1,0,0,0
63,0,33.923149,-117.244933,61205,4,72,47.66,19,88.7,6301.7,0.0,0,3431.5199999999995,3,1,0,0,1,0,1,1,0,0,0,0,1,1,1,1,0,0,1,1,1,1,1,1,1,1,0,1,1,1,0,0
28,0,33.638645,-116.55783,1500,0,53,28.46,0,20.25,1048.45,0.0,0,1508.38,4,0,1,0,0,0,0,0,0,0,0,0,1,0,0,0,0,1,0,0,0,0,0,0,0,0,0,1,0,1,0,0
51,0,33.548869,-117.334165,36149,6,58,37.15,7,109.1,6393.65,0.0,0,2154.7,3,0,0,0,1,0,1,0,0,0,0,0,1,1,1,0,1,0,1,1,0,1,1,1,1,1,0,1,1,1,0,0
44,0,33.581045,-117.14719,18311,0,46,0.0,19,30.75,1489.3,0.0,0,0.0,3,1,0,0,0,0,0,0,0,0,0,0,0,0,1,0,0,0,1,0,0,0,0,0,0,1,1,0,1,0,0,0
39,2,33.828289,-117.201666,26357,7,6,41.29,19,94.05,518.75,0.0,0,247.74,3,0,0,0,1,1,1,0,0,0,0,0,1,1,1,0,1,0,0,1,1,0,1,0,0,1,0,0,1,1,0,0
24,0,33.806708,-117.02007,4456,2,72,39.61,85,78.85,5763.15,0.0,0,2851.92,3,1,1,0,1,0,1,1,0,0,0,0,1,1,1,1,0,0,1,1,1,1,0,1,1,1,0,1,0,0,0,0
33,0,33.796568,-116.924723,21349,0,4,21.03,3,55.3,238.5,0.0,0,84.12,4,1,0,0,0,0,0,0,0,0,0,0,1,0,1,1,0,0,0,0,0,0,0,1,1,1,0,0,1,1,0,0
44,2,33.653338,-117.178271,14068,3,52,9.87,0,19.35,1031.7,0.0,0,513.24,5,0,0,0,1,1,1,0,0,0,0,0,1,0,0,0,0,1,0,0,0,0,0,0,0,0,0,1,0,1,0,0
22,2,33.739412,-117.173334,8692,3,10,36.37,0,25.35,253.5,0.0,0,363.7,4,1,1,0,1,1,1,0,0,0,0,0,1,1,0,0,0,1,0,0,0,0,0,0,0,0,0,1,0,1,0,0
23,0,33.707483,-117.200006,18161,0,2,46.0,0,20.45,34.8,0.0,0,92.0,4,0,1,0,0,0,0,0,0,0,0,0,1,0,0,0,0,1,0,0,0,0,0,0,0,0,1,0,0,1,0,0
29,0,33.69887,-117.25071,13151,7,65,48.66,0,19.35,1319.95,0.0,0,3162.9,3,0,1,0,1,0,1,0,1,0,0,0,1,0,0,0,0,1,0,0,0,0,0,0,0,0,0,1,0,0,0,0
35,0,33.617108,-117.253349,19368,10,51,25.45,4,78.65,3950.85,0.0,0,1297.95,5,0,0,0,1,0,1,0,1,0,0,0,1,1,1,1,0,0,0,1,0,1,1,1,1,1,1,0,1,1,0,0
21,0,33.657433,-117.04254,4093,0,12,18.52,53,74.75,827.05,0.0,0,222.24,5,1,1,0,0,0,0,0,0,0,0,0,1,1,1,1,0,0,0,0,1,0,1,1,1,1,0,0,0,0,0,0
38,3,33.688546,-117.788091,27369,1,24,4.47,0,19.9,533.5,0.0,0,107.28,4,0,0,0,1,1,1,0,0,1,0,0,1,0,0,0,0,1,0,0,0,0,0,0,0,0,1,0,0,1,0,0
27,0,33.703976,-117.824172,17621,1,64,40.28,52,58.35,3756.45,0.0,0,2577.92,3,0,1,0,1,0,1,0,1,0,0,0,1,1,1,1,0,0,0,0,1,1,0,0,0,1,1,0,0,0,0,0
60,0,33.643095,-117.810896,41062,0,26,25.66,3,100.5,2599.95,0.0,0,667.16,3,0,0,0,0,0,0,0,0,1,0,0,1,1,1,0,1,0,0,0,1,0,1,1,1,1,0,0,1,0,0,0
57,1,33.680302,-117.833296,22499,3,15,37.9,0,20.05,284.3,0.0,0,568.5,4,0,0,0,1,1,1,0,0,0,0,0,1,0,0,0,0,1,0,0,0,0,0,0,0,0,0,0,0,1,0,0
21,0,33.458754,-117.665104,7465,1,27,18.42,26,95.0,2462.55,0.0,0,497.34,4,0,1,0,1,0,1,0,0,1,0,0,1,1,1,0,1,0,0,0,0,0,1,1,1,1,0,0,0,1,0,0
30,2,33.477923,-117.705314,27730,0,8,5.09,51,45.45,411.75,0.0,0,40.72,4,0,0,0,1,1,0,0,0,0,0,1,1,0,1,1,0,0,0,0,0,0,0,0,0,1,0,0,1,0,0,0
51,0,33.644849,-117.684254,59176,0,10,19.1,0,20.0,198.6,0.0,0,191.0,4,1,0,0,0,0,0,0,0,0,1,0,1,0,0,0,0,1,0,0,0,0,0,0,0,0,0,0,1,1,0,0
44,0,33.666301,-117.969501,56517,0,2,29.28,4,49.2,103.7,0.0,0,58.56,5,0,0,0,0,0,0,0,0,0,0,1,1,0,1,0,0,0,0,1,0,0,0,0,0,1,0,0,0,1,0,0
33,0,33.679659,-118.016195,42663,1,51,40.34,9,83.25,4089.45,0.0,0,2057.34,3,1,0,0,1,0,1,0,1,0,0,0,1,0,1,1,0,0,1,1,1,1,1,1,1,1,0,1,1,1,0,0
52,2,33.721917,-118.043237,32304,1,46,24.33,0,19.25,864.2,0.0,0,1119.1799999999998,5,0,0,0,1,1,1,0,1,0,0,0,1,0,0,0,0,1,0,0,0,0,0,0,0,0,0,1,1,1,0,0
40,0,33.570023,-117.773669,25206,0,1,13.85,0,19.65,19.65,0.0,0,13.85,3,1,0,0,0,0,0,0,0,0,0,1,1,0,0,0,0,1,0,0,0,0,0,0,0,0,0,0,1,0,0,0
38,0,33.606899,-117.717854,48273,0,46,41.1,26,72.8,3249.4,0.0,0,1890.6,4,1,0,0,0,0,0,0,1,0,0,0,1,1,1,0,1,0,0,0,0,0,0,0,0,1,0,0,0,0,0,0
62,0,33.744439,-117.98588,8660,4,50,34.57,13,109.65,5405.8,0.0,0,1728.5,3,0,0,0,1,0,1,0,1,0,0,0,1,1,1,0,1,0,1,1,0,1,1,1,1,1,0,0,1,0,0,0
31,1,33.571259,-117.731917,41237,9,53,2.11,19,65.0,3363.8,0.0,0,111.83,3,1,0,0,1,1,1,0,1,0,0,0,1,0,1,1,0,0,0,1,0,1,1,0,0,1,0,0,0,1,0,0
48,0,33.603282,-117.821841,5597,8,61,12.32,7,114.1,7132.15,0.0,0,751.52,4,1,0,0,1,0,1,0,1,0,0,0,1,1,1,0,1,0,0,1,1,1,1,1,1,1,0,0,1,0,0,0
40,0,33.634626,-117.874882,28687,0,5,42.52,0,20.65,93.55,0.0,0,212.6,4,1,0,0,0,0,0,0,0,0,0,1,1,0,0,0,0,1,0,0,0,0,0,0,0,0,0,0,0,0,0,0
33,0,33.601309,-117.902304,4242,0,47,36.78,25,86.95,4138.9,0.0,0,1728.66,4,1,0,0,0,0,0,0,1,0,0,0,1,0,1,1,0,0,1,1,1,1,1,1,1,1,1,0,1,0,0,0
30,0,33.606336,-117.893042,3124,0,54,37.65,30,94.75,5121.75,0.0,70,2033.1,4,0,0,0,0,0,0,0,1,0,0,0,1,1,1,0,1,0,0,1,1,0,1,0,0,0,1,0,1,0,0,0
19,2,33.62251,-117.927024,22133,0,19,0.0,59,25.35,566.1,0.0,0,0.0,4,1,1,0,0,1,0,0,0,0,1,0,0,0,1,1,0,0,0,0,0,0,0,0,1,1,0,0,1,1,0,0
63,1,33.429488,-117.609432,34946,0,26,2.48,19,105.45,2715.3,0.0,0,64.48,5,0,0,0,0,1,0,0,0,1,0,0,1,0,1,0,1,0,0,1,1,1,1,1,1,1,0,1,1,0,0,0
31,1,33.4725,-117.584273,15297,10,70,9.33,0,25.4,1782.05,0.0,0,653.1,4,1,0,0,1,1,1,1,0,0,0,0,1,1,0,0,0,1,0,0,0,0,0,0,0,0,0,1,0,1,0,0
58,0,33.521447,-117.602555,34321,2,17,10.11,2,102.55,1742.5,0.0,0,171.87,5,1,0,0,1,0,1,0,0,0,1,0,1,1,1,0,1,0,0,1,1,0,1,1,1,1,0,0,1,0,0,0
45,1,33.529047,-117.701175,62103,0,1,32.95,0,24.0,24.0,0.0,0,32.95,4,0,0,0,0,1,0,0,0,0,0,1,1,1,0,0,0,1,0,0,0,0,0,0,0,0,0,0,0,1,0,0
50,2,33.631119,-117.567346,32268,4,19,38.43,0,25.6,485.9,0.0,0,730.17,3,0,0,0,1,1,1,0,0,0,1,0,1,1,0,0,0,1,0,0,0,0,0,0,0,0,0,1,0,1,0,0
23,0,33.752591,-117.993661,88230,6,26,34.12,58,73.5,1905.7,17.03,70,887.1199999999999,5,0,1,0,1,0,1,0,0,1,0,0,1,0,1,1,0,0,0,1,1,0,1,1,1,0,0,1,1,1,0,0
46,0,33.611945,-117.665867,46371,10,50,38.29,16,98.25,4858.7,3.55,0,1914.5,4,1,0,0,1,0,1,0,1,0,0,0,1,1,1,0,1,0,0,1,0,0,1,1,1,1,1,0,1,0,0,0
58,0,33.60693,-117.644253,46227,8,68,0.0,11,54.4,3723.65,25.62,0,0.0,4,0,0,0,1,0,1,1,0,0,0,0,0,0,1,1,0,0,1,0,1,0,1,1,1,1,1,0,1,0,0,0
32,3,33.748478,-117.858918,58157,10,9,44.37,57,103.1,970.45,18.62,0,399.33,4,1,0,0,1,1,1,0,0,0,0,1,1,0,1,0,1,0,0,0,1,1,1,1,1,1,0,0,0,0,0,0
23,2,33.748635,-117.906125,70011,7,51,0.0,27,34.2,1782.0,9.39,0,0.0,4,0,1,0,1,1,1,0,1,0,0,0,0,0,1,0,0,0,1,0,0,1,0,0,1,1,0,1,0,0,0,0
48,0,33.719869,-117.907063,91188,0,9,40.73,29,43.75,405.7,5.9,0,366.57,3,0,0,0,0,0,0,0,0,0,0,0,1,0,1,1,0,0,0,0,0,0,0,0,0,1,0,0,1,0,0,0
26,0,33.765893,-117.881533,37879,0,22,28.42,73,100.65,2415.95,5.01,0,625.24,5,1,1,0,0,0,0,0,0,0,1,0,1,1,1,0,1,0,0,1,0,0,1,1,1,1,0,0,1,0,0,0
41,1,33.712036,-117.950113,54548,5,71,26.38,18,116.05,8297.5,42.57,110,1872.98,3,1,0,0,1,1,1,1,0,0,0,0,1,1,1,0,1,0,1,1,1,1,1,1,1,0,0,1,1,0,0,0
51,3,33.738543,-117.785046,17494,2,26,36.71,57,82.0,2083.1,42.43,0,954.46,4,1,0,0,1,1,1,0,0,1,0,0,1,1,1,1,0,0,0,0,1,1,1,1,1,1,1,0,1,1,0,0
29,0,33.844983,-117.952151,60553,2,71,40.63,69,65.15,4681.75,4.7,0,2884.73,3,1,1,0,1,0,1,1,0,0,0,0,1,1,1,1,0,0,1,1,0,1,0,0,1,1,0,1,0,0,0,0
28,0,33.807864,-117.923782,45086,0,4,43.77,41,44.8,176.2,0.0,0,175.08,4,1,1,0,0,0,0,0,0,0,0,1,1,0,1,1,0,0,0,0,0,0,0,0,1,1,0,0,1,1,0,0
61,0,33.818,-117.974404,81333,0,12,14.42,14,79.8,1001.2,21.53,0,173.04,3,0,0,0,0,0,0,0,0,0,1,0,1,1,1,0,1,0,1,0,0,0,0,0,0,1,0,0,1,0,0,0
23,0,33.830209,-117.906099,68802,8,18,18.55,59,88.85,1594.75,21.58,0,333.90000000000003,5,0,1,0,1,0,1,0,0,0,1,0,1,1,1,0,1,0,0,0,0,1,1,0,1,1,0,0,1,0,0,0
42,0,33.83796,-117.870494,34398,0,3,1.64,8,74.95,212.4,27.6,0,4.92,5,0,0,0,0,0,0,0,0,0,0,1,1,1,1,0,1,0,0,0,0,0,0,0,0,1,0,0,1,0,0,0
44,0,33.924143,-117.79387,1408,0,13,45.03,0,19.3,259.65,35.28,0,585.39,4,1,0,0,0,0,0,0,0,0,1,0,1,0,0,0,0,1,0,0,0,0,0,0,0,0,1,0,0,1,0,0
56,0,33.868316,-117.929029,24502,1,42,20.65,25,56.1,2386.85,28.83,0,867.3,4,1,0,0,1,0,1,0,1,0,0,0,1,1,1,1,0,0,1,0,0,0,0,0,0,1,1,0,0,1,0,0
27,0,33.877639,-117.961212,46105,0,17,22.26,0,19.7,340.35,0.0,0,378.42,4,0,1,0,0,0,0,0,0,0,1,0,1,0,0,0,0,1,0,0,0,0,0,0,0,0,0,0,0,1,0,0
27,0,33.787165,-117.931889,50641,1,68,1.29,27,118.6,7990.05,38.57,0,87.72,4,0,1,0,1,0,1,1,0,0,0,0,1,1,1,0,1,0,1,1,1,1,1,1,1,1,0,1,0,1,0,0
54,2,33.786738,-117.982564,31428,1,56,37.67,0,24.15,1402.25,29.41,0,2109.52,4,1,0,0,1,1,1,0,1,0,0,0,1,1,0,0,0,1,0,0,0,0,0,0,0,0,0,1,0,0,0,0
52,3,33.764018,-117.931507,43491,1,38,44.32,0,20.3,749.35,10.65,0,1684.16,5,0,0,0,1,1,1,0,0,1,0,0,1,0,0,0,0,1,0,0,0,0,0,0,0,0,1,0,0,1,0,0
53,1,33.766476,-117.969795,23481,1,72,36.82,10,115.5,8425.15,42.29,0,2651.04,4,0,0,0,1,1,1,1,0,0,0,0,1,1,1,0,1,0,1,1,1,1,1,1,1,1,0,1,1,0,0,0
44,0,33.782955,-118.026456,15878,0,48,34.96,0,25.05,1171.5,16.38,0,1678.08,4,0,0,0,0,0,0,0,1,0,0,0,1,1,0,0,0,1,0,0,0,0,0,0,0,0,1,0,0,1,0,0
30,2,33.817473,-117.810462,5935,1,35,18.29,0,19.65,708.8,0.0,0,640.15,3,0,0,0,1,1,1,0,0,1,0,0,1,0,0,0,0,1,0,0,0,0,0,0,0,0,1,0,0,1,0,0
60,0,33.828779,-117.848299,18058,1,67,21.71,30,111.3,7567.2,36.66,0,1454.5700000000002,3,1,0,0,1,0,1,1,0,0,0,0,1,1,1,0,1,0,0,1,1,1,1,1,1,1,0,1,1,0,0,0
42,0,33.784597,-117.844535,15396,0,1,0.0,24,29.9,29.9,0.0,0,0.0,4,0,0,0,0,0,0,0,0,0,0,0,0,0,1,1,0,0,1,0,0,0,0,0,0,1,0,0,0,1,0,0
56,0,33.81859,-117.821288,40915,0,53,49.21,29,80.6,4348.1,39.45,90,2608.13,4,1,0,0,0,0,0,0,1,0,0,0,1,0,1,0,1,0,0,1,0,1,0,0,0,0,0,0,1,1,0,0
44,1,33.787796,-117.875928,23172,1,34,44.54,0,20.8,635.9,46.07,0,1514.36,3,1,0,0,1,1,1,0,0,1,0,0,1,0,0,0,0,1,0,0,0,0,0,0,0,0,0,0,0,1,0,0
49,0,33.893823,-117.531446,44875,0,19,9.55,6,89.95,1682.4,29.64,0,181.45,5,1,0,0,0,0,0,0,0,0,1,0,1,0,1,0,1,0,0,0,1,1,1,0,0,1,0,0,0,1,0,0
45,0,33.833686,-117.513063,21911,0,11,17.12,0,19.55,223.15,26.32,0,188.32,3,1,0,0,0,0,0,0,0,0,1,0,1,0,0,0,0,1,0,0,0,0,0,0,0,0,0,1,0,1,0,0
41,1,33.897253,-117.792202,39458,1,60,43.33,28,115.25,6758.45,11.85,0,2599.8,5,0,0,0,1,1,1,0,1,0,0,0,1,1,1,0,1,0,1,1,1,1,1,1,1,1,0,1,0,1,0,0
38,0,33.884073,-117.732197,20893,1,72,13.72,0,24.8,1874.3,16.26,0,987.84,3,1,0,0,1,0,1,0,0,0,0,0,1,1,0,0,0,1,0,0,0,0,0,0,0,0,0,1,0,1,0,0
26,0,34.360261,-119.306383,32899,0,39,48.02,0,19.9,791.15,20.17,0,1872.78,4,1,1,0,0,0,0,0,0,1,0,0,1,0,0,0,0,1,0,0,0,0,0,0,0,0,1,0,0,1,0,0
43,0,34.279221,-119.221437,46894,1,59,29.6,12,81.25,4639.45,0.0,0,1746.4,3,0,0,0,1,0,1,0,0,0,0,0,1,0,1,0,1,0,1,0,1,0,0,0,0,1,1,0,1,1,0,0
48,2,34.278697,-119.167798,27381,6,2,29.1,19,69.95,143.9,0.0,0,58.2,3,1,0,0,1,1,1,0,0,0,0,1,1,0,1,0,1,0,0,0,0,0,0,0,0,1,0,0,0,1,0,0
53,0,34.408161,-118.865111,16013,0,71,6.75,15,86.4,6172.0,0.0,0,479.25,5,1,0,0,0,0,0,0,0,0,0,0,1,1,1,0,1,0,0,0,1,1,0,0,0,1,0,1,1,1,0,0
21,0,34.312945,-118.858169,32984,6,24,9.3,27,66.3,1559.45,32.59,0,223.2,3,0,1,0,1,0,1,0,0,0,0,0,1,1,1,1,0,0,1,1,1,0,0,0,0,1,0,0,0,1,0,0
41,0,34.156629,-119.117218,77791,4,37,42.45,23,72.1,2658.4,16.36,0,1570.65,3,0,0,0,1,0,1,0,0,0,0,0,1,1,1,1,0,0,0,1,0,1,0,1,1,1,1,0,0,1,0,0
60,0,34.18454,-119.224666,25322,0,11,0.0,22,34.7,383.55,22.53,150,0.0,5,1,0,0,0,0,0,0,0,0,1,0,0,0,1,1,0,0,0,1,1,0,0,0,0,0,0,0,0,1,0,0
56,0,34.110124,-119.100972,25634,9,18,29.6,7,95.95,1745.5,6.72,0,532.8000000000001,3,0,0,0,1,0,1,0,0,0,1,0,1,0,1,0,1,0,0,0,1,0,1,1,1,1,0,0,1,1,0,0
22,2,34.402343,-119.094824,32511,10,50,36.61,41,44.8,2230.85,36.22,0,1830.5,5,1,1,0,1,1,1,0,0,0,0,0,1,0,1,1,0,0,0,0,0,0,0,0,0,1,1,0,1,0,0,0
53,2,34.296813,-118.685703,49027,7,67,3.3,19,109.4,7281.6,38.34,0,221.1,3,0,0,0,1,1,1,0,0,0,0,0,1,1,1,0,1,0,1,0,1,1,1,1,1,1,1,0,1,0,0,0
25,0,34.269449,-118.768471,64802,10,25,2.34,73,71.05,1837.7,28.08,0,58.5,4,0,1,0,1,0,1,0,0,0,0,0,1,0,1,1,0,0,1,1,0,1,0,1,1,1,0,0,1,1,0,0
37,0,34.420998,-119.60137,576,0,9,24.89,0,19.7,180.7,0.0,0,224.01,4,1,0,0,0,0,0,0,0,0,0,1,1,0,0,0,0,1,0,0,0,0,0,0,0,0,0,0,0,1,0,0
52,5,34.419203,-119.710008,31727,0,10,0.0,57,40.25,411.45,17.96,30,0.0,3,0,0,0,0,1,0,0,0,0,1,0,0,0,1,1,0,0,1,1,0,1,0,0,0,0,1,0,0,1,0,0
34,0,34.438581,-119.685368,20893,0,70,40.91,0,19.85,1328.35,33.29,0,2863.7,4,0,0,0,1,0,0,0,0,0,0,0,1,0,0,0,0,1,0,0,0,0,0,0,0,0,0,1,0,1,0,0
45,0,34.037342,-119.80079,25771,0,9,32.31,24,68.25,576.95,0.0,0,290.79,3,1,0,0,0,0,0,0,0,0,0,1,1,0,1,0,0,0,1,0,1,1,0,1,1,1,0,0,1,0,0,0
53,0,34.457541,-119.631072,12741,0,4,1.3,0,20.15,68.45,0.0,0,5.2,3,0,0,0,0,0,0,0,0,0,0,1,1,0,0,0,0,1,0,0,0,0,0,0,0,0,0,0,1,1,0,0
42,0,34.406256,-119.726936,10986,0,2,36.96,24,50.95,123.05,0.0,0,73.92,3,0,0,0,0,0,0,0,0,0,0,1,1,0,1,1,0,0,1,0,0,0,0,0,0,1,0,0,0,1,0,0
37,0,34.460197,-119.802602,16477,0,19,0.0,6,25.15,468.35,0.0,0,0.0,4,1,0,0,0,0,0,0,0,0,1,0,0,0,1,1,0,0,0,0,0,0,0,0,0,1,0,0,1,0,0,0
22,3,34.489983,-120.091246,49975,0,7,49.83,0,20.25,174.7,0.0,0,348.81,5,1,1,0,1,1,0,0,0,0,0,1,1,0,0,0,0,1,0,0,0,0,0,0,0,0,0,0,1,0,0,0
59,3,35.116307,-118.817644,16206,10,9,12.55,0,20.25,172.35,0.0,0,112.95,5,0,0,0,1,1,1,0,0,0,0,0,1,0,0,0,0,1,0,0,0,0,0,0,0,0,1,0,0,1,0,0
42,0,35.451402,-119.488413,2078,0,5,24.83,26,55.8,300.4,0.0,0,124.15,4,0,0,0,0,0,0,0,0,0,0,0,1,0,1,1,0,0,1,0,1,0,0,0,0,1,0,0,0,1,0,0
49,1,35.865795,-118.69759,226,4,56,12.97,28,88.9,4968.0,0.0,0,726.32,5,0,0,0,1,1,1,0,0,0,0,0,1,0,1,0,1,0,0,0,0,0,1,1,1,1,1,0,0,0,0,0
25,2,36.057458,-118.591951,191,0,18,17.51,30,57.65,992.7,0.0,0,315.18,3,0,1,0,0,1,0,0,0,0,1,0,1,1,1,1,0,0,1,0,0,0,0,0,0,1,0,0,0,1,0,0
40,0,36.04533,-119.532424,23506,1,70,39.35,2,79.15,5536.5,0.0,0,2754.5,4,1,0,0,1,0,1,0,0,0,0,0,1,1,1,1,0,0,1,1,1,1,1,0,0,1,0,1,0,1,0,0
19,0,35.772244,-119.209689,37280,0,72,10.05,82,108.05,7806.6,0.0,0,723.6,3,0,1,0,0,0,0,0,0,0,0,0,1,1,1,0,1,0,0,1,1,1,1,1,1,1,0,1,1,1,0,0
43,0,36.301689,-119.018233,13333,3,29,0.0,15,45.9,1332.4,0.0,20,0.0,4,1,0,0,1,0,1,0,0,0,0,0,0,0,1,1,0,0,0,0,0,0,1,1,1,0,0,0,1,0,0,0
35,0,36.29878,-119.201028,8644,4,63,2.72,22,102.6,6296.75,0.0,0,171.36,5,1,0,0,1,0,1,0,0,0,0,0,1,1,1,0,1,0,0,0,1,0,1,1,1,1,0,1,0,0,0,0
46,0,34.827662,-118.999073,4498,0,59,9.7,6,61.35,3645.5,0.0,0,572.3,3,1,0,0,0,0,0,0,0,0,0,0,1,0,1,1,0,0,0,0,1,0,0,1,1,1,1,0,1,0,0,0
21,0,35.735694,-118.738483,296,0,3,48.3,42,57.55,161.45,0.0,0,144.89999999999998,3,0,1,0,0,0,0,0,0,0,0,0,1,0,1,0,0,0,0,0,1,0,1,0,0,1,0,0,0,0,0,0
57,0,36.29223,-119.622676,53204,0,8,0.0,2,29.25,226.95,0.0,0,0.0,3,0,0,0,0,0,0,0,0,0,0,0,0,0,1,1,0,0,0,1,0,0,0,0,0,1,0,0,1,1,0,0
37,0,36.385818,-119.224243,4517,0,68,32.99,0,19.6,1441.65,0.0,0,2243.32,4,0,0,0,0,0,0,0,0,0,0,0,1,0,0,0,0,1,0,0,0,0,0,0,0,0,0,1,0,1,0,0
40,3,35.852892,-118.397782,1873,3,68,14.11,57,111.75,7511.3,0.0,0,959.48,4,0,0,0,1,1,1,0,0,0,0,0,1,1,1,0,1,0,1,0,1,1,1,1,1,1,0,1,0,1,0,0
29,1,35.607875,-118.466318,5564,4,72,41.94,85,107.7,7919.8,0.0,0,3019.68,4,1,1,0,1,1,1,0,0,0,0,0,1,1,1,0,1,0,1,1,0,1,1,1,1,1,0,1,1,1,0,0
42,0,35.245035,-118.905553,15364,1,32,45.26,0,19.3,593.2,0.0,0,1448.32,5,0,0,0,1,0,1,0,0,0,0,0,1,0,0,0,0,1,0,0,0,0,0,0,0,0,1,0,0,1,0,0
44,0,36.444232,-119.718285,2900,1,72,47.24,0,20.05,1423.65,0.0,0,3401.28,3,0,0,0,1,0,1,0,0,0,0,0,1,0,0,0,0,1,0,0,0,0,0,0,0,0,0,1,0,0,0,0
46,1,34.845861,-118.885163,1247,10,1,11.45,14,69.95,69.95,0.0,0,11.45,3,1,0,0,1,1,1,0,0,0,0,0,1,0,1,0,1,0,0,0,0,0,0,0,0,1,0,0,1,1,0,0
29,3,36.462671,-118.997291,293,10,42,44.95,69,63.7,2763.35,0.0,0,1887.9,4,1,1,0,1,1,1,0,0,0,0,0,1,0,1,1,0,0,1,0,0,1,0,1,1,1,1,0,0,1,0,0
45,0,36.205465,-119.085807,15508,0,45,19.39,16,50.9,2298.55,0.0,0,872.5500000000001,3,1,0,0,0,0,0,0,0,0,0,0,1,0,1,1,0,0,1,0,0,0,0,0,0,1,0,0,1,0,0,0
46,2,35.637715,-119.893068,2502,8,43,0.0,10,60.4,2640.55,0.0,100,0.0,3,0,0,0,1,1,1,0,0,0,0,0,0,0,1,1,0,0,1,0,1,1,1,1,1,0,1,0,1,1,0,0
43,0,35.666886,-119.186717,10781,6,37,9.26,28,79.25,2911.8,0.0,0,342.62,3,1,0,0,1,0,1,0,0,0,0,0,1,1,1,1,0,0,1,0,1,0,1,1,1,1,1,0,0,1,0,0
46,0,34.956577,-119.750142,798,8,63,3.18,15,110.1,6705.7,0.0,0,200.34,3,1,0,0,1,0,1,0,0,0,0,0,1,0,1,0,1,0,1,1,1,1,1,1,1,1,0,1,1,1,0,0
47,0,33.507255,-117.029473,46171,0,3,5.39,10,90.7,237.65,0.0,0,16.169999999999998,4,1,0,0,0,0,0,0,0,0,0,0,1,0,1,0,1,0,0,0,0,0,1,1,1,1,0,0,0,1,0,0
59,3,35.957019,-119.330928,4198,5,66,38.55,0,25.3,1672.35,0.0,0,2544.3,5,1,0,0,1,1,1,0,0,0,0,0,1,1,0,0,0,1,0,0,0,0,0,0,0,0,0,1,1,1,0,0
36,3,35.809921,-119.127437,2956,0,71,4.89,0,24.35,1654.6,0.0,0,347.19,4,1,0,0,0,1,0,0,0,0,0,0,1,1,0,0,0,1,0,0,0,0,0,0,0,0,0,1,0,1,0,0
43,2,35.490705,-119.286833,15177,4,72,35.62,0,25.1,1857.85,0.0,0,2564.64,4,0,0,0,1,1,1,0,0,0,0,0,1,1,0,0,0,1,0,0,0,0,0,0,0,0,0,1,0,0,0,0
43,0,36.175255,-119.813805,1729,5,66,36.55,20,96.6,6424.25,0.0,0,2412.3,3,1,0,0,1,0,1,0,0,0,0,0,1,1,1,0,1,0,1,1,1,1,0,0,0,1,0,1,0,1,0,0
22,0,35.184837,-119.402525,14937,0,51,34.75,59,81.15,4126.2,0.0,0,1772.25,4,1,1,0,0,0,0,0,0,0,0,0,1,1,1,0,0,0,1,1,1,1,1,0,0,1,1,0,1,1,0,0
22,1,35.939068,-119.043666,5868,0,8,0.0,51,38.5,330.8,0.0,0,0.0,3,0,1,0,0,1,0,0,0,0,0,0,0,0,1,1,0,0,1,0,0,0,0,1,1,1,0,0,1,0,0,0
47,0,36.413433,-118.854708,2318,0,14,27.8,17,92.9,1337.45,0.0,0,389.2,3,1,0,0,0,0,0,0,0,0,1,0,1,0,1,0,1,0,0,0,0,0,1,1,1,1,0,0,1,0,0,0
44,0,36.185471,-119.375243,56101,0,70,16.93,10,84.7,5991.05,0.0,0,1185.1,4,0,0,0,0,0,0,0,0,0,0,0,1,1,1,1,0,0,1,1,1,0,1,1,1,1,0,1,0,1,0,0
54,3,35.316263,-119.402559,236,0,70,16.75,57,66.0,4891.5,0.0,90,1172.5,3,0,0,0,0,1,0,0,0,0,0,0,1,1,1,1,0,0,1,1,0,1,0,0,0,0,0,1,0,0,0,0
40,0,35.55647,-118.244914,1935,0,24,47.51,0,20.75,487.05,0.0,0,1140.24,3,1,0,0,0,0,0,0,0,0,0,0,1,0,0,0,0,1,0,0,0,0,0,0,0,0,0,1,0,1,0,0
27,0,35.690535,-118.552784,2515,1,69,2.73,69,61.45,4131.2,0.0,0,188.37,5,0,1,0,1,0,1,0,0,0,0,0,1,0,1,1,0,0,0,1,0,0,0,1,1,1,0,1,1,1,0,0
30,1,36.464635,-119.094348,8870,7,42,18.93,73,54.5,2301.15,0.0,0,795.06,4,1,0,0,1,1,1,0,0,0,0,0,1,0,1,1,0,0,1,1,0,0,0,0,0,1,0,0,0,1,0,0
62,3,36.37559,-119.211689,30395,2,45,7.48,27,109.75,4900.65,0.0,0,336.6,3,1,0,0,1,1,1,0,0,0,0,0,1,1,1,0,1,0,0,1,1,1,1,1,1,1,0,1,1,0,0,0
55,2,35.383937,-119.020428,12963,6,72,9.3,12,80.85,5727.45,0.0,0,669.6,3,1,0,0,1,1,1,0,0,0,0,0,1,1,1,1,0,0,1,1,1,1,1,0,0,1,0,1,1,0,0,0
43,0,35.339796,-119.023552,44588,0,38,43.19,0,20.3,743.05,0.0,0,1641.2199999999998,5,0,0,0,0,0,0,0,0,0,0,0,1,0,0,0,0,1,0,0,0,0,0,0,0,0,0,1,0,1,0,0
46,0,35.391733,-118.984109,35643,1,72,15.52,6,67.8,4804.65,0.0,0,1117.44,3,1,0,0,1,0,1,0,0,0,0,0,1,1,1,0,0,0,1,1,1,1,0,0,0,1,0,1,1,0,0,0
54,2,35.280113,-118.962329,59195,10,72,38.84,0,19.8,1414.65,0.0,0,2796.4800000000005,4,1,0,0,1,1,1,0,0,0,0,0,1,0,0,0,0,1,0,0,0,0,0,0,0,0,0,1,1,1,0,0
54,0,35.559617,-118.925185,44915,1,55,12.21,0,25.7,1443.65,0.0,0,671.5500000000001,4,1,0,0,1,0,1,0,0,0,0,0,1,1,0,0,0,1,0,0,0,0,0,0,0,0,0,1,0,0,0,0
42,3,35.342891,-119.064803,58632,4,51,0.0,76,56.15,2898.95,0.0,0,0.0,5,0,0,0,1,1,1,0,0,0,0,0,0,0,1,1,0,0,0,0,1,1,1,1,1,1,1,0,1,0,0,0
24,0,35.16207,-119.194488,20440,0,63,29.58,47,86.7,5309.5,0.0,0,1863.54,3,1,1,0,0,0,0,0,0,0,0,0,1,0,1,1,0,0,1,1,1,1,1,1,1,1,0,1,1,0,0,0
29,0,35.392599,-119.245341,40836,0,1,45.91,0,20.4,20.4,0.0,0,45.91,5,0,1,0,0,0,0,0,0,0,0,0,1,0,0,0,0,1,0,0,0,0,0,0,0,0,0,0,0,1,0,0
24,3,35.140938,-119.051348,25126,9,23,1.88,0,19.65,451.55,0.0,0,43.24,4,0,1,0,1,1,1,0,0,0,1,0,1,0,0,0,0,1,0,0,0,0,0,0,0,0,0,1,1,1,0,0
38,0,35.279984,-120.824288,14859,0,2,25.81,7,54.35,117.05,0.0,0,51.62,5,0,0,0,0,0,0,0,0,0,0,0,1,1,1,0,0,0,0,0,0,1,0,0,0,1,0,0,1,1,0,0
40,0,35.176236,-120.483243,24499,0,36,25.95,21,54.45,1893.5,0.0,0,934.2,3,0,0,0,0,0,0,0,0,0,0,0,1,1,1,1,0,0,1,0,0,0,0,0,0,1,1,0,0,1,0,0
39,0,35.453912,-120.69461,29539,0,1,12.46,14,45.35,45.35,0.0,0,12.46,4,0,0,0,0,0,0,0,0,0,0,0,1,0,1,1,0,0,0,0,0,0,0,0,0,1,0,0,0,1,0,0
35,0,35.186644,-120.728305,812,0,28,33.05,7,59.0,1654.45,0.0,0,925.4,4,0,0,0,0,0,0,0,0,0,0,0,1,1,1,0,0,0,1,0,1,0,0,0,0,1,1,0,0,1,0,0
39,3,35.842889,-121.004862,1363,1,7,18.91,29,69.45,477.05,0.0,0,132.37,3,0,0,0,1,1,1,0,0,0,0,0,1,0,1,1,0,0,1,1,1,0,1,0,0,1,1,0,0,0,0,0
60,0,35.511833,-120.918713,3220,0,10,41.04,0,18.85,163.2,0.0,0,410.4,3,0,0,0,0,0,0,0,0,0,1,0,1,0,0,0,0,1,0,0,0,0,0,0,0,0,0,0,0,1,0,0
55,0,35.480896,-120.469476,1203,0,42,38.74,0,19.8,849.9,0.0,0,1627.0800000000002,3,1,0,0,0,0,0,0,0,0,0,0,1,0,0,0,0,1,0,0,0,0,0,0,0,0,1,0,0,0,0,0
42,0,35.120833,-120.61843,13106,0,7,0.0,4,25.05,189.95,0.0,0,0.0,4,0,0,0,0,0,0,0,0,0,0,0,0,0,1,1,0,0,0,0,0,0,0,0,0,1,0,0,0,0,0,0
43,1,34.601055,-120.382917,51737,1,72,15.94,13,114.3,8058.55,0.0,0,1147.68,3,1,0,0,1,1,1,0,0,0,0,0,1,1,1,0,1,0,1,1,1,1,1,1,1,1,0,1,1,1,0,0
36,0,34.758699,-120.275839,1328,0,63,13.14,17,109.2,7049.75,0.0,0,827.82,4,1,0,0,0,0,0,0,0,0,0,0,1,0,1,0,1,0,1,1,1,1,1,1,1,1,0,1,0,1,0,0
39,0,34.70434,-120.02609,1317,0,56,0.0,19,45.05,2560.1,0.0,0,0.0,3,0,0,0,0,0,0,0,0,0,0,0,0,0,1,1,0,0,1,1,1,1,0,0,0,1,0,1,0,0,0,0
22,1,35.369553,-120.763864,10909,0,5,40.03,52,51.0,286.8,0.0,0,200.15,4,0,1,0,0,1,0,0,0,0,0,0,1,0,1,1,0,0,0,0,0,1,0,0,0,0,0,0,1,1,0,0
33,0,35.050345,-120.489599,15405,1,72,46.23,18,110.45,7982.5,0.0,0,3328.56,4,0,0,0,1,0,1,0,0,0,0,0,1,1,1,0,1,0,0,1,1,1,1,1,1,1,0,1,1,0,0,0
43,2,35.634222,-120.728341,35586,1,67,6.53,19,60.05,3994.05,0.0,0,437.51,4,1,0,0,1,1,1,0,0,0,0,0,1,0,1,0,0,0,1,1,0,1,0,0,0,1,1,0,0,1,0,0
45,3,35.165668,-120.655842,8564,1,8,30.77,75,44.65,369.15,0.0,0,246.16,3,1,0,0,1,1,1,0,0,0,0,0,1,0,1,1,0,0,0,0,0,0,0,0,0,1,0,0,0,0,0,0
49,1,35.996008,-120.85305,670,1,52,11.3,10,93.25,4631.7,0.0,0,587.6,3,1,0,0,1,1,1,0,0,0,0,0,1,1,1,0,1,0,0,1,0,1,0,1,1,1,0,0,1,0,0,0
29,1,35.886767,-120.608661,2666,10,18,35.44,0,20.25,401.95,0.0,0,637.92,4,0,1,0,1,1,1,0,0,0,1,0,1,0,0,0,0,1,0,0,0,0,0,0,0,0,0,0,1,1,0,0
40,2,35.746484,-121.223355,471,0,59,42.37,0,25.45,1534.05,0.0,0,2499.83,4,0,0,0,1,1,0,0,1,0,0,0,1,1,0,0,0,1,0,0,0,0,0,0,0,0,0,1,0,1,0,0
60,0,35.303926,-120.256567,2687,0,60,47.07,0,20.6,1093.0,0.0,0,2824.2,3,0,0,0,0,0,0,0,1,0,0,0,1,0,0,0,0,1,0,0,0,0,0,0,0,0,0,1,0,1,0,0
55,0,34.943523,-120.256729,30540,0,7,7.37,6,94.1,701.3,0.0,0,51.59,5,1,0,0,0,0,0,0,0,0,0,0,1,1,1,0,1,0,0,0,0,0,1,1,1,1,0,0,1,0,0,0
59,2,34.818227,-120.418784,37364,0,59,0.0,19,34.8,1980.3,0.0,0,0.0,4,1,0,0,1,1,0,0,1,0,0,0,0,0,1,1,0,0,1,0,1,0,0,0,0,1,1,0,0,1,0,0
33,0,34.95934,-120.490081,43684,0,46,0.0,13,60.75,2893.4,0.0,0,0.0,4,1,0,0,0,0,0,0,1,0,0,0,0,0,1,1,0,0,1,0,1,1,1,1,1,1,0,1,1,0,0,0
39,0,34.630356,-120.032564,5710,0,5,17.16,7,51.35,262.3,0.0,0,85.8,5,1,0,0,0,0,0,0,0,0,0,1,1,0,1,1,0,0,0,1,0,0,0,0,0,1,0,0,1,0,0,0
53,0,34.624399,-120.137875,7958,7,70,9.28,24,84.8,5917.55,0.0,120,649.5999999999999,4,0,0,0,1,0,1,0,0,0,0,0,1,1,1,1,0,0,0,1,1,1,1,1,1,0,0,1,1,0,0,0
64,0,35.097323,-118.171288,4882,0,44,18.42,22,50.15,2139.1,0.0,0,810.48,3,0,0,0,0,0,0,0,1,0,0,0,1,1,1,1,0,0,0,0,0,0,0,0,0,1,0,0,1,1,0,0
45,0,35.151491,-117.927597,8316,7,64,1.27,13,94.6,5948.7,0.0,0,81.28,4,0,0,0,1,0,1,0,1,0,0,0,1,1,1,0,1,0,1,0,1,0,1,0,0,1,0,1,1,1,0,0
25,3,34.501452,-118.207862,7831,8,58,0.0,59,59.75,3624.35,0.0,0,0.0,3,0,1,0,1,1,1,0,1,0,0,0,0,0,1,1,0,0,1,0,1,1,1,1,1,1,0,1,0,1,0,0
26,0,37.04584,-118.397236,13309,7,72,28.59,58,97.7,6869.7,0.0,0,2058.48,5,0,1,0,1,0,1,1,0,0,0,0,1,1,1,0,1,0,0,1,0,0,1,1,1,1,0,1,1,1,0,0
51,0,36.319181,-117.593053,64,0,54,0.0,7,46.2,2431.95,0.0,0,0.0,3,1,0,0,0,0,0,0,1,0,0,0,0,0,1,1,0,0,1,1,0,0,0,1,1,1,0,1,0,0,0,0
42,3,36.869584,-118.189241,734,5,72,18.21,0,24.9,1859.2,0.0,0,1311.12,3,0,0,0,1,1,1,1,0,0,0,0,1,1,0,0,0,1,0,0,0,0,0,0,0,0,0,1,0,1,0,0
29,3,37.730269,-119.055813,618,1,54,36.09,59,63.35,3409.1,0.0,0,1948.86,3,1,1,0,1,1,1,0,1,0,0,0,1,1,1,1,0,0,0,0,1,0,0,1,1,1,0,1,0,1,0,0
19,0,36.560498,-117.962461,71,0,14,36.22,59,50.1,709.5,0.0,0,507.08,3,0,1,0,0,0,0,0,0,0,0,0,1,0,1,0,0,0,1,0,0,0,0,0,0,1,0,0,0,0,0,0
63,0,34.727529,-118.153098,35109,0,1,38.33,24,50.15,50.15,0.0,50,38.33,3,0,0,0,0,0,0,0,0,0,0,1,1,0,1,1,0,0,1,0,0,0,0,0,0,0,0,0,0,0,0,0
22,0,34.741406,-118.38111,49309,0,56,48.32,59,64.65,3665.55,0.0,0,2705.92,3,1,1,0,0,0,0,0,1,0,0,0,1,1,1,1,0,0,1,1,0,1,0,0,0,1,1,0,1,0,0,0
38,0,37.890145,-119.184087,504,7,68,47.95,14,79.6,5515.8,0.0,0,3260.6000000000004,4,0,0,0,1,0,1,1,0,0,0,0,1,0,1,1,0,0,1,1,0,1,1,1,1,1,0,1,1,0,0,0
58,1,34.505273,-117.955054,11198,2,14,41.05,0,19.5,272.0,0.0,0,574.6999999999999,3,0,0,0,1,1,1,0,0,0,0,0,1,0,0,0,0,1,0,0,0,0,0,0,0,0,1,0,1,1,0,0
38,3,34.500091,-117.765862,1220,9,68,38.75,28,99.55,6668.0,0.0,0,2635.0,3,1,0,0,1,1,1,1,0,0,0,0,1,0,1,0,1,0,1,0,0,1,1,1,1,1,0,1,1,0,0,0
34,0,37.550074,-118.837167,8217,0,16,0.0,30,38.9,664.4,0.0,0,0.0,3,0,0,0,0,0,0,0,0,0,0,0,0,0,1,1,0,0,1,0,0,0,1,0,0,1,0,0,1,0,0,0
37,0,34.557711,-118.029441,25370,0,53,0.0,24,46.3,2546.85,0.0,0,0.0,3,1,0,0,0,0,0,0,1,0,0,0,0,0,1,1,0,0,1,1,0,0,0,1,1,1,0,0,1,0,0,0
58,0,34.445239,-117.894868,1613,10,70,48.0,13,99.35,6944.5,0.0,0,3360.0,3,1,0,0,1,0,1,1,0,0,0,0,1,1,1,0,1,0,1,1,1,0,1,0,0,1,0,1,1,1,0,0
23,0,34.903052,-118.411251,14931,4,10,38.03,42,78.15,765.15,0.0,0,380.3,3,0,1,0,1,0,1,0,0,0,0,0,1,1,1,0,1,0,1,0,0,0,0,0,0,1,0,0,1,1,0,0
62,2,35.073777,-118.652112,25805,8,29,5.35,0,26.1,692.55,0.0,0,155.14999999999998,3,0,0,0,1,1,1,0,0,0,0,0,1,1,0,0,0,1,0,0,0,0,0,0,0,0,0,1,0,1,0,0
23,0,36.991762,-119.242874,3464,0,30,0.0,42,40.35,1187.05,0.0,0,0.0,4,0,1,0,0,0,0,0,0,0,0,0,0,0,1,0,0,0,0,0,0,1,0,1,1,1,1,0,1,1,0,0
21,0,36.64545,-118.924982,273,9,72,22.41,59,79.2,5401.9,0.0,20,1613.52,4,0,1,0,1,0,1,1,0,0,0,0,1,1,1,1,0,0,1,1,1,1,1,0,0,0,0,1,0,1,0,0
27,0,37.458367,-119.345011,613,0,10,12.39,0,20.9,247.0,0.0,0,123.9,5,0,1,0,0,0,0,0,0,0,0,0,1,0,0,0,0,1,0,0,0,0,0,0,0,0,0,0,1,1,0,0
39,3,36.488056,-120.407691,1766,0,1,9.0,53,49.9,49.9,0.0,0,9.0,3,0,0,0,0,1,0,0,0,0,0,1,1,0,1,0,0,0,1,0,0,0,0,0,0,1,0,0,0,1,0,0
44,0,36.5276,-119.865999,5446,0,20,22.75,11,68.9,1370.35,0.0,0,455.0,5,0,0,0,0,0,0,0,0,0,0,0,1,1,1,0,0,0,0,1,0,1,0,1,1,1,0,0,1,1,0,0
42,0,37.100948,-120.270136,19391,0,1,28.18,0,20.25,20.25,0.0,0,28.18,4,0,0,0,0,0,0,0,0,0,0,1,1,0,0,0,0,1,0,0,0,0,0,0,0,0,0,0,1,1,0,0
24,0,36.917652,-119.593757,46858,0,29,7.01,42,76.0,2215.25,0.0,0,203.29,3,0,1,0,0,0,0,0,0,0,0,0,1,1,1,0,1,0,0,0,0,0,0,0,0,1,0,0,1,1,0,0
34,0,36.814539,-119.711868,33856,0,1,23.7,25,74.0,74.0,0.0,0,23.7,4,1,0,0,0,0,0,0,0,0,0,1,1,0,1,0,1,0,0,0,0,1,0,0,0,1,0,0,0,0,0,0
61,0,37.212191,-119.749323,9395,0,3,44.97,16,82.3,214.4,0.0,20,134.91,4,1,0,0,0,0,0,0,0,0,0,0,1,0,1,0,1,0,1,0,0,1,0,0,0,0,0,0,1,1,0,0
48,0,36.497895,-119.285484,5519,0,20,30.52,21,89.4,1871.15,0.0,0,610.4,4,0,0,0,0,0,0,0,0,0,0,0,1,0,1,0,1,0,1,0,1,0,1,0,0,1,0,0,1,0,0,0
31,1,36.657462,-119.595293,1965,0,64,22.41,24,99.15,6171.2,0.0,0,1434.24,5,1,0,0,0,1,0,0,1,0,0,0,1,0,1,0,1,0,0,1,0,1,1,1,1,1,0,0,1,1,0,0
22,0,37.045728,-120.630682,9388,0,6,0.0,52,29.45,161.45,0.0,0,0.0,3,0,1,0,0,0,0,0,0,0,0,1,0,0,1,0,0,0,1,0,0,0,0,0,0,1,0,0,0,0,0,0
55,0,36.789213,-119.140338,506,5,50,1.87,0,19.8,1013.2,0.0,0,93.5,4,1,0,0,1,0,1,0,1,0,0,0,1,0,0,0,0,1,0,0,0,0,0,0,0,0,0,1,0,0,0,0
60,0,36.785618,-120.625382,9491,0,6,20.11,5,59.15,336.7,0.0,0,120.66,3,1,0,0,0,0,0,0,0,0,0,1,1,0,1,1,0,0,1,0,0,0,0,1,1,1,0,0,1,0,0,0
42,1,37.483535,-119.679414,77,7,7,28.7,17,44.75,333.65,0.0,0,200.9,5,1,0,0,1,1,1,0,0,0,0,1,1,0,1,1,0,0,0,0,0,0,0,0,0,1,0,0,0,0,0,0
22,1,36.397745,-120.119911,1852,1,72,23.7,59,90.8,6511.8,0.0,60,1706.4,3,1,1,0,1,1,1,1,0,0,0,0,1,1,1,0,1,0,0,0,1,0,0,1,1,0,0,1,1,1,0,0
24,0,36.625792,-119.672483,5635,6,8,2.38,53,49.55,393.45,0.0,0,19.04,5,1,1,0,1,0,1,0,0,0,0,1,1,0,1,1,0,0,0,1,0,0,0,0,0,1,0,0,1,0,0,0
35,2,37.027663,-119.69056,1125,3,67,40.35,16,106.7,7009.5,0.0,0,2703.4500000000003,3,0,0,0,1,1,1,1,0,0,0,0,1,1,1,0,1,0,1,0,0,1,1,1,1,1,0,1,0,1,0,0
22,0,36.807595,-118.901544,93,5,72,22.74,48,94.45,6921.7,0.0,0,1637.28,4,0,1,0,1,0,1,1,0,0,0,0,1,1,1,0,1,0,1,1,0,0,0,1,1,1,0,1,1,1,0,0
25,1,36.727418,-120.123526,14062,6,33,5.86,0,19.45,600.25,0.0,0,193.38,5,1,1,0,1,1,1,0,0,0,0,0,1,0,0,0,0,1,0,0,0,0,0,0,0,0,1,0,1,0,0,0
41,0,37.290606,-119.216328,52,7,70,24.93,15,67.95,4664.15,0.0,0,1745.1,3,1,0,0,1,0,1,1,0,0,0,0,1,0,1,1,0,0,1,1,0,1,0,1,1,1,0,1,0,1,0,0
22,0,36.995162,-120.955099,29124,0,22,1.74,85,65.25,1441.8,0.0,0,38.28,5,0,1,0,0,0,0,0,0,0,0,0,1,0,1,1,0,0,0,1,1,0,1,0,0,1,1,0,0,0,0,0
54,0,36.902954,-120.194274,28434,0,59,39.42,12,99.45,5623.7,0.0,30,2325.78,3,0,0,0,0,0,0,0,1,0,0,0,1,1,1,0,1,0,1,1,1,0,0,1,1,0,0,0,1,0,0,0
37,0,37.004068,-119.930027,49247,0,36,12.72,0,20.35,695.85,0.0,0,457.92,5,1,0,0,0,0,0,0,0,0,0,0,1,0,0,0,0,1,0,0,0,0,0,0,0,0,1,0,1,1,0,0
60,1,33.141265,-116.967221,48690,10,51,14.54,0,19.95,1028.75,0.0,0,741.54,4,0,0,0,1,1,1,0,1,0,0,0,1,0,0,0,0,1,0,0,0,0,0,0,0,0,0,1,0,1,0,0
52,0,36.696759,-119.024051,571,1,53,47.55,13,77.4,4155.95,0.0,0,2520.15,4,1,0,0,1,0,1,0,1,0,0,0,1,1,1,1,0,0,1,0,1,1,1,0,0,1,1,0,0,0,0,0
50,3,37.244307,-119.470256,3376,7,20,7.31,0,19.7,395.6,0.0,0,146.2,5,0,0,0,1,1,1,0,0,0,0,0,1,0,0,0,0,1,0,0,0,0,0,0,0,0,1,0,0,0,0,0
46,0,37.648647,-119.231447,8521,3,63,26.81,6,99.7,6330.4,0.0,0,1689.03,3,1,0,0,1,0,1,0,1,0,0,0,1,0,1,0,1,0,1,0,1,0,1,1,1,1,0,1,0,1,0,0
50,0,37.140104,-119.657092,173,0,40,18.57,15,74.8,2971.7,0.0,0,742.8,3,0,0,0,0,0,0,0,1,0,0,0,1,0,1,0,1,0,0,1,0,0,0,0,0,1,0,0,0,1,0,0
53,0,36.633498,-119.298895,8449,0,35,7.74,0,19.15,638.0,0.0,0,270.90000000000003,3,1,0,0,0,0,0,0,0,0,0,0,1,0,0,0,0,1,0,0,0,0,0,0,0,0,1,0,1,1,0,0
54,3,36.600185,-119.175655,9780,3,26,24.17,75,78.95,2034.25,0.0,0,628.4200000000001,3,1,0,0,1,1,1,0,0,0,0,0,1,0,1,0,1,0,0,0,0,0,0,1,1,1,1,0,0,0,0,0
20,2,36.841655,-119.797113,3258,0,53,47.81,59,62.85,3419.5,0.0,0,2533.9300000000003,4,1,1,0,0,1,0,0,1,0,0,0,1,0,1,0,0,0,1,1,0,1,0,0,0,1,1,0,0,1,0,0
48,0,37.252057,-119.95783,972,10,43,7.63,20,86.1,3551.65,0.0,0,328.09,3,1,0,0,1,0,1,0,1,0,0,0,1,0,1,0,1,0,1,1,1,0,0,0,0,1,0,0,1,1,0,0
48,3,36.636638,-119.421842,25923,5,6,36.54,0,19.55,122.9,0.0,0,219.24,3,1,0,0,1,1,1,0,0,0,0,1,1,0,0,0,0,1,0,0,0,0,0,0,0,0,0,0,0,1,0,0
48,3,36.452211,-119.94575,5729,0,56,22.47,0,24.8,1424.2,0.0,0,1258.32,3,1,0,0,0,1,0,0,1,0,0,0,1,1,0,0,0,1,0,0,0,0,0,0,0,0,0,1,1,1,0,0
63,1,36.600193,-120.153393,4318,10,34,5.65,26,84.05,2909.95,0.0,0,192.1,3,1,0,0,1,1,1,0,0,0,0,0,1,0,1,0,1,0,0,0,1,0,1,0,0,1,0,0,1,1,0,0
33,0,36.545322,-119.642281,26213,0,10,0.0,23,36.25,374.0,0.0,0,0.0,3,0,0,0,0,0,0,0,0,0,0,0,0,0,1,1,0,0,0,1,0,1,0,0,0,1,0,0,0,0,0,0
62,0,36.545353,-119.338535,306,0,56,10.99,28,98.6,5581.05,0.0,0,615.44,3,1,0,0,0,0,0,0,1,0,0,0,1,1,1,0,1,0,0,1,0,0,1,1,1,1,0,0,0,0,0,0
54,0,36.993666,-119.348267,2633,4,55,33.66,25,103.65,5676.65,0.0,0,1851.3,5,0,0,0,1,0,1,0,1,0,0,0,1,1,1,0,1,0,0,1,1,0,1,1,1,1,0,0,1,1,0,0
23,2,36.635661,-120.288644,1130,7,36,40.54,59,92.9,3379.25,0.0,0,1459.44,3,0,1,0,1,1,1,0,0,0,0,0,1,1,1,0,0,0,1,1,1,1,1,1,1,1,0,1,1,1,0,0
26,0,37.287758,-119.548156,327,0,47,43.2,0,19.9,942.95,0.0,0,2030.4,5,1,1,0,1,0,0,0,1,0,0,0,1,0,0,0,0,1,0,0,0,0,0,0,0,0,1,0,0,0,0,0
43,1,36.456091,-119.486225,646,3,12,24.65,0,20.1,232.4,0.0,0,295.79999999999995,3,0,0,0,1,1,1,0,0,0,0,0,1,0,0,0,0,1,0,0,0,0,0,0,0,0,0,0,1,1,0,0
28,0,36.799648,-119.801247,26580,0,67,35.99,73,60.5,3870.0,0.0,0,2411.33,3,0,1,0,0,0,0,1,0,0,0,0,1,0,1,1,0,0,1,1,0,1,0,0,0,1,1,0,0,1,0,0
60,0,36.654614,-119.903674,35790,0,21,15.89,3,103.85,2215.0,0.0,0,333.69,3,1,0,0,0,0,0,0,0,0,1,0,1,1,1,0,1,0,1,0,1,0,1,1,1,1,0,0,0,1,0,0
36,0,36.822715,-119.761826,29337,0,13,28.45,30,67.8,842.25,0.0,0,369.85,3,0,0,0,0,0,0,0,0,0,1,0,1,0,1,1,0,0,1,1,0,1,0,1,1,1,0,0,0,0,0,0
46,0,36.732694,-119.783786,6848,0,29,2.76,0,19.35,601.6,0.0,0,80.03999999999999,5,0,0,0,0,0,0,0,0,0,0,0,1,0,0,0,0,1,0,0,0,0,0,0,0,0,0,0,0,1,0,0
45,0,36.751489,-119.68072,54701,2,65,21.58,13,76.15,4929.55,0.0,0,1402.6999999999998,4,1,0,0,1,0,1,0,1,0,0,0,1,1,1,1,0,0,1,0,1,1,0,1,1,1,0,1,0,0,0,0
44,0,36.757345,-119.818274,16346,0,27,21.66,0,20.3,595.05,0.0,0,584.82,5,1,0,0,0,0,0,0,0,0,0,0,1,0,0,0,0,1,0,0,0,0,0,0,0,0,1,0,0,1,0,0
31,0,36.722898,-121.633648,53946,0,1,10.22,0,19.75,19.75,0.0,0,10.22,5,1,0,0,0,0,0,0,0,0,0,1,1,0,0,0,0,1,0,0,0,0,0,0,0,0,0,0,1,1,0,0
44,0,36.77462,-121.664714,22292,0,11,40.59,22,45.2,492.0,0.0,150,446.49,5,1,0,0,0,0,0,0,0,0,1,0,1,0,1,1,0,0,0,0,0,0,0,0,0,0,0,0,0,1,0,0
64,2,36.624338,-121.615669,13027,8,39,20.49,0,25.2,987.95,0.0,0,799.1099999999999,5,1,0,0,1,1,1,0,0,0,0,0,1,1,0,0,0,1,0,0,0,0,0,0,0,0,0,1,0,1,0,0
24,0,36.554618,-121.922239,2966,0,26,49.61,76,75.0,1908.35,0.0,0,1289.86,3,1,1,0,0,0,0,0,0,0,0,0,1,0,1,1,0,0,1,0,0,1,1,1,1,1,1,0,0,0,0,0
44,2,36.414611,-121.6386,6691,5,72,0.0,23,65.7,4575.35,0.0,0,0.0,3,0,0,0,1,1,1,1,0,0,0,0,0,0,1,0,0,0,1,1,1,1,1,1,1,1,0,1,0,0,0,0
50,0,36.596271,-121.442274,1140,6,65,39.49,18,67.05,4309.55,0.0,0,2566.85,3,1,0,0,1,0,1,0,1,0,0,0,1,1,1,1,0,0,1,1,1,0,0,0,0,1,1,0,0,1,0,0
31,1,36.52588,-121.396719,9023,5,72,45.32,11,110.9,7922.75,0.0,130,3263.04,4,1,0,0,1,1,1,1,0,0,0,0,1,1,1,0,1,0,0,1,1,1,1,1,1,0,0,1,0,1,0,0
37,0,36.248708,-121.386617,14204,0,6,43.37,12,87.95,522.35,0.0,0,260.22,3,1,0,0,0,0,0,0,0,0,0,0,1,1,1,0,1,0,0,0,0,1,0,1,1,1,0,0,1,0,0,0
40,0,36.220761,-120.980777,14477,5,50,9.47,28,75.7,3876.2,0.0,0,473.50000000000006,5,0,0,0,1,0,1,0,1,0,0,0,1,1,1,1,0,0,0,0,1,0,1,1,1,1,1,0,0,0,0,0
22,0,35.989792,-121.055933,538,1,61,0.0,59,62.15,3778.85,0.0,0,0.0,3,1,1,0,1,0,1,0,1,0,0,0,0,0,1,1,0,0,1,0,1,1,1,1,1,1,0,1,1,1,0,0
29,0,36.362741,-121.869685,32857,4,72,35.71,58,115.15,8349.45,0.0,0,2571.12,4,1,1,0,1,0,1,1,0,0,0,0,1,1,1,0,1,0,1,1,1,1,1,1,1,1,0,1,0,0,0,0
42,0,36.587497,-121.944815,4602,0,1,20.11,0,19.5,19.5,0.0,0,20.11,5,0,0,0,0,0,0,0,0,0,0,1,1,0,0,0,0,1,0,0,0,0,0,0,0,0,0,0,0,1,0,0
33,0,36.125529,-120.864443,521,0,12,18.75,25,86.55,1066.9,0.0,110,225.0,5,0,0,0,0,0,0,0,0,0,1,0,1,1,1,0,1,0,0,0,0,0,0,1,1,0,0,0,1,0,0,0
42,3,36.414216,-121.360597,13003,7,61,31.49,0,20.4,1226.45,0.0,0,1920.89,3,1,0,0,1,1,1,0,1,0,0,0,1,0,0,0,0,1,0,0,0,0,0,0,0,0,1,0,0,1,0,0
39,3,36.624641,-121.647195,407,1,18,45.18,0,19.8,342.3,0.0,0,813.24,5,1,0,0,1,1,1,0,0,0,1,0,1,0,0,0,0,1,0,0,0,0,0,0,0,0,1,0,0,0,0,0
60,2,37.509366,-122.306132,25566,0,21,19.57,29,45.65,985.05,0.0,0,410.97,4,1,0,0,0,1,0,0,0,0,1,0,1,0,1,1,0,0,0,0,0,0,0,0,0,1,0,0,0,1,0,0
47,2,37.684694,-122.40712,3635,10,68,0.0,19,56.4,3948.45,0.0,0,0.0,3,1,0,0,1,1,1,1,0,0,0,0,0,0,1,1,0,0,1,1,1,1,0,1,1,1,0,1,1,1,0,0
30,0,37.680844,-122.48131,63337,10,62,15.06,82,101.35,6164.7,0.0,0,933.72,5,0,0,0,1,0,1,0,1,0,0,0,1,1,1,0,1,0,0,0,1,0,1,1,1,1,0,0,1,0,0,0
44,1,37.285677,-122.224165,1622,0,1,0.0,19,33.6,33.6,0.0,50,0.0,5,1,0,0,0,1,0,0,0,0,0,1,0,0,1,0,0,0,0,1,0,1,0,0,0,0,0,0,0,1,0,0
27,0,37.349546,-122.134356,18486,0,1,45.86,0,20.7,20.7,0.0,0,45.86,5,0,1,0,0,0,0,0,0,0,0,0,1,0,0,0,0,1,0,0,0,0,0,0,0,0,0,0,0,0,0,0
44,1,37.352911,-122.093002,21496,0,62,17.67,19,104.05,6590.5,0.0,0,1095.5400000000002,4,1,0,0,0,1,0,0,1,0,0,0,1,1,1,0,1,0,0,0,1,1,1,1,1,1,0,1,1,0,0,0
26,2,37.449551,-122.183762,39062,8,36,42.51,0,20.25,717.95,0.0,0,1530.36,5,0,1,0,1,1,1,0,0,1,0,0,1,0,0,0,0,1,0,0,0,0,0,0,0,0,0,1,0,0,0,0
59,3,37.369709,-122.215844,6601,10,69,7.84,21,73.7,4885.85,0.0,0,540.96,4,0,0,0,1,1,1,1,0,0,0,0,1,1,1,0,0,0,1,1,0,1,1,0,0,1,1,0,0,1,0,0
49,0,37.540582,-122.509594,2346,10,63,20.37,26,108.75,6871.7,0.0,0,1283.3100000000002,5,0,0,0,1,0,1,0,1,0,0,0,1,1,1,0,1,0,0,1,1,1,1,1,1,1,0,0,1,0,0,0
63,0,37.515556,-122.502311,3064,0,23,26.37,0,20.15,405.6,0.0,0,606.51,4,1,0,0,0,0,0,0,0,0,1,0,1,0,0,0,0,1,0,0,0,0,0,0,0,0,1,0,0,0,0,0
24,0,37.380662,-122.086022,32143,0,10,20.29,0,19.75,208.25,0.0,0,202.9,3,1,1,0,0,0,0,0,0,0,1,0,1,0,0,0,0,1,0,0,0,0,0,0,0,0,0,0,0,1,0,0
42,0,37.388349,-122.075299,13483,2,71,24.71,0,25.95,1801.9,0.0,0,1754.41,5,0,0,0,1,0,1,1,0,0,0,0,1,1,0,0,0,1,0,0,0,0,0,0,0,0,0,1,1,1,0,0
24,2,37.573633,-122.455167,38885,4,70,4.27,0,24.05,1764.75,0.0,0,298.9,5,0,1,0,1,1,1,1,0,0,0,0,1,1,0,0,0,1,0,0,0,0,0,0,0,0,0,1,0,1,0,0
32,2,37.22565,-122.297533,2055,0,22,33.73,19,84.75,1816.75,0.0,0,742.06,3,0,0,0,0,1,0,0,0,0,1,0,1,1,1,0,1,0,0,0,0,0,0,1,1,1,0,0,1,0,0,0
42,2,37.461251,-122.235414,35737,1,52,19.21,0,23.05,1255.1,0.0,0,998.92,3,0,0,0,1,1,1,0,0,0,0,0,1,1,0,0,0,1,0,0,0,0,0,0,0,0,0,1,0,1,0,0
45,0,37.499411,-122.196318,32368,0,65,0.0,22,59.95,3921.1,0.0,0,0.0,3,0,0,0,0,0,0,0,0,0,0,0,0,0,1,0,0,0,1,0,1,1,1,1,1,1,0,1,0,1,0,0
58,1,37.527497,-122.230941,10658,6,72,17.33,0,19.55,1463.45,0.0,0,1247.7599999999998,3,0,0,0,1,1,1,0,0,0,0,0,1,0,0,0,0,1,0,0,0,0,0,0,0,0,0,1,0,0,0,0
23,0,37.624436,-122.430661,39566,3,10,39.35,0,19.6,189.45,0.0,0,393.5,5,1,1,0,1,0,1,0,0,0,1,0,1,0,0,0,0,1,0,0,0,0,0,0,0,0,1,0,0,0,0,0
56,3,37.497915,-122.267361,28098,0,7,49.66,0,20.05,96.8,0.0,0,347.62,5,0,0,0,0,1,0,0,0,0,0,1,1,0,0,0,0,1,0,0,0,0,0,0,0,0,1,0,0,1,0,0
63,3,37.654436,-122.426468,60599,8,24,21.43,56,78.6,1846.65,0.0,0,514.3199999999999,4,0,0,0,1,1,1,0,0,1,0,0,1,1,1,1,0,0,1,0,1,0,1,1,1,1,0,1,0,1,0,0
25,2,37.378541,-122.020456,64010,2,72,16.01,59,116.8,8456.75,0.0,0,1152.72,3,0,1,0,1,1,1,0,0,0,0,0,1,1,1,0,1,0,1,1,1,1,1,1,1,1,0,1,1,1,0,0
29,0,37.3511,-122.037311,50070,0,21,0.0,26,43.55,1011.5,0.0,0,0.0,4,1,1,0,0,0,0,0,0,0,1,0,0,0,1,1,0,0,1,0,0,1,1,0,0,1,0,0,1,1,0,0
23,0,37.421633,-122.009613,16985,7,69,0.0,42,60.8,4263.4,0.0,0,0.0,4,1,1,0,1,0,1,0,0,0,0,0,0,0,1,1,0,0,0,1,1,1,1,1,1,1,1,0,1,1,0,0
58,3,37.7795,-122.419233,28998,4,44,46.54,52,54.9,2549.1,0.0,130,2047.76,4,1,0,0,1,1,1,0,0,0,0,0,1,0,1,1,0,0,0,1,0,1,0,0,0,0,0,0,1,0,0,0
21,0,37.794487,-122.42227,56330,10,72,14.19,71,108.2,7840.6,0.0,0,1021.68,4,1,1,0,1,0,1,0,0,0,0,0,1,1,1,0,1,0,0,1,1,1,1,1,1,1,0,1,1,0,0,0
55,0,37.750021,-122.415201,74641,0,72,45.41,20,92.0,6632.75,0.0,0,3269.5199999999995,3,1,0,0,0,0,0,0,0,0,0,0,1,1,1,0,0,0,1,1,1,1,1,1,1,1,0,1,0,0,0,0
26,0,37.720498,-122.443119,73117,0,7,45.13,0,25.05,152.95,0.0,0,315.91,5,1,1,0,0,0,0,0,0,0,0,1,1,1,0,0,0,1,0,0,0,0,0,0,0,0,0,0,1,0,0,0
64,0,37.758085,-122.434801,30587,0,48,41.26,23,75.15,3772.65,0.0,0,1980.48,4,0,0,0,0,0,0,0,0,0,0,0,1,0,1,0,1,0,0,1,0,0,0,0,0,1,1,0,0,0,0,0
43,3,37.786031,-122.437301,33122,5,55,36.23,0,19.5,1026.35,0.0,0,1992.65,4,1,0,0,1,1,1,0,0,0,0,0,1,0,0,0,0,1,0,0,0,0,0,0,0,0,1,0,0,1,0,0
50,0,37.74441,-122.486764,42959,0,1,16.36,0,19.3,19.3,0.0,0,16.36,5,1,0,0,0,0,0,0,0,0,0,1,1,0,0,0,0,1,0,0,0,0,0,0,0,0,0,0,0,1,0,0
57,0,37.770533,-122.445121,38756,0,45,28.72,3,112.2,5031.85,0.0,0,1292.4,3,1,0,0,0,0,0,0,0,0,0,0,1,0,1,0,1,0,1,1,1,1,1,1,1,1,1,0,0,1,0,0
35,0,37.781304,-122.461522,38955,0,3,9.74,27,70.3,220.4,0.0,0,29.22,4,1,0,0,0,0,0,0,0,0,0,0,1,0,1,0,1,0,0,0,0,0,0,0,0,1,0,0,1,1,0,0
46,0,37.776718,-122.495781,42476,2,71,37.83,0,19.6,1416.5,0.0,0,2685.93,4,0,0,0,1,0,1,0,0,0,0,0,1,0,0,0,0,1,0,0,0,0,0,0,0,0,0,1,0,1,0,0
29,0,37.760412,-122.484966,55504,9,8,4.98,0,20.25,158.35,0.0,0,39.84,4,1,1,0,1,0,1,0,0,0,0,0,1,0,0,0,0,1,0,0,0,0,0,0,0,0,0,0,0,1,0,0
48,3,37.731505,-122.384532,33177,5,69,40.36,53,80.65,5542.55,0.0,0,2784.84,3,1,0,0,1,1,1,0,0,0,0,0,1,0,1,0,0,0,1,1,0,1,1,1,1,1,0,1,0,0,0,0
51,0,37.746699,-122.442833,27906,0,71,12.27,21,80.6,5708.2,0.0,0,871.17,4,1,0,0,0,0,0,0,0,0,0,0,1,1,1,1,0,0,1,1,1,1,0,1,1,1,0,1,0,0,0,0
52,0,37.802071,-122.411004,26831,7,33,0.0,7,59.55,2016.3,0.0,0,0.0,3,0,0,0,1,0,1,0,0,1,0,0,0,0,1,1,0,0,1,0,1,1,1,1,1,1,0,1,0,0,0,0
62,0,37.721052,-122.413573,40137,0,16,41.51,0,19.05,326.65,0.0,0,664.16,5,0,0,0,0,0,0,0,0,0,1,0,1,0,0,0,0,1,0,0,0,0,0,0,0,0,1,0,0,1,0,0
58,0,37.45809,-122.115398,45499,0,1,38.84,0,19.95,19.95,0.0,0,38.84,5,0,0,0,0,0,0,0,0,0,0,0,1,0,0,0,0,1,0,0,0,0,0,0,0,0,0,0,0,1,0,0
45,2,37.424342,-122.165641,13386,1,57,41.56,0,19.4,1061.6,0.0,0,2368.92,5,1,0,0,1,1,1,0,0,0,0,0,1,0,0,0,0,1,0,0,0,0,0,0,0,0,1,0,0,1,0,0
61,1,37.416159,-122.131337,24492,1,56,0.0,28,36.1,1971.5,0.0,60,0.0,3,1,0,0,1,1,1,0,0,0,0,0,0,0,1,1,0,0,0,1,1,0,0,0,0,0,1,0,1,1,0,0
59,0,37.538309,-122.305109,37926,0,1,41.28,0,19.75,19.75,0.0,0,41.28,5,0,0,0,0,0,0,0,0,0,0,0,1,0,0,0,0,1,0,0,0,0,0,0,0,0,0,0,0,1,0,0
63,1,37.556094,-122.272437,31882,0,40,20.13,10,64.1,2460.35,0.0,0,805.1999999999999,3,0,0,0,0,1,0,0,0,0,0,0,1,0,1,1,0,0,1,0,0,1,1,0,0,1,0,0,1,1,0,0
62,3,37.774633,-122.274434,58555,0,46,7.67,0,19.75,856.5,0.0,0,352.82,4,1,0,0,1,1,0,0,0,0,0,0,1,0,0,0,0,1,0,0,0,0,0,0,0,0,0,1,0,1,0,0
47,1,37.724817,-122.224363,13996,0,63,3.65,0,19.7,1275.85,0.0,0,229.95,5,1,0,0,1,1,0,0,0,0,0,0,1,0,0,0,0,1,0,0,0,0,0,0,0,0,0,1,0,1,0,0
51,3,37.791481,-121.903253,19777,1,68,18.47,75,110.2,7467.5,0.0,0,1255.96,3,1,0,0,1,1,1,0,0,0,0,0,1,1,1,0,1,0,1,1,1,0,1,1,1,1,0,1,1,0,0,0
38,2,37.855717,-121.994813,15187,1,69,42.9,24,106.35,7261.75,0.0,0,2960.1,4,1,0,0,1,1,1,0,0,0,0,0,1,0,1,0,1,0,1,1,0,1,1,1,1,1,0,1,1,1,0,0
63,0,38.542448,-122.419923,3641,1,56,2.8,20,90.55,5116.6,0.0,40,156.79999999999998,4,0,0,0,1,0,1,0,0,0,0,0,1,1,1,0,1,0,0,1,1,1,0,0,0,0,0,0,0,0,0,0
32,2,37.980057,-121.801599,90891,1,10,42.0,14,65.9,660.05,0.0,0,420.0,4,0,0,0,1,1,1,0,0,0,1,0,1,0,1,1,0,0,0,1,1,0,0,1,1,1,1,0,1,1,0,0
26,0,38.113533,-122.11926,25578,0,63,21.45,85,104.5,6590.8,0.0,0,1351.35,4,1,1,0,0,0,0,0,0,0,0,0,1,1,1,0,1,0,1,1,1,1,1,0,0,1,1,0,0,1,0,0
34,3,38.050558,-121.646924,2379,1,24,0.0,75,52.5,1208.15,0.0,0,0.0,3,0,0,0,1,1,1,0,0,1,0,0,0,0,1,1,0,0,1,1,1,1,0,1,1,1,0,1,1,1,0,0
54,0,38.140719,-121.838298,138,0,19,36.88,27,56.1,1033.9,0.0,0,700.72,3,0,0,0,0,0,0,0,0,0,1,0,1,1,1,1,0,0,0,0,1,0,0,0,0,1,0,0,1,1,0,0
53,3,37.908242,-121.682472,26577,1,22,11.39,56,88.75,1885.15,0.0,0,250.58,4,1,0,0,1,1,1,0,0,0,1,0,1,1,1,0,1,0,0,0,1,0,1,0,0,1,0,0,1,0,0,0
44,0,37.881842,-121.848111,14239,1,70,14.15,0,26.0,2006.95,0.0,0,990.5,4,0,0,0,1,0,1,0,0,0,0,0,1,1,0,0,0,1,0,0,0,0,0,0,0,0,0,1,1,0,0,0
20,0,37.950248,-122.022455,27394,1,49,12.39,46,99.4,5025.0,0.0,10,607.11,4,0,1,0,1,0,1,0,0,0,0,0,1,0,1,0,1,0,0,1,1,0,1,1,1,0,0,0,0,0,0,0
54,2,37.971421,-121.971504,39888,1,42,14.8,23,73.15,3088.25,0.0,0,621.6,3,1,0,0,1,1,1,0,0,0,0,0,1,0,1,1,0,0,0,0,1,1,1,1,1,1,1,0,0,0,0,0
57,0,37.95338,-122.076886,32685,0,57,9.32,20,54.65,3134.7,0.0,0,531.24,5,1,0,0,0,0,0,0,0,0,0,0,1,0,1,1,0,0,0,1,0,1,0,0,0,1,1,0,1,1,0,0
23,0,37.815459,-121.977203,32873,1,72,1.67,59,115.55,8312.4,0.0,0,120.24,3,0,1,0,1,0,1,0,0,0,0,0,1,1,1,0,1,0,1,1,1,1,1,1,1,1,0,1,1,1,0,0
53,0,37.572273,-121.964583,66543,4,72,2.95,26,91.15,6637.9,0.0,0,212.4,4,0,0,0,1,0,1,0,0,0,0,0,1,1,1,0,0,0,1,1,1,1,1,1,1,1,0,1,1,0,0,0
50,3,37.505768,-121.962472,56126,5,35,1.53,57,89.7,3165.6,0.0,0,53.55,4,1,0,0,1,1,1,0,0,1,0,0,1,0,1,0,1,0,0,1,0,1,1,0,0,1,1,0,1,0,0,0
20,0,37.674002,-122.076796,60274,8,72,37.45,48,92.4,6786.1,0.0,150,2696.4,3,0,1,0,1,0,1,0,0,0,0,0,1,1,1,1,0,0,1,1,1,1,1,1,1,0,0,1,1,0,0,0
64,1,37.656695,-122.048361,11147,9,28,21.91,0,19.9,543.0,0.0,0,613.48,4,0,0,0,1,1,1,0,0,1,0,0,1,0,0,0,0,1,0,0,0,0,0,0,0,0,1,0,0,1,0,0
47,0,37.708327,-122.083473,41698,0,45,40.59,0,18.85,867.3,0.0,0,1826.55,4,1,0,0,0,0,0,0,0,0,0,0,1,0,0,0,0,1,0,0,0,0,0,0,0,0,1,0,0,0,0,0
23,0,37.991259,-122.214945,22479,0,1,15.22,0,25.75,25.75,0.0,0,15.22,4,0,1,0,0,0,0,0,0,0,0,0,1,1,0,0,0,1,0,0,0,0,0,0,0,0,0,0,1,1,0,0
40,0,37.571748,-121.659562,75929,0,6,43.19,0,20.95,109.5,0.0,0,259.14,3,0,0,0,0,0,0,0,0,0,0,0,1,0,0,0,0,1,0,0,0,0,0,0,0,0,0,0,1,1,0,0
29,0,37.722727,-122.02157,13212,4,48,47.64,59,97.05,4692.95,0.0,0,2286.7200000000003,5,0,1,0,1,0,1,0,0,0,0,0,1,0,1,0,1,0,0,1,1,0,1,1,1,1,1,0,1,0,0,0
61,4,38.014457,-122.115432,46677,8,25,19.56,0,25.4,546.85,0.0,0,489.0,3,1,0,0,1,1,1,0,0,1,0,0,1,1,0,0,0,1,0,0,0,0,0,0,0,0,0,0,1,0,0,0
28,1,37.555473,-122.080312,33883,3,64,14.93,0,19.7,1274.05,0.0,0,955.52,5,1,1,0,1,1,1,0,1,0,0,0,1,0,0,0,0,1,0,0,0,0,0,0,0,0,0,1,1,0,0,0
51,0,37.827946,-122.107185,16510,0,50,0.0,20,35.0,1782.4,0.0,0,0.0,3,1,0,0,0,0,0,0,1,0,0,0,0,0,1,1,0,0,1,1,0,0,0,0,0,1,0,0,1,1,0,0
20,1,38.489789,-122.27011,63947,1,52,44.79,52,101.25,5301.1,0.0,0,2329.08,5,0,1,0,1,1,1,0,1,0,0,0,1,1,1,0,1,0,0,0,1,0,1,1,1,1,1,0,0,0,0,0
21,1,37.999406,-121.686241,27607,9,45,25.69,26,73.85,3371.0,0.0,0,1156.05,3,1,1,0,1,1,1,0,1,0,0,0,1,1,1,1,0,0,1,1,0,1,1,0,0,1,0,1,0,1,0,0
49,0,37.873916,-122.20522,17964,3,9,22.41,21,88.05,801.3,0.0,0,201.69,3,1,0,0,1,0,1,0,0,0,0,0,1,1,1,0,1,0,1,0,0,0,0,1,1,1,0,0,1,0,0,0
45,0,37.633361,-121.862395,36669,0,54,26.25,0,20.1,1079.45,0.0,0,1417.5,5,0,0,0,0,0,0,0,1,0,0,0,1,0,0,0,0,1,0,0,0,0,0,0,0,0,0,1,0,1,0,0
49,1,37.713926,-121.928425,29636,7,64,21.16,23,110.3,6997.3,0.0,0,1354.24,3,0,0,0,1,1,1,0,1,0,0,0,1,1,1,0,1,0,1,1,0,1,1,1,1,1,0,1,0,0,0,0
61,0,38.027218,-122.23463,8506,0,12,15.97,19,85.15,979.05,0.0,0,191.64,4,0,0,0,0,0,0,0,0,0,1,0,1,0,1,0,1,0,1,0,0,0,1,0,0,1,1,0,1,1,0,0
60,0,37.717196,-122.159338,41871,0,45,44.29,15,73.55,3349.1,0.0,0,1993.05,3,0,0,0,0,0,0,0,1,0,0,0,1,1,1,1,0,0,1,0,0,1,0,1,1,1,0,1,0,1,0,0
45,0,37.704384,-122.126703,36568,0,10,13.51,14,46.0,492.1,0.0,0,135.1,4,1,0,0,0,0,0,0,0,0,1,0,1,0,1,1,0,0,0,0,0,0,0,0,0,1,0,0,0,1,0,0
58,0,37.676249,-122.132415,26240,0,24,42.66,0,24.6,605.25,0.0,0,1023.84,5,0,0,0,0,0,0,0,0,1,0,0,1,1,0,0,0,1,0,0,0,0,0,0,0,0,1,0,0,0,0,0
62,2,37.766556,-121.976784,44078,7,66,31.53,0,19.75,1344.5,0.0,0,2080.98,4,1,0,0,1,1,1,0,0,0,0,0,1,0,0,0,0,1,0,0,0,0,0,0,0,0,0,1,1,1,0,0
51,0,38.197907,-122.017258,39279,0,51,27.3,13,86.35,4267.15,0.0,0,1392.3,3,1,0,0,0,0,0,0,1,0,0,0,1,0,1,0,1,0,1,0,0,0,1,0,0,1,1,0,0,1,0,0
35,0,37.587494,-121.862856,790,6,45,42.32,0,25.5,1121.05,0.0,0,1904.4,3,0,0,0,1,0,1,0,1,0,0,0,1,1,0,0,0,1,0,0,0,0,0,0,0,0,0,1,0,1,0,0
54,0,37.59485,-122.051521,66472,3,49,13.13,0,19.0,918.7,0.0,0,643.37,3,0,0,0,1,0,1,0,1,0,0,0,1,0,0,0,0,1,0,0,0,0,0,0,0,0,1,0,0,1,0,0
44,0,37.685052,-121.912061,28568,6,29,49.96,0,19.55,521.8,0.0,0,1448.84,3,0,0,0,1,0,1,0,0,1,0,0,1,0,0,0,0,1,0,0,0,0,0,0,0,0,0,1,1,1,0,0
59,3,38.161321,-122.271588,42209,6,40,11.5,22,110.1,4469.1,0.0,0,460.0,3,1,0,0,1,1,1,0,1,0,0,0,1,1,1,0,1,0,1,1,0,1,1,1,1,1,0,0,1,1,0,0
42,0,38.105733,-122.186338,51665,0,25,40.11,18,69.75,1729.35,0.0,100,1002.75,4,1,0,0,0,0,0,0,0,1,0,0,1,0,1,0,1,0,0,0,0,0,0,0,0,0,0,0,0,0,0,0
34,0,38.093701,-122.276589,159,0,22,0.0,8,50.6,1073.3,0.0,0,0.0,4,0,0,0,0,0,0,0,0,0,0,0,0,0,1,1,0,0,0,0,1,0,1,1,1,1,0,0,1,0,0,0
36,0,37.862128,-122.075197,18024,0,72,0.0,9,65.6,4566.5,0.0,0,0.0,3,1,0,0,0,0,0,0,0,0,0,0,0,0,1,0,0,0,1,1,1,1,1,1,1,1,0,1,1,0,0,0
44,1,37.916648,-122.008483,26022,1,33,1.62,30,82.1,2603.1,0.0,0,53.46,4,1,0,0,1,1,1,0,0,1,0,0,1,0,1,0,0,0,0,1,1,1,1,1,1,1,0,1,0,1,0,0
22,0,38.421458,-122.365048,2873,0,23,15.18,46,79.1,1783.75,0.0,0,349.14,5,0,1,0,0,0,0,0,0,0,0,0,1,0,1,0,1,0,0,1,0,1,0,0,0,1,0,0,1,1,0,0
42,0,37.739113,-122.175602,31392,0,69,47.43,22,90.65,6322.1,0.0,0,3272.67,3,1,0,0,0,0,0,0,0,0,0,0,1,1,1,1,0,0,1,1,1,1,1,1,1,1,0,1,0,1,0,0
37,2,37.758019,-122.138678,42854,0,3,11.27,0,20.55,57.4,0.0,0,33.81,3,0,0,0,0,1,0,0,0,0,0,0,1,0,0,0,0,1,0,0,0,0,0,0,0,0,1,0,1,1,0,0
61,0,37.792489,-122.244314,41876,0,56,18.42,13,75.75,4284.65,0.0,90,1031.52,3,1,0,0,0,0,0,0,1,0,0,0,1,0,1,1,0,0,0,1,0,1,1,1,1,0,1,0,1,0,0,0
61,0,37.80707,-122.297401,21054,0,65,33.11,10,110.0,7138.65,0.0,0,2152.15,4,1,0,0,0,0,0,0,0,0,0,0,1,1,1,0,1,0,1,0,1,1,1,1,1,1,1,0,1,1,0,0
55,0,37.83726,-122.287648,24589,5,71,44.82,0,20.85,1539.75,0.0,0,3182.22,4,1,0,0,1,0,1,0,0,0,0,0,1,0,0,0,0,1,0,0,0,0,0,0,0,0,1,0,0,0,0,0
57,0,37.808731,-122.238708,29964,0,2,33.75,10,70.15,123.8,0.0,0,67.5,3,0,0,0,0,0,0,0,0,0,0,0,1,0,1,0,1,0,0,0,0,0,0,0,0,1,0,0,1,0,0,0
28,0,37.809014,-122.269739,11702,0,40,39.05,58,67.45,2731.0,0.0,0,1562.0,3,1,1,0,0,0,0,0,0,0,0,0,1,0,1,1,0,0,1,0,1,0,0,1,1,1,0,0,0,0,0,0
49,0,37.84551,-122.235181,15438,0,1,36.28,0,20.75,20.75,0.0,0,36.28,3,1,0,0,0,0,0,0,0,0,0,0,1,0,0,0,0,1,0,0,0,0,0,0,0,0,0,0,0,1,0,0
25,0,37.750553,-122.197175,30751,0,7,30.99,42,69.9,497.3,0.0,0,216.93,4,0,1,0,0,0,0,0,0,0,0,0,1,0,1,0,1,0,0,0,0,0,0,0,0,1,0,0,1,1,0,0
60,0,37.866009,-122.286228,15638,1,15,31.13,5,51.1,711.15,0.0,0,466.95,5,0,0,0,1,0,1,0,0,0,0,0,1,1,1,1,0,0,0,0,0,0,0,0,0,1,0,0,1,0,0,0
43,0,37.858898,-122.240512,12448,0,71,39.08,0,25.55,1898.1,0.0,0,2774.68,5,1,0,0,0,0,0,0,0,0,0,0,1,1,0,0,0,1,0,0,0,0,0,0,0,0,0,1,0,0,0,0
22,3,37.890274,-122.295192,15882,6,54,8.53,73,60.0,3273.95,0.0,0,460.62,3,0,1,0,1,1,1,0,0,0,0,0,1,1,1,0,0,0,1,0,0,1,0,0,0,1,0,1,0,0,0,0
47,0,37.897753,-122.279391,11889,4,31,22.42,21,90.55,2929.75,0.0,0,695.0200000000001,4,1,0,0,1,0,1,0,0,1,0,0,1,1,1,0,1,0,1,1,0,1,0,0,0,1,0,0,1,1,0,0
46,0,37.897743,-122.263124,10737,0,11,36.52,20,76.4,838.7,0.0,0,401.72,4,0,0,0,0,0,0,0,0,0,0,0,1,0,1,0,1,0,1,0,0,0,0,0,0,1,0,0,0,0,0,0
34,0,37.921034,-122.341798,39089,2,38,32.11,16,69.0,2669.45,0.0,0,1220.18,4,1,0,0,1,0,1,0,0,1,0,0,1,1,1,1,0,0,0,0,1,1,0,1,1,1,1,0,0,1,0,0
57,2,37.941456,-122.320968,13984,0,5,13.54,21,48.65,235.2,0.0,0,67.69999999999999,5,1,0,0,0,1,0,0,0,0,0,0,1,0,1,1,0,0,0,0,0,1,0,0,0,1,0,0,1,0,0,0
52,0,37.946617,-122.563571,12010,0,68,20.3,13,80.65,5330.2,0.0,90,1380.4,3,0,0,0,0,0,0,0,0,0,0,0,1,1,1,1,0,0,0,1,1,0,1,1,1,0,0,1,1,0,0,0
23,2,37.885629,-122.46858,13065,8,69,26.44,0,20.55,1403.1,0.0,0,1824.36,4,1,1,0,1,1,1,1,0,0,0,0,1,0,0,0,0,1,0,0,0,0,0,0,0,0,1,0,1,1,0,0
56,0,38.343282,-122.9755,584,4,42,36.35,30,66.4,2727.8,0.0,0,1526.7,3,0,0,0,1,0,1,0,0,0,0,0,1,1,1,1,0,0,1,1,0,1,0,0,0,1,0,0,1,1,0,0
36,0,38.377165,-123.037957,1785,0,50,15.1,9,100.2,5038.45,0.0,0,755.0,4,0,0,0,0,0,0,0,0,0,0,0,1,0,1,0,1,0,0,1,0,1,1,1,1,1,0,1,1,1,0,0
23,0,38.34719,-122.697822,42544,6,33,48.49,51,44.55,1462.6,0.0,0,1600.17,4,1,1,0,1,0,1,0,0,1,0,0,1,0,1,1,0,0,0,0,0,0,0,0,0,1,0,0,1,1,0,0
43,0,38.24458,-122.956268,330,0,7,41.57,0,20.35,150.6,0.0,0,290.99,5,0,0,0,0,0,0,0,0,0,0,1,1,0,0,0,0,1,0,0,0,0,0,0,0,0,0,0,0,1,0,0
21,1,37.971751,-122.611873,8486,0,64,34.58,27,91.8,5960.5,0.0,0,2213.12,3,1,1,0,1,1,0,0,0,0,0,0,1,1,1,0,1,0,1,1,1,0,0,0,0,1,0,0,1,0,0,0
47,0,38.010092,-122.689442,1025,0,59,47.17,0,20.2,1192.3,0.0,0,2783.03,4,1,0,0,0,0,0,0,0,0,0,0,1,0,0,0,0,1,0,0,0,0,0,0,0,0,0,1,1,0,0,0
30,0,38.099323,-122.945723,1004,10,6,42.66,85,50.35,314.55,0.0,0,255.96,3,0,0,0,1,0,1,0,0,0,0,1,1,1,1,0,0,0,0,0,0,0,0,0,0,1,0,0,0,0,0,0
44,0,38.021772,-122.691744,821,0,3,6.61,0,18.8,56.0,0.0,0,19.83,4,0,0,0,0,0,0,0,0,0,0,1,1,0,0,0,0,1,0,0,0,0,0,0,0,0,0,0,0,1,0,0
21,0,37.937082,-122.532369,6773,3,15,12.41,0,20.45,330.8,0.0,0,186.15,4,0,1,0,1,0,1,0,0,0,0,0,1,0,0,0,0,1,0,0,0,0,0,0,0,0,0,0,0,1,0,0
59,1,38.129308,-122.834815,406,1,13,13.32,21,64.75,877.35,0.0,0,173.16,3,1,0,0,1,1,1,0,0,0,0,0,1,0,1,1,0,0,0,0,0,0,1,1,1,1,1,0,1,0,0,0
40,0,37.901371,-122.572024,28727,0,23,14.45,19,98.7,2249.1,0.0,0,332.35,5,0,0,0,0,0,0,0,0,0,0,0,1,1,1,0,1,0,0,1,0,0,1,1,1,1,0,0,1,1,0,0
35,0,38.065359,-122.665566,607,0,29,8.0,9,58.75,1696.2,0.0,50,232.0,3,1,0,0,0,0,0,0,0,1,0,0,1,0,1,1,0,0,1,1,0,1,0,0,0,0,1,0,1,0,0,0
62,0,38.112166,-122.634384,24741,0,49,29.18,0,20.7,1032.05,0.0,0,1429.82,3,0,0,0,1,0,0,0,0,0,0,0,1,0,0,0,0,1,0,0,0,0,0,0,0,0,1,0,0,1,0,0
25,0,38.067204,-122.524004,13361,9,56,42.81,51,85.6,4902.8,0.0,0,2397.36,4,0,1,0,1,0,1,0,0,0,0,0,1,1,1,0,1,0,0,0,0,0,1,0,0,1,0,0,1,0,0,0
50,0,38.052209,-122.775567,248,0,63,31.34,26,80.3,4995.35,0.0,0,1974.42,3,0,0,0,0,0,0,0,0,0,0,0,1,1,1,1,0,0,1,1,1,1,0,1,1,1,0,1,1,1,0,0
51,0,38.325599,-122.642352,3777,5,63,10.07,20,79.8,5034.05,0.0,0,634.41,4,1,0,0,1,0,1,0,0,0,0,0,1,1,1,0,0,0,0,0,1,1,1,1,1,1,0,1,0,1,0,0
55,0,38.00474,-122.663717,548,7,21,11.27,19,80.9,1714.95,0.0,60,236.67,4,0,0,0,1,0,1,0,0,0,0,0,1,0,1,1,0,0,1,0,1,1,1,1,1,0,1,0,0,1,0,0
31,2,37.942551,-122.491642,6448,8,13,48.7,0,24.5,343.6,0.0,0,633.1,5,1,0,0,1,1,1,0,0,0,0,0,1,1,0,0,0,1,0,0,0,0,0,0,0,0,1,0,0,0,0,0
25,2,37.848641,-122.515692,11213,7,1,18.63,0,20.15,20.15,0.0,0,18.63,3,1,1,0,1,1,1,0,0,0,0,1,1,0,0,0,0,1,0,0,0,0,0,0,0,0,0,0,1,0,0,0
52,2,37.921137,-122.657562,781,7,25,13.06,0,20.05,520.1,0.0,0,326.5,4,0,0,0,1,1,1,0,0,1,0,0,1,0,0,0,0,1,0,0,0,0,0,0,0,0,1,0,0,1,0,0
64,3,38.240769,-122.901041,384,6,71,16.13,0,19.6,1387.45,0.0,0,1145.23,5,1,0,0,1,1,1,1,0,0,0,0,1,0,0,0,0,1,0,0,0,0,0,0,0,0,0,1,1,0,0,0
27,0,38.339996,-122.935056,66,0,66,4.32,73,114.3,7383.7,0.0,0,285.12,3,1,1,0,0,0,0,1,0,0,0,0,1,1,1,0,1,0,1,1,1,1,1,1,1,1,1,0,1,0,0,0
27,0,38.005839,-122.638155,1449,0,45,1.03,47,100.3,4483.95,0.0,0,46.35,3,0,1,0,0,0,0,0,0,0,0,0,1,0,1,0,1,0,1,1,0,0,1,1,1,1,1,0,1,0,0,0
20,0,37.449537,-121.994813,2147,1,22,45.1,41,80.0,1706.45,0.0,50,992.2,3,0,1,0,1,0,1,0,0,0,0,0,1,0,1,0,1,0,0,0,0,0,1,0,0,0,0,0,1,1,0,0
57,0,37.013471,-121.877877,24227,5,67,7.91,0,20.85,1327.4,0.0,0,529.97,5,0,0,0,1,0,1,1,0,0,0,0,1,0,0,0,0,1,0,0,0,0,0,0,0,0,1,0,1,0,0,0
30,0,36.878364,-121.629781,3373,5,68,28.36,82,89.95,5974.3,0.0,0,1928.48,4,0,0,0,1,0,1,1,0,0,0,0,1,1,1,0,1,0,0,0,1,0,1,0,0,1,0,1,1,0,0,0
23,3,37.078873,-122.090386,6407,4,10,20.05,0,20.0,200.0,0.0,0,200.5,4,0,1,0,1,1,1,0,0,0,0,1,1,0,0,0,0,1,0,0,0,0,0,0,0,0,0,1,0,1,0,0
34,0,37.279689,-121.954567,44976,9,63,34.02,18,80.0,5040.2,0.0,0,2143.26,3,1,0,0,1,0,1,0,0,0,0,0,1,1,1,1,0,0,1,1,1,1,0,1,1,1,1,0,0,1,0,0
31,0,36.784481,-121.759054,8582,0,21,22.53,0,20.35,422.7,0.0,0,473.13,5,1,0,0,0,0,0,0,0,0,0,0,1,0,0,0,0,1,0,0,0,0,0,0,0,0,1,0,1,1,0,0
21,2,37.114335,-122.237162,857,0,1,47.25,0,20.25,20.25,0.0,0,47.25,3,1,1,0,0,1,0,0,0,0,0,1,1,0,0,0,0,1,0,0,0,0,0,0,0,0,0,0,1,1,0,0
58,0,37.089111,-122.062213,8728,0,17,30.07,0,19.4,358.05,0.0,0,511.19,3,0,0,0,0,0,0,0,0,0,1,0,1,0,0,0,0,1,0,0,0,0,0,0,0,0,0,1,0,1,0,0
45,0,36.936228,-121.785559,4753,0,30,17.26,19,100.4,2936.25,0.0,0,517.8000000000001,3,1,0,0,0,0,0,0,0,1,0,0,1,1,1,0,1,0,1,0,0,0,1,1,1,1,0,0,1,0,0,0
21,3,37.03889,-121.528955,49968,9,22,42.58,82,57.95,1271.8,0.0,0,936.76,3,1,1,0,1,1,1,0,0,0,1,0,1,0,1,1,0,0,1,1,0,1,0,0,1,1,0,0,1,1,0,0
33,0,33.141265,-116.967221,48690,0,9,39.19,20,59.5,530.05,0.0,0,352.71,5,0,0,0,0,0,0,0,0,0,0,1,1,0,1,0,0,0,0,0,0,1,1,0,0,1,0,0,1,0,0,0
57,3,37.222842,-121.988727,13290,10,1,32.78,0,19.2,19.2,0.0,0,32.78,5,1,0,0,1,1,1,0,0,0,0,0,1,0,0,0,0,1,0,0,0,0,0,0,0,0,0,0,0,1,0,0
40,0,37.160194,-121.945611,10172,0,19,11.85,18,59.55,1144.6,0.0,0,225.15,4,1,0,0,0,0,0,0,0,0,1,0,1,1,1,1,0,0,0,0,1,1,0,0,0,1,0,0,0,0,0,0
33,0,36.863303,-121.781632,899,10,72,44.27,8,103.95,7556.9,0.0,70,3187.44,3,0,0,0,1,0,1,1,0,0,0,0,1,1,1,0,1,0,1,1,1,1,1,0,0,0,0,1,1,0,0,0
49,1,37.051166,-122.056194,77,9,70,22.67,29,68.95,4858.7,0.0,0,1586.9,3,1,0,0,1,1,1,1,0,0,0,0,1,1,1,1,0,0,1,0,1,0,1,0,0,1,0,1,0,1,0,0
33,0,36.525703,-120.952122,813,0,66,43.14,20,103.1,6595.0,0.0,0,2847.24,3,0,0,0,0,0,0,1,0,0,0,0,1,1,1,0,1,0,1,1,1,1,0,1,1,1,0,0,1,0,0,0
20,2,36.810568,-121.503022,3402,3,7,0.0,76,24.7,149.05,0.0,0,0.0,3,0,1,0,1,1,1,0,0,0,0,0,0,0,1,1,0,0,0,0,0,0,0,0,1,1,0,0,1,0,0,0
29,1,37.348129,-121.98469,52986,9,32,33.28,51,62.45,2045.55,0.0,0,1064.96,3,0,1,0,1,1,1,0,0,1,0,0,1,1,1,1,0,0,0,1,1,0,0,0,1,1,0,0,0,0,0,0
21,0,37.393554,-121.965114,13031,0,24,27.91,59,89.55,2187.15,0.0,0,669.84,5,1,1,0,0,0,0,0,0,0,0,0,1,0,1,0,1,0,0,1,1,0,0,1,1,1,0,0,1,0,0,0
43,0,36.974575,-121.991149,36631,0,37,42.41,4,78.9,2976.95,0.0,30,1569.1699999999998,4,0,0,0,0,0,0,0,0,0,0,0,1,1,1,1,0,0,1,1,1,1,1,0,0,0,0,0,1,1,0,0
61,1,37.007882,-122.065975,4563,0,8,14.37,0,20.35,178.7,0.0,0,114.96,3,1,0,0,0,1,0,0,0,0,0,0,1,0,0,0,0,1,0,0,0,0,0,0,0,0,0,0,0,1,0,0
26,1,37.031404,-121.981865,8365,8,72,38.99,73,71.45,5025.85,0.0,0,2807.28,3,0,1,0,1,1,1,1,0,0,0,0,1,1,1,0,0,0,1,0,1,0,1,0,1,1,0,1,1,0,0,0
56,0,37.257772,-122.051824,30589,3,16,10.5,2,94.65,1461.15,0.0,0,168.0,5,0,0,0,1,0,1,0,0,0,1,0,1,0,1,0,1,0,0,1,0,0,1,1,1,1,0,0,1,0,0,0
44,0,37.023669,-121.946461,9823,2,57,0.0,14,49.9,2782.4,0.0,0,0.0,3,0,0,0,1,0,1,0,0,0,0,0,0,0,1,1,0,0,1,0,1,1,0,1,1,1,0,0,1,0,0,0
40,0,36.931654,-121.752383,81141,0,66,32.22,0,25.45,1699.15,0.0,0,2126.52,3,1,0,0,0,0,0,1,0,0,0,0,1,1,0,0,0,1,0,0,0,0,0,0,0,0,1,0,0,0,0,0
38,2,37.284265,-121.827673,57748,0,21,8.68,0,20.75,452.2,0.0,0,182.28,3,0,0,0,0,1,0,0,0,0,1,0,1,0,0,0,0,1,0,0,0,0,0,0,0,0,0,0,0,1,0,0
43,0,37.343827,-121.883119,52334,9,66,37.71,15,66.1,4428.45,0.0,0,2488.86,3,1,0,0,1,0,1,1,0,0,0,0,1,1,1,1,0,0,1,1,1,0,0,0,0,1,0,1,1,1,0,0
29,0,37.333851,-121.891147,561,5,17,7.6,52,75.4,1322.55,0.0,0,129.2,3,0,1,0,1,0,1,0,0,0,1,0,1,1,1,1,0,0,0,1,0,0,1,1,1,1,0,0,1,0,0,0
54,3,37.255479,-121.889838,31926,5,8,43.05,0,21.05,139.75,0.0,0,344.4,3,0,0,0,1,1,1,0,0,0,0,0,1,0,0,0,0,1,0,0,0,0,0,0,0,0,0,0,0,1,0,0
19,0,37.233226,-121.78809,10155,0,27,36.39,26,69.35,1927.3,0.0,0,982.53,3,1,1,0,0,0,0,0,0,0,0,0,1,0,1,1,0,0,1,0,1,1,1,0,1,1,1,0,0,1,0,0
28,0,37.186141,-121.843554,37090,10,34,13.97,48,88.85,3000.25,0.0,0,474.98,3,1,1,0,1,0,1,0,0,0,0,0,1,1,1,0,1,0,0,1,0,0,0,1,1,1,0,0,0,1,0,0
44,0,37.304681,-121.809955,37127,0,30,12.17,16,97.0,3021.3,0.0,0,365.1,5,1,0,0,0,0,0,0,0,0,0,0,1,0,1,0,1,0,0,1,0,0,1,1,1,1,1,0,1,0,0,0
19,0,37.32886,-121.834567,59841,0,33,45.72,51,66.4,2245.4,0.0,0,1508.76,5,1,1,0,0,0,0,0,0,0,0,0,1,0,1,0,0,0,0,1,1,0,1,0,1,0,0,0,1,1,0,0
52,3,37.257063,-121.923037,45257,8,14,2.96,76,69.2,944.65,0.0,0,41.44,3,1,0,0,1,1,1,0,0,0,1,0,1,1,1,1,0,0,1,1,0,0,0,1,1,1,0,0,0,1,0,0
30,3,37.294926,-121.894763,46185,0,16,27.23,69,79.5,1264.2,0.0,0,435.68,4,0,0,0,0,1,0,0,0,0,1,0,1,1,1,0,1,0,0,0,0,1,0,0,0,1,1,0,1,1,0,0
49,0,37.327069,-121.916819,27023,0,49,11.11,27,100.65,4917.75,0.0,0,544.39,3,0,0,0,0,0,0,0,0,0,0,0,1,0,1,0,1,0,0,0,1,1,1,1,1,1,0,1,0,1,0,0
44,1,37.316146,-121.936285,32804,3,70,8.36,19,79.7,5743.3,0.0,0,585.1999999999999,3,0,0,0,1,1,1,1,0,0,0,0,1,1,1,1,0,0,1,1,1,1,1,0,0,1,0,1,0,0,0,0
49,1,37.305622,-122.000887,37570,3,32,46.66,17,61.4,1864.65,0.0,0,1493.12,3,0,0,0,1,1,1,0,0,0,0,0,1,0,1,1,0,0,1,1,0,1,0,0,0,1,0,0,0,0,0,0
35,0,37.277592,-121.986477,13481,0,18,34.12,20,69.8,1221.65,0.0,0,614.16,4,0,0,0,0,0,0,0,0,0,1,0,1,0,1,0,1,0,0,0,0,0,0,0,0,1,0,0,1,0,0,0
26,0,37.387027,-121.897775,26389,0,37,0.0,69,40.55,1390.85,0.0,50,0.0,3,1,1,0,0,0,0,0,0,0,0,0,0,0,1,1,0,0,1,1,0,1,0,0,1,0,0,1,1,1,0,0
36,0,37.424655,-121.74841,40568,0,4,23.5,22,75.65,302.35,0.0,0,94.0,5,0,0,0,0,0,0,0,0,0,0,0,1,1,1,0,1,0,0,0,0,0,0,0,0,1,0,0,1,0,0,0
19,0,37.371862,-121.860349,26032,2,16,27.83,52,90.7,1374.9,0.0,0,445.28,3,0,1,0,1,0,1,0,0,0,1,0,1,1,1,0,1,0,1,1,1,0,0,0,1,1,0,0,0,0,0,0
31,0,37.42765,-121.945416,9657,7,17,46.71,8,80.5,1336.9,0.0,0,794.07,5,1,0,0,1,0,1,0,0,0,1,0,1,1,1,0,1,0,0,1,0,0,0,0,0,1,0,0,1,0,0,0
52,3,37.28682,-121.723877,15798,0,19,36.48,20,60.6,1297.8,0.0,0,693.1199999999999,3,0,0,0,0,1,0,0,0,0,1,0,1,0,1,1,0,0,1,1,1,0,0,0,0,1,0,0,1,0,0,0
27,0,37.270938,-121.851046,36944,0,60,10.05,48,101.15,6067.4,0.0,0,603.0,3,1,1,0,1,0,0,0,0,0,0,0,1,1,1,0,1,0,0,0,1,0,1,1,1,1,0,1,0,1,0,0
46,2,37.246064,-121.749494,14792,7,51,16.85,0,24.95,1222.25,0.0,0,859.35,4,1,0,0,1,1,1,0,0,0,0,0,1,1,0,0,0,1,0,0,0,0,0,0,0,0,0,1,1,1,0,0
30,2,37.218705,-121.762429,7023,8,28,19.18,0,20.3,487.95,0.0,0,537.04,3,1,0,0,1,1,1,0,0,0,0,0,1,0,0,0,0,1,0,0,0,0,0,0,0,0,0,1,1,1,0,0
64,0,37.382909,-121.634151,38,0,43,21.64,13,60.0,2548.55,0.0,0,930.52,5,1,0,0,0,0,0,0,0,0,0,0,1,0,1,1,0,0,0,1,0,0,0,1,1,1,0,1,1,0,0,0
49,0,37.339533,-121.777179,44103,10,42,45.75,0,20.25,835.5,0.0,0,1921.5,5,1,0,0,1,0,1,0,0,0,0,0,1,0,0,0,0,1,0,0,0,0,0,0,0,0,0,1,0,0,0,0
35,0,37.954089,-121.329761,16357,0,1,40.87,21,44.75,44.75,0.0,0,40.87,5,0,0,0,0,0,0,0,0,0,0,0,1,0,1,0,0,0,0,0,0,0,0,0,0,1,0,0,0,1,0,0
49,0,37.965695,-121.260051,34138,0,63,23.62,21,98.0,6218.45,0.0,0,1488.0600000000002,4,0,0,0,0,0,0,0,0,0,0,0,1,1,1,0,1,0,1,1,1,0,1,0,0,1,0,1,0,1,0,0
25,0,38.002125,-121.324979,49965,2,68,24.01,48,107.7,7320.9,0.0,0,1632.68,3,1,1,0,1,0,1,1,0,0,0,0,1,1,1,0,1,0,1,1,0,1,1,1,1,1,0,0,1,0,0,0
23,0,38.033219,-121.297433,40611,0,60,35.47,51,104.7,6333.8,0.0,150,2128.2,5,0,1,0,0,0,0,0,0,0,0,0,1,1,1,0,1,0,0,1,1,0,1,1,1,0,0,1,0,0,0,0
31,0,38.029729,-121.387999,19109,0,70,31.15,5,86.45,5950.2,0.0,0,2180.5,4,0,0,0,1,0,0,1,0,0,0,0,1,0,1,1,0,0,1,1,1,1,1,1,1,1,0,1,0,1,0,0
26,0,38.071327,-120.632221,4264,0,4,22.54,0,19.4,93.4,0.0,0,90.16,5,1,1,0,0,0,0,0,0,0,0,0,1,0,0,0,0,1,0,0,0,0,0,0,0,0,0,0,0,1,0,0
38,0,38.208336,-120.339938,115,2,68,26.64,0,24.95,1614.9,0.0,0,1811.52,5,0,0,0,1,0,1,1,0,0,0,0,1,1,0,0,0,1,0,0,0,0,0,0,0,0,0,1,1,1,0,0
50,2,38.183918,-120.898817,27,1,22,38.82,19,75.0,1573.95,0.0,0,854.04,3,1,0,0,1,1,1,0,0,0,1,0,1,0,1,0,1,0,1,0,0,0,0,0,0,1,0,0,0,0,0,0
55,0,37.943954,-120.67108,2633,6,18,31.79,19,78.2,1468.75,0.0,0,572.22,5,1,0,0,1,0,1,0,0,0,1,0,1,0,1,0,1,0,0,0,1,1,0,0,0,1,0,0,0,0,0,0
50,0,37.956963,-120.863055,596,0,29,2.05,17,94.2,2607.6,0.0,20,59.45,5,1,0,0,0,0,0,0,0,0,0,0,1,0,1,0,1,0,0,0,0,1,1,1,1,0,0,0,1,0,0,0
35,0,38.047746,-121.030499,3148,0,31,0.0,5,50.05,1523.4,0.0,0,0.0,3,1,0,0,0,0,0,0,0,0,0,0,0,0,1,1,0,0,0,0,1,0,1,1,1,1,1,0,1,0,0,0
45,0,38.123544,-121.159078,45755,3,48,17.03,15,69.55,3435.6,0.0,0,817.44,4,0,0,0,1,0,1,0,0,0,0,0,1,1,1,1,0,0,0,0,1,1,0,1,1,1,1,0,1,1,0,0
34,0,38.304194,-120.592431,2718,0,50,15.37,22,90.1,4549.45,0.0,0,768.5,3,1,0,0,0,0,0,0,0,0,0,0,1,0,1,0,1,0,1,1,1,1,0,0,0,1,1,0,1,1,0,0
22,0,38.264262,-120.515133,1692,0,7,26.76,46,44.65,322.5,0.0,0,187.32,4,1,1,0,0,0,0,0,0,0,0,0,1,0,1,1,0,0,0,0,0,0,0,0,0,1,0,0,1,0,0,0
25,3,38.196497,-120.61689,3930,8,68,24.08,41,80.35,5375.15,0.0,0,1637.4399999999998,3,1,1,0,1,1,1,1,0,0,0,0,1,0,1,0,1,0,1,0,1,0,0,0,0,1,0,1,0,1,0,0
33,0,38.055562,-120.456298,460,0,57,0.0,28,53.35,3090.05,0.0,100,0.0,4,1,0,0,0,0,0,0,0,0,0,0,0,0,1,1,0,0,0,0,1,1,1,1,1,0,0,1,0,1,0,0
60,0,38.156971,-120.849231,11266,0,3,40.98,0,19.55,61.05,0.0,0,122.94,4,0,0,0,0,0,0,0,0,0,0,0,1,0,0,0,0,1,0,0,0,0,0,0,0,0,0,0,0,0,0,0
59,1,38.41935,-120.469545,2198,1,19,11.75,21,48.95,955.6,0.0,0,223.25,3,1,0,0,1,1,1,0,0,0,1,0,1,0,1,0,0,0,1,0,0,0,0,0,0,1,1,0,1,0,0,0
50,0,38.392686,-120.415951,435,0,3,41.38,5,54.2,140.4,0.0,0,124.14,4,0,0,0,0,0,0,0,0,0,0,0,1,0,1,1,0,0,0,0,0,0,1,0,0,1,0,0,1,0,0,0
64,0,38.169605,-121.310964,4176,0,59,41.23,0,24.45,1493.1,0.0,0,2432.57,4,0,0,0,0,0,0,0,1,0,0,0,1,1,0,0,0,1,0,0,0,0,0,0,0,0,0,1,0,0,0,0
37,0,37.4695,-120.672724,809,1,42,0.0,7,40.15,1626.05,0.0,0,0.0,4,1,0,0,1,0,1,0,1,0,0,0,0,0,1,1,0,0,1,0,0,0,1,0,0,1,0,0,1,0,0,0
58,0,37.394411,-120.127262,986,1,67,11.74,0,25.6,1784.9,0.0,0,786.58,3,1,0,0,1,0,1,1,0,0,0,0,1,1,0,0,0,1,0,0,0,0,0,0,0,0,0,1,0,1,0,0
63,0,37.553469,-120.952825,32881,0,1,14.42,27,70.35,70.35,0.0,10,14.42,5,1,0,0,0,0,0,0,0,0,0,0,1,0,1,0,1,0,0,0,0,0,0,0,0,0,0,0,1,0,0,0
19,0,38.085839,-120.37855,2144,1,66,23.27,58,91.7,6075.9,0.0,0,1535.82,3,1,1,0,1,0,1,1,0,0,0,0,1,1,1,1,0,0,1,1,1,1,1,1,1,1,0,1,0,0,0,0
60,0,37.722127,-120.110174,2271,0,61,14.52,27,89.2,5500.6,0.0,0,885.72,3,0,0,0,0,0,0,0,1,0,0,0,1,1,1,0,1,0,0,0,1,0,0,1,1,1,0,0,0,1,0,0
55,2,37.420273,-120.66527,55,1,4,16.68,0,24.1,73.1,0.0,0,66.72,3,1,0,0,1,1,1,0,0,0,0,1,1,1,0,0,0,1,0,0,0,0,0,0,0,0,1,0,0,1,0,0
53,2,37.422961,-120.765493,10159,10,64,17.07,25,53.85,3399.85,0.0,0,1092.48,4,0,0,0,1,1,1,0,1,0,0,0,1,1,1,1,0,0,0,1,0,0,0,0,0,1,1,0,1,0,0,0
58,0,37.127386,-120.506422,808,0,1,1.61,0,19.75,19.75,0.0,0,1.61,5,1,0,0,0,0,0,0,0,0,0,1,1,0,0,0,0,1,0,0,0,0,0,0,0,0,0,0,1,1,0,0
19,2,37.654551,-119.822984,579,7,54,41.58,0,24.05,1230.9,0.0,0,2245.32,4,1,1,0,1,1,1,0,1,0,0,0,1,1,0,0,0,1,0,0,0,0,0,0,0,0,0,1,1,0,0,0
45,2,37.818543,-121.006907,11474,0,18,30.22,0,25.3,454.65,0.0,0,543.96,4,0,0,0,0,1,0,0,0,0,1,0,1,1,0,0,0,1,0,0,0,0,0,0,0,0,0,1,0,1,0,0
46,0,37.902968,-119.667544,3680,0,3,13.72,26,84.3,235.05,0.0,0,41.16,5,1,0,0,0,0,0,0,0,0,0,1,1,0,1,0,1,0,0,1,0,0,0,1,1,1,0,0,0,0,0,0
41,1,37.605926,-120.69955,1055,1,72,15.58,20,89.75,6595.9,0.0,0,1121.76,3,0,0,0,1,1,1,1,0,0,0,0,1,1,1,1,0,0,1,1,1,1,1,1,1,1,0,1,0,1,0,0
37,1,37.479926,-120.230424,128,8,11,49.19,0,20.0,196.35,0.0,0,541.0899999999999,5,0,0,0,1,1,1,0,0,0,1,0,1,0,0,0,0,1,0,0,0,0,0,0,0,0,1,0,1,1,0,0
37,1,37.84771,-120.486589,9559,3,61,43.08,19,103.9,6449.15,0.0,0,2627.88,5,1,0,0,1,1,1,0,1,0,0,0,1,0,1,0,1,0,0,1,1,1,1,1,1,1,1,0,0,1,0,0
23,0,37.555631,-120.911653,2130,0,39,29.79,0,20.7,762.45,0.0,0,1161.81,4,0,1,0,0,0,0,0,0,0,0,0,1,0,0,0,0,1,0,0,0,0,0,0,0,0,0,1,0,1,0,0
36,0,37.249377,-120.249581,3256,0,37,34.37,0,20.15,785.75,0.0,0,1271.6899999999998,5,1,0,0,0,0,0,0,0,0,0,0,1,0,0,0,0,1,0,0,0,0,0,0,0,0,1,0,0,1,0,0
60,0,37.361987,-120.748394,12672,8,72,26.98,0,26.0,1776.0,0.0,0,1942.56,4,0,0,0,1,0,1,1,0,0,0,0,1,1,0,0,0,1,0,0,0,0,0,0,0,0,0,1,1,1,0,0
34,0,37.830267,-121.201018,36738,0,8,33.54,14,66.05,574.5,0.0,0,268.32,3,0,0,0,0,0,0,0,0,0,0,1,1,0,1,1,0,0,1,0,0,1,0,1,1,1,0,0,0,0,0,0
27,2,37.750822,-121.238423,19867,2,22,49.51,0,19.9,400.3,0.0,0,1089.22,4,0,1,0,1,1,1,0,0,0,1,0,1,0,0,0,0,1,0,0,0,0,0,0,0,0,0,0,0,1,0,0
61,0,37.255637,-120.493537,59289,0,38,21.19,24,68.15,2656.3,0.0,0,805.22,3,0,0,0,0,0,0,0,0,0,0,0,1,1,1,1,0,0,0,1,0,1,0,1,1,1,0,0,0,1,0,0
25,1,37.581496,-119.972762,433,0,17,45.92,73,80.85,1445.95,0.0,50,780.64,5,1,1,0,0,1,0,0,0,0,0,0,1,0,1,1,0,0,0,1,1,1,1,1,1,0,1,0,0,0,0,0
62,0,37.671806,-121.007575,52872,0,28,33.84,5,80.6,2244.95,0.0,0,947.52,5,0,0,0,0,0,0,0,0,0,0,0,1,0,1,0,1,0,0,0,0,0,0,1,1,1,0,0,1,0,0,0
60,0,37.621458,-121.012295,47536,0,15,10.43,29,83.2,1130.0,0.0,0,156.45,3,0,0,0,0,0,0,0,0,0,0,0,1,0,1,0,1,0,0,1,0,0,1,0,0,1,0,0,1,0,0,0
59,3,37.639029,-120.964772,27135,1,72,44.61,53,87.55,6463.15,0.0,0,3211.92,4,1,0,0,1,1,1,0,0,0,0,0,1,1,1,1,0,0,1,1,1,1,1,1,1,1,0,1,1,0,0,0
20,0,37.670526,-120.877572,13343,10,57,8.01,73,109.4,6252.7,0.0,0,456.57,5,0,1,0,1,0,1,0,1,0,0,0,1,1,1,0,1,0,0,1,1,1,1,1,1,1,1,0,1,0,0,0
50,0,37.343846,-121.039391,8504,3,46,0.0,30,45.55,2062.15,0.0,0,0.0,4,0,0,0,1,0,1,0,1,0,0,0,0,0,1,1,0,0,1,1,0,0,1,0,0,1,0,0,0,0,0,0
45,0,37.785033,-120.776141,25384,2,30,22.89,0,20.7,587.1,0.0,0,686.7,5,1,0,0,1,0,1,0,0,0,0,0,1,0,0,0,0,1,0,0,0,0,0,0,0,0,1,0,0,1,0,0
22,0,37.329725,-120.306399,4150,0,32,46.33,85,93.4,2979.3,0.0,0,1482.56,3,1,1,0,0,0,0,0,0,0,0,0,1,0,1,0,1,0,1,1,1,0,0,1,1,1,0,0,1,1,0,0
34,0,37.750778,-121.13238,12646,0,13,30.06,5,73.75,956.65,0.0,0,390.78,3,1,0,0,0,0,0,0,0,0,0,0,1,0,1,0,1,0,1,0,0,0,0,0,0,1,0,0,1,1,0,0
35,0,37.713152,-121.08739,12466,0,44,32.83,24,88.15,3973.2,0.0,0,1444.52,4,0,0,0,0,0,0,0,1,0,0,0,1,0,1,0,1,0,0,1,1,0,1,0,0,1,0,0,1,1,0,0
22,0,37.982716,-120.343732,25340,4,67,33.01,0,19.65,1335.2,0.0,0,2211.67,4,0,1,0,1,0,1,0,0,0,0,0,1,0,0,0,0,1,0,0,0,0,0,0,0,0,0,1,0,1,0,0
37,0,37.680968,-121.446049,69801,4,71,10.46,3,105.15,7555.0,0.0,60,742.6600000000001,5,0,0,0,1,0,1,0,0,0,0,0,1,1,1,0,1,0,0,1,1,0,1,1,1,0,0,1,1,0,0,0
32,0,37.939768,-120.188002,3979,0,1,49.19,17,49.0,49.0,0.0,0,49.19,3,1,0,0,0,0,0,0,0,0,0,0,1,0,1,1,0,0,0,0,0,1,0,0,0,1,0,0,0,1,0,0
27,0,38.107441,-120.230625,4848,1,17,0.0,52,49.8,836.35,0.0,0,0.0,5,1,1,0,1,0,1,0,0,0,0,0,0,0,1,1,0,0,0,1,0,0,1,1,1,1,0,0,1,1,0,0
52,0,33.141265,-116.967221,48690,0,1,2.29,0,20.95,20.95,0.0,0,2.29,3,1,0,0,0,0,0,0,0,0,0,1,1,0,0,0,0,1,0,0,0,0,0,0,0,0,0,0,0,0,0,0
27,1,38.460517,-122.790335,36125,8,41,39.53,0,19.5,798.2,0.0,0,1620.73,4,1,1,0,1,1,1,0,1,0,0,0,1,0,0,0,0,1,0,0,0,0,0,0,0,0,1,0,0,0,0,0
45,0,38.526941,-122.709096,35057,0,1,9.82,13,44.15,44.15,0.0,0,9.82,4,0,0,0,0,0,0,0,0,0,0,1,1,0,1,0,0,0,0,0,0,0,0,0,0,1,0,0,0,0,0,0
22,1,38.394091,-122.739814,30876,8,62,14.75,52,105.5,6487.2,0.0,150,914.5,4,1,1,0,1,1,1,0,1,0,0,0,1,1,1,0,1,0,1,1,0,0,1,1,1,0,0,0,1,0,0,0
37,2,39.225694,-123.717354,1054,0,17,49.78,19,92.7,1556.85,0.0,0,846.26,4,0,0,0,0,1,0,0,0,0,0,0,1,1,1,0,1,0,0,1,1,1,0,0,0,1,0,0,1,1,0,0
37,1,38.731055,-123.316553,747,8,72,2.57,0,26.25,1988.05,0.0,0,185.04,4,0,0,0,1,1,1,0,0,0,0,0,1,1,0,0,0,1,0,0,0,0,0,0,0,0,0,1,1,0,0,0
39,3,39.025867,-123.381544,1374,4,56,23.52,53,96.95,5432.2,0.0,0,1317.12,5,1,0,0,1,1,1,0,1,0,0,0,1,1,1,0,1,0,0,1,0,1,1,0,0,1,0,0,1,1,0,0
32,0,39.710591,-123.682799,176,0,9,45.99,0,20.45,147.55,0.0,0,413.91,4,0,0,0,0,0,0,0,0,0,0,1,1,0,0,0,0,1,0,0,0,0,0,0,0,0,0,0,1,1,0,0
58,0,39.361283,-123.784599,333,0,72,43.12,6,115.8,8424.9,0.0,0,3104.64,3,1,0,0,1,0,0,0,0,0,0,0,1,1,1,0,1,0,1,1,1,1,1,1,1,1,0,1,1,0,0,0
40,0,38.578807,-123.19338,1575,0,20,16.05,18,108.2,2203.7,0.0,0,321.0,3,1,0,0,0,0,0,0,0,0,0,0,1,0,1,0,1,0,1,1,1,1,1,1,1,1,0,0,1,0,0,0
32,3,38.965804,-122.631779,13485,3,19,31.7,0,20.2,387.4,0.0,0,602.3,3,1,0,0,1,1,1,0,0,0,0,0,1,0,0,0,0,1,0,0,0,0,0,0,0,0,0,1,0,1,0,0
62,0,38.801936,-122.938935,9210,0,53,0.0,17,54.9,3045.75,0.0,0,0.0,4,1,0,0,0,0,0,0,1,0,0,0,0,0,1,0,0,0,0,0,1,1,1,1,1,1,1,0,0,1,0,0
56,0,39.239818,-123.565432,371,0,6,6.93,0,20.15,130.5,0.0,0,41.58,5,1,0,0,0,0,0,0,0,0,0,0,1,0,0,0,0,1,0,0,0,0,0,0,0,0,0,0,0,0,0,0
22,3,39.83307,-123.178765,2296,9,9,30.46,82,90.35,767.9,0.0,0,274.14,3,1,1,0,1,1,1,0,0,0,0,1,1,1,1,0,1,0,0,0,1,0,1,0,0,1,1,0,1,0,0,0
62,3,39.756049,-123.358701,91,1,8,12.41,53,55.75,446.8,0.0,0,99.28,4,0,0,0,1,1,1,0,0,0,0,1,1,1,1,1,0,0,0,1,0,0,0,0,0,1,0,0,0,0,0,0
45,3,38.445603,-123.063756,187,5,71,4.91,29,114.6,8100.25,0.0,0,348.61,4,0,0,0,1,1,1,0,0,0,0,0,1,1,1,0,1,0,1,1,1,1,1,1,1,1,0,1,0,0,0,0
23,0,38.499302,-122.92444,6216,10,71,0.0,85,66.8,4689.15,0.0,0,0.0,4,0,1,0,1,0,1,0,0,0,0,0,0,0,1,0,0,0,1,1,1,1,1,1,1,1,1,0,0,0,0,0
43,0,39.455555,-123.683979,14417,1,68,49.51,3,100.3,6754.35,0.0,90,3366.68,4,1,0,0,1,0,1,0,0,0,0,0,1,0,1,0,1,0,0,1,0,1,1,1,1,0,1,0,1,0,0,0
51,0,38.493888,-122.777141,476,0,34,28.0,18,105.35,3540.65,0.0,0,952.0,3,1,0,0,0,0,0,0,0,0,0,0,1,1,1,0,1,0,0,1,0,1,1,1,1,1,0,0,1,0,0,0
51,0,38.731771,-123.064272,2349,0,26,29.72,11,85.2,2184.6,0.0,0,772.72,5,1,0,0,0,0,0,0,0,0,0,0,1,0,1,0,1,0,0,1,1,1,0,0,0,1,1,0,1,0,0,0
42,0,39.045246,-122.743181,175,0,7,33.18,0,18.95,130.55,0.0,0,232.26,5,1,0,0,0,0,0,0,0,0,0,1,1,0,0,0,0,1,0,0,0,0,0,0,0,0,0,0,1,1,0,0
51,0,38.434362,-122.86891,390,0,20,43.49,28,69.8,1540.35,0.0,0,869.8000000000001,5,0,0,0,1,0,0,0,0,0,0,0,1,0,1,0,1,0,0,0,0,0,0,0,0,1,0,0,1,0,0,0
48,0,38.848082,-123.50608,1916,5,60,9.98,22,106.15,6411.25,0.0,0,598.8000000000001,3,0,0,0,1,0,1,0,1,0,0,0,1,1,1,0,1,0,0,1,1,0,1,1,1,1,0,0,1,0,0,0
51,1,38.52576,-123.013347,4913,5,72,37.11,0,20.55,1432.55,0.0,0,2671.92,5,1,0,0,1,1,1,0,0,0,0,0,1,0,0,0,0,1,0,0,0,0,0,0,0,0,0,1,0,0,0,0
64,0,38.93706,-123.118111,1373,0,4,3.69,0,25.25,101.9,0.0,0,14.76,5,1,0,0,0,0,0,0,0,0,0,1,1,1,0,0,0,1,0,0,0,0,0,0,0,0,0,0,0,1,0,0
40,1,38.505995,-123.187019,438,2,16,31.99,0,19.75,313.4,0.0,0,511.84,4,1,0,0,1,1,1,0,0,0,0,0,1,0,0,0,0,1,0,0,0,0,0,0,0,0,0,0,0,0,0,0
58,0,38.419525,-122.521585,1653,0,10,8.35,29,60.95,629.55,0.0,0,83.5,3,0,0,0,0,0,0,0,0,0,0,0,1,0,1,0,0,0,0,0,0,1,0,1,1,1,0,0,1,1,0,0
60,0,39.080469,-122.955176,11180,0,31,42.05,12,81.15,2640.55,0.0,0,1303.55,3,1,0,0,0,0,0,0,0,0,0,0,1,1,1,0,1,0,0,1,0,0,0,0,0,1,0,0,1,0,0,0
26,0,39.806141,-123.531098,2706,2,71,39.44,0,19.1,1372.45,0.0,0,2800.24,4,0,1,0,1,0,1,0,0,0,0,0,1,0,0,0,0,1,0,0,0,0,0,0,0,0,0,1,0,1,0,0
29,0,39.245911,-123.77214,882,0,58,49.02,0,20.8,1212.25,0.0,0,2843.1600000000003,4,1,1,0,0,0,0,0,1,0,0,0,1,0,0,0,0,1,0,0,0,0,0,0,0,0,0,1,0,1,0,0
31,1,38.925545,-122.549083,2644,7,70,2.5,13,90.15,6237.05,0.0,0,175.0,3,1,0,0,1,1,1,0,0,0,0,0,1,1,1,0,0,0,1,1,1,1,1,1,1,1,0,1,1,1,0,0
30,0,39.141934,-122.770679,3002,2,71,22.33,71,90.1,6310.9,0.0,0,1585.4299999999998,3,0,0,0,1,0,1,0,0,0,0,0,1,1,1,0,0,0,1,1,1,1,1,1,1,1,0,1,0,0,0,0
33,3,38.787446,-122.58675,7789,1,72,41.14,53,118.75,8672.45,0.0,0,2962.08,4,0,0,0,1,1,1,0,0,0,0,0,1,1,1,0,1,0,1,1,1,1,1,1,1,1,0,1,1,0,0,0
56,0,38.471049,-123.015549,1537,1,26,42.26,2,85.9,2196.45,0.0,0,1098.76,4,0,0,0,1,0,1,0,0,0,0,0,1,0,1,0,1,0,0,0,0,1,0,1,1,1,0,0,0,1,0,0
41,0,39.182916,-123.552571,148,1,33,10.34,22,95.0,3008.15,0.0,60,341.22,3,0,0,0,1,0,1,0,0,0,0,0,1,1,1,0,1,0,0,0,1,1,0,1,1,0,0,0,1,1,0,0
51,3,39.12334,-122.838198,2223,1,10,18.62,0,20.15,220.8,0.0,0,186.2,5,0,0,0,1,1,1,0,0,0,0,0,1,0,0,0,0,1,0,0,0,0,0,0,0,0,0,1,0,1,0,0
52,0,39.094102,-123.500853,1113,0,10,10.46,0,21.2,222.65,0.0,0,104.6,4,0,0,0,0,0,0,0,0,0,0,0,1,0,0,0,0,1,0,0,0,0,0,0,0,0,0,0,1,0,0,0
31,2,38.911299,-123.609588,1352,1,39,5.88,0,24.2,914.6,0.0,0,229.32,3,0,0,0,1,1,1,0,0,0,0,0,1,1,0,0,0,1,0,0,0,0,0,0,0,0,1,0,1,1,0,0
40,0,39.408634,-123.045516,1884,0,11,48.92,0,20.3,246.3,0.0,0,538.12,3,0,0,0,0,0,0,0,0,0,0,0,1,0,0,0,0,1,0,0,0,0,0,0,0,0,0,0,0,0,0,0
36,2,38.522328,-122.97932,298,1,68,25.16,26,85.3,5560.0,0.0,0,1710.88,4,0,0,0,1,1,1,0,0,0,0,0,1,1,1,0,0,0,0,1,1,1,1,1,1,1,0,1,0,0,0,0
43,0,38.398815,-122.861923,31266,0,18,34.78,2,89.6,1633.0,0.0,0,626.04,3,1,0,0,0,0,0,0,0,0,0,0,1,1,1,0,1,0,0,0,1,0,1,0,0,1,1,0,1,1,0,0
47,0,39.134075,-123.23422,30988,0,18,33.8,17,56.25,969.85,0.0,30,608.4,4,1,0,0,0,0,0,0,0,0,0,0,1,1,1,0,0,0,1,0,0,0,0,0,0,0,0,0,0,1,0,0
59,2,39.220368,-122.907693,2344,2,52,10.03,29,50.95,2610.65,0.0,0,521.56,4,0,0,0,1,1,1,0,1,0,0,0,1,0,1,0,0,0,0,0,1,0,0,0,0,1,1,0,1,0,0,0
42,3,39.724433,-123.767578,309,8,56,40.86,27,115.85,6567.9,0.0,0,2288.16,3,1,0,0,1,1,1,0,1,0,0,0,1,1,1,0,1,0,1,1,1,1,1,1,1,1,0,1,0,1,0,0
51,0,39.492046,-123.375818,13472,0,45,24.75,13,103.65,4747.85,0.0,0,1113.75,5,1,0,0,0,0,0,0,1,0,0,0,1,1,1,0,1,0,0,0,1,1,1,1,1,1,0,0,1,0,0,0
45,0,38.527297,-122.810044,23701,0,67,43.3,0,26.1,1759.55,0.0,0,2901.1,3,0,0,0,0,0,0,0,0,0,0,0,1,1,0,0,0,1,0,0,0,0,0,0,0,0,0,1,1,1,0,0
33,0,39.222323,-122.985488,240,3,3,0.0,25,35.1,101.1,0.0,0,0.0,3,1,0,0,1,0,1,0,0,0,0,1,0,0,1,0,0,0,1,0,0,1,0,0,0,1,0,0,0,1,0,0
52,0,38.696659,-123.436861,752,2,63,48.14,28,67.25,4234.15,0.0,150,3032.82,4,1,0,0,1,0,1,0,0,0,0,0,1,1,1,0,0,0,0,1,0,1,0,1,1,0,0,1,0,1,0,0
50,2,40.796621,-124.15428,23224,1,11,15.04,0,25.0,300.7,0.0,0,165.44,4,0,0,0,1,1,1,0,0,0,0,0,1,1,0,0,0,1,0,0,0,0,0,0,0,0,0,1,0,1,0,0
20,1,40.737431,-124.108897,23570,0,1,41.39,48,59.55,59.55,0.0,0,41.39,3,1,1,0,0,1,0,0,0,0,0,0,1,0,1,0,0,0,0,0,0,1,0,1,1,1,0,0,1,1,0,0
48,0,40.166028,-123.584144,261,0,55,26.3,23,77.8,4323.35,0.0,0,1446.5,5,1,0,0,0,0,0,0,0,0,0,0,1,1,1,1,0,0,0,0,1,0,1,1,1,1,0,1,1,0,0,0
34,1,40.309088,-123.668201,199,2,25,47.1,25,55.1,1466.1,0.0,0,1177.5,4,1,0,0,1,1,1,0,0,0,0,0,1,1,1,1,0,0,0,0,0,1,0,0,0,1,1,0,1,1,0,0
55,0,40.839958,-124.003757,19596,7,72,37.98,0,24.15,1776.45,0.0,0,2734.56,5,0,0,0,1,0,1,0,0,0,0,0,1,1,0,0,0,1,0,0,0,0,0,0,0,0,0,1,1,1,0,0
33,2,40.825486,-124.049485,1689,0,65,0.0,25,45.25,2933.95,0.0,0,0.0,5,0,0,0,0,1,0,0,0,0,0,0,0,0,1,1,0,0,0,1,0,1,1,0,0,1,0,1,0,1,0,0
31,1,40.372532,-123.525626,695,9,7,39.98,0,20.25,144.35,0.0,0,279.86,3,1,0,0,1,1,1,0,0,0,0,0,1,0,0,0,0,1,0,0,0,0,0,0,0,0,0,0,0,1,0,0
45,0,40.854512,-123.450097,485,7,72,15.23,26,64.75,4804.75,0.0,0,1096.56,3,0,0,0,1,0,1,0,0,0,0,0,1,1,1,1,0,0,1,1,0,1,0,0,0,1,0,1,0,0,0,0
57,0,40.497283,-123.93037,1072,4,21,17.19,11,54.6,1125.2,0.0,0,360.99,3,1,0,0,1,0,1,0,0,0,0,0,1,0,1,1,0,0,0,0,0,0,1,0,0,1,0,0,0,0,0,0
28,0,33.362575,-117.299644,42239,0,2,13.89,0,20.7,39.85,0.0,0,27.78,4,0,1,0,0,0,0,0,0,0,0,0,1,0,0,0,0,1,0,0,0,0,0,0,0,0,0,0,1,0,0,0
50,0,40.584991,-124.121504,12241,8,72,27.59,25,115.8,8332.15,0.0,0,1986.48,3,1,0,0,1,0,1,0,0,0,0,0,1,1,1,0,1,0,1,1,1,1,1,1,1,1,0,1,0,1,0,0
63,0,40.057784,-123.679461,2423,0,6,39.16,8,49.45,314.6,0.0,0,234.96,3,0,0,0,0,0,0,0,0,0,0,0,1,0,1,1,0,0,1,0,0,0,0,0,0,1,0,0,1,0,0,0
58,0,41.867908,-123.794144,532,0,52,5.92,23,83.8,4331.4,0.0,70,307.84,3,1,0,0,0,0,0,0,0,0,0,0,1,0,1,0,1,0,0,0,1,0,0,1,1,0,0,0,1,1,0,0
22,0,40.664483,-123.865325,264,0,60,44.24,52,116.6,7049.5,0.0,0,2654.4,3,1,1,0,0,0,0,0,0,0,0,0,1,1,1,0,1,0,1,1,1,1,1,1,1,1,1,0,1,1,0,0
24,0,40.7666,-123.80458,155,4,12,23.99,51,54.2,690.5,0.0,0,287.88,4,0,1,0,1,0,1,0,0,0,1,0,1,0,1,1,0,0,1,0,0,1,0,0,0,1,0,0,0,0,0,0
50,0,40.665952,-124.240051,1447,0,13,21.36,0,19.3,279.3,0.0,0,277.68,5,0,0,0,0,0,0,0,0,0,1,0,1,0,0,0,0,1,0,0,0,0,0,0,0,0,0,0,1,1,0,0
20,0,40.390301,-123.412327,265,0,22,43.78,47,65.05,1427.55,0.0,10,963.16,4,1,1,0,0,0,0,0,0,0,1,0,1,1,1,1,0,0,1,1,1,0,0,0,0,0,0,0,0,1,0,0
59,3,41.336354,-124.044354,494,4,72,48.29,0,24.05,1709.15,0.0,0,3476.88,4,0,0,0,1,1,1,0,0,0,0,0,1,1,0,0,0,1,0,0,0,0,0,0,0,0,0,1,1,0,0,0
23,0,41.269521,-123.546958,574,0,2,4.92,0,18.75,53.15,0.0,0,9.84,4,0,1,0,0,0,0,0,0,0,0,0,1,0,0,0,0,1,0,0,0,0,0,0,0,0,0,0,0,0,0,0
42,3,40.274302,-124.210902,300,1,40,3.01,0,20.15,777.35,0.0,0,120.4,5,0,0,0,1,1,1,0,0,0,0,0,1,0,0,0,0,1,0,0,0,0,0,0,0,0,0,1,0,0,0,0
23,3,40.184094,-123.745487,163,2,44,36.86,0,20.0,860.85,0.0,0,1621.84,3,1,1,0,1,1,1,0,0,0,0,0,1,0,0,0,0,1,0,0,0,0,0,0,0,0,1,0,0,0,0,0
19,0,40.440636,-124.098739,1125,0,1,0.0,76,24.4,24.4,0.0,10,0.0,5,0,1,0,0,0,0,0,0,0,0,0,0,0,1,1,0,0,0,0,0,0,0,0,1,0,0,0,0,1,0,0
32,0,41.444606,-123.471895,202,0,3,42.68,27,65.25,209.9,0.0,0,128.04,5,1,0,0,0,0,0,0,0,0,0,0,1,1,1,0,0,0,0,0,0,1,1,0,0,1,0,0,1,1,0,0
28,0,40.363446,-123.835041,400,0,13,33.95,59,50.55,610.75,0.0,0,441.35,5,1,1,0,0,0,0,0,0,0,1,0,1,0,1,1,0,0,0,0,0,1,0,0,1,1,0,0,1,1,0,0
19,0,40.310119,-123.909449,270,0,1,38.81,52,70.7,70.7,0.0,0,38.81,3,0,1,0,0,0,0,0,0,0,0,0,1,0,1,0,1,0,0,0,0,0,0,0,1,1,0,0,1,1,0,0
33,2,40.949012,-123.655847,1666,8,4,35.09,30,45.25,155.35,0.0,0,140.36,5,1,0,0,1,1,1,0,0,0,0,1,1,0,1,1,0,0,0,0,0,0,0,0,0,1,0,0,0,1,0,0
51,0,39.873371,-123.741474,321,0,2,1.57,26,70.3,144.0,0.0,0,3.14,4,1,0,0,0,0,0,0,0,0,0,1,1,0,1,0,1,0,0,0,0,0,0,0,0,1,0,0,1,0,0,0
28,0,39.955587,-123.681175,200,0,72,21.26,53,108.95,7875.0,0.0,0,1530.72,4,1,1,0,1,0,0,0,0,0,0,0,1,1,1,0,1,0,1,1,0,1,1,1,1,1,0,1,1,1,0,0
42,2,33.362575,-117.299644,42239,1,37,31.83,0,26.45,911.6,0.0,0,1177.71,4,0,0,0,1,1,1,0,0,0,0,0,1,1,0,0,0,1,0,0,0,0,0,0,0,0,0,0,0,1,0,0
34,0,38.431407,-120.8421,222,0,23,10.41,0,19.65,478.1,0.0,0,239.43,3,0,0,0,0,0,0,0,0,0,1,0,1,0,0,0,0,1,0,0,0,0,0,0,0,0,1,0,1,1,0,0
31,3,38.912881,-121.082766,24944,4,42,34.66,0,19.05,761.85,0.0,0,1455.7199999999998,4,0,0,0,1,1,1,0,0,0,0,0,1,0,0,0,0,1,0,0,0,0,0,0,0,0,1,0,1,0,0,0
45,0,38.592745,-121.540036,12756,0,32,33.45,5,74.75,2282.95,0.0,0,1070.4,4,0,0,0,0,0,0,0,0,1,0,0,1,1,1,1,0,0,1,0,0,0,1,1,1,1,1,0,0,1,0,0
59,3,38.809804,-122.241383,382,3,22,4.67,58,75.8,1615.1,0.0,0,102.74,5,0,0,0,1,1,1,0,0,0,1,0,1,1,1,0,1,0,0,0,0,0,0,0,0,1,0,0,1,0,0,0
26,0,38.681651,-122.130569,262,5,42,0.0,59,25.1,1097.15,0.0,0,0.0,3,1,1,0,1,0,1,0,0,0,0,0,0,0,1,1,0,0,0,0,0,0,0,0,1,1,0,0,1,1,0,0
56,0,38.626128,-121.328011,58830,0,8,10.91,16,44.45,369.3,0.0,0,87.28,3,0,0,0,0,0,0,0,0,0,0,0,1,0,1,1,0,0,0,0,0,0,0,0,0,1,0,0,0,1,0,0
23,1,38.69508,-121.271616,43718,5,65,13.17,59,104.3,6725.3,0.0,70,856.05,3,0,1,0,1,1,1,0,0,0,0,0,1,1,1,0,1,0,1,0,1,0,1,1,1,0,0,1,1,1,0,0
30,1,38.880622,-120.973865,3674,3,70,33.24,51,89.0,6293.2,0.0,0,2326.8,3,0,0,0,1,1,1,0,0,0,0,0,1,1,1,1,0,0,1,1,1,1,1,1,1,1,0,1,1,0,0,0
43,2,38.311609,-121.554034,699,0,22,34.07,0,20.15,432.5,0.0,0,749.54,5,1,0,0,0,1,0,0,0,0,1,0,1,0,0,0,0,1,0,0,0,0,0,0,0,0,0,0,0,1,0,0
58,1,38.683605,-120.811852,4426,5,67,0.0,15,36.15,2434.45,0.0,0,0.0,3,0,0,0,1,1,1,0,0,0,0,0,0,0,1,1,0,0,1,1,0,0,0,0,0,1,0,1,0,0,0,0
42,0,38.392821,-121.799917,18529,0,25,6.0,0,19.2,532.1,0.0,0,150.0,4,0,0,0,0,0,0,0,0,1,0,0,1,0,0,0,0,1,0,0,0,0,0,0,0,0,0,0,1,1,0,0
49,0,38.69549,-121.307864,41636,0,20,48.03,0,19.25,375.25,0.0,0,960.6,3,0,0,0,1,0,0,0,0,0,1,0,1,0,0,0,0,1,0,0,0,0,0,0,0,0,0,0,0,0,0,0
28,2,38.63153,-120.842609,4097,0,2,32.06,52,61.2,125.95,0.0,0,64.12,4,0,1,0,0,1,0,0,0,0,0,1,1,0,1,0,0,0,1,0,0,0,0,1,1,1,0,0,1,1,0,0
36,0,38.434138,-121.30587,38534,0,51,47.43,0,20.45,1042.65,0.0,0,2418.93,4,1,0,0,0,0,0,0,0,0,0,0,1,0,0,0,0,1,0,0,0,0,0,0,0,0,0,1,0,1,0,0
27,2,38.349195,-121.902943,171,9,46,0.0,52,35.05,1620.25,0.0,0,0.0,3,0,1,0,1,1,1,0,0,0,0,0,0,0,1,1,0,0,1,1,0,0,0,0,1,1,0,0,0,0,0,0
20,1,38.834469,-122.127193,2756,0,13,26.63,27,44.0,659.35,0.0,0,346.19,3,1,1,0,0,1,0,0,0,0,1,0,1,0,1,1,0,0,0,0,0,0,0,0,1,1,0,0,0,1,0,0
32,1,38.513484,-120.704613,850,4,26,4.62,19,50.35,1285.8,0.0,0,120.12,5,1,0,0,1,1,1,0,0,1,0,0,1,0,1,1,0,0,0,0,1,0,0,0,0,1,1,0,0,1,0,0
41,3,39.031876,-120.811141,5714,0,19,24.1,0,20.0,377.55,0.0,0,457.9,3,1,0,0,0,1,0,0,0,0,1,0,1,0,0,0,0,1,0,0,0,0,0,0,0,0,0,0,1,0,0,0
21,0,38.9386,-120.785514,2723,6,72,15.35,41,86.4,6058.95,0.0,0,1105.2,3,0,1,0,1,0,1,0,0,0,0,0,1,1,1,1,0,0,1,1,0,1,1,1,1,1,0,1,1,0,0,0
60,0,38.313447,-121.123886,1745,0,24,30.42,14,94.1,2322.85,0.0,110,730.08,3,1,0,0,0,0,0,0,0,1,0,0,1,1,1,0,1,0,0,0,0,0,1,1,1,0,0,0,1,0,0,0
29,0,38.33788,-120.954202,9752,6,46,2.0,48,108.9,4854.3,0.0,0,92.0,5,0,1,0,1,0,1,0,0,0,0,0,1,1,1,0,1,0,0,1,1,1,1,1,1,1,0,1,1,1,0,0
52,0,38.631489,-120.015167,129,0,2,26.9,0,19.9,57.4,0.0,0,53.8,4,0,0,0,0,0,0,0,0,0,0,1,1,0,0,0,0,1,0,0,0,0,0,0,0,0,0,0,0,0,0,0
56,0,38.922812,-121.312005,15286,7,31,25.3,28,66.4,2019.8,0.0,0,784.3000000000001,4,1,0,0,1,0,1,0,0,1,0,0,1,0,1,0,0,0,0,0,1,1,0,1,1,1,0,0,1,1,0,0
57,3,38.815515,-120.916997,485,10,16,27.27,76,100.7,1522.7,0.0,0,436.32,4,0,0,0,1,1,1,0,0,0,1,0,1,0,1,0,1,0,1,0,1,0,1,1,1,1,0,0,0,0,0,0
26,1,38.674276,-121.961866,844,0,52,23.12,0,25.6,1334.5,0.0,0,1202.24,3,1,1,0,0,1,0,0,0,0,0,0,1,1,0,0,0,1,0,0,0,0,0,0,0,0,0,1,0,1,0,0
35,3,38.549822,-121.266725,929,1,13,40.2,0,19.85,252.0,0.0,0,522.6,4,1,0,0,1,1,1,0,0,0,1,0,1,0,0,0,0,1,0,0,0,0,0,0,0,0,0,0,1,1,0,0
34,0,38.883224,-121.15918,6096,0,35,35.5,0,20.75,700.45,0.0,0,1242.5,4,0,0,0,0,0,0,0,0,1,0,0,1,0,0,0,0,1,0,0,0,0,0,0,0,0,1,0,0,1,0,0
36,0,38.788898,-121.608624,751,0,59,30.44,30,95.8,5655.45,0.0,0,1795.96,3,0,0,0,0,0,0,0,0,0,0,0,1,0,1,0,1,0,0,0,1,0,1,1,1,1,0,1,0,0,0,0
39,0,38.671295,-121.388251,32202,9,72,33.22,23,94.65,6747.35,0.0,0,2391.84,3,1,0,0,1,0,1,0,0,0,0,0,1,0,1,0,1,0,0,0,1,0,1,1,1,1,0,0,1,0,0,0
35,0,38.689174,-121.218435,32040,10,49,40.67,12,106.65,5174.35,0.0,0,1992.83,4,0,0,0,1,0,1,0,0,0,0,0,1,1,1,0,1,0,1,1,1,1,0,1,1,1,0,1,0,1,0,0
43,0,38.859093,-121.182872,2048,0,2,5.47,29,45.85,105.6,0.0,0,10.94,3,0,0,0,0,0,0,0,0,0,0,1,1,0,1,1,0,0,0,0,0,0,0,0,0,1,0,0,1,1,0,0
47,0,38.733714,-120.795213,34146,0,1,17.07,3,61.15,61.15,0.0,0,17.07,4,1,0,0,0,0,0,0,0,0,0,1,1,1,1,1,0,0,1,1,0,0,0,0,0,1,0,0,0,0,0,0
55,0,38.833554,-121.498102,901,0,6,29.52,28,78.95,494.95,0.0,0,177.12,3,1,0,0,0,0,0,0,0,0,0,1,1,0,1,0,1,0,1,1,0,0,0,0,0,1,0,0,1,0,0,0
35,3,38.602723,-121.279913,49729,0,49,4.76,58,109.2,5290.45,0.0,0,233.24,3,1,0,0,0,1,0,0,0,0,0,0,1,1,1,0,1,0,1,1,1,0,1,1,1,1,1,0,1,1,0,0
59,3,38.724322,-120.991237,3815,7,56,18.99,53,61.3,3346.8,0.0,0,1063.4399999999998,3,0,0,0,1,1,1,0,0,0,0,0,1,0,1,0,0,0,1,1,1,0,0,0,0,1,0,1,1,1,0,0
61,2,38.954144,-121.482536,947,7,6,0.0,10,40.55,217.5,0.0,50,0.0,5,0,0,0,1,1,1,0,0,0,0,1,0,0,1,0,0,0,0,1,1,1,0,0,0,0,0,1,0,1,0,0
55,0,38.545775,-120.743325,364,0,32,41.52,0,19.8,607.7,0.0,0,1328.64,4,1,0,0,0,0,0,0,0,1,0,0,1,0,0,0,0,1,0,0,0,0,0,0,0,0,1,0,0,1,0,0
34,1,38.7904,-121.236973,21510,3,50,41.58,19,108.25,5431.4,0.0,0,2079.0,4,1,0,0,1,1,1,0,0,0,0,0,1,1,1,0,1,0,1,1,1,0,1,1,1,1,1,0,1,0,0,0
33,2,38.759751,-121.288545,30614,2,58,33.82,10,105.05,6004.85,0.0,0,1961.56,5,1,0,0,1,1,1,0,0,0,0,0,1,1,1,0,1,0,0,0,1,1,1,1,1,1,1,0,1,0,0,0
43,1,38.984756,-121.345074,1219,3,65,28.46,14,90.45,5957.9,0.0,0,1849.9,3,0,0,0,1,1,1,0,0,0,0,0,1,1,1,0,0,0,1,1,1,1,1,1,1,1,0,1,1,1,0,0
21,0,38.598936,-120.963092,24738,0,64,8.52,73,86.4,5442.05,0.0,0,545.28,3,0,1,0,0,0,0,0,0,0,0,0,1,1,1,1,0,0,1,1,1,1,1,1,1,1,0,1,1,1,0,0
49,0,38.470423,-121.114897,4731,5,66,44.4,11,66.9,4370.25,0.0,70,2930.4,4,0,0,0,1,0,1,1,0,0,0,0,1,1,1,1,0,0,1,1,1,0,0,0,0,0,0,1,0,0,0,0
59,0,38.606703,-120.586659,2958,9,38,42.08,15,110.7,4428.6,0.0,0,1599.04,3,1,0,0,1,0,1,0,0,1,0,0,1,1,1,0,1,0,1,0,1,1,1,1,1,1,1,0,1,0,0,0
21,0,38.432145,-120.77069,4610,2,20,19.15,0,20.0,416.45,0.0,0,383.0,5,0,1,0,1,0,1,0,0,0,1,0,1,0,0,0,0,1,0,0,0,0,0,0,0,0,1,0,1,1,0,0
49,0,38.481902,-120.603668,1273,0,60,38.88,2,70.15,4224.7,0.0,0,2332.8,3,0,0,0,0,0,0,0,0,0,0,0,1,0,1,1,0,0,0,1,1,1,1,0,0,1,1,0,1,1,0,0
50,3,38.627951,-121.593287,19050,6,50,49.18,76,80.05,4042.2,0.0,0,2459.0,3,0,0,0,1,1,1,0,1,0,0,0,1,1,1,1,0,0,1,1,1,1,0,1,1,1,1,0,1,0,0,0
57,0,38.392559,-121.225093,5889,2,72,0.0,15,49.2,3580.95,0.0,0,0.0,3,0,0,0,1,0,1,1,0,0,0,0,0,0,1,1,0,0,1,1,1,0,0,1,1,1,0,1,1,0,0,0
28,0,38.578604,-122.024579,8406,9,60,31.29,0,20.5,1198.8,0.0,0,1877.4,5,1,1,0,1,0,1,0,1,0,0,0,1,0,0,0,0,1,0,0,0,0,0,0,0,0,0,1,1,0,0,0
40,0,38.71967,-121.862416,38547,0,46,0.0,2,38.25,1755.35,0.0,0,0.0,3,1,0,0,0,0,0,0,1,0,0,0,0,0,1,1,0,0,1,0,1,1,0,0,0,1,0,1,0,1,0,0
60,3,39.218096,-120.79153,751,4,69,0.0,56,54.95,3772.5,0.0,0,0.0,4,0,0,0,1,1,1,1,0,0,0,0,0,0,1,0,0,0,0,1,1,0,1,1,1,1,0,1,1,1,0,0
49,3,38.748316,-120.675512,4829,2,19,32.47,0,19.9,357.7,0.0,0,616.93,5,1,0,0,1,1,1,0,0,0,1,0,1,0,0,0,0,1,0,0,0,0,0,0,0,0,1,0,0,1,0,0
28,2,39.084645,-120.894014,8525,1,71,20.49,0,19.9,1397.3,0.0,0,1454.79,3,0,1,0,1,1,1,1,0,0,0,0,1,0,0,0,0,1,0,0,0,0,0,0,0,0,0,1,0,1,0,0
62,0,39.197215,-120.83679,350,9,12,39.0,7,84.6,959.9,0.0,0,468.0,4,1,0,0,1,0,1,0,0,0,1,0,1,0,1,0,1,0,1,1,1,0,0,0,0,1,0,0,1,0,0,0
54,0,39.170376,-120.838404,407,0,44,49.57,21,85.25,3704.15,0.0,100,2181.08,5,1,0,0,0,0,0,0,1,0,0,0,1,1,1,0,0,0,0,1,1,1,1,1,1,0,1,0,1,0,0,0
51,2,38.766036,-120.209673,183,10,56,25.9,30,81.25,4620.4,0.0,0,1450.4,4,0,0,0,1,1,1,0,1,0,0,0,1,1,1,0,0,0,1,1,1,1,1,0,0,1,0,1,0,1,0,0
26,0,38.851842,-120.076204,69,4,72,24.32,76,115.5,8312.75,0.0,0,1751.04,3,0,1,0,1,0,1,1,0,0,0,0,1,1,1,0,1,0,1,1,1,1,1,1,1,1,0,1,1,0,0,0
28,0,38.733908,-120.453416,8577,0,11,10.06,48,79.0,929.3,0.0,0,110.66,3,0,1,0,0,0,0,0,0,0,1,0,1,1,1,0,1,0,1,0,0,0,0,0,0,1,0,0,1,0,0,0
31,0,39.00978,-120.978273,31,0,72,23.43,0,20.8,1521.2,0.0,0,1686.96,5,1,0,0,0,0,0,1,0,0,0,0,1,0,0,0,0,1,0,0,0,0,0,0,0,0,0,1,1,1,0,0
34,0,38.591134,-121.161585,299,9,56,35.55,17,59.5,3389.25,0.0,0,1990.8,5,1,0,0,1,0,1,0,1,0,0,0,1,1,1,1,0,0,0,1,1,0,0,0,0,1,0,1,0,1,0,0
20,0,38.784329,-121.373245,25418,10,34,35.29,47,100.45,3414.65,0.0,0,1199.86,5,0,1,0,1,0,1,0,0,1,0,0,1,1,1,0,1,0,0,0,1,0,1,1,1,1,0,0,1,0,0,0
22,0,38.684437,-121.055634,22028,0,35,42.02,0,20.6,754.0,0.0,0,1470.7,4,1,1,0,0,0,0,0,0,1,0,0,1,0,0,0,0,1,0,0,0,0,0,0,0,0,1,0,0,0,0,0
24,0,38.823278,-121.281856,15494,0,22,23.03,0,20.3,467.15,0.0,0,506.66,4,1,1,0,0,0,0,0,0,0,1,0,1,0,0,0,0,1,0,0,0,0,0,0,0,0,1,0,0,1,0,0
34,0,38.584505,-121.491956,16599,0,9,0.0,19,39.55,373.0,0.0,0,0.0,3,1,0,0,0,0,0,0,0,0,0,1,0,0,1,0,0,0,1,1,1,0,0,0,0,1,1,0,0,1,0,0
56,0,38.574856,-121.46504,16164,0,23,46.17,0,20.45,481.1,0.0,0,1061.91,5,1,0,0,0,0,0,0,0,0,1,0,1,0,0,0,0,1,0,0,0,0,0,0,0,0,1,0,0,1,0,0
47,0,38.556306,-121.495817,21313,5,68,22.83,0,25.25,1728.2,0.0,0,1552.4399999999998,3,1,0,0,1,0,1,1,0,0,0,0,1,1,0,0,0,1,0,0,0,0,0,0,0,0,0,1,0,0,0,0
55,0,38.567594,-121.437507,15975,1,33,26.8,17,91.25,2964.05,0.0,130,884.4,5,1,0,0,1,0,1,0,0,1,0,0,1,0,1,0,1,0,0,0,0,0,1,1,1,0,0,0,0,0,0,0
48,0,38.53508,-121.444144,37031,0,31,41.23,27,72.45,2156.25,0.0,0,1278.13,4,1,0,0,0,0,0,0,0,0,0,0,1,0,1,1,0,0,1,1,1,1,1,0,0,1,0,0,1,0,0,0
42,0,38.512569,-121.495184,44683,0,56,32.88,0,19.7,1051.9,0.0,0,1841.28,4,0,0,0,0,0,0,0,1,0,0,0,1,0,0,0,0,1,0,0,0,0,0,0,0,0,0,1,0,0,0,0
59,3,38.517295,-121.439819,30580,0,66,29.5,76,75.1,5013.0,0.0,0,1947.0,4,1,0,0,1,1,0,1,0,0,0,0,1,0,1,1,0,0,1,1,1,1,1,0,0,1,1,0,1,0,0,0
22,2,38.590035,-121.412455,30715,3,72,19.04,0,25.0,1738.9,0.0,0,1370.88,4,1,1,0,1,1,1,1,0,0,0,0,1,1,0,0,0,1,0,0,0,0,0,0,0,0,0,1,0,0,0,0
49,2,38.549185,-121.328386,19611,5,58,40.74,17,91.55,5511.65,0.0,0,2362.92,3,0,0,0,1,1,1,0,1,0,0,0,1,0,1,0,1,0,0,1,1,0,1,0,0,1,0,0,1,0,0,0
51,0,38.486502,-121.334051,11396,0,37,0.0,25,35.8,1316.9,0.0,100,0.0,3,1,0,0,0,0,0,0,0,0,0,0,0,0,1,1,0,0,0,0,0,0,1,0,0,0,0,1,0,1,0,0
25,0,38.490508,-121.284171,592,0,71,28.4,76,113.15,7993.3,0.0,0,2016.4,3,0,1,0,0,0,0,1,0,0,0,0,1,1,1,0,1,0,1,1,1,1,1,1,1,1,0,1,1,1,0,0
55,1,38.494832,-121.529447,42832,5,1,47.46,0,19.85,19.85,0.0,0,47.46,3,1,0,0,1,1,1,0,0,0,0,0,1,0,0,0,0,1,0,0,0,0,0,0,0,0,1,0,0,1,0,0
63,2,38.619049,-121.517552,31422,7,35,24.23,0,19.9,666.0,0.0,0,848.0500000000001,3,1,0,0,1,1,1,0,0,0,0,0,1,0,0,0,0,1,0,0,0,0,0,0,0,0,1,0,0,0,0,0
62,3,38.646209,-121.52446,8403,5,6,44.13,0,19.7,94.45,0.0,0,264.78000000000003,3,0,0,0,1,1,1,0,0,0,0,0,1,0,0,0,0,1,0,0,0,0,0,0,0,0,1,0,0,1,0,0
47,1,38.691607,-121.602284,264,5,69,14.48,19,59.1,4134.7,0.0,0,999.12,4,0,0,0,1,1,1,1,0,0,0,0,1,0,1,1,0,0,0,1,1,1,0,0,0,1,1,0,0,0,0,0
21,0,38.660442,-121.346321,20993,2,53,42.18,53,91.15,4862.5,0.0,150,2235.54,5,0,1,0,1,0,1,0,1,0,0,0,1,1,1,0,1,0,0,0,0,1,0,1,1,0,1,0,1,0,0,0
58,0,38.715498,-121.363411,36432,0,5,18.65,10,68.95,351.5,0.0,0,93.25,3,0,0,0,1,0,0,0,0,0,0,0,1,0,1,0,1,0,0,0,0,0,0,0,0,1,0,0,1,0,0,0
21,1,38.585826,-121.376263,23362,0,2,18.61,27,51.55,106.2,0.0,0,37.22,3,0,1,0,0,1,0,0,0,0,0,0,1,0,1,1,0,0,0,1,0,0,0,0,0,1,0,0,0,1,0,0
62,1,39.19514,-121.503883,38091,0,62,17.56,0,24.4,1413.0,0.0,0,1088.72,3,1,0,0,0,1,0,0,1,0,0,0,1,1,0,0,0,1,0,0,0,0,0,0,0,0,0,1,1,1,0,0
58,0,39.125311,-121.392283,5654,9,19,10.68,23,96.8,1743.05,0.0,0,202.92,5,0,0,0,1,0,1,0,0,0,1,0,1,0,1,0,1,0,0,0,1,0,1,1,1,1,0,0,1,0,0,0
42,0,39.467828,-120.841386,118,0,9,48.25,24,70.05,657.5,0.0,0,434.25,3,1,0,0,0,0,0,0,0,0,0,0,1,0,1,0,1,0,0,0,0,0,0,0,0,1,0,0,0,1,0,0
29,0,38.982373,-122.047751,4796,0,53,24.17,0,19.5,1050.5,0.0,0,1281.01,5,1,1,0,0,0,0,0,1,0,0,0,1,0,0,0,0,1,0,0,0,0,0,0,0,0,0,1,0,1,0,0
32,0,39.396585,-121.38029,626,0,5,32.91,24,78.75,426.35,0.0,10,164.54999999999998,5,1,0,0,0,0,0,0,0,0,0,0,1,0,1,0,1,0,0,0,0,0,0,1,1,0,0,0,0,1,0,0
44,0,39.457388,-121.818201,3169,0,1,10.2,0,19.55,19.55,0.0,0,10.2,5,0,0,0,0,0,0,0,0,0,0,0,1,0,0,0,0,1,0,0,0,0,0,0,0,0,0,0,1,1,0,0
64,0,39.440687,-121.263583,1237,0,72,10.87,16,103.65,7634.8,0.0,0,782.64,5,1,0,0,0,0,0,1,0,0,0,0,1,1,1,0,1,0,0,1,1,0,1,1,1,1,0,1,1,0,0,0
36,0,39.449794,-121.936372,303,2,4,6.77,3,54.7,235.05,0.0,0,27.08,4,0,0,0,1,0,1,0,0,0,0,0,1,0,1,0,0,0,1,1,0,0,0,0,0,1,0,0,0,1,0,0
35,0,39.432127,-121.099287,632,0,59,49.48,9,54.15,3116.15,0.0,0,2919.32,3,1,0,0,0,0,0,0,1,0,0,0,1,1,1,0,0,0,0,0,1,0,0,0,0,1,0,1,0,1,0,0
51,0,39.745712,-121.84333,35808,3,3,31.06,0,20.0,49.65,0.0,0,93.18,3,1,0,0,1,0,1,0,0,0,0,0,1,0,0,0,0,1,0,0,0,0,0,0,0,0,0,0,0,0,0,0
23,0,39.562239,-121.14836,282,4,49,33.93,27,99.25,4920.8,0.0,0,1662.57,3,1,1,0,1,0,1,0,1,0,0,0,1,0,1,0,1,0,0,0,1,1,1,1,1,1,1,0,1,1,0,0
42,0,39.273096,-122.050763,7503,0,2,44.34,0,19.35,46.35,0.0,0,88.68,3,1,0,0,0,0,0,0,0,0,0,0,1,0,0,0,0,1,0,0,0,0,0,0,0,0,0,0,0,1,0,0
59,0,39.381174,-121.21191,614,6,55,24.93,17,94.75,5276.1,0.0,0,1371.15,4,0,0,0,1,0,1,0,1,0,0,0,1,0,1,0,1,0,1,0,0,0,1,1,1,1,1,0,1,0,0,0
56,1,39.578792,-120.780786,404,4,72,5.81,29,114.05,8289.2,0.0,0,418.32,4,1,0,0,1,1,1,1,0,0,0,0,1,1,1,0,1,0,1,1,1,1,1,1,1,1,0,1,1,1,0,0
46,1,39.607831,-121.777959,3524,6,10,19.05,0,19.8,196.75,0.0,0,190.5,3,0,0,0,1,1,1,0,0,0,1,0,1,0,0,0,0,1,0,0,0,0,0,0,0,0,0,0,1,0,0,0
40,2,39.531028,-121.24807,452,5,72,9.72,15,80.85,5824.75,0.0,10,699.84,4,0,0,0,1,1,1,1,0,0,0,0,1,1,1,0,0,0,1,1,1,1,0,1,1,0,0,1,0,0,0,0
55,0,40.077028,-121.494168,1351,0,28,25.59,7,54.65,1517.5,0.0,0,716.52,5,0,0,0,0,0,0,0,0,0,0,0,1,0,1,0,0,0,0,1,0,1,0,0,0,1,0,0,0,0,0,0
36,0,39.597975,-122.032248,1454,3,38,12.71,9,91.7,3479.05,0.0,0,482.98,3,1,0,0,1,0,1,0,0,0,0,0,1,1,1,0,1,0,1,0,0,0,1,0,0,1,0,0,0,0,0,0
25,0,39.564113,-120.868836,76,0,61,38.78,42,118.6,7365.7,0.0,0,2365.58,3,0,1,0,0,0,0,0,1,0,0,0,1,1,1,0,1,0,1,1,1,1,1,1,1,1,1,0,1,0,0,0
34,1,39.194539,-120.988066,23990,6,52,29.55,0,24.55,1331.05,0.0,0,1536.6,3,1,0,0,1,1,1,0,1,0,0,0,1,1,0,0,0,1,0,0,0,0,0,0,0,0,0,1,0,1,0,0
45,0,39.203817,-121.19584,9752,0,67,9.05,0,19.45,1195.95,0.0,0,606.35,4,1,0,0,0,0,0,1,0,0,0,0,1,0,0,0,0,1,0,0,0,0,0,0,0,0,1,0,1,1,0,0
26,3,40.160386,-120.835428,2064,0,34,27.47,51,116.15,3946.9,0.0,0,933.98,4,0,1,0,0,1,0,0,0,0,0,0,1,1,1,0,1,0,1,1,1,1,1,1,1,1,0,1,1,1,0,0
46,0,39.346898,-121.759537,9763,0,54,36.68,28,80.6,4299.95,0.0,140,1980.72,4,0,0,0,0,0,0,0,0,0,0,0,1,0,1,1,0,0,1,0,1,1,1,1,1,0,0,1,0,0,0,0
60,0,39.099204,-121.137962,17922,7,1,6.64,0,20.3,20.3,0.0,0,6.64,5,0,0,0,1,0,1,0,0,0,0,0,1,0,0,0,0,1,0,0,0,0,0,0,0,0,0,0,1,0,0,0
26,2,39.933852,-121.584371,11168,0,46,17.51,85,99.8,4391.25,0.0,0,805.46,5,0,1,0,0,1,0,0,0,0,0,0,1,0,1,0,1,0,0,1,1,0,1,1,1,1,0,0,1,0,0,0
27,2,39.068071,-121.832638,776,7,55,33.5,51,75.0,4213.9,0.0,0,1842.5,3,0,1,0,1,1,1,0,0,0,0,0,1,1,1,1,0,0,1,1,0,1,1,0,0,1,1,0,1,1,0,0
21,0,39.333737,-120.858667,17269,0,1,1.5,0,19.9,19.9,0.0,0,1.5,5,0,1,0,0,0,0,0,0,0,0,0,1,0,0,0,0,1,0,0,0,0,0,0,0,0,0,0,0,1,0,0
29,0,39.342587,-121.249833,1519,1,58,31.27,59,84.3,4916.4,0.0,0,1813.66,4,0,1,0,1,0,1,0,0,0,0,0,1,1,1,1,0,0,1,0,1,1,1,1,1,1,0,1,1,0,0,0
20,0,39.748037,-122.302169,13706,10,56,0.0,30,54.05,2959.8,0.0,40,0.0,4,1,1,0,1,0,1,0,0,0,0,0,0,0,1,1,0,0,0,0,1,1,1,1,1,0,1,0,1,0,0,0
43,3,39.624561,-121.552866,17782,5,72,6.95,57,104.9,7559.55,0.0,0,500.4,4,1,0,0,1,1,1,1,0,0,0,0,1,0,1,0,1,0,1,0,1,1,1,1,1,1,0,1,1,1,0,0
35,0,39.69676,-121.644379,28318,0,22,11.46,16,83.05,1799.3,0.0,0,252.12,4,1,0,0,0,0,0,0,0,0,1,0,1,1,1,0,1,0,0,0,0,0,0,1,1,1,0,0,0,0,0,0
35,0,39.903272,-121.843567,26971,0,39,0.0,8,41.1,1597.05,0.0,0,0.0,3,0,0,0,0,0,0,0,0,0,0,0,0,0,1,1,0,0,0,1,1,1,0,0,0,1,0,0,0,0,0,0
47,0,39.495768,-121.747472,74,0,12,36.11,13,45.0,524.35,0.0,0,433.32,3,0,0,0,0,0,0,0,0,0,0,0,1,0,1,1,0,0,0,0,0,0,0,0,0,1,0,0,1,0,0,0
48,0,39.225634,-121.156163,1601,8,54,14.18,25,74.55,4191.45,0.0,0,765.72,4,1,0,0,1,0,1,0,0,0,0,0,1,0,1,1,0,0,1,1,0,0,1,1,1,1,0,1,1,0,0,0
28,0,39.176595,-121.291692,963,0,18,0.0,48,40.2,711.95,0.0,90,0.0,4,0,1,0,0,0,0,0,0,0,0,0,0,0,1,1,0,0,1,1,0,1,0,0,0,0,1,0,1,1,0,0
47,0,39.904002,-121.527823,28,7,32,44.45,6,70.5,2201.75,0.0,0,1422.4,4,1,0,0,1,0,1,0,0,0,0,0,1,0,1,1,0,0,1,1,0,1,0,1,1,1,1,0,0,1,0,0
40,0,39.288127,-122.415841,844,0,41,37.46,0,19.75,806.95,0.0,0,1535.86,3,0,0,0,0,0,0,0,0,0,0,0,1,0,0,0,0,1,0,0,0,0,0,0,0,0,1,0,1,1,0,0
60,2,39.58458,-121.093256,101,6,67,14.41,0,24.65,1620.45,0.0,0,965.47,5,1,0,0,1,1,1,0,0,0,0,0,1,1,0,0,0,1,0,0,0,0,0,0,0,0,0,1,0,0,0,0
48,0,39.172777,-121.805845,3193,4,65,41.2,10,104.25,6812.95,0.0,0,2678.0,3,1,0,0,1,0,1,0,0,0,0,0,1,1,1,0,1,0,1,0,1,0,1,1,1,1,0,0,1,0,0,0
19,0,40.053684,-120.743116,513,0,25,28.05,85,78.35,1837.9,0.0,0,701.25,4,0,1,0,0,0,0,0,0,0,0,0,1,1,1,0,0,0,1,1,1,1,1,0,0,1,0,0,1,0,0,0
50,0,39.34128,-120.786867,145,6,67,17.72,23,109.7,7344.45,0.0,0,1187.24,4,0,0,0,1,0,1,0,0,0,0,0,1,1,1,0,1,0,0,1,1,1,1,1,1,1,1,0,1,1,0,0
37,0,39.02741,-121.614982,34967,0,24,35.56,3,94.6,2283.15,0.0,0,853.44,3,0,0,0,0,0,0,0,0,0,0,0,1,0,1,0,1,0,1,0,0,0,1,1,1,1,0,0,1,0,0,0
29,1,40.587919,-122.464732,31586,2,69,23.55,0,20.2,1376.5,0.0,0,1624.95,3,1,1,0,1,1,1,0,0,0,0,0,1,0,0,0,0,1,0,0,0,0,0,0,0,0,0,1,0,0,0,0
28,3,40.527834,-122.318749,30338,0,37,10.23,0,20.3,755.4,0.0,0,378.51,3,0,1,0,0,1,0,0,0,0,0,0,1,0,0,0,0,1,0,0,0,0,0,0,0,0,1,0,0,0,0,0
33,1,40.677649,-122.29467,41476,4,20,0.0,22,39.4,825.4,0.0,0,0.0,3,1,0,0,1,1,1,0,0,0,0,0,0,0,1,0,0,0,1,0,1,1,0,0,0,1,0,1,1,1,0,0
54,0,41.171578,-120.913161,615,0,7,21.12,7,69.15,488.65,0.0,0,147.84,3,1,0,0,0,0,0,0,0,0,0,0,1,0,1,0,1,0,0,0,0,0,0,0,0,1,0,0,0,0,0,0
50,0,41.083464,-121.107929,595,0,41,0.0,8,51.35,2075.1,0.0,80,0.0,5,1,0,0,0,0,0,0,0,0,0,0,0,0,1,0,0,0,0,0,1,0,1,1,1,0,1,0,1,0,0,0
36,0,40.775272,-123.287414,269,0,54,34.27,20,100.05,5299.65,0.0,0,1850.58,4,0,0,0,0,0,0,0,0,0,0,0,1,0,1,0,1,0,1,1,0,0,1,1,1,1,1,0,1,1,0,0
59,0,41.388397,-122.794636,290,0,53,33.88,6,94.45,5042.75,0.0,0,1795.64,4,0,0,0,0,0,0,0,0,0,0,0,1,0,1,0,1,0,0,1,1,1,0,1,1,1,1,0,1,1,0,0
25,2,41.486953,-120.913975,417,2,18,0.0,59,46.4,812.4,0.0,0,0.0,5,1,1,0,1,1,1,0,0,0,0,0,0,0,1,1,0,0,0,1,1,0,1,0,0,1,1,0,0,1,0,0
61,0,40.936285,-121.572692,344,1,64,4.76,8,104.05,6605.55,0.0,0,304.64,4,1,0,0,1,0,1,0,0,0,0,0,1,0,1,0,1,0,1,1,0,1,1,1,1,1,0,1,1,1,0,0
41,0,40.692523,-122.369876,6277,0,20,0.0,21,24.9,505.95,0.0,0,0.0,5,0,0,0,0,0,0,0,0,0,0,0,0,0,1,1,0,0,0,0,0,0,0,0,0,1,0,0,0,1,0,0
37,3,40.243494,-121.154733,2664,7,57,14.55,58,59.6,3509.4,0.0,70,829.35,3,1,0,0,1,1,1,0,0,0,0,0,1,0,1,1,0,0,1,1,0,1,0,0,0,0,1,0,0,1,0,0
58,3,40.336392,-122.448533,12348,0,13,0.0,57,40.55,590.35,0.0,0,0.0,3,1,0,0,1,1,0,0,0,0,0,0,0,0,1,1,0,0,1,1,0,1,0,0,0,1,0,1,0,1,0,0
60,2,41.212695,-122.392067,2602,8,57,29.64,0,20.75,1123.15,0.0,0,1689.48,3,1,0,0,1,1,1,0,0,0,0,0,1,0,0,0,0,1,0,0,0,0,0,0,0,0,0,1,0,1,0,0
50,0,41.405193,-123.008567,2156,8,71,27.16,3,113.15,7953.25,0.0,0,1928.36,3,1,0,0,1,0,1,0,0,0,0,0,1,1,1,0,1,0,0,1,1,1,1,1,1,1,1,0,1,0,0,0
56,2,41.017282,-121.468945,1902,1,7,9.1,28,48.8,349.8,0.0,0,63.7,4,0,0,0,1,1,1,0,0,0,0,1,1,1,1,1,0,0,0,0,0,0,0,0,0,1,0,0,0,0,0,0
56,0,39.84784,-122.544556,84,0,16,42.73,23,63.05,1067.05,0.0,10,683.68,3,0,0,0,0,0,0,0,0,0,0,0,1,1,1,1,0,0,0,0,0,0,0,1,1,0,0,0,1,0,0,0
21,0,41.232128,-123.194748,170,8,34,33.55,41,100.85,3527.3,0.0,0,1140.6999999999998,5,1,1,0,1,0,1,0,0,0,0,0,1,1,1,0,1,0,0,0,1,0,1,1,1,1,0,0,0,0,0,0
58,0,40.740138,-122.587476,373,0,16,34.18,8,80.55,1248.9,0.0,0,546.88,4,1,0,0,0,0,0,0,0,0,0,0,1,1,1,0,1,0,0,1,0,0,0,0,0,1,0,0,1,1,0,0
39,3,41.411315,-122.697236,392,0,48,26.24,53,64.4,3035.35,0.0,0,1259.52,4,1,0,0,0,1,0,0,0,0,0,0,1,1,1,0,0,0,1,1,1,0,0,0,0,1,1,0,1,0,0,0
54,2,40.03194,-122.176023,3357,9,58,35.35,29,75.2,4300.8,0.0,0,2050.3,4,1,0,0,1,1,1,0,0,0,0,0,1,0,1,1,0,0,0,1,0,1,1,1,1,1,1,0,1,1,0,0
36,0,41.528541,-122.955018,295,7,72,1.34,19,84.9,6065.3,0.0,0,96.48,4,0,0,0,1,0,1,0,0,0,0,0,1,1,1,1,0,0,1,0,1,1,1,1,1,1,0,1,1,0,0,0
51,0,41.599978,-122.539381,616,0,7,7.32,0,19.3,144.95,0.0,0,51.24,5,0,0,0,0,0,0,0,0,0,0,0,1,0,0,0,0,1,0,0,0,0,0,0,0,0,0,0,0,1,0,0
52,0,41.962127,-122.527696,1026,0,30,4.22,13,74.65,2308.6,0.0,50,126.6,3,0,0,0,0,0,0,0,0,0,0,0,1,0,1,1,0,0,1,1,1,1,1,0,0,0,1,0,0,1,0,0
33,0,40.648024,-123.465088,268,0,31,28.72,21,59.05,1882.8,0.0,0,890.3199999999999,5,1,0,0,1,0,0,0,0,0,0,0,1,1,1,0,0,0,0,0,0,0,1,0,0,1,0,0,1,1,0,0
32,0,40.913192,-123.06597,734,4,50,46.91,0,20.55,1067.65,0.0,0,2345.5,3,1,0,0,1,0,1,0,0,0,0,0,1,0,0,0,0,1,0,0,0,0,0,0,0,0,0,1,0,1,0,0
31,0,41.816595,-122.948287,482,10,28,21.91,5,76.55,2065.4,0.0,0,613.48,3,1,0,0,1,0,1,0,0,0,0,0,1,0,1,0,1,0,0,0,0,1,0,0,0,1,0,0,0,0,0,0
52,0,40.883853,-122.418258,1236,0,66,0.0,15,62.5,4136.4,0.0,0,0.0,4,0,0,0,0,0,0,0,0,0,0,0,0,0,1,1,0,0,1,1,1,1,1,1,1,1,0,1,1,0,0,0
25,3,41.280478,-121.160249,386,2,41,43.19,59,94.9,3848.0,0.0,0,1770.79,3,0,1,0,1,1,1,0,0,0,0,0,1,0,1,0,1,0,0,0,1,0,1,1,1,1,0,0,1,0,0,0
29,0,41.10831,-121.360362,1554,0,7,16.2,0,19.9,173.15,0.0,0,113.4,3,0,1,0,0,0,0,0,0,0,0,1,1,0,0,0,0,1,0,0,0,0,0,0,0,0,1,0,0,1,0,0
26,2,41.251322,-122.105209,1586,6,38,2.86,0,20.45,781.25,0.0,0,108.68,4,0,1,0,1,1,1,0,0,0,0,0,1,0,0,0,0,1,0,0,0,0,0,0,0,0,0,0,0,1,0,0
25,0,41.769709,-121.92063,816,0,44,38.33,41,106.05,4510.8,0.0,0,1686.52,3,1,1,0,0,0,0,0,0,0,0,0,1,0,1,0,1,0,1,1,1,0,1,1,1,1,1,0,1,0,0,0
58,1,40.426679,-121.850421,598,7,47,9.19,19,113.45,5317.8,0.0,0,431.93,3,1,0,0,1,1,1,0,0,0,0,0,1,1,1,0,1,0,1,1,1,1,1,1,1,1,1,0,1,0,0,0
25,2,40.331975,-121.460674,78,5,53,24.33,52,92.55,4779.45,0.0,0,1289.49,3,1,1,0,1,1,1,0,0,0,0,0,1,0,1,0,1,0,0,1,0,1,1,0,0,1,0,0,1,0,0,0
49,0,40.531257,-122.148139,830,7,4,10.13,3,65.6,250.1,0.0,0,40.52,4,1,0,0,1,0,1,0,0,0,0,1,1,1,1,1,0,0,0,0,1,0,1,0,0,1,0,0,0,0,0,0
25,0,41.082472,-121.195215,240,0,24,38.68,73,49.7,1167.8,0.0,0,928.32,5,1,1,0,0,0,0,0,0,0,0,0,1,0,1,1,0,0,0,0,1,0,0,0,0,1,0,0,1,1,0,0
59,2,40.689243,-122.037023,829,8,15,0.0,16,30.2,469.65,0.0,0,0.0,4,1,0,0,1,1,1,0,0,0,0,0,0,0,1,0,0,0,1,0,0,0,0,0,0,1,0,0,1,0,0,0
45,0,40.367964,-122.937379,215,0,24,30.18,4,56.35,1381.2,0.0,0,724.3199999999999,4,0,0,0,0,0,0,0,0,0,0,0,1,0,1,1,0,0,1,0,0,1,0,0,0,1,0,0,0,1,0,0
39,0,40.923558,-122.059933,459,0,33,49.69,12,107.55,3645.5,0.0,0,1639.77,3,0,0,0,0,0,0,0,0,0,0,0,1,1,1,0,1,0,0,1,1,0,1,1,1,1,0,0,0,0,0,0
48,3,41.737962,-123.07557,88,9,58,11.81,0,19.85,1158.85,0.0,0,684.98,4,0,0,0,1,1,1,0,1,0,0,0,1,0,0,0,0,1,0,0,0,0,0,0,0,0,0,1,1,1,0,0
26,3,41.924174,-123.260788,332,9,72,11.85,59,95.9,6954.15,0.0,0,853.1999999999999,3,0,1,0,1,1,1,0,0,0,0,0,1,1,1,0,1,0,1,1,0,0,1,0,0,1,0,1,1,0,0,0
55,0,40.617614,-122.512861,528,4,71,21.19,0,23.85,1672.1,0.0,0,1504.49,5,0,0,0,1,0,1,0,0,0,0,0,1,1,0,0,0,1,0,0,0,0,0,0,0,0,0,1,0,1,0,0
20,0,40.021787,-122.127576,405,5,51,6.89,41,83.85,4307.1,0.0,0,351.39,3,1,1,0,1,0,1,0,1,0,0,0,1,0,1,0,0,0,1,1,1,1,1,1,1,1,0,1,1,1,0,0
24,3,41.465121,-122.380947,5896,0,14,36.73,52,76.1,1054.8,0.0,0,514.2199999999999,3,1,1,0,0,1,0,0,0,0,0,0,1,0,1,0,0,0,1,1,1,1,0,1,1,1,0,1,0,0,0,0
61,3,40.637105,-121.906949,843,9,72,21.84,30,74.55,5430.65,0.0,0,1572.48,3,0,0,0,1,1,1,0,0,0,0,0,1,1,1,1,0,0,1,1,0,1,1,0,0,1,0,1,0,1,0,0
53,1,41.764869,-122.671316,9538,4,22,0.0,19,39.2,849.9,0.0,50,0.0,4,0,0,0,1,1,1,0,0,0,0,0,0,0,1,1,0,0,0,1,0,0,1,0,0,0,0,0,0,0,0,0
45,0,41.468877,-120.54229,5096,0,2,25.56,6,79.55,151.75,0.0,0,51.12,4,0,0,0,0,0,0,0,0,0,0,1,1,1,1,0,1,0,0,1,0,0,0,0,0,1,0,0,0,0,0,0
48,0,39.783747,-120.661032,1839,0,15,39.87,0,19.6,299.4,0.0,0,598.05,5,0,0,0,0,0,0,0,0,0,0,0,1,0,0,0,0,1,0,0,0,0,0,0,0,0,0,0,0,1,0,0
40,1,41.505916,-120.152505,857,1,51,28.96,0,19.55,1086.75,0.0,0,1476.96,4,1,0,0,1,1,1,0,1,0,0,0,1,0,0,0,0,1,0,0,0,0,0,0,0,0,0,1,0,1,0,0
47,0,39.872961,-120.198876,650,1,70,0.0,18,39.15,2692.75,0.0,0,0.0,3,1,0,0,1,0,1,0,0,0,0,0,0,0,1,1,0,0,1,0,1,1,0,0,0,1,0,1,1,1,0,0
45,2,39.745805,-120.580882,88,1,71,31.03,0,20.1,1389.6,0.0,0,2203.13,3,0,0,0,1,1,1,0,0,0,0,0,1,0,0,0,0,1,0,0,0,0,0,0,0,0,0,1,0,0,0,0
35,3,38.42528,-119.475741,1332,1,39,24.38,53,99.95,3767.4,0.0,0,950.82,3,0,0,0,1,1,1,0,0,0,0,0,1,1,1,0,1,0,0,0,0,1,1,1,1,1,0,0,1,1,0,0
27,1,41.750354,-120.403885,104,1,61,26.7,30,59.8,3641.5,0.0,100,1628.7,3,0,1,0,1,1,1,0,1,0,0,0,1,1,1,1,0,0,1,1,0,0,0,0,0,0,0,0,0,0,0,0
33,0,40.012675,-120.101857,1177,0,52,38.93,8,49.75,2535.55,0.0,0,2024.36,3,0,0,0,0,0,0,0,1,0,0,0,1,0,1,1,0,0,1,0,0,0,0,0,0,1,0,0,1,0,0,0
27,0,41.932207,-120.135941,231,1,64,4.01,71,108.5,6880.85,0.0,0,256.64,3,1,1,0,1,0,1,0,1,0,0,0,1,1,1,0,1,0,1,0,1,1,1,1,1,1,1,0,1,1,0,0
47,0,40.198234,-120.18089,946,1,62,33.7,15,60.15,3753.2,0.0,0,2089.4,5,1,0,0,1,0,1,0,1,0,0,0,1,0,1,0,0,0,0,1,1,1,0,0,0,1,0,1,1,1,0,0
64,0,40.294034,-120.512622,3093,1,30,11.38,0,19.05,637.55,0.0,0,341.40000000000003,4,1,0,0,1,0,1,0,0,0,0,0,1,0,0,0,0,1,0,0,0,0,0,0,0,0,0,1,0,1,0,0
27,0,40.507272,-120.338228,385,0,1,23.04,82,44.55,44.55,0.0,0,23.04,5,0,1,0,0,0,0,0,0,0,0,1,1,0,1,0,0,0,0,0,0,0,0,0,0,1,0,0,1,1,0,0
59,0,39.637471,-120.226338,1822,1,15,18.6,13,103.45,1539.8,0.0,140,279.0,5,1,0,0,1,0,1,0,0,0,0,0,1,1,1,0,1,0,0,0,1,1,1,1,1,0,0,0,1,0,0,0
47,3,41.042003,-120.506086,85,1,27,15.71,53,80.65,2209.75,0.0,0,424.17,3,1,0,0,1,1,1,0,0,0,0,0,1,0,1,0,1,0,1,1,0,0,0,0,0,1,1,0,1,1,0,0
31,3,38.735789,-119.85798,957,0,4,0.0,52,57.2,223.75,0.0,0,0.0,3,0,0,0,0,1,0,0,0,0,0,1,0,0,1,0,0,0,1,1,1,0,1,1,1,1,0,0,1,1,0,0
48,0,40.181279,-120.392967,481,1,72,39.74,5,110.75,7751.7,0.0,0,2861.28,4,0,0,0,1,0,1,0,0,0,0,0,1,1,1,0,1,0,1,1,1,0,1,1,1,1,0,1,1,0,0,0
33,0,39.672813,-120.456699,322,0,36,44.87,8,76.35,2606.35,0.0,0,1615.32,5,0,0,0,0,0,0,0,0,0,0,0,1,0,1,0,0,0,1,1,1,1,1,0,0,1,1,0,1,1,0,0
24,0,39.559709,-120.345639,227,0,1,49.51,0,18.9,18.9,0.0,0,49.51,4,1,1,0,0,0,0,0,0,0,0,1,1,0,0,0,0,1,0,0,0,0,0,0,0,0,0,0,0,1,0,0
33,0,38.636052,-119.489162,116,0,71,3.09,26,84.4,5969.3,0.0,0,219.39,5,0,0,0,1,0,0,0,0,0,0,0,1,0,1,1,0,0,1,1,1,1,1,1,1,1,0,1,1,1,0,0
27,1,41.813521,-121.492666,2595,4,10,4.16,0,24.4,253.9,0.0,0,41.6,5,1,1,0,1,1,1,0,0,0,0,0,1,1,0,0,0,1,0,0,0,0,0,0,0,0,0,0,1,1,0,0
55,1,40.345949,-120.081187,162,4,20,3.87,0,20.05,400.0,0.0,0,77.4,4,1,0,0,1,1,1,0,0,0,0,0,1,0,0,0,0,1,0,0,0,0,0,0,0,0,0,1,0,1,0,0
57,0,39.117018,-120.212535,858,0,4,38.96,10,55.5,227.35,0.0,0,155.84,4,0,0,0,0,0,0,0,0,0,0,1,1,0,1,1,0,0,0,0,0,0,1,0,0,1,0,0,0,1,0,0
49,0,39.191797,-120.212401,942,0,2,22.56,15,100.2,198.5,0.0,10,45.12,3,1,0,0,0,0,0,0,0,0,0,1,1,0,1,0,1,0,1,1,0,0,1,1,1,0,0,0,0,0,0,0
30,0,39.24124,-120.054765,678,0,29,15.06,0,19.4,554.25,0.0,0,436.74,3,0,0,0,0,0,0,0,0,0,0,0,1,0,0,0,0,1,0,0,0,0,0,0,0,0,0,1,0,1,0,0
56,0,33.949255,-118.246978,44586,0,13,46.92,0,20.4,251.65,0.0,0,609.96,5,1,0,0,0,0,0,0,0,0,0,0,1,0,0,0,0,1,0,0,0,0,0,0,0,0,0,0,1,0,0,0
60,0,33.964131,-118.272783,58198,4,59,16.39,14,94.75,5597.65,0.0,0,967.01,3,0,0,0,1,0,1,0,1,0,0,0,1,1,1,0,1,0,1,1,0,0,1,0,0,1,0,0,1,0,0,0
41,0,34.048013,-118.293953,62784,10,18,45.92,17,44.35,768.05,0.0,0,826.5600000000001,3,1,0,0,1,0,1,0,0,0,1,0,1,0,1,1,0,0,0,0,0,0,0,0,0,1,0,0,1,0,0,0
22,2,34.027337,-118.28515,45025,8,17,44.9,47,74.55,1215.8,0.0,0,763.3,3,0,1,0,1,1,1,0,0,0,1,0,1,0,1,1,0,0,1,1,0,0,1,1,1,1,0,0,0,1,0,0
55,0,34.008293,-118.346766,30852,10,47,14.14,28,73.6,3522.65,0.0,0,664.58,4,1,0,0,1,0,1,0,1,0,0,0,1,0,1,1,0,0,0,1,1,0,1,1,1,1,0,1,0,0,0,0
51,2,34.065875,-118.238728,30596,10,19,9.47,13,50.1,910.45,0.0,120,179.93,5,1,0,0,1,1,1,0,0,0,1,0,1,1,1,1,0,0,0,0,0,0,0,0,0,0,0,0,0,1,0,0
27,0,34.039224,-118.266293,15140,8,2,36.05,0,19.85,52.0,0.0,0,72.1,5,0,1,0,1,0,1,0,0,0,0,1,1,0,0,0,0,1,0,0,0,0,0,0,0,0,0,0,0,0,0,0
23,0,34.028331,-118.354338,46984,0,7,0.0,48,24.35,150.85,0.0,0,0.0,4,1,1,0,0,0,0,0,0,0,0,1,0,0,1,0,0,0,0,0,0,0,0,0,0,1,1,0,1,1,0,0
49,0,34.052842,-118.264495,20692,0,18,10.67,0,19.55,389.25,0.0,0,192.06,4,0,0,0,0,0,0,0,0,0,1,0,1,0,0,0,0,1,0,0,0,0,0,0,0,0,0,0,1,1,0,0
46,0,34.028735,-118.317236,47143,0,71,44.84,0,25.05,1873.7,0.0,0,3183.6400000000003,5,0,0,0,1,0,0,0,0,0,0,0,1,1,0,0,0,1,0,0,0,0,0,0,0,0,0,1,0,1,0,0
38,0,34.029043,-118.239504,3012,8,72,16.5,22,103.75,7346.2,0.0,130,1188.0,4,1,0,0,1,0,1,0,0,0,0,0,1,1,1,0,1,0,0,1,1,0,1,1,1,0,0,1,1,0,0,0
35,3,34.02381,-118.156582,68701,4,66,0.0,25,56.75,3708.4,0.0,0,0.0,3,1,0,0,1,1,1,0,0,0,0,0,0,0,1,0,0,0,0,1,1,0,1,1,1,1,0,1,1,1,0,0
19,2,34.017697,-118.200577,47487,6,24,25.84,0,20.8,469.65,0.0,0,620.16,5,1,1,0,1,1,1,0,0,1,0,0,1,0,0,0,0,1,0,0,0,0,0,0,0,0,1,0,1,1,0,0
20,2,34.046174,-118.446333,41175,2,56,31.53,0,24.45,1385.85,0.0,0,1765.68,3,0,1,0,1,1,1,0,1,0,0,0,1,1,0,0,0,1,0,0,0,0,0,0,0,0,0,1,1,1,0,0
27,0,34.085807,-118.206617,38415,0,42,22.08,26,59.65,2536.55,0.0,0,927.36,3,0,1,0,0,0,0,0,1,0,0,0,1,0,1,0,0,0,1,1,1,0,0,0,0,1,0,0,0,0,0,0
28,3,34.078821,-118.177576,46960,3,72,24.48,69,83.3,6042.7,0.0,80,1762.56,3,0,1,0,1,1,1,0,0,0,0,0,1,1,1,0,0,0,1,0,1,1,1,1,1,0,0,1,1,0,0,0
47,0,34.050198,-118.210946,49431,0,12,21.93,16,79.55,958.25,0.0,0,263.16,3,0,0,0,0,0,0,0,0,0,1,0,1,1,1,0,1,0,0,0,0,1,0,0,0,1,0,0,1,1,0,0
24,0,34.030578,-118.399613,58218,2,71,33.61,0,24.45,1730.65,0.0,0,2386.31,3,1,1,0,1,0,1,0,0,0,0,0,1,1,0,0,0,1,0,0,0,0,0,0,0,0,0,1,0,0,0,0
42,0,34.051809,-118.383843,27799,10,26,1.75,0,19.2,459.6,0.0,0,45.5,3,0,0,0,1,0,1,0,0,1,0,0,1,0,0,0,0,1,0,0,0,0,0,0,0,0,1,0,0,1,0,0
33,2,34.070291,-118.349191,32901,0,7,0.0,19,29.8,201.95,0.0,0,0.0,3,0,0,0,0,1,0,0,0,0,0,0,0,0,1,0,0,0,1,0,0,0,0,0,0,1,0,0,0,1,0,0
41,1,34.002642,-118.287596,56709,1,6,29.41,29,45.5,285.2,0.0,0,176.46,4,0,0,0,1,1,1,0,0,0,0,0,1,0,1,1,0,0,0,0,0,0,0,0,0,1,0,0,0,1,0,0
61,0,34.110845,-118.259595,29310,9,51,0.0,6,30.05,1529.45,0.0,0,0.0,4,1,0,0,1,0,1,0,0,0,0,0,0,0,1,1,0,0,0,1,0,0,0,0,0,1,0,0,1,1,0,0
32,1,33.994524,-118.149953,9805,1,72,0.0,16,65.65,4664.5,0.0,60,0.0,3,1,0,0,1,1,1,0,0,0,0,0,0,0,1,1,0,0,1,1,1,1,1,1,1,0,0,1,1,0,0,0
56,0,33.988543,-118.334081,44764,0,47,45.67,3,74.05,3496.3,0.0,0,2146.49,4,0,0,0,0,0,0,0,0,0,0,0,1,1,1,1,0,0,1,1,0,1,0,1,1,1,0,1,0,1,0,0
44,2,34.108455,-118.362081,49839,10,16,7.14,0,19.7,301.55,0.0,0,114.24,3,0,0,0,1,1,1,0,0,0,1,0,1,0,0,0,0,1,0,0,0,0,0,0,0,0,0,1,0,1,0,0
60,0,33.958149,-118.308441,47107,0,6,26.76,22,49.5,312.7,0.0,0,160.56,5,1,0,0,0,0,0,0,0,0,0,0,1,0,1,1,0,0,0,0,0,1,0,0,0,1,0,0,1,1,0,0
19,1,34.091829,-118.491244,33523,7,69,0.0,59,43.95,2960.1,0.0,0,0.0,3,0,1,0,1,1,1,0,0,0,0,0,0,0,1,1,0,0,1,0,1,0,0,1,1,1,0,1,1,1,0,0
41,0,34.061918,-118.277939,44004,4,64,8.6,21,111.15,6953.4,0.0,0,550.4,4,0,0,0,1,0,1,0,0,0,0,0,1,1,1,0,1,0,0,1,1,1,1,1,1,1,0,0,1,0,0,0
33,0,33.92128,-118.274186,24511,0,25,13.36,0,20.6,541.5,0.0,0,334.0,3,1,0,0,0,0,0,0,0,1,0,0,1,0,0,0,0,1,0,0,0,0,0,0,0,0,0,0,0,1,0,0
43,0,34.003553,-118.308933,29299,0,6,29.09,0,19.65,116.85,0.0,0,174.54,5,0,0,0,0,0,0,0,0,0,0,0,1,0,0,0,0,1,0,0,0,0,0,0,0,0,0,1,0,1,0,0
28,0,34.044271,-118.185237,55668,9,66,43.77,41,115.8,7942.15,0.0,0,2888.82,3,1,1,0,1,0,1,0,0,0,0,0,1,1,1,0,1,0,1,1,1,1,1,1,1,1,1,0,0,0,0,0
60,0,34.037251,-118.423573,24505,0,61,19.58,22,88.65,5321.25,0.0,0,1194.38,4,0,0,0,0,0,0,0,0,0,0,0,1,1,1,1,0,0,0,1,1,1,1,1,1,1,0,1,0,1,0,0
25,0,34.002028,-118.430656,55204,0,12,8.82,0,20.1,223.6,0.0,0,105.84,4,0,1,0,0,0,0,0,0,0,1,0,1,0,0,0,0,1,0,0,0,0,0,0,0,0,0,0,0,1,0,0
32,0,34.093781,-118.381061,20408,0,34,45.28,27,65.0,2157.5,0.0,0,1539.52,5,0,0,0,0,0,0,0,0,1,0,0,1,1,1,0,0,0,0,0,0,1,1,0,0,1,0,0,0,1,0,0
59,0,34.102084,-118.451629,10470,10,41,0.0,17,35.45,1391.65,0.0,0,0.0,4,0,0,0,1,0,1,0,0,0,0,0,0,0,1,0,0,0,0,1,0,1,0,0,0,1,1,0,0,1,0,0
53,1,33.970343,-118.171368,105285,9,72,48.04,0,19.7,1379.8,0.0,0,3458.88,3,0,0,0,1,1,1,0,0,0,0,0,1,0,0,0,0,1,0,0,0,0,0,0,0,0,0,1,0,1,0,0
53,0,34.063947,-118.383001,8321,0,41,2.32,0,19.85,810.45,0.0,0,95.12,5,0,0,0,0,0,0,0,0,0,0,0,1,0,0,0,0,1,0,0,0,0,0,0,0,0,0,1,1,1,0,0
51,3,34.062095,-118.401508,11355,3,23,5.7,30,81.85,1810.85,0.0,0,131.1,4,0,0,0,1,1,1,0,0,0,1,0,1,1,1,0,1,0,1,0,0,0,0,0,0,1,1,0,0,1,0,0
36,3,33.88151,-118.234451,47305,4,71,28.47,57,109.3,7782.85,0.0,70,2021.37,3,1,0,0,1,1,1,0,0,0,0,0,1,0,1,0,1,0,1,1,1,1,1,1,1,0,0,1,0,1,0,0
40,0,33.912246,-118.236773,29825,8,72,4.15,0,25.4,1797.1,0.0,0,298.8,5,1,0,0,1,0,1,0,0,0,0,0,1,1,0,0,0,1,0,0,0,0,0,0,0,0,0,1,0,1,0,0
48,3,33.993991,-118.39704,31963,9,6,38.5,20,69.8,377.85,0.0,0,231.0,4,1,0,0,1,1,1,0,0,0,0,0,1,0,1,0,1,0,0,0,0,0,0,0,0,1,0,0,1,0,0,0
64,1,34.019323,-118.391902,15195,2,23,24.22,0,20.0,445.3,0.0,0,557.06,5,1,0,0,1,1,1,0,0,0,1,0,1,0,0,0,0,1,0,0,0,0,0,0,0,0,1,0,1,1,0,0
19,0,33.940884,-118.128628,40152,0,72,41.91,73,109.9,7624.2,0.0,0,3017.5199999999995,4,0,1,0,0,0,0,0,0,0,0,0,1,0,1,0,1,0,1,1,1,1,1,1,1,1,0,1,1,0,0,0
19,0,33.921793,-118.140588,42459,7,7,33.24,53,50.3,355.1,0.0,0,232.68,3,0,1,0,1,0,1,0,0,0,0,0,1,0,1,1,0,0,1,0,0,0,0,0,0,1,0,0,1,0,0,0
33,1,33.890853,-118.297967,47758,1,9,36.94,16,101.5,906.85,0.0,0,332.46,3,1,0,0,1,1,1,0,0,0,0,0,1,0,1,0,1,0,0,1,0,1,1,1,1,1,0,0,1,0,0,0
52,0,33.876482,-118.284077,9960,0,12,34.73,6,89.15,1057.55,0.0,70,416.76,5,0,0,0,0,0,0,0,0,0,1,0,1,1,1,0,1,0,0,1,0,0,0,1,1,0,0,0,1,0,0,0
43,0,33.90139,-118.315697,26442,0,1,23.97,0,19.4,19.4,0.0,0,23.97,4,0,0,0,0,0,0,0,0,0,0,0,1,0,0,0,0,1,0,0,0,0,0,0,0,0,0,0,1,1,0,0
45,0,33.86532,-118.396336,18693,0,20,45.39,24,78.8,1641.3,0.0,0,907.8,3,1,0,0,0,0,0,0,0,0,1,0,1,0,1,0,1,0,0,0,0,0,1,0,0,1,0,0,0,0,0,0
25,0,33.923573,-118.200669,69850,0,10,45.42,0,19.3,185.2,0.0,0,454.2000000000001,4,0,1,0,0,0,0,0,0,0,1,0,1,0,0,0,0,1,0,0,0,0,0,0,0,0,1,0,1,1,0,0
32,3,34.074572,-118.831181,19630,7,20,42.06,23,96.8,1826.7,0.0,0,841.2,4,1,0,0,1,1,1,0,0,0,1,0,1,1,1,0,1,0,0,1,0,1,1,0,0,1,0,0,0,1,0,0
27,0,33.889632,-118.39737,33758,8,20,46.47,0,20.65,417.5,0.0,0,929.4,3,1,1,0,1,0,1,0,0,0,1,0,1,0,0,0,0,1,0,0,0,0,0,0,0,0,1,0,0,1,0,0
33,1,33.988572,-118.186565,28094,1,19,13.13,0,19.8,344.5,0.0,0,249.47000000000003,5,1,0,0,1,1,1,0,0,0,1,0,1,0,0,0,0,1,0,0,0,0,0,0,0,0,1,0,0,1,0,0
53,0,33.788208,-118.404955,24979,1,22,49.66,3,104.6,2180.55,0.0,0,1092.52,3,1,0,0,1,0,1,0,0,0,1,0,1,0,1,0,1,0,1,1,0,1,1,1,1,1,0,0,1,0,0,0
63,0,33.753146,-118.367459,41263,0,35,13.14,6,80.05,2835.9,0.0,0,459.9,5,0,0,0,0,0,0,0,0,1,0,0,1,1,1,0,1,0,0,0,0,1,0,0,0,1,0,0,0,1,0,0
43,0,33.830453,-118.384565,34191,0,1,42.34,10,45.15,45.15,0.0,0,42.34,3,0,0,0,0,0,0,0,0,0,0,0,1,0,1,1,0,0,0,0,0,0,0,0,0,1,0,0,0,1,0,0
43,0,33.873395,-118.37019,37322,0,39,8.69,24,73.15,2730.85,0.0,0,338.91,5,1,0,0,0,0,0,0,0,1,0,0,1,1,1,0,1,0,0,0,0,0,0,0,0,1,0,0,1,1,0,0
31,0,33.977468,-118.445475,18058,0,56,37.99,24,105.35,5794.45,0.0,0,2127.44,3,1,0,0,0,0,0,0,0,0,0,0,1,1,1,0,1,0,1,0,0,1,1,1,1,1,0,0,1,1,0,0
58,2,33.947305,-118.439841,11264,0,18,34.07,28,45.65,747.2,0.0,40,613.26,5,1,0,0,0,1,0,0,0,0,1,0,1,0,1,1,0,0,0,0,0,0,0,0,0,0,0,0,1,1,0,0
30,2,33.956445,-118.358634,37527,1,16,49.85,69,79.95,1267.95,0.0,0,797.6,4,0,0,0,1,1,1,0,0,0,1,0,1,1,1,0,1,0,0,1,0,0,0,0,0,1,0,0,1,1,0,0
45,0,33.975332,-118.355252,30779,0,68,17.41,27,54.45,3674.95,0.0,0,1183.88,4,0,0,0,0,0,0,1,0,0,0,0,1,0,1,0,0,0,1,0,1,0,0,0,0,1,1,0,1,1,0,0
46,1,33.936827,-118.359824,28680,1,72,24.9,19,84.7,5893.9,0.0,0,1792.8,4,0,0,0,1,1,1,1,0,0,0,0,1,1,1,1,0,0,1,0,1,1,1,1,1,1,0,1,0,1,0,0
52,0,33.958134,-118.330905,13779,0,9,7.32,11,75.85,724.65,0.0,0,65.88,5,1,0,0,0,0,0,0,0,0,0,1,1,1,1,0,1,0,0,0,0,0,0,0,0,1,0,0,1,0,0,0
37,0,34.015481,-118.493231,5221,0,30,10.74,13,48.8,1536.75,0.0,0,322.2,3,0,0,0,0,0,0,0,0,1,0,0,1,0,1,1,0,0,1,0,0,0,0,0,0,1,0,0,1,1,0,0
45,0,34.031529,-118.491156,23559,0,18,0.0,11,35.2,607.3,0.0,50,0.0,3,0,0,0,0,0,0,0,0,0,1,0,0,0,1,1,0,0,0,0,1,1,0,0,0,0,0,0,1,0,0,0
63,0,33.867257,-118.330794,31678,1,44,0.0,18,54.3,2390.45,0.0,0,0.0,3,1,0,0,1,0,1,0,0,0,0,0,0,0,1,0,0,0,0,1,1,0,1,1,1,1,0,1,0,0,0,0
47,2,33.807882,-118.347957,34873,1,30,16.48,17,66.3,1923.5,0.0,0,494.4,3,0,0,0,1,1,1,0,0,1,0,0,1,0,1,1,0,0,1,0,0,1,0,1,1,1,0,0,0,0,0,0
44,0,34.007353,-118.033683,32050,0,71,14.91,0,20.9,1493.2,0.0,0,1058.61,4,0,0,0,1,0,0,1,0,0,0,0,1,0,0,0,0,1,0,0,0,0,0,0,0,0,0,1,1,0,0,0
32,0,33.929704,-118.01208,37887,1,1,38.89,9,75.35,75.35,0.0,0,38.89,5,1,0,0,1,0,1,0,0,0,0,1,1,0,1,0,1,0,0,0,1,0,0,0,0,1,0,0,0,1,0,0
55,2,33.976678,-118.065875,32148,0,22,0.0,29,49.45,1031.4,0.0,0,0.0,3,0,0,0,0,1,0,0,0,0,0,0,0,0,1,1,0,0,0,0,1,0,1,1,1,1,1,0,1,1,0,0
25,1,33.845706,-118.012204,44442,0,49,45.64,0,19.45,921.3,0.0,0,2236.36,5,0,1,0,0,1,0,0,0,0,0,0,1,0,0,0,0,1,0,0,0,0,0,0,0,0,1,0,0,1,0,0
33,3,33.874224,-117.993368,33528,10,42,17.75,53,92.15,3875.4,0.0,0,745.5,5,0,0,0,1,1,1,0,0,0,0,0,1,0,1,0,1,0,0,0,1,0,1,1,1,1,0,0,1,0,0,0
38,1,33.818477,-118.038307,47344,2,7,35.26,0,19.85,144.15,0.0,0,246.82,3,0,0,0,1,1,1,0,0,0,0,1,1,0,0,0,0,1,0,0,0,0,0,0,0,0,0,1,0,1,0,0
52,3,33.940619,-117.9513,67354,10,67,3.04,30,100.25,6689.0,0.0,0,203.68,3,0,0,0,1,1,1,1,0,0,0,0,1,1,1,0,1,0,1,0,1,1,0,1,1,1,1,0,1,0,0,0
24,0,33.902045,-118.008961,47568,0,15,9.97,47,95.7,1451.1,0.0,0,149.55,5,1,1,0,0,0,0,0,0,0,0,0,1,1,1,0,1,0,0,1,0,1,0,1,1,1,0,0,0,0,0,0
42,0,34.015217,-118.109962,62425,5,67,17.4,11,93.15,6368.2,0.0,90,1165.8,4,1,0,0,1,0,1,1,0,0,0,0,1,1,1,0,1,0,0,1,1,0,0,1,1,0,0,1,1,0,0,0
61,2,33.905963,-118.08263,103214,3,53,31.69,16,69.7,3729.6,0.0,0,1679.5700000000002,4,1,0,0,1,1,1,0,0,0,0,0,1,0,1,1,0,0,1,1,0,1,1,0,0,1,0,1,1,1,0,0
38,1,33.989524,-118.089299,63288,10,21,18.0,0,19.8,350.1,0.0,0,378.0,3,1,0,0,1,1,1,0,0,0,0,0,1,0,0,0,0,1,0,0,0,0,0,0,0,0,1,0,0,1,0,0
30,2,33.933565,-118.062611,16271,4,40,29.14,48,71.35,2847.2,0.0,0,1165.6,4,0,0,0,1,1,1,0,0,0,0,0,1,0,1,1,0,0,1,1,0,1,0,1,1,1,0,0,1,1,0,0
49,2,33.801869,-117.995068,29694,8,22,45.35,0,20.75,452.35,0.0,0,997.7,4,0,0,0,1,1,1,0,0,0,0,0,1,0,0,0,0,1,0,0,0,0,0,0,0,0,1,0,0,0,0,0
25,0,33.867593,-118.080637,16398,0,39,0.0,26,40.6,1494.5,0.0,0,0.0,5,1,1,0,0,0,0,0,0,1,0,0,0,0,1,0,0,0,0,0,0,1,0,1,1,1,0,0,1,0,0,0
35,0,33.391181,-118.421305,3699,3,2,5.42,0,20.35,41.85,0.0,0,10.84,4,0,0,0,1,0,1,0,0,0,0,1,1,0,0,0,0,1,0,0,0,0,0,0,0,0,0,0,0,1,0,0
43,2,33.887676,-118.127289,72893,3,57,12.26,0,19.75,1272.05,0.0,0,698.8199999999999,5,0,0,0,1,1,1,0,0,0,0,0,1,0,0,0,0,1,0,0,0,0,0,0,0,0,0,1,0,0,0,0
49,3,33.798266,-118.300237,24660,10,8,1.56,57,54.4,475.1,0.0,0,12.48,4,1,0,0,1,1,1,0,0,0,0,1,1,0,1,1,0,0,0,0,0,0,1,0,0,1,0,0,1,0,0,0
30,1,33.841027,-118.078097,20890,3,7,5.84,0,20.45,150.75,0.0,0,40.88,4,0,0,0,1,1,1,0,0,0,0,1,1,0,0,0,0,1,0,0,0,0,0,0,0,0,0,0,0,1,0,0
49,0,33.830431,-118.074071,14852,0,49,17.77,13,66.15,3199.0,0.0,0,870.73,3,1,0,0,0,0,0,0,0,0,0,0,1,1,1,1,0,0,0,0,0,1,1,0,0,1,0,1,1,0,0,0
47,0,33.794209,-118.317354,21065,0,65,38.33,7,89.85,5844.65,0.0,0,2491.45,3,0,0,0,0,0,0,0,0,0,0,0,1,1,1,0,1,0,1,1,0,1,0,0,0,1,1,0,1,0,0,0
48,0,33.79499,-118.065591,21343,0,55,33.6,5,45.05,2462.6,0.0,0,1848.0,3,0,0,0,0,0,0,0,0,0,0,0,1,0,1,1,0,0,0,0,0,0,0,0,0,1,1,0,0,0,0,0
28,3,33.897122,-118.164432,55306,10,71,10.11,59,86.85,6263.8,0.0,0,717.81,4,1,1,0,1,1,1,1,0,0,0,0,1,1,1,1,0,0,1,1,1,1,1,1,1,1,0,1,0,0,0,0
62,0,33.736387,-118.284363,58639,0,35,39.87,23,96.75,3403.4,0.0,130,1395.4499999999998,3,1,0,0,0,0,0,0,0,1,0,0,1,1,1,0,1,0,1,1,1,1,0,0,0,0,0,0,1,1,0,0
29,0,33.728273,-118.085304,174,0,17,38.78,59,106.65,1672.1,0.0,0,659.26,3,1,1,0,0,0,0,0,0,0,0,0,1,1,1,0,1,0,1,1,1,1,1,0,0,1,0,0,1,0,0,0
20,0,33.782068,-118.262263,53323,5,72,23.7,85,110.15,7881.2,0.0,0,1706.4,3,0,1,0,1,0,1,1,0,0,0,0,1,1,1,0,1,0,1,0,1,1,1,1,1,1,0,1,1,1,0,0
30,1,33.822295,-118.26411,55486,4,28,16.13,69,82.85,2320.8,0.0,0,451.64,3,0,0,0,1,1,1,0,0,1,0,0,1,0,1,0,1,0,1,0,0,0,0,1,1,1,1,0,1,0,0,0
59,0,33.859171,-118.252272,25566,4,18,25.54,0,20.1,370.5,0.0,0,459.72,4,0,0,0,1,0,1,0,0,0,0,0,1,0,0,0,0,1,0,0,0,0,0,0,0,0,0,1,0,1,0,0
30,0,33.760458,-118.129725,31352,0,52,9.37,59,59.45,3043.7,0.0,0,487.24,3,0,0,0,0,0,0,0,0,0,0,0,1,0,1,1,0,0,0,0,1,0,0,1,1,1,0,0,1,0,0,0
53,0,33.783047,-118.1486,43467,8,47,3.2,18,58.6,2723.4,0.0,0,150.4,4,0,0,0,1,0,1,0,0,0,0,0,1,0,1,0,0,0,0,1,0,0,1,0,0,1,0,0,1,0,0,0
44,0,33.864622,-118.179626,91664,0,23,42.26,2,49.7,1081.25,0.0,150,971.98,5,0,0,0,0,0,0,0,0,0,0,0,1,0,1,0,0,0,0,0,1,0,0,0,0,0,0,0,0,1,0,0
59,2,33.802664,-118.179971,49647,10,66,26.91,30,65.85,4097.05,0.0,0,1776.06,3,1,0,0,1,1,1,1,0,0,0,0,1,0,1,0,0,0,1,1,1,1,0,0,0,1,0,1,0,1,0,0
22,0,33.830099,-118.182239,31556,0,8,17.3,41,73.5,632.2,0.0,0,138.4,3,0,1,0,0,0,0,0,0,0,0,0,1,1,1,0,1,0,0,0,0,0,0,0,0,1,0,0,1,0,0,0
23,2,33.781086,-118.199049,63136,2,71,4.32,41,113.65,8166.8,0.0,0,306.72,4,0,1,0,1,1,1,1,0,0,0,0,1,1,1,0,1,0,1,1,1,1,1,1,1,1,0,1,0,1,0,0
23,0,33.797638,-118.11662,38902,3,46,46.71,41,65.65,3047.15,0.0,0,2148.66,4,1,1,0,1,0,1,0,0,0,0,0,1,0,1,0,0,0,1,1,1,1,0,0,0,1,0,1,0,1,0,0
25,0,34.196837,-118.142236,36243,0,66,0.0,73,61.35,4193.4,0.0,130,0.0,3,0,1,0,0,0,0,1,0,0,0,0,0,0,1,1,0,0,1,0,1,1,1,1,1,0,0,1,1,0,0,0
60,0,34.137319,-118.029837,30028,8,42,20.58,13,85.9,3729.75,0.0,0,864.3599999999999,3,0,0,0,1,0,1,0,0,0,0,0,1,1,1,0,1,0,0,0,1,1,0,0,0,1,0,0,1,1,0,0
62,0,34.128284,-118.047732,30933,0,5,29.75,6,75.65,399.45,0.0,0,148.75,5,0,0,0,0,0,0,0,0,0,0,0,1,0,1,0,1,0,0,0,0,1,0,0,0,1,0,0,1,1,0,0
25,0,34.234912,-118.153729,20200,0,29,28.83,47,70.9,1964.6,0.0,0,836.0699999999999,4,1,1,0,0,0,0,0,0,1,0,0,1,1,1,1,0,0,0,1,1,0,0,1,1,1,1,0,0,1,0,0
37,5,34.1528,-118.000482,41067,5,27,19.32,30,49.85,1336.15,0.0,0,521.64,3,0,0,0,1,1,1,0,0,1,0,0,1,0,1,1,0,0,0,1,0,0,0,0,0,1,0,0,0,1,0,0
25,3,34.168686,-118.057505,10558,1,25,4.57,0,20.1,486.05,0.0,0,114.25,3,0,1,0,1,1,1,0,0,1,0,0,1,0,0,0,0,1,0,0,0,0,0,0,0,0,0,1,0,1,0,0
36,0,34.282704,-118.312929,18752,4,57,31.79,13,103.05,5925.75,0.0,0,1812.03,4,1,0,0,1,0,1,0,0,0,0,0,1,1,1,0,1,0,1,1,1,1,1,0,0,1,0,0,1,0,0,0
47,0,34.167465,-118.165327,27891,0,13,34.18,19,81.9,1028.9,0.0,0,444.34,3,0,0,0,0,0,0,0,0,0,0,0,1,0,1,0,1,0,0,0,0,0,1,0,0,1,0,0,1,1,0,0
42,3,34.139402,-118.128658,23742,0,71,37.03,26,66.2,4692.55,0.0,0,2629.13,3,1,0,0,1,1,0,1,0,0,0,0,1,1,1,1,0,0,1,0,0,0,1,0,0,1,1,0,1,0,0,0
57,0,34.17051,-118.289463,23981,0,1,37.62,0,19.75,19.75,0.0,0,37.62,3,0,0,0,0,0,0,0,0,0,0,0,1,0,0,0,0,1,0,0,0,0,0,0,0,0,0,0,0,0,0,0
33,1,34.13658,-118.245839,41390,3,50,22.3,0,24.95,1261.45,0.0,0,1115.0,5,1,0,0,1,1,1,0,0,0,0,0,1,1,0,0,0,1,0,0,0,0,0,0,0,0,0,1,0,1,0,0
49,0,34.162515,-118.203869,31297,0,1,16.64,2,89.25,89.25,0.0,0,16.64,5,1,0,0,0,0,0,0,0,0,0,0,1,0,1,0,1,0,0,0,0,0,1,1,1,1,0,0,1,0,0,0
32,0,34.182378,-118.262922,9864,0,5,21.01,0,19.25,86.05,0.0,0,105.05,3,1,0,0,0,0,0,0,0,0,0,0,1,0,0,0,0,1,0,0,0,0,0,0,0,0,0,0,1,1,0,0
44,0,34.195386,-118.238508,16910,0,66,16.39,26,104.55,6779.05,0.0,0,1081.74,3,0,0,0,0,0,0,1,0,0,0,0,1,1,1,0,1,0,1,1,1,1,1,0,0,1,1,0,1,0,0,0
32,2,34.239636,-118.245259,29110,4,49,33.07,23,87.2,4345.0,0.0,0,1620.43,3,0,0,0,1,1,1,0,0,0,0,0,1,0,1,1,0,0,1,1,1,1,1,1,1,1,1,0,1,1,0,0
32,3,34.130861,-118.68346,23661,3,66,42.84,0,25.7,1714.55,0.0,0,2827.44,4,1,0,0,1,1,1,1,0,0,0,0,1,1,0,0,0,1,0,0,0,0,0,0,0,0,1,0,1,1,0,0
31,2,34.19829,-118.602203,23519,0,11,5.84,10,86.2,893.2,0.0,30,64.24,5,1,0,0,0,1,0,0,0,0,0,0,1,1,1,0,1,0,0,0,0,0,0,1,1,0,0,0,0,0,0,0
29,0,34.224377,-118.632656,49242,0,28,0.0,48,30.1,810.85,0.0,0,0.0,4,1,1,0,0,0,0,0,0,1,0,0,0,0,1,1,0,0,0,0,0,1,0,0,0,1,0,0,1,1,0,0
31,0,34.209532,-118.577563,43857,9,65,30.44,20,99.35,6347.55,0.0,0,1978.6,4,1,0,0,1,0,1,0,0,0,0,0,1,1,1,0,1,0,1,1,1,0,1,0,0,1,0,1,1,0,0,0
45,0,34.199787,-118.68493,23637,0,62,24.03,0,19.2,1123.65,0.0,0,1489.86,4,0,0,0,0,0,0,0,0,0,0,0,1,0,0,0,0,1,0,0,0,0,0,0,0,0,0,1,1,1,0,0
38,0,34.294142,-118.603883,35325,9,2,32.86,0,20.1,43.15,0.0,0,65.72,3,0,0,0,1,0,1,0,0,0,0,0,1,0,0,0,0,1,0,0,0,0,0,0,0,0,0,0,0,0,0,0
57,0,34.150354,-118.518292,27614,0,2,2.46,0,20.35,35.1,0.0,0,4.92,5,0,0,0,0,0,0,0,0,0,0,0,1,0,0,0,0,1,0,0,0,0,0,0,0,0,0,0,0,1,0,0
36,3,34.172071,-118.946262,37779,1,55,1.44,0,25.65,1388.0,0.0,0,79.2,5,0,0,0,1,1,1,0,1,0,0,0,1,1,0,0,0,1,0,0,0,0,0,0,0,0,0,1,1,1,0,0
64,0,34.236683,-118.517588,32307,0,30,2.67,27,94.4,2638.1,0.0,0,80.1,5,0,0,0,0,0,0,0,0,0,0,0,1,0,1,0,1,0,0,0,0,1,1,1,1,1,1,0,1,0,0,0
58,0,34.281911,-118.556218,28067,0,17,36.47,15,56.1,946.95,0.0,0,619.99,3,1,0,0,0,0,0,0,0,0,0,0,1,0,1,0,0,0,1,1,0,0,0,0,0,1,1,0,0,1,0,0
32,1,34.255442,-118.421314,97318,10,16,20.12,30,68.25,1114.85,0.0,0,321.92,3,0,0,0,1,1,1,0,0,0,0,0,1,0,1,0,0,0,1,1,0,1,0,1,1,1,0,1,0,0,0,0
25,0,34.200175,-118.540958,68018,0,72,29.29,0,24.75,1777.6,0.0,0,2108.88,5,1,1,0,0,0,0,1,0,0,0,0,1,1,0,0,0,1,0,0,0,0,0,0,0,0,0,1,0,0,0,0
48,0,34.286131,-118.435969,33389,0,9,34.75,3,76.25,684.85,0.0,0,312.75,5,1,0,0,0,0,0,0,0,0,0,0,1,1,1,0,1,0,0,0,0,0,0,0,0,1,0,0,1,0,0,0
43,0,34.321621,-118.399841,81986,0,1,24.41,4,74.35,74.35,0.0,0,24.41,4,0,0,0,0,0,0,0,0,0,0,0,1,0,1,0,1,0,0,1,0,0,0,0,0,1,0,0,0,0,0,0
64,1,34.238802,-118.482296,57017,0,23,8.4,27,54.15,1312.45,0.0,40,193.2,4,1,0,0,0,1,0,0,0,0,0,0,1,0,1,0,0,0,0,1,0,1,0,0,0,0,0,0,0,0,0,0
28,3,34.291273,-118.505104,48867,0,8,1.95,0,19.45,159.2,0.0,0,15.6,5,1,1,0,0,1,0,0,0,0,0,0,1,0,0,0,0,1,0,0,0,0,0,0,0,0,0,0,0,0,0,0
23,1,34.266389,-118.459744,17112,3,19,0.0,52,34.95,610.2,0.0,0,0.0,3,1,1,0,1,1,1,0,0,0,0,0,0,0,1,0,0,0,1,1,0,0,0,0,0,1,0,0,1,1,0,0
46,0,34.502432,-118.41459,40077,0,7,40.42,17,53.65,404.35,0.0,0,282.94,4,0,0,0,0,0,0,0,0,0,0,1,1,1,1,0,0,0,1,0,0,0,0,0,0,1,0,0,1,0,0,0
24,0,34.231053,-118.338307,46639,0,61,45.69,48,104.0,6363.45,0.0,0,2787.09,3,1,1,0,0,0,0,0,1,0,0,0,1,1,1,0,1,0,1,0,1,0,1,1,1,1,1,0,0,0,0,0
32,0,34.457005,-118.573726,17846,1,57,48.0,24,70.35,4124.65,0.0,0,2736.0,3,0,0,0,1,0,1,0,1,0,0,0,1,0,1,0,0,0,1,1,0,1,1,0,0,1,0,1,1,1,0,0
31,3,34.157137,-118.548511,27424,0,15,43.69,29,64.85,950.75,0.0,0,655.3499999999999,4,1,0,0,0,1,0,0,0,0,0,0,1,0,1,1,0,0,1,0,1,0,0,1,1,1,1,0,0,1,0,0
42,0,34.214054,-118.88109,42526,0,1,23.67,0,19.65,19.65,0.0,0,23.67,3,0,0,0,0,0,0,0,0,0,0,1,1,0,0,0,0,1,0,0,0,0,0,0,0,0,0,0,0,1,0,0
39,0,34.130992,-118.894673,18735,0,12,30.79,4,45.9,505.95,0.0,0,369.48,3,0,0,0,1,0,0,0,0,0,0,0,1,0,1,1,0,0,0,0,0,0,0,0,0,1,0,0,0,0,0,0
48,0,34.191842,-118.822796,33057,0,54,27.3,0,20.0,1149.65,0.0,0,1474.2,3,1,0,0,0,0,0,0,1,0,0,0,1,0,0,0,0,1,0,0,0,0,0,0,0,0,0,1,0,1,0,0
40,2,34.153733,-118.593408,25988,1,4,25.9,19,44.8,169.65,0.0,0,103.6,5,1,0,0,1,1,1,0,0,0,0,1,1,0,1,1,0,0,0,0,0,0,0,0,0,1,0,0,0,0,0,0
23,0,34.19225,-118.776874,14814,1,20,27.96,0,20.35,393.15,0.0,0,559.2,3,0,1,0,1,0,1,0,0,0,0,0,1,0,0,0,0,1,0,0,0,0,0,0,0,0,1,0,0,1,0,0
51,2,34.364153,-118.615583,9937,0,26,0.0,19,45.8,1147.0,0.0,0,0.0,4,0,0,0,0,1,0,0,0,0,0,0,0,0,1,1,0,0,1,0,0,1,0,1,1,1,0,0,0,1,0,0
36,0,34.178483,-118.431791,40376,1,53,18.0,20,108.95,5718.2,0.0,0,954.0,4,0,0,0,1,0,1,0,1,0,0,0,1,1,1,0,1,0,0,1,1,1,1,1,1,1,1,0,1,0,0,0
38,0,34.147149,-118.463365,22085,0,68,0.0,28,64.35,4539.6,0.0,130,0.0,3,0,0,0,0,0,0,1,0,0,0,0,0,0,1,1,0,0,1,1,1,1,1,1,1,0,0,1,0,1,0,0
64,2,34.202494,-118.448048,51348,1,72,20.63,26,90.8,6397.6,0.0,0,1485.36,4,1,0,0,1,1,1,1,0,0,0,0,1,1,1,1,0,0,1,1,1,1,1,1,1,1,0,1,1,1,0,0
61,0,34.195685,-118.490752,50047,0,12,25.57,0,24.95,280.4,0.0,0,306.84000000000003,5,1,0,0,0,0,0,0,0,0,1,0,1,1,0,0,0,1,0,0,0,0,0,0,0,0,1,0,0,1,0,0
52,0,34.146957,-118.432138,29387,1,68,7.87,4,84.7,5711.05,0.0,0,535.16,3,0,0,0,1,0,1,1,0,0,0,0,1,1,1,0,1,0,1,1,0,0,0,0,0,1,0,1,1,0,0,0
25,2,34.152875,-118.486056,13129,0,50,37.52,71,70.8,3478.15,0.0,0,1876.0,4,0,1,0,0,1,0,0,1,0,0,0,1,0,1,1,0,0,1,0,1,1,1,0,0,1,1,0,1,1,0,0
62,0,34.174215,-118.345928,29245,0,1,34.02,24,54.3,54.3,0.0,10,34.02,5,1,0,0,0,0,0,0,0,0,0,1,1,1,1,1,0,0,0,1,0,0,0,0,0,0,0,0,0,0,0,0
20,2,34.1692,-118.372498,36625,1,23,27.97,51,91.1,2198.3,0.0,0,643.31,4,0,1,0,1,1,1,0,0,0,1,0,1,1,1,0,0,0,1,1,1,1,1,1,1,1,0,1,1,1,0,0
49,2,34.15136,-118.364786,16996,0,60,16.59,0,19.95,1189.9,0.0,0,995.4,3,1,0,0,0,1,0,0,1,0,0,0,1,0,0,0,0,1,0,0,0,0,0,0,0,0,0,1,0,1,0,0
21,0,34.139082,-118.39275,26157,1,72,22.22,0,26.45,1914.5,0.0,0,1599.84,4,0,1,0,1,0,1,1,0,0,0,0,1,1,0,0,0,1,0,0,0,0,0,0,0,0,0,1,0,1,0,0
32,0,34.187599,-118.387125,45358,0,72,15.03,22,75.1,5336.35,0.0,0,1082.16,3,1,0,0,0,0,0,1,0,0,0,0,1,0,1,0,0,0,1,1,1,1,1,0,0,1,0,1,1,0,0,0
54,0,34.132275,-117.611478,39064,7,72,12.85,24,110.15,7998.8,0.0,70,925.2,4,0,0,0,1,0,1,1,0,0,0,0,1,1,1,0,1,0,0,1,1,1,1,1,1,0,0,1,1,0,0,0
19,0,34.098275,-117.967399,76890,0,51,43.79,82,111.5,5703.25,0.0,0,2233.29,4,0,1,0,0,0,0,0,1,0,0,0,1,1,1,0,1,0,0,1,1,1,1,1,1,1,1,0,1,0,0,0
47,1,33.942895,-117.725644,66754,2,70,5.93,19,106.5,7397.0,0.0,0,415.1,5,0,0,0,1,1,1,1,0,0,0,0,1,1,1,0,1,0,0,1,1,0,1,1,1,1,1,0,1,0,0,0
28,0,33.990646,-117.663025,75319,0,9,4.02,0,19.9,164.6,0.0,0,36.17999999999999,4,1,1,0,0,0,0,0,0,0,0,0,1,0,0,0,0,1,0,0,0,0,0,0,0,0,1,0,1,0,0,0
40,3,34.127621,-117.717863,34716,1,59,46.1,57,111.1,6555.2,0.0,0,2719.9,4,1,0,0,1,1,1,0,1,0,0,0,1,1,1,0,1,0,1,1,0,1,1,1,1,1,0,1,1,1,0,0
44,1,34.097345,-117.906736,33817,0,3,25.04,17,70.7,225.65,0.0,0,75.12,3,1,0,0,0,1,0,0,0,0,0,1,1,0,1,0,0,0,0,0,0,1,1,1,1,1,0,0,0,1,0,0
52,0,34.08111,-117.853935,25068,0,37,11.73,30,91.2,3382.3,0.0,0,434.01,3,0,0,0,0,0,0,0,0,0,0,0,1,1,1,0,1,0,1,1,1,0,0,0,0,0,0,0,0,0,0,0
35,0,34.10097,-117.57882,51970,0,37,38.43,30,65.6,2313.8,0.0,0,1421.91,4,1,0,0,0,0,0,0,0,0,0,0,1,0,1,0,0,0,1,1,1,1,0,0,0,1,0,1,0,0,0,0
29,2,34.074492,-118.01462,62660,4,14,42.64,69,59.45,780.85,0.0,0,596.96,3,0,1,0,1,1,1,0,0,0,1,0,1,0,1,1,0,0,1,1,0,1,0,0,0,1,0,0,0,0,0,0
58,0,34.04622,-118.053753,45645,9,72,40.78,22,109.95,7852.4,0.0,0,2936.16,4,1,0,0,1,0,1,1,0,0,0,0,1,1,1,0,1,0,1,1,0,1,1,1,1,1,0,1,1,1,0,0
25,3,34.119363,-117.855059,25135,8,72,0.0,82,38.5,2763.0,0.0,0,0.0,4,1,1,0,1,1,1,1,0,0,0,0,0,0,1,1,0,0,1,1,1,0,0,0,0,1,0,1,0,1,0,0
51,0,33.976753,-117.897367,46342,0,10,17.01,0,24.5,270.15,0.0,0,170.10000000000002,3,0,0,0,0,0,0,0,0,0,1,0,1,1,0,0,0,1,0,0,0,0,0,0,0,0,0,0,1,1,0,0
38,2,34.144703,-117.770299,35530,5,10,46.23,0,19.7,197.54,0.0,0,462.3,5,1,0,0,1,1,1,0,0,0,0,1,1,0,0,0,0,1,0,0,0,0,0,0,0,0,1,0,1,1,0,0
55,0,33.999992,-117.535395,18980,0,1,1.48,0,20.6,20.6,0.0,0,1.48,3,1,0,0,0,0,0,0,0,0,0,1,1,0,0,0,0,1,0,0,0,0,0,0,0,0,0,0,0,1,0,0
42,0,34.050322,-118.147037,33280,0,29,14.46,25,58.0,1734.5,0.0,0,419.34,3,0,0,0,0,0,0,0,0,0,0,0,1,0,1,1,0,0,1,0,1,1,0,0,0,1,1,0,0,1,0,0
37,0,34.231318,-117.662032,47,0,8,8.73,28,65.5,573.15,0.0,0,69.84,3,0,0,0,0,0,0,0,0,0,0,1,1,1,1,1,0,0,1,1,1,0,0,0,0,1,0,0,1,0,0,0
48,0,34.035602,-117.591528,56280,2,61,11.53,0,25.45,1538.6,0.0,0,703.3299999999999,4,1,0,0,1,0,1,0,1,0,0,0,1,1,0,0,0,1,0,0,0,0,0,0,0,0,0,1,0,0,0,0
35,1,34.072121,-117.698319,34447,5,72,17.49,12,104.45,7459.0,0.0,130,1259.28,5,1,0,0,1,1,1,1,0,0,0,0,1,1,1,0,1,0,0,1,1,0,1,1,1,0,1,0,1,1,0,0
50,2,34.074087,-117.605618,49474,8,12,33.9,0,21.15,306.05,0.0,0,406.8,4,1,0,0,1,1,1,0,0,0,1,0,1,0,0,0,0,1,0,0,0,0,0,0,0,0,0,0,1,0,0,0
22,0,33.992416,-117.807874,46532,0,7,45.93,48,96.2,639.7,0.0,0,321.51,5,1,1,0,0,0,0,0,0,0,0,0,1,1,1,0,1,0,0,0,0,0,1,1,1,1,0,0,0,0,0,0
19,0,34.042286,-117.756106,69974,0,9,38.65,26,44.4,348.15,0.0,0,347.85,4,1,1,0,0,0,0,0,0,0,0,1,1,0,1,1,0,0,0,0,0,0,0,0,0,1,0,0,1,1,0,0
54,2,34.067932,-117.785168,36057,2,58,5.01,23,94.35,5563.65,0.0,0,290.58,4,1,0,0,1,1,1,0,1,0,0,0,1,1,1,0,1,0,0,0,1,1,0,1,1,1,0,1,0,0,0,0
37,2,34.102119,-117.815532,33878,5,2,7.27,0,20.3,40.25,0.0,0,14.54,4,1,0,0,1,1,1,0,0,0,0,1,1,0,0,0,0,1,0,0,0,0,0,0,0,0,0,0,0,1,0,0
24,0,34.089927,-118.095645,38041,5,40,22.2,76,105.75,4228.55,0.0,0,888.0,4,0,1,0,1,0,1,0,1,0,0,0,1,1,1,0,1,0,1,0,1,0,1,1,1,1,1,0,0,0,0,0
43,0,34.101608,-118.055848,32718,0,9,34.34,6,81.15,784.45,0.0,50,309.06000000000006,4,1,0,0,0,0,0,0,0,0,0,1,1,1,1,0,1,0,1,0,0,0,0,0,0,0,0,0,1,0,0,0
62,0,34.141146,-117.655583,23331,0,41,45.22,15,89.55,3729.75,0.0,0,1854.02,3,1,0,0,0,0,0,0,1,0,0,0,1,0,1,0,1,0,0,1,0,1,1,0,0,1,1,0,1,0,0,0
27,0,34.105493,-117.660934,48827,0,26,39.84,42,54.75,1406.9,0.0,0,1035.84,4,0,1,0,0,0,0,0,0,0,0,0,1,0,1,0,0,0,0,1,1,0,0,0,0,1,0,0,1,1,0,0
27,0,34.018354,-117.85492,45118,1,33,15.45,59,53.75,1857.3,0.0,0,509.85,3,0,1,0,1,0,1,0,0,0,0,0,1,0,1,0,0,0,0,1,0,1,0,0,0,1,1,0,1,1,0,0
56,2,34.066964,-117.937007,44099,9,68,8.88,17,105.75,7322.5,0.0,0,603.84,3,1,0,0,1,1,1,0,0,0,0,0,1,0,1,0,1,0,0,1,1,1,1,1,1,1,1,0,0,1,0,0
47,0,34.024405,-117.898722,31622,0,55,27.65,26,64.2,3627.3,0.0,0,1520.75,3,1,0,0,0,0,0,0,1,0,0,0,1,0,1,0,0,0,0,1,0,1,0,1,1,0,1,0,1,0,0,0
49,0,34.074736,-118.145959,30635,0,19,43.11,2,87.7,1725.95,0.0,0,819.09,3,1,0,0,0,0,0,0,0,0,1,0,1,0,1,0,1,0,0,0,0,1,0,1,1,1,1,0,1,1,0,0
42,0,32.827184,-116.703729,16486,0,45,13.82,8,89.3,4192.15,0.0,0,621.9,3,0,0,0,0,0,0,0,1,0,0,0,1,1,1,0,1,0,0,0,1,0,0,1,1,1,0,0,1,1,0,0
32,1,32.67117,-117.00232,17389,0,70,26.85,0,20.15,1411.2,0.0,0,1879.5,3,0,0,0,1,1,0,0,0,0,0,0,1,0,0,0,0,1,0,0,0,0,0,0,0,0,0,1,1,1,0,0
60,0,32.636792,-117.054989,74025,10,12,40.34,0,20.05,264.55,0.0,0,484.08,4,0,0,0,1,0,1,0,0,0,1,0,1,0,0,0,0,1,0,0,0,0,0,0,0,0,0,1,1,0,0,0
20,3,32.607964,-117.059459,71126,0,72,0.0,71,67.2,4671.7,0.0,0,0.0,3,1,1,0,0,1,0,0,0,0,0,0,0,0,1,0,0,0,1,1,1,1,1,1,1,1,0,1,0,1,0,0
38,0,32.64164,-116.985026,12884,0,12,13.88,8,94.55,1173.55,0.0,0,166.56,5,1,0,0,0,0,0,0,0,0,1,0,1,1,1,0,1,0,0,0,0,0,1,1,1,1,0,0,0,0,0,0
54,3,32.622999,-116.687855,727,10,70,39.06,75,114.75,7842.3,0.0,0,2734.2000000000003,3,1,0,0,1,1,1,0,0,0,0,0,1,1,1,0,1,0,1,1,1,1,1,1,1,1,0,1,0,1,0,0
30,0,32.857946,-116.561917,796,0,31,38.78,59,76.05,2227.8,0.0,0,1202.18,5,0,0,0,0,0,0,0,0,0,0,0,1,1,1,0,1,0,0,0,0,0,0,0,0,1,0,0,1,0,0,0
26,0,32.782501,-117.01611,24005,0,33,16.76,85,90.65,2989.6,0.0,0,553.08,4,0,1,0,0,0,0,0,0,0,0,0,1,1,1,0,1,0,1,0,0,0,0,1,1,1,0,0,1,0,0,0
62,0,32.830852,-116.444601,81,0,59,28.32,9,68.7,4070.95,0.0,150,1670.88,3,0,0,0,0,0,0,0,1,0,0,0,1,1,1,1,0,0,1,0,0,1,0,1,1,0,1,0,0,0,0,0
33,0,32.619465,-116.593605,905,0,66,31.93,15,88.9,6000.1,0.0,0,2107.38,5,0,0,0,0,0,0,0,0,0,0,0,1,1,1,0,1,0,0,1,0,0,1,0,0,1,1,0,1,0,0,0
28,3,32.726627,-116.994608,56100,1,37,35.67,76,58.75,2203.1,0.0,0,1319.79,4,1,1,0,1,1,1,0,0,0,0,0,1,0,1,1,0,0,1,0,1,1,0,0,0,1,1,0,1,1,0,0
47,3,32.587557,-116.636816,91,9,69,26.35,53,86.9,6194.1,0.0,0,1818.15,3,1,0,0,1,1,1,0,0,0,0,0,1,1,1,1,0,0,1,0,1,1,1,1,1,1,0,1,0,0,0,0
36,0,33.290907,-117.202895,3849,0,10,1.48,25,59.65,638.95,0.0,90,14.8,3,1,0,0,0,0,0,0,0,0,1,0,1,0,1,1,0,0,0,1,0,0,1,0,0,0,0,0,1,1,0,0
50,1,33.015866,-117.272254,10375,0,13,30.19,17,66.4,831.75,0.0,0,392.47,5,1,0,0,0,1,0,0,0,0,1,0,1,0,1,1,0,0,0,0,0,0,1,1,1,1,0,0,0,1,0,0
64,3,33.098018,-117.258203,43161,6,69,11.47,0,20.15,1337.5,0.0,0,791.4300000000001,4,0,0,0,1,1,1,0,0,0,0,0,1,0,0,0,0,1,0,0,0,0,0,0,0,0,0,1,0,0,0,0
52,2,32.79697,-116.969082,55277,9,46,38.45,15,56.9,2560.1,0.0,0,1768.7,4,1,0,0,1,1,1,0,1,0,0,0,1,0,1,1,0,0,1,0,1,1,0,0,0,1,1,0,0,1,0,0
36,2,33.054579,-117.25665,47126,5,56,13.94,11,109.6,5953.0,0.0,0,780.64,3,0,0,0,1,1,1,0,1,0,0,0,1,1,1,0,1,0,1,0,1,1,1,1,1,1,0,0,1,1,0,0
28,3,33.081478,-117.033814,49281,0,70,1.22,0,25.15,1790.15,0.0,0,85.39999999999999,3,1,1,0,1,1,0,0,0,0,0,0,1,1,0,0,0,1,0,0,0,0,0,0,0,0,0,1,0,1,0,0
47,2,33.21846,-117.116916,43436,2,33,31.59,18,79.15,2531.4,0.0,20,1042.47,5,0,0,0,1,1,1,0,0,0,0,0,1,1,1,0,0,0,0,0,1,1,1,1,1,0,1,0,1,0,0,0
56,3,33.141265,-116.967221,48690,8,72,22.62,27,66.75,4760.3,0.0,0,1628.64,3,0,0,0,1,1,1,0,0,0,0,0,1,1,1,0,0,0,1,1,0,1,0,0,0,1,0,1,0,1,0,0
59,2,33.079834,-117.134275,17944,0,19,4.03,26,48.8,953.65,0.0,0,76.57000000000001,3,0,0,0,0,1,0,0,0,0,1,0,1,0,1,0,0,0,0,0,0,1,0,0,0,1,0,0,0,1,0,0
48,0,32.853743,-117.25034,42617,8,71,43.61,27,80.7,5705.05,0.0,0,3096.31,5,0,0,0,1,0,1,0,0,0,0,0,1,0,1,0,0,0,0,1,1,1,1,1,1,1,0,1,1,1,0,0
29,0,33.351059,-117.420557,98239,0,1,7.32,0,20.55,20.55,0.0,0,7.32,4,1,1,0,0,0,0,0,0,0,0,1,1,0,0,0,0,1,0,0,0,0,0,0,0,0,0,0,0,1,0,0
58,0,33.254497,-117.285879,46893,0,61,5.55,7,115.1,6993.65,0.0,0,338.55,4,0,0,0,0,0,0,0,1,0,0,0,1,1,1,0,1,0,1,1,1,1,1,1,1,1,1,0,1,1,0,0
44,1,33.384345,-117.072619,1831,6,71,0.0,19,59.7,4122.65,0.0,0,0.0,4,0,0,0,1,1,1,1,0,0,0,0,0,0,1,0,0,0,1,1,0,1,1,1,1,1,0,1,0,0,0,0
48,0,33.309852,-116.823091,234,5,68,9.76,15,86.45,5762.95,0.0,150,663.68,5,0,0,0,1,0,1,1,0,0,0,0,1,1,1,0,1,0,0,1,1,0,0,0,0,0,1,0,0,1,0,0
35,0,33.313828,-116.940501,2615,0,46,0.0,18,33.7,1537.85,0.0,0,0.0,3,1,0,0,0,0,0,0,1,0,0,0,0,0,1,1,0,0,0,0,1,1,0,0,0,1,1,0,0,1,0,0
29,0,32.984395,-117.013454,47969,0,33,25.71,48,80.1,2603.3,0.0,0,848.4300000000001,4,1,1,0,0,0,0,0,0,0,0,0,1,1,1,0,1,0,1,0,0,0,0,0,0,1,1,0,0,0,0,0
64,1,33.044541,-116.833922,33104,1,53,28.36,17,104.05,5566.4,0.0,0,1503.08,3,0,0,0,1,1,1,0,1,0,0,0,1,1,1,0,1,0,1,1,1,1,0,1,1,1,0,1,1,0,0,0
44,0,33.012751,-117.200617,7615,0,57,0.0,24,41.1,2258.25,0.0,0,0.0,4,0,0,0,0,0,0,0,0,0,0,0,0,0,1,1,0,0,1,0,1,1,0,0,0,1,1,0,1,1,0,0
48,4,33.162624,-117.170863,52664,1,54,41.93,0,20.35,1092.35,0.0,0,2264.22,3,0,0,0,1,1,1,0,0,0,0,0,1,0,0,0,0,1,0,0,0,0,0,0,0,0,0,1,1,0,0,0
59,1,33.25283,-116.986079,14575,1,10,25.89,22,65.5,616.9,0.0,0,258.9,5,0,0,0,1,1,1,0,0,0,1,0,1,0,1,1,0,0,0,1,0,1,0,1,1,1,0,0,1,0,0,0
41,2,33.17494,-117.242761,62036,0,43,0.0,25,40.45,1912.85,0.0,0,0.0,3,1,0,0,0,1,0,0,0,0,0,0,0,0,1,1,0,0,1,1,1,0,0,0,0,1,0,0,1,0,0,0
42,0,33.323705,-116.626907,1205,1,43,38.53,27,78.8,3460.3,24.9,0,1656.79,4,0,0,0,1,0,1,0,0,0,0,0,1,0,1,1,0,0,1,0,1,1,1,1,1,1,0,1,1,0,0,0
20,3,32.72523,-117.171346,27505,1,1,24.33,59,90.1,90.1,0.0,0,24.33,3,1,1,0,1,1,1,0,0,0,0,0,1,0,1,0,1,0,0,0,0,0,1,1,1,1,0,0,1,0,0,0
46,0,32.716007,-117.117462,47140,0,69,25.73,22,82.45,5555.3,15.38,0,1775.37,3,0,0,0,0,0,0,1,0,0,0,0,1,0,1,1,0,0,1,0,1,1,1,1,1,1,0,1,1,1,0,0
64,0,32.747484,-117.166877,30202,1,61,10.94,0,20.25,1278.8,5.15,0,667.3399999999999,3,0,0,0,1,0,1,0,0,0,0,0,1,0,0,0,0,1,0,0,0,0,0,0,0,0,0,1,0,1,0,0
42,0,32.741499,-117.127409,47689,1,43,26.1,17,66.25,2907.35,6.41,0,1122.3,3,1,0,0,1,0,1,0,0,0,0,0,1,1,1,1,0,0,1,1,0,1,0,0,0,1,0,0,0,0,0,0
43,0,32.741852,-117.243453,27959,1,56,3.79,14,89.7,4952.95,41.66,0,212.24,4,1,0,0,1,0,1,0,0,0,0,0,1,0,1,0,1,0,0,0,0,0,1,1,1,1,0,0,0,1,0,0
21,0,32.774046,-117.142454,11650,5,70,0.0,46,64.55,4504.9,46.06,0,0.0,3,0,1,0,1,0,1,1,0,0,0,0,0,0,1,0,0,0,1,1,1,1,1,1,1,1,0,1,0,0,0,0
27,2,32.76501,-117.19938,24169,7,49,36.08,59,93.65,4520.15,33.13,0,1767.9199999999998,3,1,1,0,1,1,1,0,0,0,0,0,1,1,1,0,1,0,0,1,1,0,1,0,0,1,1,0,1,0,0,0
26,1,32.697098,-117.116587,47431,1,32,19.76,59,73.6,2316.85,12.66,0,632.32,4,0,1,0,1,1,1,0,0,0,0,0,1,0,1,1,0,0,1,1,1,1,0,1,1,1,0,1,0,1,0,0
45,1,32.762506,-117.07245,56887,0,37,49.99,27,61.45,2302.35,48.79,110,1849.63,3,1,0,0,0,1,0,0,0,0,0,0,1,0,1,0,0,0,1,1,0,1,0,0,0,0,0,1,0,1,0,0
59,0,32.765299,-117.122565,33083,9,69,24.17,5,106.4,7251.9,3.59,0,1667.73,4,0,0,0,1,0,1,1,0,0,0,0,1,0,1,0,1,0,1,1,0,1,1,1,1,1,1,0,1,1,0,0
26,0,32.825086,-117.199424,51213,7,26,11.23,48,81.9,2078.55,44.86,0,291.98,4,0,1,0,1,0,1,0,0,0,0,0,1,0,1,0,0,0,0,1,1,1,1,1,1,1,0,0,0,0,0,0
61,3,32.68674,-117.186612,24093,2,58,43.01,30,105.2,6225.4,34.83,0,2494.58,4,0,0,0,1,1,1,0,0,0,0,0,1,1,1,0,1,0,0,1,1,0,1,1,1,1,1,0,1,1,0,0
28,0,32.802959,-117.027095,21866,0,24,7.52,85,54.6,1242.25,28.42,0,180.48,3,1,1,0,0,0,0,0,0,0,0,0,1,1,1,0,0,0,0,0,0,1,0,0,0,1,1,0,0,0,0,0
27,2,32.807867,-117.060993,25569,1,5,41.21,0,20.55,99.45,0.0,0,206.05,3,1,1,0,1,1,1,0,0,0,0,0,1,0,0,0,0,1,0,0,0,0,0,0,0,0,1,0,0,0,0,0
24,1,32.85723,-117.209774,34902,1,30,12.85,0,19.7,599.25,49.79,0,385.5,3,0,1,0,1,1,1,0,0,0,0,0,1,0,0,0,0,1,0,0,0,0,0,0,0,0,0,1,0,1,0,0
41,0,32.808814,-117.134694,25232,0,55,35.38,13,66.05,3462.1,44.53,150,1945.9,4,0,0,0,1,0,0,0,0,0,0,0,1,1,1,0,0,0,1,1,0,1,0,0,0,0,1,0,1,1,0,0
19,2,33.017518,-117.118456,20046,1,44,0.0,59,54.05,2375.2,47.45,0,0.0,4,1,1,0,1,1,1,0,0,0,0,0,0,0,1,0,0,0,1,1,1,1,0,1,1,1,0,1,1,1,0,0
55,0,33.000269,-117.072093,42733,0,47,26.35,5,58.9,2813.05,0.0,0,1238.45,4,0,0,0,0,0,0,0,0,0,0,0,1,0,1,0,0,0,1,1,0,1,0,0,0,1,1,0,1,1,0,0
31,0,32.89325,-117.087091,29283,10,64,19.22,21,96.9,6314.35,13.37,0,1230.08,3,0,0,0,1,0,1,0,0,0,0,0,1,0,1,0,1,0,1,0,0,1,1,1,1,1,1,0,1,1,0,0
61,0,32.677716,-117.047666,36351,0,1,44.22,0,19.1,19.1,0.0,0,44.22,4,1,0,0,0,0,0,0,0,0,0,0,1,0,0,0,0,1,0,0,0,0,0,0,0,0,0,0,0,1,0,0
38,0,32.578103,-117.012975,68776,0,20,49.81,4,50.0,1003.05,2.81,0,996.2,3,1,0,0,0,0,0,0,0,0,1,0,1,0,1,1,0,0,0,0,0,1,0,0,0,1,0,0,0,1,0,0
23,0,32.555828,-117.040073,28488,1,37,0.0,27,45.4,1593.1,44.13,0,0.0,4,0,1,0,1,0,1,0,0,0,0,0,0,0,1,1,0,0,1,0,0,1,1,0,0,1,0,1,0,0,0,0
63,2,33.713891,-116.237257,56307,9,30,21.72,19,85.45,2509.95,23.13,120,651.5999999999999,3,1,0,0,1,1,1,0,0,0,0,0,1,1,1,0,1,0,0,0,0,0,1,0,0,0,0,0,0,0,0,0
57,0,33.752938,-116.230055,2743,0,38,25.11,13,84.1,3187.65,0.0,0,954.18,3,0,0,0,0,0,0,0,0,0,0,0,1,1,1,1,0,0,1,1,1,0,1,1,1,1,1,0,0,0,0,0
22,0,33.936298,-116.849577,25859,3,52,0.0,52,66.25,3330.1,0.0,0,0.0,4,0,1,0,1,0,1,0,0,0,0,0,0,0,1,1,0,0,1,1,1,1,1,1,1,1,0,1,0,1,0,0
20,3,33.946982,-116.977672,17721,0,71,4.76,52,76.9,5522.7,0.0,0,337.96,3,1,1,0,0,1,0,1,0,0,0,0,1,0,1,1,0,0,1,1,1,1,1,0,0,1,0,1,1,1,0,0
56,0,33.03933,-115.191857,23394,0,66,45.57,11,74.6,4798.4,0.0,0,3007.62,3,1,0,0,0,0,0,1,0,0,0,0,1,1,1,1,0,0,1,1,1,0,0,1,1,1,0,1,1,1,0,0
45,0,33.929812,-116.76058,2355,9,72,17.87,3,116.95,8594.4,0.0,0,1286.64,3,1,0,0,1,0,1,1,0,0,0,0,1,1,1,0,1,0,1,1,1,1,1,1,1,1,0,1,1,1,0,0
56,2,32.690654,-115.431225,27804,0,25,0.0,18,40.65,970.55,0.0,0,0.0,3,1,0,0,0,1,0,0,0,0,0,0,0,0,1,1,0,0,1,0,0,0,1,0,0,1,1,0,1,1,0,0
24,3,33.143826,-115.497485,7857,7,69,37.97,27,114.35,7665.8,0.0,10,2619.93,4,1,1,0,1,1,1,1,0,0,0,0,1,1,1,0,1,0,1,1,1,1,1,1,1,0,0,1,1,0,0,0
54,3,33.829583,-116.474131,43141,9,53,27.93,57,69.7,3686.05,0.0,0,1480.29,3,1,0,0,1,1,1,0,0,0,0,0,1,1,1,1,0,0,1,1,0,0,0,1,1,1,0,1,0,0,0,0
26,0,33.889605,-115.257009,964,0,26,37.0,76,98.65,2537.0,0.0,0,962.0,3,1,1,0,0,0,0,0,0,0,0,0,1,0,1,0,1,0,0,0,1,1,1,1,1,1,0,0,1,0,0,0
25,0,33.948558,-116.516976,22796,0,21,39.85,52,61.65,1393.6,0.0,0,836.85,4,1,1,0,0,0,0,0,0,0,1,0,1,0,1,1,0,0,0,0,1,0,0,1,1,1,0,0,0,1,0,0
38,1,33.832799,-116.250973,5529,0,1,5.36,19,89.35,89.35,0.0,0,5.36,3,0,0,0,0,1,0,0,0,0,0,0,1,0,1,0,1,0,0,0,0,0,1,1,1,1,0,0,1,0,0,0
28,0,34.137742,-114.36514,1564,0,48,4.15,46,95.4,4445.3,0.0,0,199.2,3,1,1,0,0,0,0,0,0,0,0,0,1,1,1,0,1,0,1,0,0,1,0,1,1,1,0,0,1,0,0,0
24,0,32.770393,-115.60915,43712,4,26,0.0,51,35.4,978.6,0.0,0,0.0,3,0,1,0,1,0,1,0,0,0,0,0,0,0,1,1,0,0,1,0,1,0,0,0,0,1,1,0,0,1,0,0
39,0,32.730583,-115.501083,3535,7,60,30.14,0,19.95,1258.15,0.0,0,1808.4,4,1,0,0,1,0,1,0,0,0,0,0,1,0,0,0,0,1,0,0,0,0,0,0,0,0,0,1,0,1,0,0
50,0,32.811001,-115.152865,8062,0,18,31.33,0,19.25,331.35,0.0,0,563.9399999999999,5,1,0,0,0,0,0,0,0,0,1,0,1,0,0,0,0,1,0,0,0,0,0,0,0,0,0,0,0,1,0,0
52,1,33.695532,-116.310571,23971,0,4,32.15,0,20.4,84.75,0.0,0,128.6,3,0,0,0,0,1,0,0,0,0,0,0,1,0,0,0,0,1,0,0,0,0,0,0,0,0,1,0,1,1,0,0
52,2,33.543835,-115.993906,8768,4,65,36.5,0,24.75,1715.1,0.0,0,2372.5,5,1,0,0,1,1,1,0,0,0,0,0,1,1,0,0,0,1,0,0,0,0,0,0,0,0,0,1,0,1,0,0
63,1,34.097863,-116.594561,3499,6,70,10.46,0,25.35,1715.15,0.0,0,732.2,3,1,0,0,1,1,1,1,0,0,0,0,1,1,0,0,0,1,0,0,0,0,0,0,0,0,0,1,0,1,0,0
44,2,33.906496,-116.569499,732,0,62,24.48,0,20.0,1250.1,0.0,0,1517.76,3,1,0,0,0,1,0,0,0,0,0,0,1,0,0,0,0,1,0,0,0,0,0,0,0,0,0,1,0,0,0,0
58,2,32.698964,-115.886656,471,9,66,8.39,16,59.75,3996.8,0.0,0,553.74,3,0,0,0,1,1,1,1,0,0,0,0,1,0,1,1,0,0,1,0,0,0,1,0,0,1,0,1,1,0,0,0
23,2,33.694501,-116.412711,29340,0,65,4.75,69,82.5,5215.1,0.0,40,308.75,3,0,1,0,1,1,0,0,1,0,0,0,1,1,1,1,0,0,1,1,0,1,1,1,1,0,0,1,1,0,0,0
19,0,33.745746,-116.514215,18884,0,34,36.75,0,20.35,673.2,0.0,0,1249.5,5,0,1,0,0,0,0,0,0,0,0,0,1,0,0,0,0,1,0,0,0,0,0,0,0,0,0,0,0,1,0,0
49,2,33.3249,-114.758334,291,8,16,48.71,12,90.8,1442.2,0.0,0,779.36,3,1,0,0,1,1,1,0,0,0,1,0,1,1,1,0,1,0,0,0,1,0,1,0,0,1,0,0,1,0,0,0
54,0,33.763678,-116.429928,12465,10,71,37.69,8,105.25,7291.75,0.0,0,2675.99,5,1,0,0,1,0,1,1,0,0,0,0,1,0,1,0,1,0,0,1,1,1,1,1,1,1,0,1,1,0,0,0
45,0,33.28156,-115.955541,799,0,18,12.97,0,23.75,424.5,0.0,0,233.46,4,1,0,0,0,0,0,0,0,0,1,0,1,1,0,0,0,1,0,0,0,0,0,0,0,0,1,0,0,1,0,0
54,0,33.849263,-116.382778,6242,0,4,37.7,2,61.3,249.4,0.0,10,150.8,3,1,0,0,0,0,0,0,0,0,0,0,1,0,1,1,0,0,0,0,0,1,1,0,0,0,0,0,1,0,0,0
28,2,33.141265,-116.967221,48690,1,58,2.87,69,75.8,4415.75,0.0,0,166.46,3,0,1,0,1,1,1,0,1,0,0,0,1,1,1,1,0,0,1,0,1,1,1,0,0,1,0,1,0,1,0,0
33,0,34.457829,-116.139589,14104,10,56,37.5,11,98.0,5270.6,0.0,0,2100.0,3,0,0,0,1,0,1,0,1,0,0,0,1,1,1,0,1,0,1,0,0,0,1,1,1,1,1,0,1,0,0,0
24,2,33.972293,-116.654195,805,8,56,0.0,41,52.0,2884.9,0.0,0,0.0,3,1,1,0,1,1,1,0,1,0,0,0,0,0,1,0,0,0,1,1,0,1,1,0,0,1,1,0,1,1,0,0
58,0,34.159534,-116.425984,20486,0,4,1.1,19,64.4,253.0,0.0,0,4.4,4,0,0,0,0,0,0,0,0,0,0,0,1,1,1,0,0,0,0,0,0,1,1,0,0,1,0,0,1,1,0,0
34,0,34.667815,-117.536183,18980,0,10,15.45,22,45.8,436.2,0.0,0,154.5,3,1,0,0,0,0,0,0,0,0,0,0,1,0,1,0,0,0,0,0,0,0,0,0,0,1,0,0,1,1,0,0
52,0,34.559882,-115.637164,42,0,4,0.0,22,30.5,118.4,0.0,0,0.0,4,1,0,0,0,0,0,0,0,0,0,0,0,0,1,0,0,0,0,0,0,1,0,0,0,1,0,0,0,0,0,0
63,0,33.362575,-117.299644,42239,1,51,45.76,13,69.15,3649.6,0.0,110,2333.76,4,0,0,0,1,0,1,0,1,0,0,0,1,0,1,0,1,0,0,0,0,0,0,0,0,0,0,0,0,1,0,0
29,0,35.28952,-116.092214,904,0,6,0.0,48,49.25,255.6,0.0,0,0.0,3,0,1,0,0,0,0,0,0,0,0,0,0,0,1,0,0,0,0,0,0,1,1,1,1,1,1,0,1,1,0,0
45,2,35.349241,-116.770281,9465,7,63,0.0,16,39.35,2395.05,0.0,0,0.0,5,1,0,0,1,1,1,0,1,0,0,0,0,0,1,1,0,0,0,1,1,1,0,0,0,1,0,1,0,0,0,0
22,0,34.029175,-117.307211,11024,4,48,39.25,51,105.1,5083.55,0.0,0,1884.0,3,0,1,0,1,0,1,0,1,0,0,0,1,1,1,0,1,0,0,1,0,1,1,1,1,1,0,0,1,1,0,0
44,1,34.242058,-116.89802,5447,0,35,25.52,0,20.1,644.5,0.0,0,893.1999999999999,4,0,0,0,0,1,0,0,0,0,0,0,1,0,0,0,0,1,0,0,0,0,0,0,0,0,1,0,1,1,0,0
58,0,33.982787,-117.057627,7334,0,2,1.97,0,19.75,39.3,0.0,0,3.94,4,1,0,0,0,0,0,0,0,0,0,0,1,0,0,0,0,1,0,0,0,0,0,0,0,0,0,0,0,1,0,0
63,0,34.255203,-117.175654,455,0,50,37.95,0,19.75,989.05,0.0,0,1897.5,4,0,0,0,0,0,0,0,1,0,0,0,1,0,0,0,0,1,0,0,0,0,0,0,0,0,1,0,0,0,0,0
43,0,34.030915,-117.273201,52202,0,33,49.45,19,70.4,2406.1,0.0,60,1631.85,4,0,0,0,0,0,0,0,0,0,0,0,1,0,1,0,1,0,0,0,0,0,0,0,0,0,0,0,1,0,0,0
59,0,34.248061,-117.29028,10484,0,31,34.57,0,20.45,638.55,0.0,0,1071.67,3,1,0,0,0,0,0,0,0,0,0,0,1,0,0,0,0,1,0,0,0,0,0,0,0,0,0,1,0,1,0,0
22,1,34.875144,-116.821698,678,9,9,30.83,0,20.35,191.1,0.0,0,277.47,3,0,1,0,1,1,1,0,0,0,0,0,1,0,0,0,0,1,0,0,0,0,0,0,0,0,0,1,0,1,0,0
40,2,36.27688,-117.033326,443,7,54,4.33,12,86.2,4524.05,0.0,0,233.82,3,0,0,0,1,1,1,0,1,0,0,0,1,1,1,1,0,0,0,1,1,1,1,1,1,1,0,0,1,0,0,0
27,0,34.9436,-115.287901,115,0,46,30.6,59,95.65,4664.2,0.0,0,1407.6,3,0,1,0,0,0,0,0,1,0,0,0,1,0,1,0,1,0,1,1,1,0,1,0,0,1,1,0,1,1,0,0
35,1,34.274846,-116.937581,414,0,34,4.28,16,103.8,3470.8,0.0,0,145.52,4,1,0,0,0,1,0,0,0,1,0,0,1,1,1,0,1,0,1,1,0,0,1,1,1,1,1,0,1,0,0,0
28,2,34.087558,-117.464096,82630,7,71,39.09,69,97.2,6910.3,0.0,0,2775.3900000000003,3,1,1,0,1,1,1,1,0,0,0,0,1,1,1,0,1,0,1,0,0,0,1,1,1,1,0,1,1,0,0,0
62,2,34.136367,-117.460803,54586,6,63,1.18,27,63.55,4014.2,0.0,90,74.33999999999999,3,0,0,0,1,1,1,0,1,0,0,0,1,0,1,1,0,0,1,1,1,1,0,0,0,0,0,1,0,1,0,0
56,0,34.049671,-117.468896,29847,0,51,44.35,0,24.95,1288.0,0.0,0,2261.85,5,0,0,0,0,0,0,0,1,0,0,0,1,1,0,0,0,1,0,0,0,0,0,0,0,0,0,1,0,0,0,0
35,0,34.067699,-116.903891,958,7,64,35.92,11,99.0,6375.8,0.0,0,2298.88,4,0,0,0,1,0,1,0,1,0,0,0,1,0,1,0,1,0,1,0,1,0,1,1,1,1,0,1,1,0,0,0
54,0,34.361387,-117.337509,68515,0,15,15.28,16,94.0,1505.45,0.0,0,229.2,3,0,0,0,0,0,0,0,0,0,0,0,1,0,1,0,1,0,0,0,1,0,1,1,1,1,0,0,1,1,0,0
40,0,34.983808,-117.239306,1933,0,18,38.32,20,50.3,913.3,0.0,0,689.76,3,0,0,0,0,0,0,0,0,0,0,0,1,1,1,1,0,0,0,0,0,0,0,0,0,1,0,0,1,0,0,0
35,2,34.2565,-117.19335,9793,3,57,42.18,22,95.0,5535.8,0.0,0,2404.26,5,0,0,0,1,1,1,0,1,0,0,0,1,0,1,0,1,0,0,1,0,0,1,1,1,1,1,0,1,0,0,0
20,1,34.049315,-117.255974,18068,3,14,10.74,59,61.4,815.55,0.0,20,150.36,4,1,1,0,1,1,1,0,0,0,0,0,1,0,1,1,0,0,1,1,0,0,0,1,1,0,0,1,1,0,0,0
23,0,34.103578,-117.04054,7324,10,70,21.68,30,114.3,8244.3,0.0,0,1517.6,4,1,1,0,1,0,1,1,0,0,0,0,1,1,1,0,1,0,1,1,1,1,1,1,1,1,0,1,0,1,0,0
33,0,34.711224,-114.702256,5488,0,38,41.63,0,20.05,741.5,0.0,0,1581.94,5,0,0,0,0,0,0,0,0,1,0,0,1,0,0,0,0,1,0,0,0,0,0,0,0,0,0,1,0,1,0,0
38,1,35.478736,-115.516984,162,4,68,36.51,24,62.65,4375.8,0.0,0,2482.68,3,1,0,0,1,1,1,1,0,0,0,0,1,0,1,1,0,0,1,1,1,1,0,0,0,1,0,1,0,1,0,0
27,0,34.441123,-117.537886,12463,0,30,34.49,59,100.45,3096.9,0.0,80,1034.7,5,0,1,0,0,0,0,0,0,1,0,0,1,1,1,0,1,0,0,0,1,0,1,1,1,0,0,0,0,0,0,0
39,0,34.459322,-117.629729,4280,10,51,9.99,5,75.2,3901.25,0.0,0,509.49,3,1,0,0,1,0,1,0,1,0,0,0,1,1,1,1,0,0,0,0,0,1,1,1,1,1,0,1,1,0,0,0
30,0,34.003243,-117.138286,31230,0,31,24.21,48,84.75,2613.4,0.0,0,750.51,3,0,0,0,0,0,0,0,0,1,0,0,1,1,1,0,1,0,1,0,1,0,0,0,0,1,0,0,1,1,0,0
35,1,34.109775,-117.378904,75882,5,72,32.59,14,79.5,5661.7,0.0,0,2346.4800000000005,3,0,0,0,1,1,1,1,0,0,0,0,1,1,1,1,0,0,1,1,1,1,0,1,1,1,0,1,1,0,0,0
62,0,34.186211,-117.07683,5395,0,37,30.17,0,19.8,695.05,0.0,0,1116.29,5,0,0,0,0,0,0,0,0,1,0,0,1,0,0,0,0,1,0,0,0,0,0,0,0,0,1,0,1,0,0,0
19,0,34.243088,-116.830015,1834,0,55,42.19,51,100.9,5552.05,0.0,0,2320.45,4,1,1,0,0,0,0,0,1,0,0,0,1,0,1,0,1,0,1,1,0,0,1,1,1,1,1,0,1,1,0,0
55,3,33.362575,-117.299644,42239,0,33,10.36,53,95.3,3275.15,0.0,0,341.88,4,1,0,0,0,1,0,0,0,1,0,0,1,1,1,0,1,0,1,0,1,0,0,1,1,1,0,0,1,0,0,0
23,3,34.486835,-117.362274,63235,2,46,6.26,48,90.95,4236.6,0.0,50,287.96,5,0,1,0,1,1,1,0,1,0,0,0,1,0,1,0,1,0,0,0,1,1,0,1,1,0,1,0,0,0,0,0
63,3,34.567058,-117.362329,12083,0,1,33.21,75,54.5,54.5,0.0,0,33.21,3,0,0,0,0,1,0,0,0,0,0,0,1,0,1,1,0,0,1,0,0,1,0,0,0,1,0,0,0,0,0,0
43,1,34.105935,-117.2914,1779,3,19,7.42,17,49.6,962.9,0.0,0,140.98,3,0,0,0,1,1,1,0,0,0,0,0,1,0,1,1,0,0,0,0,1,0,0,0,0,1,0,0,1,0,0,0
62,1,34.142747,-117.300864,24644,0,61,32.05,0,25.0,1498.35,0.0,0,1955.05,4,0,0,0,0,1,0,0,1,0,0,0,1,1,0,0,0,1,0,0,0,0,0,0,0,0,0,1,1,1,0,0
28,0,34.250069,-117.393949,49355,0,26,29.07,42,45.45,1233.15,0.0,0,755.82,3,1,1,0,0,0,0,0,0,1,0,0,1,0,1,0,0,0,0,0,0,0,0,0,0,1,0,0,0,0,0,0
50,0,34.084909,-117.258107,12149,0,45,29.81,27,107.75,4882.8,0.0,0,1341.45,5,1,0,0,1,0,0,0,1,0,0,0,1,1,1,0,1,0,0,1,1,0,1,1,1,1,0,0,1,0,0,0
23,2,34.106922,-117.297553,44556,4,62,37.75,73,89.1,5411.65,0.0,0,2340.5,4,1,1,0,1,1,1,0,1,0,0,0,1,1,1,0,1,0,0,0,1,0,1,0,0,1,0,1,1,1,0,0
37,0,33.994676,-117.372498,18999,0,3,34.89,13,44.75,148.05,0.0,10,104.67,5,0,0,0,0,0,0,0,0,0,0,0,1,0,1,0,0,0,0,0,0,0,0,0,0,0,0,0,0,1,0,0
21,1,33.890046,-117.455583,71678,7,41,14.73,82,101.6,3930.55,0.0,0,603.9300000000001,3,0,1,0,1,1,1,0,1,0,0,0,1,1,1,0,1,0,1,1,1,0,0,1,1,1,1,0,1,0,0,0
31,3,33.9108,-117.398153,46550,4,67,13.26,76,103.15,6895.5,0.0,0,888.42,3,1,0,0,1,1,1,1,0,0,0,0,1,0,1,0,1,0,0,1,1,1,1,1,1,1,0,1,0,0,0,0
53,0,33.930931,-117.361788,42425,6,71,5.22,10,95.65,6856.95,0.0,0,370.62,3,0,0,0,1,0,1,1,0,0,0,0,1,1,1,0,1,0,1,1,0,0,1,0,0,1,1,0,0,1,0,0
32,2,33.976328,-117.319786,48649,3,37,1.12,23,75.1,2658.8,0.0,0,41.440000000000005,3,0,0,0,1,1,1,0,0,1,0,0,1,0,1,0,0,0,1,1,0,0,1,1,1,1,1,0,0,0,0,0
45,0,33.885499,-117.324959,17147,5,60,22.22,16,61.35,3766.2,0.0,0,1333.1999999999998,3,1,0,0,1,0,1,0,0,0,0,0,1,0,1,1,0,0,1,1,0,1,0,0,0,1,0,1,1,1,0,0
50,0,33.888323,-117.277533,1005,0,6,31.02,0,19.7,129.55,0.0,0,186.12,5,0,0,0,0,0,0,0,0,0,0,1,1,0,0,0,0,1,0,0,0,0,0,0,0,0,0,0,0,1,0,0
42,3,33.705836,-117.318204,4546,8,11,44.84,57,51.0,581.7,0.0,60,493.24,3,0,0,0,1,1,1,0,0,0,0,0,1,0,1,1,0,0,1,0,0,0,0,0,0,0,0,0,0,0,0,0
45,3,33.527605,-116.666551,3745,8,10,32.76,51,88.85,929.45,0.0,0,327.6,4,0,0,0,1,1,1,0,0,0,0,0,1,0,1,0,1,0,0,0,0,0,1,1,1,1,0,0,1,0,0,0
44,0,33.739415,-116.968339,29687,6,34,4.42,0,20.05,679.0,0.0,0,150.28,3,1,0,0,1,0,1,0,0,1,0,0,1,0,0,0,0,1,0,0,0,0,0,0,0,0,0,1,0,1,0,0
45,0,33.644585,-116.871544,39264,0,62,23.18,18,65.1,3846.75,0.0,0,1437.16,3,0,0,0,0,0,0,0,0,0,0,0,1,0,1,1,0,0,1,0,0,1,0,1,1,1,0,1,1,1,0,0
24,0,33.734933,-117.044145,25694,5,64,32.93,26,70.15,4480.7,0.0,0,2107.52,4,1,1,0,1,0,1,0,0,0,0,0,1,1,1,1,0,0,0,1,0,1,0,1,1,1,1,0,1,1,0,0
29,0,33.755039,-116.741796,3588,0,25,29.38,0,20.75,499.4,0.0,0,734.5,3,1,1,0,0,0,0,0,0,1,0,0,1,0,0,0,0,1,0,0,0,0,0,0,0,0,0,1,1,1,0,0
30,0,33.88274,-117.224878,22983,0,26,35.75,71,56.05,1553.2,0.0,0,929.5,4,0,0,0,0,0,0,0,0,1,0,0,1,0,1,0,0,0,0,1,1,0,0,0,0,1,1,0,1,1,0,0
22,1,33.923149,-117.244933,61205,0,10,7.86,0,19.95,219.5,0.0,0,78.60000000000001,5,1,1,0,0,1,0,0,0,0,0,0,1,0,0,0,0,1,0,0,0,0,0,0,0,0,1,0,1,0,0,0
52,0,33.907361,-117.109972,12743,0,53,29.39,12,98.6,5311.85,0.0,0,1557.67,3,0,0,0,0,0,0,0,0,0,0,0,1,1,1,0,1,0,1,1,1,0,1,0,0,1,1,0,0,1,0,0
59,0,33.638645,-116.55783,1500,0,33,17.63,19,79.0,2576.8,0.0,0,581.79,3,1,0,0,0,0,0,0,0,1,0,0,1,0,1,0,1,0,0,1,1,0,0,0,0,1,0,0,1,1,0,0
25,0,33.581045,-117.14719,18311,0,29,16.38,82,74.2,1993.25,0.0,0,475.02,5,0,1,0,0,0,0,0,0,1,0,0,1,1,1,0,1,0,0,0,0,0,0,0,0,1,0,0,1,0,0,0
51,3,33.82769,-117.102244,7344,3,24,45.68,26,81.0,1923.85,0.0,0,1096.32,3,1,0,0,1,1,1,0,0,1,0,0,1,1,1,0,0,0,1,0,0,1,1,1,1,1,0,0,0,0,0,0
63,1,33.787298,-117.320676,36817,5,20,13.18,10,49.6,939.8,0.0,0,263.6,3,1,0,0,1,1,1,0,0,0,0,0,1,0,1,0,0,0,0,0,1,0,0,0,0,1,0,0,1,0,0,0
44,0,33.828289,-117.201666,26357,0,1,7.34,11,84.6,84.6,0.0,0,7.34,3,0,0,0,0,0,0,0,0,0,0,1,1,1,1,0,1,0,0,0,0,0,1,0,0,0,0,0,1,0,0,0
45,3,33.653338,-117.178271,14068,10,72,37.84,53,84.2,5986.55,0.0,0,2724.4800000000005,3,0,0,0,1,1,1,1,0,0,0,0,1,1,1,0,0,0,1,0,1,1,1,1,1,1,0,1,1,0,0,0
26,0,33.739412,-117.173334,8692,4,52,49.82,51,106.3,5487.0,0.0,0,2590.64,3,1,1,0,1,0,1,0,0,0,0,0,1,0,1,0,1,0,1,1,1,1,1,1,1,1,0,1,1,0,0,0
63,0,33.707483,-117.200006,18161,0,9,29.87,5,69.05,651.5,0.0,0,268.83,3,0,0,0,0,0,0,0,0,0,0,1,1,0,1,0,1,0,0,0,0,0,0,0,0,1,0,0,0,0,0,0
38,0,33.69887,-117.25071,13151,0,1,49.33,21,45.4,45.4,0.0,0,49.33,3,0,0,0,0,0,0,0,0,0,0,1,1,0,1,1,0,0,0,0,0,0,0,0,0,1,0,0,1,1,0,0
55,1,33.617108,-117.253349,19368,0,69,8.46,21,99.35,6856.45,0.0,0,583.74,4,1,0,0,1,1,0,1,0,0,0,0,1,1,1,0,1,0,0,0,0,1,1,1,1,1,0,1,1,0,0,0
37,0,33.657433,-117.04254,4093,0,1,45.77,20,50.75,50.75,0.0,0,45.77,3,1,0,0,0,0,0,0,0,0,0,1,1,0,1,1,0,0,1,0,0,0,0,0,0,1,0,0,1,1,0,0
60,0,33.720359,-117.733655,2762,0,54,18.54,26,87.1,4735.2,0.0,80,1001.16,3,1,0,0,0,0,0,0,0,0,0,0,1,1,1,1,0,0,1,0,1,1,1,1,1,0,0,1,0,0,0,0
51,3,33.688546,-117.788091,27369,0,33,21.16,0,20.15,682.15,0.0,0,698.28,3,1,0,0,0,1,0,0,0,1,0,0,1,0,0,0,0,1,0,0,0,0,0,0,0,0,1,0,1,1,0,0
49,1,33.698728,-117.67768,10936,0,11,0.0,19,25.2,321.05,0.0,0,0.0,3,0,0,0,0,1,0,0,0,0,0,0,0,0,1,1,0,0,0,0,0,0,0,0,0,1,0,0,0,0,0,0
22,0,33.643095,-117.810896,41062,0,6,3.16,41,55.7,335.65,0.0,0,18.96,3,1,1,0,0,0,0,0,0,0,0,0,1,0,1,1,0,0,1,1,0,0,0,0,0,1,0,0,1,0,0,0
28,0,33.680302,-117.833296,22499,0,21,16.16,42,65.35,1424.4,0.0,0,339.36,3,1,1,0,0,0,0,0,0,0,0,0,1,0,1,1,0,0,1,0,1,0,1,0,0,1,0,0,0,0,0,0
25,3,33.667145,-117.732135,6301,9,65,34.03,0,25.3,1748.55,0.0,0,2211.9500000000003,4,0,1,0,1,1,1,0,0,0,0,0,1,1,0,0,0,1,0,0,0,0,0,0,0,0,0,1,1,0,0,0
60,2,33.678591,-117.905471,48207,4,43,2.81,0,24.25,1077.95,0.0,0,120.83,4,1,0,0,1,1,1,0,0,0,0,0,1,1,0,0,0,1,0,0,0,0,0,0,0,0,0,1,0,1,0,0
37,2,33.666301,-117.969501,56517,7,60,43.24,28,60.5,3694.45,0.0,0,2594.4,3,1,0,0,1,1,1,0,0,0,0,0,1,0,1,1,0,0,1,1,1,0,0,0,0,1,0,1,0,0,0,0
48,0,33.723579,-118.005441,58764,0,17,0.0,11,25.1,382.8,0.0,0,0.0,4,1,0,0,0,0,0,0,0,0,0,0,0,0,1,1,0,0,0,0,0,0,0,0,0,1,0,0,0,1,0,0
24,1,33.721917,-118.043237,32304,4,35,41.02,0,20.05,746.75,0.0,0,1435.7,3,1,1,0,1,1,1,0,0,1,0,0,1,0,0,0,0,1,0,0,0,0,0,0,0,0,1,0,0,0,0,0
48,1,33.606899,-117.717854,48273,4,12,0.0,22,30.25,368.85,0.0,0,0.0,4,0,0,0,1,1,1,0,0,0,0,0,0,0,1,1,0,0,0,0,0,1,0,0,0,1,1,0,0,1,0,0
63,0,33.744439,-117.98588,8660,0,1,13.08,0,20.2,20.2,0.0,0,13.08,5,1,0,0,0,0,0,0,0,0,0,0,1,0,0,0,0,1,0,0,0,0,0,0,0,0,0,0,0,1,0,0
57,0,33.571259,-117.731917,41237,0,28,11.32,11,59.9,1654.7,0.0,0,316.96000000000004,3,0,0,0,0,0,0,0,0,1,0,0,1,0,1,1,0,0,1,1,0,1,0,0,0,1,1,0,1,0,0,0
61,0,33.603282,-117.821841,5597,7,70,9.03,0,25.15,1940.85,0.0,0,632.0999999999999,4,1,0,0,1,0,1,1,0,0,0,0,1,1,0,0,0,1,0,0,0,0,0,0,0,0,0,1,0,0,0,0
61,0,33.601309,-117.902304,4242,0,18,7.56,20,101.3,1794.65,0.0,0,136.07999999999998,3,1,0,0,0,0,0,0,0,0,0,0,1,0,1,0,1,0,0,1,1,0,1,1,1,1,0,0,0,1,0,0
46,0,33.606336,-117.893042,3124,1,70,18.26,18,76.95,5289.8,0.0,0,1278.2,3,1,0,0,1,0,1,1,0,0,0,0,1,1,1,1,0,0,1,0,0,1,1,1,1,1,0,1,1,1,0,0
51,3,33.62251,-117.927024,22133,1,9,23.36,22,55.3,501.2,0.0,0,210.24,5,0,0,0,1,1,1,0,0,0,0,0,1,1,1,1,0,0,0,1,0,0,0,0,0,1,0,0,1,1,0,0
63,0,33.4725,-117.584273,15297,0,1,16.42,21,48.45,48.45,0.0,0,16.42,3,0,0,0,0,0,0,0,0,0,0,0,1,0,1,0,0,0,1,0,0,0,0,0,0,1,0,0,1,0,0,0
20,3,33.521447,-117.602555,34321,5,18,20.0,0,19.35,309.25,0.0,0,360.0,5,0,1,0,1,1,1,0,0,0,0,0,1,0,0,0,0,1,0,0,0,0,0,0,0,0,0,1,0,1,0,0
61,0,33.752591,-117.993661,88230,10,1,17.68,9,55.7,55.7,0.0,0,17.68,4,1,0,0,1,0,1,0,0,0,0,0,1,0,1,0,0,0,1,0,1,0,0,0,0,1,0,0,0,1,0,0
19,0,33.624654,-117.611733,42193,0,55,44.85,48,84.25,4589.85,0.0,0,2466.75,4,0,1,0,0,0,0,0,0,0,0,0,1,1,1,0,1,0,1,0,1,0,0,0,0,1,1,0,1,1,0,0
60,0,33.611945,-117.665867,46371,0,59,16.8,18,64.65,3735.45,0.0,0,991.2,3,1,0,0,0,0,0,0,0,0,0,0,1,0,1,0,0,0,0,0,1,1,1,0,0,1,0,0,1,0,0,0
19,0,33.569186,-117.640055,350,8,7,41.22,73,69.2,477.55,0.0,0,288.54,3,0,1,0,1,0,1,0,0,0,0,0,1,0,1,0,1,0,0,0,0,0,0,0,0,1,0,0,1,0,0,0
21,1,33.748478,-117.858918,58157,1,45,45.21,59,54.65,2553.7,0.0,0,2034.45,3,1,1,0,1,1,1,0,0,0,0,0,1,0,1,0,0,0,1,0,0,1,0,0,0,1,0,1,0,0,0,0
40,2,33.748635,-117.906125,70011,1,54,28.87,0,24.75,1342.15,0.0,0,1558.98,3,0,0,0,1,1,1,0,0,0,0,0,1,1,0,0,0,1,0,0,0,0,0,0,0,0,1,0,1,0,0,0
40,3,33.719869,-117.907063,91188,1,51,42.55,0,23.95,1216.35,0.0,0,2170.05,5,1,0,0,1,1,1,0,0,0,0,0,1,1,0,0,0,1,0,0,0,0,0,0,0,0,1,0,1,1,0,0
39,0,33.765893,-117.881533,37879,1,44,17.61,24,59.85,2603.95,0.0,0,774.8399999999999,3,1,0,0,1,0,1,0,0,0,0,0,1,0,1,1,0,0,1,1,0,1,0,0,0,1,1,0,1,0,0,0
19,0,33.714829,-117.872941,62634,0,2,40.28,0,20.05,42.7,0.0,0,80.56,5,1,1,0,0,0,0,0,0,0,0,0,1,0,0,0,0,1,0,0,0,0,0,0,0,0,0,0,0,1,0,0
49,0,33.712036,-117.950113,54548,0,66,19.68,28,92.15,6056.9,0.0,0,1298.88,4,0,0,0,0,0,0,1,0,0,0,0,1,1,1,0,1,0,0,0,1,0,1,0,0,1,1,0,1,0,0,0
39,2,33.735802,-117.818805,55062,1,68,0.0,19,44.8,2983.65,0.0,0,0.0,3,1,0,0,1,1,1,1,0,0,0,0,0,0,1,1,0,0,1,1,0,0,1,0,0,1,1,0,0,1,0,0
52,0,33.738543,-117.785046,17494,0,31,26.16,0,20.9,689.35,0.0,0,810.96,5,0,0,0,0,0,0,0,0,0,0,0,1,0,0,0,0,1,0,0,0,0,0,0,0,0,0,1,0,1,0,0
61,2,33.807864,-117.923782,45086,0,21,13.39,24,80.35,1747.2,0.0,0,281.19,3,1,0,0,0,1,0,0,0,0,1,0,1,1,1,0,1,0,1,0,0,0,0,0,0,1,0,0,0,0,0,0
37,3,33.818,-117.974404,81333,1,55,8.39,52,85.1,4657.95,0.0,0,461.4500000000001,3,0,0,0,1,1,1,0,0,0,0,0,1,1,1,1,0,0,1,0,1,1,1,1,1,1,0,1,1,0,0,0
37,1,33.850452,-117.726668,19629,1,22,37.4,0,19.95,433.5,0.0,0,822.8,3,1,0,0,1,1,1,0,0,0,1,0,1,0,0,0,0,1,0,0,0,0,0,0,0,0,1,0,0,1,0,0
41,0,33.879983,-117.895482,34592,1,67,3.2,23,86.15,5883.85,0.0,0,214.4,5,0,0,0,1,0,1,1,0,0,0,0,1,1,1,1,0,0,0,1,1,1,1,1,1,1,0,1,0,0,0,0
50,0,33.787165,-117.931889,50641,0,4,0.0,23,42.4,146.4,0.0,0,0.0,4,1,0,0,0,0,0,0,0,0,0,0,0,0,1,1,0,0,1,1,0,1,0,0,0,1,0,0,0,1,0,0
36,0,33.764018,-117.931507,43491,1,70,28.54,0,24.25,1724.15,0.0,0,1997.8,4,1,0,0,1,0,1,1,0,0,0,0,1,1,0,0,0,1,0,0,0,0,0,0,0,0,0,1,0,0,0,0
46,0,33.925833,-117.559639,22443,0,20,29.12,0,19.6,356.15,0.0,0,582.4,4,1,0,0,0,0,0,0,0,0,1,0,1,0,0,0,0,1,0,0,0,0,0,0,0,0,0,0,1,1,0,0
50,2,33.817473,-117.810462,5935,1,22,37.7,0,20.25,488.25,0.0,0,829.4000000000001,3,1,0,0,1,1,1,0,0,0,1,0,1,0,0,0,0,1,0,0,0,0,0,0,0,0,1,0,0,0,0,0
25,0,33.784597,-117.844535,15396,0,63,16.57,0,20.6,1298.7,0.0,0,1043.91,5,0,1,0,0,0,0,0,0,0,0,0,1,0,0,0,0,1,0,0,0,0,0,0,0,0,0,1,1,1,0,0
38,2,33.81859,-117.821288,40915,1,70,48.44,0,19.8,1378.75,0.0,0,3390.8,4,0,0,0,1,1,1,1,0,0,0,0,1,0,0,0,0,1,0,0,0,0,0,0,0,0,0,1,0,0,0,0
25,0,33.792791,-117.789749,37916,0,5,48.86,59,80.2,384.25,0.0,0,244.3,3,0,1,0,0,0,0,0,0,0,0,1,1,0,1,0,1,0,0,0,0,0,1,0,0,1,0,0,0,0,0,0
61,2,33.881158,-117.854783,48170,1,72,28.86,20,116.4,8543.25,0.0,0,2077.92,3,0,0,0,1,1,1,1,0,0,0,0,1,1,1,0,1,0,1,1,1,1,1,1,1,1,0,1,1,1,0,0
27,0,33.893823,-117.531446,44875,0,13,0.0,27,31.65,389.95,0.0,0,0.0,3,0,1,0,0,0,0,0,0,0,1,0,0,0,1,1,0,0,0,1,0,0,0,0,0,1,0,0,1,0,0,0
63,0,33.918043,-117.617809,16998,1,61,17.73,2,94.15,5731.85,0.0,0,1081.53,3,1,0,0,1,0,1,0,0,0,0,0,1,0,1,0,1,0,0,1,1,1,0,1,1,1,0,0,0,1,0,0
50,0,33.833686,-117.513063,21911,0,1,1.47,0,20.65,20.65,0.0,0,1.47,5,1,0,0,0,0,0,0,0,0,0,1,1,0,0,0,0,1,0,0,0,0,0,0,0,0,0,0,0,0,0,0
35,0,33.762351,-117.488725,13188,0,4,32.54,0,20.15,84.5,0.0,0,130.16,4,0,0,0,0,0,0,0,0,0,0,1,1,0,0,0,0,1,0,0,0,0,0,0,0,0,0,0,0,1,0,0
64,0,33.897253,-117.792202,39458,0,35,20.39,21,55.25,1924.1,0.0,0,713.65,3,1,0,0,0,0,0,0,0,0,0,0,1,1,1,1,0,0,1,0,0,0,0,0,0,1,0,1,0,1,0,0
62,0,34.360261,-119.306383,32899,5,72,22.01,5,82.15,5784.3,0.0,0,1584.72,5,1,0,0,1,0,1,1,0,0,0,0,1,1,1,1,0,0,0,1,1,0,1,1,1,1,0,1,0,0,0,0
46,0,34.278697,-119.167798,27381,10,44,32.72,6,95.1,4060.55,0.0,0,1439.6799999999998,3,0,0,0,1,0,1,0,1,0,0,0,1,1,1,0,1,0,1,1,1,1,0,0,0,1,0,0,1,1,0,0
40,1,34.205504,-118.993111,24945,2,37,41.03,15,95.15,3532.85,0.0,0,1518.11,3,0,0,0,1,1,1,0,0,0,0,0,1,1,1,0,1,0,0,1,1,0,0,1,1,1,0,0,1,0,0,0
36,0,34.441398,-119.513163,17409,7,61,27.88,5,79.8,4914.8,0.0,70,1700.6799999999998,5,1,0,0,1,0,1,0,1,0,0,0,1,1,1,1,0,0,0,1,1,0,1,1,1,0,1,0,1,0,0,0
34,0,34.408161,-118.865111,16013,9,70,8.28,5,74.8,5315.8,0.0,0,579.5999999999999,3,1,0,0,1,0,1,1,0,0,0,0,1,1,1,1,0,0,1,0,1,1,0,1,1,1,0,1,1,1,0,0
52,0,34.404544,-119.302118,6503,0,41,15.48,0,20.45,775.6,0.0,0,634.6800000000001,5,0,0,0,0,0,0,0,1,0,0,0,1,0,0,0,0,1,0,0,0,0,0,0,0,0,0,0,0,0,0,0
25,1,34.581308,-118.931948,21633,2,70,35.9,59,78.35,5445.95,0.0,0,2513.0,4,1,1,0,1,1,1,1,0,0,0,0,1,1,1,0,0,0,1,1,1,1,0,1,1,1,1,0,0,0,0,0
34,0,34.156629,-119.117218,77791,0,51,29.33,0,19.1,1007.8,0.0,0,1495.83,4,1,0,0,0,0,0,0,1,0,0,0,1,0,0,0,0,1,0,0,0,0,0,0,0,0,1,0,0,0,0,0
63,1,34.18454,-119.224666,25322,3,42,3.14,0,20.0,833.55,0.0,0,131.88,3,0,0,0,1,1,1,0,1,0,0,0,1,0,0,0,0,1,0,0,0,0,0,0,0,0,0,1,0,1,0,0
43,0,34.110124,-119.100972,25634,0,48,11.02,0,19.95,1004.5,0.0,0,528.96,5,1,0,0,0,0,0,0,1,0,0,0,1,0,0,0,0,1,0,0,0,0,0,0,0,0,1,0,0,0,0,0
54,0,34.296813,-118.685703,49027,0,48,30.82,0,24.0,1183.05,0.0,0,1479.36,3,0,0,0,0,0,0,0,1,0,0,0,1,1,0,0,0,1,0,0,0,0,0,0,0,0,0,1,0,1,0,0
36,0,34.419203,-119.710008,31727,0,27,20.18,0,19.15,501.35,0.0,0,544.86,5,0,0,0,0,0,0,0,0,0,0,0,1,0,0,0,0,1,0,0,0,0,0,0,0,0,1,0,0,1,0,0
49,2,34.406256,-119.726936,10986,5,25,19.09,0,19.15,477.6,0.0,0,477.25,4,1,0,0,1,1,1,0,0,0,0,0,1,0,0,0,0,1,0,0,0,0,0,0,0,0,0,0,1,1,0,0
56,0,34.460197,-119.802602,16477,0,13,10.11,0,19.75,265.75,0.0,0,131.43,5,1,0,0,0,0,0,0,0,0,1,0,1,0,0,0,0,1,0,0,0,0,0,0,0,0,0,1,0,1,0,0
41,0,34.489983,-120.091246,49975,2,31,27.37,15,75.5,2424.45,0.0,0,848.47,3,1,0,0,1,0,1,0,0,0,0,0,1,0,1,1,0,0,1,1,1,1,0,1,1,1,1,0,1,1,0,0
30,2,35.869626,-119.498771,1054,1,23,34.91,30,83.75,1849.95,0.0,0,802.93,4,0,0,0,1,1,1,0,0,0,1,0,1,1,1,0,1,0,0,0,0,0,1,0,0,1,0,0,1,0,0,0
58,0,36.315979,-119.710852,2872,0,2,6.65,0,19.4,61.05,0.0,0,13.3,5,0,0,0,0,0,0,0,0,0,0,0,1,0,0,0,0,1,0,0,0,0,0,0,0,0,0,0,0,1,0,0
42,0,35.116307,-118.817644,16206,0,65,33.71,0,26.5,1698.55,0.0,0,2191.15,3,0,0,0,0,0,0,0,1,0,0,0,1,1,0,0,0,1,0,0,0,0,0,0,0,0,0,1,0,0,0,0
31,1,35.523991,-118.400432,1954,0,55,27.7,0,19.15,998.1,0.0,0,1523.5,3,0,0,0,1,1,0,0,1,0,0,0,1,0,0,0,0,1,0,0,0,0,0,0,0,0,1,0,0,1,0,0
36,1,36.057458,-118.591951,191,6,35,0.0,30,40.9,1383.6,0.0,0,0.0,3,0,0,0,1,1,1,0,0,0,0,0,0,0,1,1,0,0,0,0,0,1,1,0,0,1,1,0,0,1,0,0
50,0,36.186867,-120.387793,18036,0,6,22.95,10,80.25,493.4,0.0,0,137.7,5,1,0,0,0,0,0,0,0,0,0,1,1,0,1,0,0,0,1,0,1,1,1,1,1,1,0,1,1,1,0,0
26,0,35.772244,-119.209689,37280,0,17,35.88,52,70.8,1207.0,0.0,0,609.96,5,1,1,0,0,0,0,0,0,0,1,0,1,0,1,0,1,0,0,0,0,0,0,0,0,1,0,0,1,0,0,0
50,2,35.846067,-119.004073,823,5,10,19.77,12,60.2,563.5,0.0,0,197.7,4,1,0,0,1,1,1,0,0,0,1,0,1,0,1,1,0,0,0,0,1,0,1,0,0,1,0,0,0,1,0,0
62,2,35.858054,-119.305858,9318,0,15,1.63,11,55.2,864.55,0.0,80,24.45,4,1,0,0,0,1,0,0,0,0,1,0,1,0,1,1,0,0,0,0,1,1,0,0,0,0,1,0,0,1,0,0
51,1,34.907911,-119.234281,1526,5,13,19.63,12,54.15,701.05,0.0,0,255.19,3,0,0,0,1,1,1,0,0,0,1,0,1,0,1,1,0,0,1,0,0,1,0,0,0,1,1,0,0,0,0,0
48,0,35.735694,-118.738483,296,0,45,8.4,8,62.55,2796.45,0.0,0,378.0,3,0,0,0,0,0,0,0,1,0,0,0,1,0,1,1,0,0,1,1,0,1,0,0,0,1,1,0,1,1,0,0
52,1,36.29223,-119.622676,53204,8,72,6.85,19,70.45,5165.7,0.0,0,493.2,3,0,0,0,1,1,1,1,0,0,0,0,1,1,1,1,0,0,1,1,1,1,0,0,0,1,0,1,1,0,0,0
27,1,36.217864,-120.080117,6918,1,68,29.67,85,85.5,5696.6,0.0,0,2017.56,3,1,1,0,1,1,1,0,0,0,0,0,1,1,1,0,1,0,1,1,0,0,0,0,0,1,1,0,1,0,0,0
30,3,35.852892,-118.397782,1873,5,38,46.27,30,54.5,2076.05,0.0,0,1758.2600000000002,3,0,0,0,1,1,1,0,0,0,0,0,1,0,1,0,0,0,1,1,0,0,0,0,0,1,0,0,0,0,0,0
35,0,35.996923,-120.000951,1809,0,2,27.67,0,20.75,44.2,0.0,0,55.34,3,1,0,0,0,0,0,0,0,0,0,0,1,0,0,0,0,1,0,0,0,0,0,0,0,0,0,0,0,1,0,0
43,0,35.607875,-118.466318,5564,0,11,47.88,0,20.35,215.25,0.0,0,526.6800000000001,5,1,0,0,0,0,0,0,0,0,1,0,1,0,0,0,0,1,0,0,0,0,0,0,0,0,0,0,0,1,0,0
58,0,36.444232,-119.718285,2900,4,72,40.49,15,104.8,7470.1,0.0,0,2915.28,4,1,0,0,1,0,1,0,0,0,0,0,1,1,1,0,1,0,0,1,1,0,1,1,1,1,0,1,1,0,0,0
26,0,36.303666,-119.825657,30419,0,40,34.49,73,51.1,2092.9,0.0,0,1379.6,5,1,1,0,0,0,0,0,1,0,0,0,1,0,1,1,0,0,0,0,0,1,0,0,0,1,0,0,1,0,0,0
28,2,35.637715,-119.893068,2502,0,22,43.97,0,20.55,469.85,0.0,0,967.34,3,0,1,0,0,1,0,0,0,0,1,0,1,0,0,0,0,1,0,0,0,0,0,0,0,0,0,0,1,0,0,0
19,0,35.666886,-119.186717,10781,0,11,40.96,52,64.05,733.95,0.0,90,450.56,4,0,1,0,0,0,0,0,0,0,1,0,1,0,1,1,0,0,1,0,1,0,0,1,1,0,0,0,0,0,0,0
46,0,35.957019,-119.330928,4198,1,3,0.0,12,25.0,78.25,0.0,0,0.0,4,1,0,0,1,0,1,0,0,0,0,1,0,0,1,1,0,0,0,0,0,0,0,0,0,1,0,0,0,1,0,0
58,0,36.008958,-118.891593,65566,0,58,29.25,0,20.3,1131.5,0.0,0,1696.5,4,1,0,0,0,0,0,0,1,0,0,0,1,0,0,0,0,1,0,0,0,0,0,0,0,0,0,1,0,1,0,0
21,3,35.861928,-118.636698,266,0,6,38.28,0,26.35,184.05,0.0,0,229.68,3,1,1,0,0,1,0,0,0,0,0,1,1,1,0,0,0,1,0,0,0,0,0,0,0,0,0,0,0,1,0,0
60,0,36.527243,-118.594938,56,1,22,39.83,16,54.7,1178.75,0.0,0,876.26,3,0,0,0,1,0,1,0,0,0,1,0,1,0,1,0,0,0,0,1,1,0,0,0,0,1,0,0,1,1,0,0
57,2,36.245926,-118.693138,3546,9,64,45.35,30,90.25,5629.15,0.0,0,2902.4,4,1,0,0,1,1,1,0,1,0,0,0,1,1,1,0,1,0,0,0,1,0,0,1,1,1,1,0,0,1,0,0
33,0,36.141319,-119.129075,5689,0,6,32.34,0,20.65,109.3,0.0,0,194.04,5,1,0,0,0,0,0,0,0,0,0,1,1,0,0,0,0,1,0,0,0,0,0,0,0,0,0,0,0,1,0,0
45,2,35.939068,-119.043666,5868,0,39,46.57,0,25.45,958.45,0.0,0,1816.23,5,1,0,0,0,1,0,0,0,0,0,0,1,1,0,0,0,1,0,0,0,0,0,0,0,0,1,0,0,0,0,0
38,0,36.413433,-118.854708,2318,0,20,38.74,0,19.5,403.15,0.0,0,774.8000000000001,3,0,0,0,0,0,0,0,0,0,0,0,1,0,0,0,0,1,0,0,0,0,0,0,0,0,1,0,0,1,0,0
40,0,35.316263,-119.402559,236,3,64,37.46,2,66.15,4392.5,0.0,0,2397.44,3,1,0,0,1,0,1,0,1,0,0,0,1,1,1,1,0,0,1,0,0,0,1,0,0,1,1,0,1,1,0,0
29,0,35.652242,-119.4464,22760,7,46,31.88,53,69.1,3168.0,0.0,0,1466.48,5,0,1,0,1,0,1,0,1,0,0,0,1,0,1,1,0,0,0,1,0,0,1,1,1,1,0,0,1,1,0,0
34,0,35.690535,-118.552784,2515,5,33,4.15,0,20.05,669.45,0.0,0,136.95000000000002,4,0,0,0,1,0,1,0,0,0,0,0,1,0,0,0,0,1,0,0,0,0,0,0,0,0,0,0,0,1,0,0
60,2,36.464635,-119.094348,8870,5,39,13.8,13,59.8,2343.85,0.0,140,538.2,3,1,0,0,1,1,1,0,0,0,0,0,1,0,1,1,0,0,1,1,1,0,0,0,0,0,1,0,0,0,0,0
51,0,36.391777,-119.372842,36718,0,1,7.99,11,48.6,48.6,0.0,0,7.99,5,0,0,0,0,0,0,0,0,0,0,1,1,0,1,0,0,0,0,1,0,0,0,0,0,1,0,0,1,0,0,0
22,0,35.339796,-119.023552,44588,0,65,20.43,0,25.1,1725.0,0.0,0,1327.95,4,1,1,0,0,0,0,0,1,0,0,0,1,1,0,0,0,1,0,0,0,0,0,0,0,0,0,1,1,0,0,0
47,0,35.391733,-118.984109,35643,0,1,41.79,14,49.75,49.75,0.0,0,41.79,4,1,0,0,0,0,0,0,0,0,0,1,1,0,1,1,0,0,1,0,0,0,0,0,0,1,0,0,0,0,0,0
42,0,35.449881,-118.841442,53481,1,18,34.17,16,94.75,1691.9,0.0,0,615.0600000000001,4,1,0,0,1,0,1,0,0,0,0,0,1,1,1,0,1,0,0,0,0,0,1,1,1,1,0,0,1,0,0,0
54,0,35.280113,-118.962329,59195,7,24,46.91,20,93.0,2248.05,0.0,40,1125.84,5,1,0,0,1,0,1,0,0,0,0,0,1,1,1,0,1,0,0,0,0,0,1,1,1,0,0,0,1,0,0,0
20,0,35.559617,-118.925185,44915,0,63,42.59,85,71.9,4479.2,0.0,0,2683.17,4,1,1,0,0,0,0,0,1,0,0,0,1,1,1,1,0,0,1,0,1,1,0,1,1,1,0,1,1,0,0,0
39,3,35.342891,-119.064803,58632,0,44,5.07,26,77.55,3471.1,0.0,0,223.08,3,0,0,0,0,1,0,0,1,0,0,0,1,1,1,1,0,0,0,1,0,0,1,1,1,1,1,0,1,1,0,0
26,0,35.16207,-119.194488,20440,0,4,6.88,0,19.85,63.0,0.0,0,27.52,5,1,1,0,0,0,0,0,0,0,0,1,1,0,0,0,0,1,0,0,0,0,0,0,0,0,0,0,1,0,0,0
43,2,35.140938,-119.051348,25126,0,37,1.6,11,95.25,3314.15,0.0,0,59.2,4,0,0,0,1,1,0,0,0,0,0,0,1,1,1,0,1,0,0,0,0,0,1,1,1,1,0,0,1,0,0,0
59,0,35.279984,-120.824288,14859,0,34,0.0,28,25.05,852.7,0.0,0,0.0,4,1,0,0,0,0,0,0,0,0,0,0,0,0,1,0,0,0,0,0,0,0,0,0,0,1,0,0,1,0,0,0
53,0,35.236549,-120.727344,31982,5,35,0.0,30,53.15,1930.9,0.0,0,0.0,3,1,0,0,1,0,1,0,0,0,0,0,0,0,1,1,0,0,1,0,1,0,1,1,1,1,1,0,0,1,0,0
35,0,35.176236,-120.483243,24499,5,4,45.84,0,20.15,91.4,0.0,0,183.36,3,0,0,0,1,0,1,0,0,0,0,0,1,0,0,0,0,1,0,0,0,0,0,0,0,0,0,0,0,0,0,0
52,0,34.631362,-120.238218,4644,1,61,40.37,0,25.3,1554.9,0.0,0,2462.57,4,0,0,0,1,0,1,0,1,0,0,0,1,1,0,0,0,1,0,0,0,0,0,0,0,0,0,1,0,0,0,0
47,0,35.591387,-121.032256,6526,9,49,25.1,30,71.8,3472.05,0.0,0,1229.9,4,0,0,0,1,0,1,0,1,0,0,0,1,1,1,1,0,0,1,1,1,0,0,1,1,1,1,0,0,0,0,0
49,0,34.866032,-120.536546,210,0,4,23.04,0,19.7,117.8,0.0,0,92.16,3,1,0,0,0,0,0,0,0,0,0,0,1,0,0,0,0,1,0,0,0,0,0,0,0,0,1,0,0,1,0,0
28,3,35.511833,-120.918713,3220,3,64,0.0,59,49.85,3210.35,0.0,0,0.0,5,0,1,0,1,1,1,0,1,0,0,0,0,0,1,1,0,0,0,1,1,1,0,1,1,1,0,1,0,0,0,0
43,0,35.480896,-120.469476,1203,0,3,28.97,16,69.6,207.4,0.0,20,86.91,4,1,0,0,0,0,0,0,0,0,0,0,1,0,1,0,1,0,0,0,0,0,0,0,0,0,0,0,1,1,0,0
31,2,35.120833,-120.61843,13106,8,1,30.38,0,19.75,19.75,0.0,0,30.38,4,1,0,0,1,1,1,0,0,0,0,0,1,0,0,0,0,1,0,0,0,0,0,0,0,0,0,0,0,0,0,0
46,0,34.936,-120.594655,5726,5,40,12.97,24,80.8,3132.75,0.0,0,518.8000000000001,3,1,0,0,1,0,1,0,1,0,0,0,1,0,1,0,1,0,0,1,1,0,0,0,0,1,1,0,0,0,0,0
33,0,35.369553,-120.763864,10909,9,1,0.0,14,35.0,35.0,0.0,0,0.0,3,0,0,0,1,0,1,0,0,0,0,0,0,0,1,1,0,0,0,0,0,0,0,1,1,1,0,0,0,0,0,0
21,1,35.634222,-120.728341,35586,6,45,17.23,0,19.2,903.7,0.0,0,775.35,3,1,1,0,1,1,1,0,1,0,0,0,1,0,0,0,0,1,0,0,0,0,0,0,0,0,0,1,0,0,0,0
19,0,35.996008,-120.85305,670,0,43,36.78,59,90.65,3882.3,0.0,0,1581.54,3,1,1,0,0,0,0,0,1,0,0,0,1,0,1,0,1,0,1,1,1,1,0,0,0,1,1,0,1,1,0,0
24,1,35.886767,-120.608661,2666,5,41,16.02,0,20.0,879.8,0.0,0,656.8199999999999,3,1,1,0,1,1,1,0,0,0,0,0,1,0,0,0,0,1,0,0,0,0,0,0,0,0,0,1,1,1,0,0
58,0,35.746484,-121.223355,471,0,5,32.81,16,74.65,383.65,0.0,0,164.05,3,1,0,0,0,0,0,0,0,0,0,0,1,0,1,0,1,0,0,1,0,0,0,0,0,1,0,0,1,0,0,0
43,0,35.303926,-120.256567,2687,0,72,0.0,6,61.2,4390.25,0.0,0,0.0,3,1,0,0,0,0,0,0,0,0,0,0,0,0,1,1,0,0,1,0,1,1,1,1,1,1,0,1,1,1,0,0
47,0,34.943523,-120.256729,30540,0,4,6.86,0,19.95,68.2,0.0,0,27.44,4,1,0,0,0,0,0,0,0,0,0,0,1,0,0,0,0,1,0,0,0,0,0,0,0,0,1,0,0,1,0,0
43,2,34.818227,-120.418784,37364,2,9,44.46,24,54.8,452.8,0.0,0,400.14,4,1,0,0,1,1,1,0,0,0,0,0,1,0,1,1,0,0,0,1,0,1,0,0,0,1,0,0,0,1,0,0
42,0,34.630356,-120.032564,5710,7,33,48.09,9,51.45,1758.9,0.0,0,1586.97,3,0,0,0,1,0,1,0,0,0,0,0,1,0,1,1,0,0,0,0,0,1,0,0,0,1,1,0,1,1,0,0
59,0,35.634488,-120.293534,1255,4,72,6.23,27,80.45,5737.6,0.0,130,448.56000000000006,4,0,0,0,1,0,1,0,0,0,0,0,1,1,1,0,1,0,1,0,0,0,0,0,0,0,0,1,0,0,0,0
41,0,35.151491,-117.927597,8316,0,15,27.3,18,85.3,1219.85,0.0,0,409.5,3,1,0,0,0,0,0,0,0,0,0,0,1,0,1,0,1,0,0,0,1,0,1,0,0,1,0,0,0,0,0,0
63,1,37.653947,-118.231443,340,5,15,39.77,18,76.5,1155.6,0.0,0,596.5500000000001,5,0,0,0,1,1,1,0,0,0,0,0,1,0,1,1,0,0,0,1,1,1,1,1,1,1,0,0,0,0,0,0
34,0,34.95703,-117.73045,2241,8,19,7.84,16,86.85,1564.4,0.0,0,148.96,5,0,0,0,1,0,1,0,0,0,0,0,1,1,1,0,1,0,0,0,0,0,1,0,0,1,0,0,1,0,0,0
40,0,38.184583,-119.286558,826,0,1,16.91,0,19.65,19.65,0.0,0,16.91,3,1,0,0,0,0,0,0,0,0,0,0,1,0,0,0,0,1,0,0,0,0,0,0,0,0,0,0,0,1,0,0
26,0,36.319181,-117.593053,64,0,2,41.9,71,45.55,84.4,0.0,10,83.8,5,0,1,0,0,0,0,0,0,0,0,1,1,0,1,1,0,0,0,0,0,0,0,0,0,0,0,0,0,0,0,0
58,0,36.869584,-118.189241,734,0,12,41.78,0,19.3,228.75,0.0,0,501.36,5,0,0,0,0,0,0,0,0,0,0,0,1,0,0,0,0,1,0,0,0,0,0,0,0,0,1,0,0,1,0,0
41,0,33.507255,-117.029473,46171,4,70,28.54,23,110.5,7752.05,0.0,0,1997.8,4,0,0,0,1,0,1,0,0,0,0,0,1,1,1,0,1,0,0,1,1,1,1,1,1,1,0,1,1,0,0,0
38,0,37.730269,-119.055813,618,0,23,16.26,0,20.3,470.6,0.0,0,373.98,3,0,0,0,0,0,0,0,0,0,0,0,1,0,0,0,0,1,0,0,0,0,0,0,0,0,0,0,1,0,0,0
22,1,34.727529,-118.153098,35109,0,2,43.93,59,55.3,108.65,0.0,0,87.86,3,1,1,0,0,1,0,0,0,0,0,1,1,0,1,1,0,0,0,0,0,0,0,1,1,1,0,0,1,0,0,0
43,3,37.890145,-119.184087,504,5,24,46.3,0,19.7,494.05,0.0,0,1111.1999999999998,5,0,0,0,1,1,1,0,0,0,0,0,1,0,0,0,0,1,0,0,0,0,0,0,0,0,0,1,1,1,0,0
44,0,34.505273,-117.955054,11198,0,32,14.21,28,104.05,3416.85,0.0,0,454.72,4,0,0,0,0,0,0,0,0,0,0,0,1,1,1,0,1,0,0,1,1,0,1,1,1,1,1,0,1,1,0,0
44,0,34.500091,-117.765862,1220,0,27,10.55,29,52.85,1498.65,0.0,0,284.85,3,0,0,0,0,0,0,0,0,0,0,0,1,0,1,1,0,0,1,1,0,0,0,0,0,1,0,1,0,0,0,0
52,0,37.550074,-118.837167,8217,0,58,44.67,8,80.65,4807.35,0.0,0,2590.86,5,1,0,0,0,0,0,0,0,0,0,0,1,1,1,0,1,0,0,0,0,1,0,0,0,1,0,0,0,0,0,0
22,3,34.536232,-118.082935,67232,9,18,43.69,0,24.65,471.35,0.0,0,786.42,3,0,1,0,1,1,1,0,0,0,0,0,1,1,0,0,0,1,0,0,0,0,0,0,0,0,0,1,1,1,0,0
47,3,34.613476,-118.256358,34045,5,47,3.95,0,21.3,1041.8,0.0,0,185.65,4,0,0,0,1,1,1,0,0,0,0,0,1,0,0,0,0,1,0,0,0,0,0,0,0,0,0,1,1,0,0,0
26,3,34.557711,-118.029441,25370,4,70,5.51,85,110.2,7689.8,0.0,150,385.7,3,0,1,0,1,1,1,0,0,0,0,0,1,1,1,0,1,0,0,1,1,1,1,1,1,0,0,1,1,0,0,0
32,2,35.405722,-117.773354,117,3,36,19.73,19,51.05,1815.0,0.0,0,710.28,3,0,0,0,1,1,1,0,0,0,0,0,1,0,1,1,0,0,1,0,0,0,0,0,0,1,0,0,0,1,0,0
31,0,33.507255,-117.029473,46171,0,67,4.72,0,19.8,1311.3,0.0,0,316.24,3,1,0,0,0,0,0,0,0,0,0,0,1,0,0,0,0,1,0,0,0,0,0,0,0,0,0,1,1,1,0,0
56,0,34.903052,-118.411251,14931,0,10,23.84,0,19.9,199.45,0.0,0,238.4,4,0,0,0,0,0,0,0,0,0,0,0,1,0,0,0,0,1,0,0,0,0,0,0,0,0,0,0,1,1,0,0
43,2,33.507255,-117.029473,46171,2,71,16.84,0,19.85,1326.35,0.0,0,1195.64,4,0,0,0,1,1,1,0,0,0,0,0,1,0,0,0,0,1,0,0,0,0,0,0,0,0,0,1,0,0,0,0
45,2,34.39583,-117.734568,413,7,72,2.75,19,89.4,6376.55,0.0,0,198.0,3,1,0,0,1,1,1,0,0,0,0,0,1,1,1,1,0,0,1,1,1,1,1,1,1,1,0,1,1,1,0,0
19,3,34.598221,-117.79593,6787,2,48,9.77,0,20.0,935.9,0.0,0,468.96,5,0,1,0,1,1,1,0,0,0,0,0,1,0,0,0,0,1,0,0,0,0,0,0,0,0,0,1,0,1,0,0
56,0,37.375816,-119.739935,1968,0,1,13.51,0,20.05,20.05,0.0,0,13.51,5,1,0,0,0,0,0,0,0,0,0,0,1,0,0,0,0,1,0,0,0,0,0,0,0,0,0,0,0,1,0,0
29,1,36.991762,-119.242874,3464,3,18,10.29,59,83.25,1611.15,0.0,0,185.22,3,1,1,0,1,1,1,0,0,0,0,0,1,0,1,1,0,0,1,0,1,1,1,1,1,1,0,0,0,0,0,0
52,1,37.17277,-119.2997,273,3,69,0.0,11,39.1,2779.5,0.0,0,0.0,3,1,0,0,1,1,1,0,0,0,0,0,0,0,1,1,0,0,1,0,1,1,0,0,0,1,0,1,0,1,0,0
56,1,36.917652,-119.593757,46858,7,61,34.84,0,24.2,1445.2,0.0,0,2125.24,3,0,0,0,1,1,1,0,0,0,0,0,1,1,0,0,0,1,0,0,0,0,0,0,0,0,0,1,1,1,0,0
26,0,37.212191,-119.749323,9395,10,32,15.41,46,72.8,2333.05,0.0,0,493.12,5,1,1,0,1,0,1,0,0,0,0,0,1,1,1,1,0,0,1,0,0,1,1,0,0,1,1,0,1,1,0,0
24,0,36.497895,-119.285484,5519,0,21,24.86,48,99.85,1992.55,0.0,0,522.06,3,0,1,0,0,0,0,0,0,0,0,0,1,1,1,0,1,0,0,1,0,0,1,1,1,1,0,0,1,1,0,0
50,0,37.045728,-120.630682,9388,0,47,8.85,0,20.25,1029.8,0.0,0,415.95,3,0,0,0,0,0,0,0,0,0,0,0,1,0,0,0,0,1,0,0,0,0,0,0,0,0,0,1,0,1,0,0
63,2,36.789213,-119.140338,506,5,69,11.6,0,26.0,1796.55,0.0,0,800.4,3,1,0,0,1,1,1,0,0,0,0,0,1,1,0,0,0,1,0,0,0,0,0,0,0,0,0,1,1,0,0,0
56,0,36.785618,-120.625382,9491,0,2,3.82,0,19.9,33.7,0.0,0,7.64,5,1,0,0,0,0,0,0,0,0,0,1,1,0,0,0,0,1,0,0,0,0,0,0,0,0,0,0,1,1,0,0
35,1,37.483535,-119.679414,77,0,22,46.45,0,19.05,454.05,0.0,0,1021.9,3,0,0,0,1,1,0,0,0,0,1,0,1,0,0,0,0,1,0,0,0,0,0,0,0,0,0,0,0,0,0,0
62,0,36.625792,-119.672483,5635,0,53,18.81,0,19.85,1049.6,0.0,0,996.93,3,0,0,0,0,0,0,0,0,0,0,0,1,0,0,0,0,1,0,0,0,0,0,0,0,0,0,1,0,1,0,0
42,0,36.520537,-120.118055,152,0,22,10.36,0,20.3,475.1,0.0,0,227.92,5,1,0,0,0,0,0,0,0,0,1,0,1,0,0,0,0,1,0,0,0,0,0,0,0,0,1,0,0,1,0,0
29,3,36.478239,-119.52137,14088,5,48,0.0,52,39.4,1978.65,0.0,130,0.0,4,0,1,0,1,1,1,0,0,0,0,0,0,0,1,1,0,0,1,1,0,1,0,0,0,0,0,1,0,1,0,0
33,0,36.995162,-120.955099,29124,0,3,25.4,10,70.25,229.7,0.0,0,76.19999999999999,4,0,0,0,0,0,0,0,0,0,0,1,1,0,1,0,1,0,0,0,0,0,0,0,0,1,0,0,1,0,0,0
55,0,33.141265,-116.967221,48690,5,23,1.39,18,60.0,1347.15,0.0,0,31.97,4,0,0,0,1,0,1,0,0,0,1,0,1,0,1,1,0,0,0,0,0,1,1,0,0,1,1,0,0,0,0,0
46,0,36.696759,-119.024051,571,7,65,10.23,14,59.8,3808.2,0.0,0,664.95,5,0,0,0,1,0,1,0,0,0,0,0,1,0,1,0,0,0,0,0,0,1,1,0,0,1,0,1,1,1,0,0
30,0,37.244307,-119.470256,3376,7,44,23.75,53,90.65,3974.15,0.0,0,1045.0,5,1,0,0,1,0,1,0,0,0,0,0,1,0,1,0,1,0,0,0,0,0,1,1,1,1,1,0,1,0,0,0
22,1,37.648647,-119.231447,8521,2,71,1.84,69,109.0,7661.8,0.0,150,130.64,3,0,1,0,1,1,1,0,0,0,0,0,1,1,1,0,1,0,1,1,1,0,1,1,1,0,0,1,1,0,0,0
64,0,37.140104,-119.657092,173,1,37,30.36,11,68.1,2479.25,0.0,0,1123.32,4,0,0,0,1,0,1,0,0,0,0,0,1,1,1,1,0,0,1,0,1,1,0,0,0,1,1,0,0,1,0,0
53,0,36.633498,-119.298895,8449,0,12,23.2,0,20.4,266.6,0.0,0,278.4,4,0,0,0,0,0,0,0,0,0,1,0,1,0,0,0,0,1,0,0,0,0,0,0,0,0,0,0,0,1,0,0
20,2,36.600185,-119.175655,9780,1,69,49.16,48,81.95,5601.4,0.0,0,3392.04,5,1,1,0,1,1,1,1,0,0,0,0,1,1,1,1,0,0,0,1,1,1,1,1,1,1,0,1,1,0,0,0
57,0,36.622237,-119.521126,12587,0,35,44.81,20,60.55,1982.6,0.0,0,1568.35,4,0,0,0,0,0,0,0,0,0,0,0,1,0,1,1,0,0,1,1,1,0,0,0,0,1,0,0,0,0,0,0
22,0,36.841655,-119.797113,3258,0,5,8.6,59,65.6,339.9,0.0,0,43.0,4,1,1,0,0,0,0,0,0,0,0,0,1,0,1,1,0,0,0,1,0,1,0,1,1,1,0,0,1,0,0,0
40,2,37.007238,-119.505661,1314,1,58,29.93,24,82.5,4828.05,0.0,0,1735.94,3,1,0,0,1,1,1,0,0,0,0,0,1,1,1,0,1,0,0,0,0,0,1,0,0,1,0,1,0,0,0,0
56,0,36.594542,-119.905245,265,1,72,29.29,30,82.3,5980.55,0.0,140,2108.88,3,1,0,0,1,0,1,1,0,0,0,0,1,1,1,1,0,0,1,1,1,1,0,1,1,0,0,1,1,0,0,0
56,0,37.252057,-119.95783,972,1,72,17.31,17,68.15,4808.7,0.0,0,1246.32,3,1,0,0,1,0,1,1,0,0,0,0,1,1,1,1,0,0,1,1,1,1,0,0,0,1,0,1,0,1,0,0
48,0,36.636638,-119.421842,25923,0,1,4.09,0,20.3,20.3,0.0,0,4.09,5,0,0,0,0,0,0,0,0,0,0,0,1,0,0,0,0,1,0,0,0,0,0,0,0,0,0,0,0,1,0,0
38,3,36.819628,-119.440414,28991,1,53,20.44,0,20.2,1068.15,0.0,0,1083.3200000000002,4,1,0,0,1,1,1,0,0,0,0,0,1,0,0,0,0,1,0,0,0,0,0,0,0,0,1,0,0,1,0,0
31,0,36.600193,-120.153393,4318,0,27,39.62,2,89.2,2383.6,0.0,0,1069.74,3,0,0,0,0,0,0,0,0,1,0,0,1,0,1,0,1,0,0,0,1,1,0,1,1,1,0,0,1,0,0,0
25,0,36.959731,-120.653519,343,1,18,43.29,41,74.8,1438.05,0.0,0,779.22,3,0,1,0,1,0,1,0,0,0,1,0,1,0,1,0,1,0,1,0,0,0,0,0,0,1,0,0,0,0,0,0
54,1,36.545353,-119.338535,306,1,46,45.92,0,20.2,917.45,0.0,0,2112.32,3,1,0,0,1,1,1,0,0,0,0,0,1,0,0,0,0,1,0,0,0,0,0,0,0,0,0,1,1,1,0,0
38,0,36.993666,-119.348267,2633,1,72,5.25,28,84.4,6096.45,0.0,0,378.0,3,0,0,0,1,0,1,1,0,0,0,0,1,1,1,1,0,0,1,0,1,1,1,1,1,1,0,1,1,1,0,0
55,0,37.287758,-119.548156,327,1,4,0.0,29,25.15,99.95,0.0,0,0.0,4,0,0,0,1,0,1,0,0,0,0,0,0,0,1,1,0,0,0,0,0,0,0,0,0,1,0,0,1,0,0,0
42,0,36.456091,-119.486225,646,0,25,13.93,0,19.8,475.2,0.0,0,348.25,3,0,0,0,0,0,0,0,0,1,0,0,1,0,0,0,0,1,0,0,0,0,0,0,0,0,0,1,0,1,0,0
27,3,36.719141,-119.202677,3146,0,40,0.0,52,50.85,2036.55,0.0,0,0.0,3,0,1,0,1,1,0,0,0,0,0,0,0,0,1,1,0,0,0,1,0,0,1,1,1,1,0,0,1,0,0,0
47,0,36.749403,-119.787574,13858,1,63,17.75,15,102.4,6444.05,0.0,0,1118.25,4,1,0,0,1,0,1,0,0,0,0,0,1,1,1,0,1,0,0,1,1,0,1,1,1,1,0,0,1,0,0,0
54,0,36.768774,-119.762633,31180,0,14,18.48,21,55.5,767.55,0.0,0,258.72,4,1,0,0,0,0,0,0,0,0,1,0,1,1,1,1,0,0,0,1,0,0,0,0,0,1,0,0,1,1,0,0
55,0,36.78724,-119.827813,35451,0,39,17.17,30,106.4,4040.65,0.0,0,669.6300000000001,4,1,0,0,0,0,0,0,0,1,0,0,1,1,1,0,1,0,1,1,0,0,1,1,1,1,0,0,1,0,0,0
37,2,36.654614,-119.903674,35790,1,47,0.0,25,60.0,2768.65,0.0,0,0.0,3,0,0,0,1,1,1,0,0,0,0,0,0,0,1,1,0,0,1,1,1,0,1,1,1,1,0,1,1,1,0,0
42,0,36.822715,-119.761826,29337,1,19,34.05,20,88.8,1672.35,0.0,0,646.9499999999999,3,1,0,0,1,0,1,0,0,0,1,0,1,1,1,0,1,0,1,1,0,1,0,0,0,1,0,0,1,1,0,0
62,0,36.732694,-119.783786,6848,0,17,44.96,29,80.05,1345.65,0.0,0,764.32,5,0,0,0,0,0,0,0,0,0,1,0,1,1,1,0,1,0,0,0,1,0,0,0,0,1,0,0,0,0,0,0
40,0,36.623632,-119.741322,21010,0,42,8.71,23,49.55,2077.95,0.0,0,365.8200000000001,5,0,0,0,0,0,0,0,0,0,0,0,1,0,1,1,0,0,0,1,0,0,0,0,0,1,0,0,1,0,0,0
25,2,36.751489,-119.68072,54701,1,71,29.41,0,23.9,1663.5,0.0,0,2088.11,5,0,1,0,1,1,1,1,0,0,0,0,1,1,0,0,0,1,0,0,0,0,0,0,0,0,0,1,0,1,0,0
45,0,36.667794,-121.601306,58548,0,57,19.69,0,18.8,1094.35,0.0,0,1122.3300000000002,5,1,0,0,0,0,0,0,0,0,0,0,1,0,0,0,0,1,0,0,0,0,0,0,0,0,0,1,0,1,0,0
29,0,36.722898,-121.633648,53946,8,72,10.68,59,108.4,7719.5,0.0,0,768.96,4,1,1,0,1,0,1,1,0,0,0,0,1,1,1,0,1,0,0,1,1,1,1,1,1,1,0,1,1,0,0,0
28,0,36.77462,-121.664714,22292,0,6,40.64,51,85.95,514.6,0.0,0,243.84,5,0,1,0,0,0,0,0,0,0,0,0,1,0,1,0,1,0,0,1,0,0,0,1,1,1,0,0,1,1,0,0
29,0,33.141265,-116.967221,48690,1,61,23.31,51,80.9,4932.5,0.0,0,1421.91,3,1,1,0,1,0,1,0,0,0,0,0,1,1,1,1,0,0,0,1,1,0,1,1,1,1,0,1,0,0,0,0
49,2,36.460611,-121.852507,13121,10,48,12.57,18,111.8,5443.65,0.0,0,603.36,3,1,0,0,1,1,1,0,0,0,0,0,1,1,1,0,1,0,1,1,1,1,1,1,1,1,0,1,0,1,0,0
36,0,36.414611,-121.6386,6691,0,16,33.44,0,20.6,330.25,0.0,0,535.04,3,1,0,0,0,0,0,0,0,0,1,0,1,0,0,0,0,1,0,0,0,0,0,0,0,0,0,0,1,1,0,0
62,0,36.52588,-121.396719,9023,0,3,15.59,27,44.6,122.7,0.0,0,46.77,4,0,0,0,0,0,0,0,0,0,0,0,1,0,1,0,0,0,0,0,0,0,0,0,0,1,0,0,0,0,0,0
47,0,35.930782,-121.189757,254,0,65,27.75,30,105.1,6631.85,0.0,0,1803.75,3,1,0,0,0,0,0,0,1,0,0,0,1,1,1,0,1,0,0,1,1,0,1,1,1,1,0,1,0,1,0,0
45,3,36.220761,-120.980777,14477,3,70,11.36,53,115.15,8250.0,0.0,0,795.1999999999999,4,0,0,0,1,1,1,1,0,0,0,0,1,1,1,0,1,0,1,1,1,1,1,1,1,1,0,1,1,1,0,0
39,0,35.989792,-121.055933,538,6,60,15.24,16,59.8,3561.15,0.0,0,914.4,3,1,0,0,1,0,1,0,1,0,0,0,1,0,1,1,0,0,1,0,0,0,1,0,0,1,1,0,1,1,0,0
23,0,36.689582,-121.758398,21759,7,69,22.08,0,26.3,1763.55,0.0,0,1523.52,4,0,1,0,1,0,1,1,0,0,0,0,1,1,0,0,0,1,0,0,0,0,0,0,0,0,1,0,1,0,0,0
43,0,36.618337,-121.926417,15449,0,22,33.92,0,20.05,470.2,0.0,0,746.24,5,0,0,0,0,0,0,0,0,0,1,0,1,0,0,0,0,1,0,0,0,0,0,0,0,0,0,0,1,1,0,0
25,1,36.587497,-121.944815,4602,8,66,35.01,59,79.85,5234.95,0.0,0,2310.66,5,1,1,0,1,1,1,1,0,0,0,0,1,1,1,1,0,0,0,1,1,0,1,1,1,1,0,1,0,0,0,0
61,3,36.414216,-121.360597,13003,10,34,20.05,57,90.05,3097.0,0.0,0,681.7,4,1,0,0,1,1,1,0,0,1,0,0,1,1,1,0,1,0,0,0,1,0,0,1,1,1,0,0,1,1,0,0
36,1,36.624641,-121.647195,407,4,72,20.56,0,24.45,1709.1,0.0,0,1480.32,3,0,0,0,1,1,1,1,0,0,0,0,1,1,0,0,0,1,0,0,0,0,0,0,0,0,0,1,0,0,0,0
64,2,37.509366,-122.306132,25566,7,31,0.0,25,59.95,1848.8,0.0,0,0.0,3,1,0,0,1,1,1,0,0,1,0,0,0,0,1,0,0,0,1,0,1,1,1,1,1,1,1,0,0,0,0,0
61,2,37.684694,-122.40712,3635,0,30,4.27,0,25.35,723.3,0.0,0,128.1,3,1,0,0,0,1,0,0,0,1,0,0,1,1,0,0,0,1,0,0,0,0,0,0,0,0,1,0,0,0,0,0
35,0,37.45567,-122.407992,17929,3,65,40.71,23,105.05,6914.95,0.0,60,2646.15,3,0,0,0,1,0,1,0,1,0,0,0,1,1,1,0,1,0,1,0,1,0,1,1,1,0,0,0,1,0,0,0
49,1,37.285677,-122.224165,1622,8,30,11.6,0,19.3,602.9,0.0,0,348.0,4,0,0,0,1,1,1,0,0,1,0,0,1,0,0,0,0,1,0,0,0,0,0,0,0,0,0,1,0,1,0,0
33,0,37.266388,-122.26308,148,0,6,10.54,0,19.15,124.4,0.0,0,63.24,5,1,0,0,0,0,0,0,0,0,0,0,1,0,0,0,0,1,0,0,0,0,0,0,0,0,1,0,0,1,0,0
53,0,37.349546,-122.134356,18486,0,2,0.0,21,51.4,96.8,0.0,0,0.0,5,0,0,0,0,0,0,0,0,0,0,0,0,0,1,0,0,0,0,1,0,0,1,1,1,1,0,0,0,0,0,0
61,3,37.352911,-122.093002,21496,0,53,27.56,26,71.85,3827.9,0.0,0,1460.6799999999998,4,1,0,0,1,1,0,0,1,0,0,0,1,1,1,0,0,0,1,0,0,1,0,1,1,1,0,0,0,0,0,0
34,2,37.454924,-122.203168,6876,2,61,42.85,11,49.7,2961.4,0.0,0,2613.85,3,0,0,0,1,1,1,0,1,0,0,0,1,0,1,1,0,0,1,0,0,0,0,0,0,1,1,0,1,0,0,0
34,0,37.601248,-122.403099,20350,0,13,38.4,23,78.75,995.35,0.0,50,499.2,4,0,0,0,0,0,0,0,0,0,1,0,1,1,1,1,0,0,1,0,1,0,1,1,1,0,0,0,1,0,0,0
61,0,37.515556,-122.502311,3064,9,2,7.49,14,70.4,154.8,0.0,0,14.98,3,0,0,0,1,0,1,0,0,0,0,0,1,0,1,0,1,0,0,0,0,0,0,0,0,1,0,0,1,1,0,0
50,0,37.388349,-122.075299,13483,0,3,14.35,17,76.1,257.6,0.0,0,43.05,4,0,0,0,0,0,0,0,0,0,0,0,1,1,1,0,1,0,0,0,0,0,0,0,0,1,0,0,0,0,0,0
42,0,37.419725,-122.062947,27822,0,62,32.29,26,94.0,5757.2,0.0,0,2001.98,3,0,0,0,0,0,0,0,1,0,0,0,1,1,1,0,1,0,0,0,0,0,1,1,1,1,1,0,1,0,0,0
26,2,37.573633,-122.455167,38885,1,72,45.93,30,103.95,7517.7,0.0,0,3306.96,3,1,1,0,1,1,1,1,0,0,0,0,1,1,1,0,1,0,1,1,1,1,0,1,1,1,0,1,0,1,0,0
56,0,37.22565,-122.297533,2055,2,63,38.36,0,19.95,1234.8,0.0,0,2416.68,3,1,0,0,1,0,1,0,1,0,0,0,1,0,0,0,0,1,0,0,0,0,0,0,0,0,0,1,1,0,0,0
19,0,37.527497,-122.230941,10658,4,62,30.51,41,96.1,6001.45,0.0,0,1891.62,4,1,1,0,1,0,1,0,1,0,0,0,1,1,1,0,1,0,1,1,0,0,0,1,1,1,1,0,0,0,0,0
34,0,37.624436,-122.430661,39566,0,15,26.54,18,48.8,720.1,0.0,0,398.1,4,0,0,0,0,0,0,0,0,0,1,0,1,1,1,1,0,0,0,0,0,0,0,0,0,1,0,0,1,1,0,0
38,0,37.497915,-122.267361,28098,0,55,3.62,17,50.55,2832.75,0.0,0,199.1,3,0,0,0,0,0,0,0,1,0,0,0,1,0,1,1,0,0,1,0,0,0,0,0,0,1,0,0,1,1,0,0
59,0,37.331762,-122.341444,291,0,11,29.16,3,44.65,472.25,0.0,0,320.76,3,0,0,0,0,0,0,0,0,0,1,0,1,0,1,1,0,0,0,0,0,0,0,0,0,1,0,0,1,1,0,0
24,0,37.378541,-122.020456,64010,0,61,25.91,0,19.45,1336.35,0.0,0,1580.51,4,0,1,0,0,0,0,0,1,0,0,0,1,0,0,0,0,1,0,0,0,0,0,0,0,0,1,0,0,0,0,0
38,0,37.3511,-122.037311,50070,7,71,19.9,27,89.3,6388.65,0.0,0,1412.9,3,0,0,0,1,0,1,1,0,0,0,0,1,1,1,1,0,0,1,1,1,1,1,1,1,1,0,1,0,1,0,0
33,0,37.7795,-122.419233,28998,0,35,4.24,0,19.25,677.9,0.0,0,148.4,4,1,0,0,0,0,0,0,0,1,0,0,1,0,0,0,0,1,0,0,0,0,0,0,0,0,0,1,0,1,0,0
53,0,37.773147,-122.411287,23036,0,17,41.78,16,70.5,1165.6,0.0,0,710.26,3,0,0,0,0,0,0,0,0,0,1,0,1,0,1,0,1,0,0,0,0,0,0,0,0,1,0,0,0,0,0,0
21,0,37.789168,-122.395009,2066,1,47,45.9,0,19.65,921.55,0.0,0,2157.3,5,0,1,0,1,0,1,0,1,0,0,0,1,0,0,0,0,1,0,0,0,0,0,0,0,0,0,1,0,0,0,0
35,0,37.768881,-122.395521,17372,9,3,11.77,0,20.85,72.0,0.0,0,35.31,3,0,0,0,1,0,1,0,0,0,0,0,1,0,0,0,0,1,0,0,0,0,0,0,0,0,0,0,0,1,0,0
46,0,37.791998,-122.408653,13723,0,3,35.59,0,19.65,68.35,0.0,0,106.77,5,1,0,0,0,0,0,0,0,0,0,0,1,0,0,0,0,1,0,0,0,0,0,0,0,0,0,0,1,1,0,0
51,0,37.750021,-122.415201,74641,0,1,26.15,26,44.0,44.0,0.0,0,26.15,4,0,0,0,0,0,0,0,0,0,0,0,1,0,1,1,0,0,0,0,0,0,0,0,0,1,0,0,1,1,0,0
40,2,37.801776,-122.402293,3337,4,44,24.71,27,94.4,4295.35,0.0,40,1087.24,5,0,0,0,1,1,1,0,1,0,0,0,1,1,1,0,1,0,0,1,1,0,0,1,1,0,1,0,0,0,0,0
44,0,37.74441,-122.486764,42959,0,18,15.01,22,75.4,1380.4,0.0,0,270.18,4,0,0,0,0,0,0,0,0,0,1,0,1,0,1,0,1,0,1,0,0,0,0,0,0,1,0,0,1,0,0,0
25,0,37.781304,-122.461522,38955,1,65,1.29,51,71.0,4386.2,0.0,0,83.85000000000001,4,0,1,0,1,0,1,0,1,0,0,0,1,0,1,1,0,0,1,1,1,0,0,1,1,1,0,1,0,0,0,0
40,0,37.800254,-122.436975,22920,0,3,12.05,0,21.2,52.05,0.0,0,36.150000000000006,5,1,0,0,0,0,0,0,0,0,0,0,1,0,0,0,0,1,0,0,0,0,0,0,0,0,1,0,0,1,0,0
19,0,37.731505,-122.384532,33177,3,33,15.89,52,61.05,2018.4,0.0,0,524.37,3,1,1,0,1,0,1,0,0,1,0,0,1,0,1,1,0,0,1,1,0,1,0,0,0,1,0,1,1,1,0,0
40,0,37.797526,-122.464531,2240,0,34,5.32,23,79.95,2727.3,0.0,0,180.88,4,0,0,0,0,0,0,0,0,1,0,0,1,0,1,1,0,0,1,0,1,1,1,1,1,1,1,0,1,0,0,0
40,1,37.820894,-122.369725,1458,8,14,15.33,0,19.7,263.65,0.0,0,214.62,4,0,0,0,1,1,1,0,0,0,1,0,1,0,0,0,0,1,0,0,0,0,0,0,0,0,0,1,1,1,0,0
27,0,37.746699,-122.442833,27906,0,13,22.01,0,20.3,275.4,0.0,0,286.13,4,0,1,0,0,0,0,0,0,0,1,0,1,0,0,0,0,1,0,0,0,0,0,0,0,0,0,0,1,1,0,0
22,3,37.802071,-122.411004,26831,1,23,48.02,0,24.35,538.5,0.0,0,1104.46,5,1,1,0,1,1,1,0,0,0,0,0,1,1,0,0,0,1,0,0,0,0,0,0,0,0,1,0,0,1,0,0
33,3,37.721052,-122.413573,40137,10,47,41.54,0,19.75,948.9,0.0,0,1952.38,3,0,0,0,1,1,1,0,1,0,0,0,1,0,0,0,0,1,0,0,0,0,0,0,0,0,0,1,0,1,0,0
35,3,37.444314,-122.149996,16198,0,17,45.61,53,50.3,846.8,0.0,0,775.37,3,1,0,0,0,1,0,0,0,0,0,0,1,0,1,1,0,0,1,0,0,0,0,0,0,1,0,0,1,1,0,0
42,0,37.424342,-122.165641,13386,0,69,18.47,28,85.35,5897.4,0.0,0,1274.4299999999998,3,0,0,0,0,0,0,1,0,0,0,0,1,1,1,1,0,0,1,0,1,1,1,1,1,1,0,1,1,1,0,0
38,0,37.590421,-122.306467,32488,0,10,49.04,23,51.65,524.5,0.0,0,490.4,4,1,0,0,0,0,0,0,0,0,0,0,1,0,1,0,0,0,1,0,0,0,0,0,0,1,0,0,1,1,0,0
56,1,37.556634,-122.317723,23393,0,12,26.17,0,24.0,269.65,0.0,0,314.04,3,1,0,0,1,1,0,0,0,0,0,0,1,1,0,0,0,1,0,0,0,0,0,0,0,0,0,1,1,0,0,0
32,2,37.556094,-122.272437,31882,4,39,48.14,23,59.85,2341.5,0.0,0,1877.46,3,0,0,0,1,1,1,0,0,1,0,0,1,0,1,0,0,0,0,0,1,0,1,0,0,1,0,0,1,1,0,0
39,1,37.724817,-122.224363,13996,9,71,18.99,0,23.9,1626.4,0.0,0,1348.29,4,1,0,0,1,1,1,1,0,0,0,0,1,1,0,0,0,1,0,0,0,0,0,0,0,0,0,1,0,1,0,0
22,1,37.791481,-121.903253,19777,3,33,1.71,0,24.15,800.3,0.0,0,56.43,4,0,1,0,1,1,1,0,0,1,0,0,1,1,0,0,0,1,0,0,0,0,0,0,0,0,1,0,0,1,0,0
19,0,38.113533,-122.11926,25578,4,9,12.59,76,50.85,466.6,0.0,0,113.31,4,0,1,0,1,0,1,0,0,0,0,0,1,0,1,0,0,0,0,1,0,0,0,0,0,1,0,0,0,1,0,0
61,0,38.050558,-121.646924,2379,3,52,18.02,3,91.6,4627.8,0.0,60,937.04,3,1,0,0,1,0,1,0,1,0,0,0,1,1,1,0,1,0,1,0,1,1,0,0,0,0,0,1,1,1,0,0
25,0,38.140719,-121.838298,138,0,70,8.39,59,98.9,6838.6,0.0,0,587.3000000000001,5,0,1,0,0,0,0,1,0,0,0,0,1,1,1,0,1,0,0,1,0,0,1,1,1,1,1,0,0,0,0,0
60,0,37.908242,-121.682472,26577,0,1,15.2,2,85.0,85.0,0.0,0,15.2,4,1,0,0,0,0,0,0,0,0,0,0,1,0,1,0,1,0,0,1,0,0,0,1,1,1,0,0,1,0,0,0
54,0,38.629618,-122.593216,7384,0,1,42.95,9,44.3,44.3,0.0,0,42.95,5,1,0,0,0,0,0,0,0,0,0,1,1,0,1,1,0,0,0,0,0,0,0,0,0,1,0,0,1,1,0,0
43,0,37.950248,-122.022455,27394,0,52,42.9,14,80.2,4297.6,0.0,0,2230.8,4,0,0,0,0,0,0,0,1,0,0,0,1,1,1,0,1,0,0,1,0,0,0,0,0,1,1,0,1,1,0,0
29,0,37.990118,-122.012188,18650,0,6,45.67,71,60.9,414.1,0.0,0,274.02,5,1,1,0,0,0,0,0,0,0,0,1,1,0,1,1,0,0,0,0,1,0,1,0,0,1,0,0,0,1,0,0
47,0,38.013825,-122.039144,36186,3,7,0.0,17,34.2,256.6,0.0,0,0.0,4,1,0,0,1,0,1,0,0,0,0,1,0,0,1,1,0,0,1,1,0,0,0,0,0,1,0,0,0,1,0,0
19,0,37.95338,-122.076886,32685,0,26,45.09,41,87.15,2274.1,0.0,20,1172.34,3,0,1,0,0,0,0,0,0,1,0,0,1,0,1,0,1,0,1,0,1,1,0,0,0,0,1,0,1,1,0,0
34,1,38.049292,-122.228415,3193,6,25,37.97,22,54.3,1296.8,0.0,0,949.25,4,1,0,0,1,1,1,0,0,1,0,0,1,0,1,1,0,0,1,0,0,1,0,0,0,1,0,0,0,0,0,0
19,0,37.815459,-121.977203,32873,0,69,42.49,0,19.1,1268.85,0.0,0,2931.81,3,1,1,0,0,0,0,1,0,0,0,0,1,0,0,0,0,1,0,0,0,0,0,0,0,0,0,1,1,1,0,0
30,0,37.924838,-122.289145,23141,0,72,35.24,42,112.75,8192.6,0.0,0,2537.28,4,0,0,0,0,0,0,1,0,0,0,0,1,1,1,0,1,0,1,1,1,1,1,1,1,1,0,1,1,1,0,0
55,0,38.287136,-122.02711,77683,0,4,34.86,0,19.95,59.25,0.0,0,139.44,5,1,0,0,0,0,0,0,0,0,0,0,1,0,0,0,0,1,0,0,0,0,0,0,0,0,0,0,1,1,0,0
35,2,38.265899,-121.939461,9978,10,59,18.75,0,19.5,1147.85,0.0,0,1106.25,3,1,0,0,1,1,1,0,1,0,0,0,1,0,0,0,0,1,0,0,0,0,0,0,0,0,0,1,0,1,0,0
29,0,37.572273,-121.964583,66543,0,67,49.74,41,65.55,4361.55,0.0,40,3332.58,4,1,1,0,0,0,0,1,0,0,0,0,1,0,1,0,0,0,1,0,1,0,0,1,1,0,0,1,0,0,0,0
20,0,37.516791,-121.899117,46917,0,27,48.91,59,78.2,2078.95,0.0,0,1320.57,3,0,1,0,0,0,0,0,0,1,0,0,1,0,1,1,0,0,0,1,1,1,1,1,1,1,1,0,0,1,0,0
41,2,37.674002,-122.076796,60274,5,72,36.05,14,105.25,7609.75,0.0,0,2595.6,3,1,0,0,1,1,1,1,0,0,0,0,1,1,1,0,1,0,1,0,1,0,1,1,1,1,0,1,0,0,0,0
60,0,37.656695,-122.048361,11147,0,6,35.88,10,89.25,487.05,0.0,0,215.28000000000003,3,0,0,0,0,0,0,0,0,0,0,1,1,0,1,0,1,0,0,0,1,1,0,1,1,1,0,0,1,0,0,0
55,2,37.639215,-122.037554,72993,9,62,11.15,0,20.65,1218.45,0.0,0,691.3000000000001,5,1,0,0,1,1,1,0,1,0,0,0,1,0,0,0,0,1,0,0,0,0,0,0,0,0,0,1,0,1,0,0
23,0,37.62984,-122.120843,27311,0,20,32.5,52,68.7,1416.2,0.0,0,650.0,3,1,1,0,0,0,0,0,0,0,0,0,1,1,1,1,0,0,0,1,0,1,1,0,0,1,1,0,1,0,0,0
44,0,37.708327,-122.083473,41698,0,6,46.59,7,78.65,483.3,0.0,10,279.54,3,1,0,0,0,0,0,0,0,0,0,1,1,0,1,1,0,0,1,0,1,1,1,1,1,0,0,0,0,1,0,0
63,0,37.991259,-122.214945,22479,0,51,18.07,0,24.75,1234.6,0.0,0,921.57,3,1,0,0,0,0,0,0,1,0,0,0,1,1,0,0,0,1,0,0,0,0,0,0,0,0,0,1,0,1,0,0
44,2,37.907777,-122.127161,23996,6,61,25.4,0,19.75,1311.6,0.0,0,1549.4,3,0,0,0,1,1,1,0,1,0,0,0,1,0,0,0,0,1,0,0,0,0,0,0,0,0,0,1,0,1,0,0
45,0,37.722727,-122.02157,13212,0,72,8.48,22,84.7,6185.15,0.0,0,610.5600000000001,3,0,0,0,0,0,0,1,0,0,0,0,1,1,1,0,1,0,1,0,0,1,0,0,0,1,0,1,1,0,0,0
26,3,37.504133,-122.032347,42491,7,38,49.9,0,19.95,756.4,0.0,0,1896.2,4,0,1,0,1,1,1,0,0,1,0,0,1,0,0,0,0,1,0,0,0,0,0,0,0,0,0,1,1,1,0,0
53,0,37.996462,-122.293716,16717,0,18,0.0,30,33.6,550.35,0.0,0,0.0,4,1,0,0,0,0,0,0,0,0,0,0,0,0,1,1,0,0,1,0,1,0,0,0,0,1,0,0,0,1,0,0
60,1,38.006047,-121.916834,78816,4,56,11.48,10,85.85,4793.8,0.0,0,642.88,4,1,0,0,1,1,1,0,0,0,0,0,1,0,1,0,1,0,0,1,1,1,0,0,0,1,1,0,1,1,0,0
41,0,37.633361,-121.862395,36669,0,36,0.0,2,34.85,1267.2,0.0,0,0.0,4,0,0,0,0,0,0,0,0,1,0,0,0,0,1,0,0,0,0,1,0,1,0,0,0,1,0,0,1,0,0,0
45,0,38.554383,-122.474773,223,3,70,1.07,21,84.6,5706.2,0.0,0,74.9,3,1,0,0,1,0,1,1,0,0,0,0,1,0,1,0,1,0,1,1,0,1,0,0,0,1,0,1,0,0,0,0
53,0,37.717196,-122.159338,41871,0,68,0.0,13,44.95,3085.35,0.0,0,0.0,3,0,0,0,0,0,0,0,0,0,0,0,0,0,1,0,0,0,0,1,0,1,0,1,1,1,0,0,0,0,0,0
47,3,37.704384,-122.126703,36568,0,1,0.0,21,24.7,24.7,0.0,0,0.0,4,1,0,0,0,1,0,0,0,0,0,0,0,0,1,0,0,0,0,0,0,0,0,0,0,0,0,0,1,0,0,0
26,0,37.687264,-122.15728,19815,0,37,45.06,82,100.3,3541.4,0.0,0,1667.22,5,0,1,0,0,0,0,0,0,0,0,0,1,1,1,0,1,0,0,0,0,1,1,1,1,1,0,0,0,1,0,0
20,3,37.676249,-122.132415,26240,0,4,38.97,0,25.45,84.2,0.0,0,155.88,5,0,1,0,0,1,0,0,0,0,0,1,1,1,0,0,0,1,0,0,0,0,0,0,0,0,0,0,1,1,0,0
56,0,37.766556,-121.976784,44078,0,1,38.05,14,50.7,50.7,0.0,0,38.05,3,1,0,0,0,0,0,0,0,0,0,1,1,0,1,0,0,0,1,0,0,0,0,0,0,1,0,0,1,1,0,0
45,0,38.197907,-122.017258,39279,0,20,0.0,20,55.0,1165.55,0.0,0,0.0,3,1,0,0,0,0,0,0,0,0,0,0,0,0,1,1,0,0,1,1,1,1,1,0,0,1,0,0,1,1,0,0
52,1,37.587494,-121.862856,790,7,72,15.96,26,68.4,4855.35,0.0,0,1149.12,3,1,0,0,1,1,1,0,0,0,0,0,1,0,1,1,0,0,1,1,0,1,1,0,0,1,0,1,0,0,0,0
38,0,38.161321,-122.271588,42209,6,11,44.2,15,55.05,608.15,0.0,0,486.2000000000001,3,1,0,0,1,0,1,0,0,0,0,0,1,0,1,1,0,0,0,0,0,0,1,0,0,1,0,0,1,0,0,0
35,1,38.104705,-122.247387,37218,0,33,12.51,0,19.8,641.35,0.0,0,412.83,4,0,0,0,1,1,0,0,0,0,0,0,1,0,0,0,0,1,0,0,0,0,0,0,0,0,0,1,0,1,0,0
60,0,38.093701,-122.276589,159,0,1,0.0,7,35.9,35.9,0.0,0,0.0,5,0,0,0,0,0,0,0,0,0,0,1,0,0,1,1,0,0,0,0,1,1,0,0,0,1,0,0,0,1,0,0
59,0,37.862128,-122.075197,18024,8,16,46.0,30,80.75,1321.3,0.0,0,736.0,3,1,0,0,1,0,1,0,0,0,0,0,1,0,1,0,1,0,1,1,0,0,0,0,0,1,0,0,0,0,0,0
64,2,37.900662,-122.052782,40917,6,22,36.15,11,78.65,1663.75,0.0,0,795.3,3,1,0,0,1,1,1,0,0,0,0,0,1,1,1,1,0,0,0,0,1,1,1,1,1,1,1,0,1,1,0,0
35,1,37.916648,-122.008483,26022,6,49,35.29,28,61.75,3024.15,0.0,0,1729.21,3,0,0,0,1,1,1,0,0,0,0,0,1,0,1,1,0,0,1,0,1,1,0,0,0,1,0,0,0,0,0,0
36,2,38.421458,-122.365048,2873,8,36,47.45,14,63.7,2188.5,0.0,0,1708.2,3,1,0,0,1,1,1,0,0,0,0,0,1,0,1,1,0,0,1,0,1,0,0,1,1,1,1,0,1,1,0,0
56,0,37.758019,-122.138678,42854,0,31,40.92,20,87.6,2724.25,0.0,70,1268.52,4,0,0,0,0,0,0,0,0,0,0,0,1,0,1,0,1,0,1,0,1,1,0,0,0,0,0,0,0,0,0,0
33,0,37.792489,-122.244314,41876,8,5,15.74,28,89.15,413.25,0.0,0,78.7,3,1,0,0,1,0,1,0,0,0,0,1,1,1,1,0,1,0,1,0,0,0,0,1,1,1,0,0,1,0,0,0
61,1,37.80707,-122.297401,21054,4,66,7.83,0,20.0,1374.2,0.0,0,516.78,3,1,0,0,1,1,1,0,0,0,0,0,1,0,0,0,0,1,0,0,0,0,0,0,0,0,0,1,0,1,0,0
37,0,37.834341,-122.26437,21097,0,64,45.82,14,104.4,6692.65,0.0,0,2932.48,4,1,0,0,0,0,0,0,0,0,0,0,1,1,1,0,1,0,0,1,1,0,1,1,1,1,0,1,1,0,0,0
55,3,37.808731,-122.238708,29964,7,10,13.83,0,20.05,218.5,0.0,0,138.3,4,1,0,0,1,1,1,0,0,0,0,0,1,0,0,0,0,1,0,0,0,0,0,0,0,0,0,0,1,1,0,0
40,0,37.809014,-122.269739,11702,0,29,0.0,27,34.3,1004.75,0.0,0,0.0,5,1,0,0,0,0,0,0,0,0,0,0,0,0,1,1,0,0,0,1,0,1,0,0,0,1,0,0,0,0,0,0
60,0,37.84551,-122.235181,15438,0,57,1.69,0,20.65,1125.6,0.0,0,96.33,5,1,0,0,0,0,0,0,0,0,0,0,1,0,0,0,0,1,0,0,0,0,0,0,0,0,0,1,0,0,0,0
37,0,37.787186,-122.14633,24518,0,46,43.27,21,84.25,3847.6,0.0,100,1990.42,4,0,0,0,0,0,0,0,0,0,0,0,1,1,1,0,1,0,1,1,0,0,0,0,0,0,0,0,0,1,0,0
62,0,37.750553,-122.197175,30751,0,53,23.17,0,19.65,978.0,0.0,0,1228.01,3,1,0,0,0,0,0,0,0,0,0,0,1,0,0,0,0,1,0,0,0,0,0,0,0,0,0,1,0,0,0,0
45,0,37.866009,-122.286228,15638,0,17,12.69,22,79.85,1387.35,0.0,0,215.73,3,0,0,0,0,0,0,0,0,0,0,0,1,0,1,0,0,0,1,1,0,1,1,1,1,1,1,0,0,1,0,0
54,1,37.863843,-122.275684,19763,9,38,26.84,0,20.2,746.05,0.0,0,1019.92,4,0,0,0,1,1,1,0,0,0,0,0,1,0,0,0,0,1,0,0,0,0,0,0,0,0,0,1,1,1,0,0
49,0,37.871416,-122.246597,21205,0,15,5.54,0,19.8,304.6,0.0,0,83.1,4,1,0,0,0,0,0,0,0,0,0,0,1,0,0,0,0,1,0,0,0,0,0,0,0,0,1,0,0,1,0,0
51,0,37.858898,-122.240512,12448,0,22,0.0,22,50.35,1098.85,0.0,0,0.0,3,0,0,0,0,0,0,0,0,0,0,0,0,0,1,0,0,0,0,1,0,0,1,1,1,1,0,0,1,0,0,0
25,0,37.897753,-122.279391,11889,2,57,6.63,27,74.6,4368.95,0.0,0,377.91,4,0,1,0,1,0,1,0,0,0,0,0,1,1,1,0,0,0,0,1,1,1,1,0,0,1,1,0,0,0,0,0
62,3,37.878554,-122.26609,10147,9,1,30.09,0,20.35,20.35,0.0,0,30.09,5,0,0,0,1,1,1,0,0,0,0,0,1,0,0,0,0,1,0,0,0,0,0,0,0,0,0,1,0,1,0,0
24,1,37.872902,-122.303708,8157,3,12,49.7,0,21.05,262.05,0.0,0,596.4000000000001,4,1,1,0,1,1,1,0,0,0,0,0,1,0,0,0,0,1,0,0,0,0,0,0,0,0,0,1,0,0,0,0
55,1,37.963995,-122.288296,25399,0,36,21.3,18,94.7,3512.5,0.0,0,766.8000000000001,3,1,0,0,0,1,0,0,0,0,0,0,1,0,1,0,1,0,0,1,0,0,1,1,1,1,0,0,1,0,0,0
54,0,37.980269,-122.342635,55720,0,2,3.76,16,74.95,151.75,0.0,0,7.52,4,1,0,0,0,0,0,0,0,0,0,0,1,0,1,0,1,0,0,1,0,0,0,0,0,1,0,0,0,0,0,0
47,1,38.018065,-122.546024,28403,9,72,24.08,19,111.95,8033.1,0.0,0,1733.7599999999998,3,1,0,0,1,1,1,0,0,0,0,0,1,0,1,0,1,0,1,1,1,1,1,1,1,1,0,1,0,0,0,0
29,0,37.946617,-122.563571,12010,0,62,14.17,0,19.85,1253.65,0.0,0,878.54,5,1,1,0,0,0,0,0,0,0,0,0,1,0,0,0,0,1,0,0,0,0,0,0,0,0,0,1,0,0,0,0
23,0,37.885629,-122.46858,13065,0,6,34.42,42,89.75,552.65,0.0,60,206.52,5,0,1,0,0,0,0,0,0,0,0,0,1,1,1,0,1,0,0,1,0,0,1,0,0,0,0,0,1,0,0,0
44,0,38.343282,-122.9755,584,4,48,33.06,0,20.05,1036.0,0.0,0,1586.88,3,1,0,0,1,0,1,0,0,0,0,0,1,0,0,0,0,1,0,0,0,0,0,0,0,0,0,1,1,1,0,0
42,0,38.377165,-123.037957,1785,0,35,20.07,23,108.95,4025.5,0.0,0,702.45,3,1,0,0,0,0,0,0,0,0,0,0,1,1,1,0,1,0,1,0,1,1,1,1,1,1,0,1,1,0,0,0
23,2,37.943087,-122.72379,1573,0,52,22.65,0,19.65,928.4,0.0,0,1177.8,4,1,1,0,0,1,0,0,0,0,0,0,1,0,0,0,0,1,0,0,0,0,0,0,0,0,1,0,0,1,0,0
37,0,37.924014,-122.511694,9038,0,1,0.0,13,24.9,24.9,0.0,0,0.0,4,0,0,0,0,0,0,0,0,0,0,0,0,0,1,0,0,0,0,0,0,0,0,0,0,1,0,0,1,1,0,0
38,0,38.24458,-122.956268,330,8,71,12.12,23,93.2,6506.15,0.0,0,860.52,3,0,0,0,1,0,1,0,0,0,0,0,1,1,1,0,0,0,1,1,1,1,1,1,1,1,0,1,0,1,0,0
64,3,37.971751,-122.611873,8486,5,67,3.47,21,84.8,5598.3,0.0,0,232.49,4,0,0,0,1,1,1,0,0,0,0,0,1,0,1,0,1,0,1,1,1,0,0,0,0,1,1,0,0,0,0,0
45,1,38.010092,-122.689442,1025,2,23,0.0,19,30.35,678.75,0.0,0,0.0,4,1,0,0,1,1,1,0,0,0,1,0,0,0,1,1,0,0,0,0,0,1,0,0,0,1,0,0,1,0,0,0
31,3,38.099323,-122.945723,1004,0,39,0.0,29,54.85,2191.7,0.0,0,0.0,4,1,0,0,0,1,0,0,0,0,0,0,0,0,1,1,0,0,0,0,1,1,1,1,1,1,1,0,0,0,0,0
35,3,38.021772,-122.691744,821,9,15,49.36,0,19.5,239.75,0.0,0,740.4,4,1,0,0,1,1,1,0,0,0,1,0,1,0,0,0,0,1,0,0,0,0,0,0,0,0,1,0,1,1,0,0
58,3,38.129308,-122.834815,406,1,24,7.37,0,24.2,609.05,0.0,0,176.88,5,1,0,0,1,1,1,0,0,0,0,0,1,1,0,0,0,1,0,0,0,0,0,0,0,0,0,1,0,1,0,0
20,2,37.901371,-122.572024,28727,1,37,2.68,0,19.35,683.75,0.0,0,99.16,5,0,1,0,1,1,1,0,0,0,0,0,1,0,0,0,0,1,0,0,0,0,0,0,0,0,0,0,0,0,0,0
23,0,38.112166,-122.634384,24741,0,54,48.97,42,94.1,5060.9,0.0,140,2644.38,3,0,1,0,0,0,0,0,0,0,0,0,1,0,1,0,1,0,0,0,1,0,1,1,1,0,1,0,1,1,0,0
20,0,38.067204,-122.524004,13361,0,3,10.1,73,74.55,233.65,0.0,0,30.3,3,0,1,0,0,0,0,0,0,0,0,0,1,0,1,0,1,0,1,0,0,0,0,0,0,1,0,0,1,0,0,0
23,0,38.325599,-122.642352,3777,0,5,26.86,71,56.15,291.45,0.0,0,134.3,4,1,1,0,0,0,0,0,0,0,0,0,1,0,1,1,0,0,0,0,1,1,0,0,0,1,0,0,0,0,0,0
21,0,38.237018,-122.77872,31930,0,33,14.48,0,20.35,689.75,0.0,0,477.84,3,1,1,0,0,0,0,0,0,0,0,0,1,0,0,0,0,1,0,0,0,0,0,0,0,0,0,1,0,1,0,0
51,0,38.235021,-122.557332,35419,0,41,6.16,12,80.55,3263.9,0.0,0,252.56,3,0,0,0,0,0,0,0,0,0,0,0,1,1,1,1,0,0,0,1,1,0,1,1,1,1,1,0,1,0,0,0
52,1,38.060264,-122.830646,1885,0,34,0.0,20,61.25,1993.2,0.0,0,0.0,4,0,0,0,1,1,0,0,0,0,0,0,0,0,1,1,0,0,1,0,1,1,1,1,1,1,1,0,0,1,0,0
59,1,37.99272,-122.575026,16849,1,13,16.4,0,20.45,254.5,0.0,0,213.2,3,0,0,0,1,1,1,0,0,0,1,0,1,0,0,0,0,1,0,0,0,0,0,0,0,0,0,0,1,1,0,0
46,0,38.00474,-122.663717,548,0,20,33.86,0,18.9,347.65,0.0,0,677.2,5,0,0,0,0,0,0,0,0,0,1,0,1,0,0,0,0,1,0,0,0,0,0,0,0,0,0,0,1,1,0,0
58,3,37.921137,-122.657562,781,0,41,38.94,28,45.2,1841.9,0.0,0,1596.54,5,0,0,0,0,1,0,0,0,0,0,0,1,0,1,1,0,0,0,0,0,0,0,0,0,1,0,0,0,0,0,0
42,0,38.240769,-122.901041,384,0,13,46.3,0,19.45,232.1,0.0,0,601.9,5,0,0,0,0,0,0,0,0,0,1,0,1,0,0,0,0,1,0,0,0,0,0,0,0,0,0,0,0,1,0,0
38,3,38.339996,-122.935056,66,1,35,13.67,0,25.45,809.25,0.0,0,478.45,4,1,0,0,1,1,1,0,0,0,0,0,1,1,0,0,0,1,0,0,0,0,0,0,0,0,0,1,0,0,0,0
25,0,37.449537,-121.994813,2147,0,4,11.5,41,94.9,360.55,0.0,0,46.0,4,1,1,0,0,0,0,0,0,0,0,0,1,0,1,0,1,0,1,1,0,1,0,1,1,1,0,0,1,1,0,0
41,0,37.106902,-122.100006,1007,0,7,39.59,0,20.25,129.15,0.0,0,277.13,5,0,0,0,0,0,0,0,0,0,0,0,1,0,0,0,0,1,0,0,0,0,0,0,0,0,1,0,0,1,0,0
43,0,36.977025,-121.952864,9673,1,53,6.68,25,110.5,5835.5,0.0,0,354.04,3,0,0,0,1,0,1,0,0,0,0,0,1,0,1,0,1,0,1,1,1,1,1,1,1,1,1,0,0,0,0,0
33,0,36.936228,-121.785559,4753,0,5,34.8,0,19.95,109.6,0.0,0,174.0,3,0,0,0,0,0,0,0,0,0,0,0,1,0,0,0,0,1,0,0,0,0,0,0,0,0,0,0,0,1,0,0
43,1,37.222842,-121.988727,13290,0,12,26.13,23,76.6,893.0,0.0,0,313.56,3,0,0,0,0,1,0,0,0,0,1,0,1,1,1,0,1,0,0,0,0,0,0,0,0,1,0,0,1,0,0,0
60,2,37.233034,-121.947427,24443,1,38,36.72,0,19.6,763.1,0.0,0,1395.36,3,0,0,0,1,1,1,0,0,0,0,0,1,0,0,0,0,1,0,0,0,0,0,0,0,0,1,0,0,1,0,0
64,0,37.160194,-121.945611,10172,0,9,48.38,8,85.3,781.4,0.0,10,435.42,5,0,0,0,0,0,0,0,0,0,0,0,1,0,1,0,1,0,0,0,1,0,0,1,1,0,0,0,1,1,0,0
56,0,37.441931,-121.878502,62848,1,13,14.32,4,65.85,902.25,0.0,0,186.16,3,1,0,0,1,0,1,0,0,0,1,0,1,1,1,1,0,0,1,0,0,0,0,1,1,1,0,0,1,0,0,0
52,1,36.863303,-121.781632,899,1,47,1.44,0,20.05,1016.7,0.0,0,67.67999999999999,5,0,0,0,1,1,1,0,0,0,0,0,1,0,0,0,0,1,0,0,0,0,0,0,0,0,0,1,0,1,0,0
49,0,37.051166,-122.056194,77,1,61,15.15,28,99.4,5943.65,0.0,0,924.15,4,1,0,0,1,0,1,0,0,0,0,0,1,1,1,0,1,0,1,0,1,1,1,0,0,1,0,0,0,0,0,0
22,0,36.525703,-120.952122,813,0,16,4.13,0,20.0,275.7,0.0,0,66.08,3,1,1,0,0,0,0,0,0,0,1,0,1,0,0,0,0,1,0,0,0,0,0,0,0,0,0,0,0,1,0,0
20,2,36.810568,-121.503022,3402,1,41,32.29,69,78.45,3126.45,0.0,0,1323.89,3,0,1,0,1,1,1,0,0,0,0,0,1,0,1,1,0,0,1,1,0,1,1,1,1,1,0,1,0,0,0,0
31,3,37.084697,-121.606417,5671,0,43,30.64,0,25.1,1070.15,0.0,0,1317.52,4,0,0,0,0,1,0,0,0,0,0,0,1,1,0,0,0,1,0,0,0,0,0,0,0,0,0,1,1,0,0,0
27,0,37.348129,-121.98469,52986,0,6,37.57,58,55.0,340.4,0.0,0,225.42,5,0,1,0,0,0,0,0,0,0,0,0,1,0,1,0,0,0,0,0,0,0,0,1,1,1,0,0,1,0,0,0
56,0,37.393554,-121.965114,13031,0,58,42.33,7,71.1,4299.2,0.0,0,2455.14,3,0,0,0,0,0,0,0,0,0,0,0,1,1,1,0,0,0,1,1,1,1,0,0,0,1,1,0,1,1,0,0
62,0,36.993451,-122.098858,43192,0,19,46.49,8,61.55,1093.2,0.0,0,883.3100000000001,3,1,0,0,0,0,0,0,0,0,1,0,1,0,1,0,0,0,0,0,0,1,1,0,0,1,0,0,1,1,0,0
54,0,36.974575,-121.991149,36631,1,11,12.95,6,45.9,521.9,0.0,0,142.45,5,1,0,0,1,0,1,0,0,0,1,0,1,0,1,0,0,0,0,0,0,0,0,0,0,1,0,0,1,0,0,0
37,0,37.007882,-122.065975,4563,0,39,0.0,19,40.3,1630.4,0.0,0,0.0,3,0,0,0,0,0,0,0,0,0,0,0,0,0,1,1,0,0,1,1,0,1,0,0,0,1,1,0,1,0,0,0
53,1,37.070177,-122.010077,14574,0,26,16.34,19,49.5,1265.65,0.0,150,424.84,5,0,0,0,0,1,0,0,0,0,0,0,1,1,1,1,0,0,0,0,0,0,0,0,0,0,0,0,1,1,0,0
38,3,37.023669,-121.946461,9823,1,70,38.63,0,19.2,1401.4,0.0,0,2704.1000000000004,3,0,0,0,1,1,1,0,0,0,0,0,1,0,0,0,0,1,0,0,0,0,0,0,0,0,0,1,1,1,0,0
25,0,37.34667,-121.910019,18197,0,59,25.89,0,25.0,1510.5,0.0,0,1527.51,4,1,1,0,0,0,0,0,0,0,0,0,1,1,0,0,0,1,0,0,0,0,0,0,0,0,0,1,0,1,0,0
47,0,37.343827,-121.883119,52334,0,7,0.0,14,35.3,264.8,0.0,0,0.0,4,1,0,0,0,0,0,0,0,0,0,0,0,0,1,1,0,0,1,0,1,0,0,0,0,1,1,0,0,1,0,0
63,2,37.350284,-121.852855,51706,1,59,15.94,19,76.75,4541.9,0.0,0,940.46,4,1,0,0,1,1,1,0,0,0,0,0,1,0,1,1,0,0,0,1,1,1,1,1,1,1,1,0,0,1,0,0
27,3,37.311088,-121.961786,29914,1,61,32.96,41,81.0,4976.15,0.0,0,2010.56,4,1,1,0,1,1,1,0,0,0,0,0,1,1,1,1,0,0,0,0,1,1,1,1,1,1,0,1,1,0,0,0
22,3,37.255479,-121.889838,31926,4,72,8.33,59,105.55,7542.25,0.0,10,599.76,3,1,1,0,1,1,1,0,0,0,0,0,1,1,1,0,1,0,1,0,1,0,1,1,1,0,0,1,1,0,0,0
27,1,37.233226,-121.78809,10155,6,13,16.74,0,18.8,251.25,0.0,0,217.62,5,0,1,0,1,1,1,0,0,0,1,0,1,0,0,0,0,1,0,0,0,0,0,0,0,0,0,0,0,1,0,0
50,1,37.186141,-121.843554,37090,6,64,19.23,0,24.9,1595.5,0.0,0,1230.72,4,0,0,0,1,1,1,0,0,0,0,0,1,1,0,0,0,1,0,0,0,0,0,0,0,0,1,0,0,1,0,0
54,0,37.32886,-121.834567,59841,0,10,37.45,5,64.9,685.55,0.0,0,374.5,3,0,0,0,0,0,0,0,0,0,1,0,1,0,1,1,0,0,0,1,0,1,0,1,1,1,1,0,0,1,0,0
55,2,37.238758,-121.828375,59632,0,65,19.25,19,61.35,3874.1,0.0,0,1251.25,3,0,0,0,1,1,0,0,1,0,0,0,1,0,1,1,0,0,1,1,1,0,0,0,0,1,1,0,0,0,0,0
21,0,37.257063,-121.923037,45257,3,62,42.68,51,113.95,6891.4,0.0,0,2646.16,3,0,1,0,1,0,1,0,1,0,0,0,1,1,1,0,1,0,1,1,1,1,1,1,1,1,0,1,0,1,0,0
20,0,37.294926,-121.894763,46185,8,55,47.46,53,90.15,4916.95,0.0,0,2610.3,3,0,1,0,1,0,1,0,1,0,0,0,1,1,1,1,0,0,1,1,1,1,1,1,1,1,1,0,1,0,0,0
29,0,37.327069,-121.916819,27023,8,25,12.12,59,54.1,1373.0,0.0,110,303.0,3,0,1,0,1,0,1,0,0,0,0,0,1,1,1,0,0,0,0,1,0,0,0,0,0,0,0,0,0,0,0,0
55,0,37.316146,-121.936285,32804,0,1,38.21,13,49.8,49.8,0.0,0,38.21,3,1,0,0,0,0,0,0,0,0,0,0,1,0,1,0,0,0,1,0,0,0,0,0,0,1,0,0,1,1,0,0
50,0,37.387027,-121.897775,26389,3,36,5.99,6,95.0,3440.25,0.0,0,215.64,5,1,0,0,1,0,1,0,0,0,0,0,1,1,1,0,1,0,0,0,0,0,1,1,1,1,0,0,1,0,0,0
37,0,37.371862,-121.860349,26032,1,61,4.69,4,69.9,4226.7,0.0,0,286.09000000000003,4,1,0,0,1,0,1,0,1,0,0,0,1,1,1,0,0,0,1,0,1,0,0,1,1,1,0,1,1,1,0,0
32,3,37.42765,-121.945416,9657,0,26,0.0,58,39.95,1023.75,0.0,0,0.0,4,1,0,0,0,1,0,0,0,0,0,0,0,0,1,0,0,0,0,1,0,0,1,0,0,1,1,0,1,0,0,0
51,2,37.246064,-121.749494,14792,2,68,21.86,29,103.25,7074.4,0.0,0,1486.48,4,1,0,0,1,1,1,0,0,0,0,0,1,0,1,0,1,0,1,1,1,0,1,1,1,1,0,1,1,1,0,0
39,0,37.382909,-121.634151,38,8,72,11.02,17,94.25,6849.75,0.0,100,793.4399999999999,4,0,0,0,1,0,1,0,0,0,0,0,1,1,1,0,1,0,1,1,1,1,0,0,0,0,0,1,1,0,0,0
59,0,37.339533,-121.777179,44103,4,71,0.0,6,47.05,3263.6,0.0,0,0.0,4,0,0,0,1,0,1,0,0,0,0,0,0,0,1,0,0,0,0,0,1,1,0,1,1,1,0,1,1,0,0,0
56,0,37.959706,-121.287669,7071,0,57,12.99,0,20.55,1252.85,0.0,0,740.4300000000001,3,1,0,0,0,0,0,0,1,0,0,0,1,0,0,0,0,1,0,0,0,0,0,0,0,0,0,1,0,1,0,0
20,0,37.954089,-121.329761,16357,0,4,18.28,0,19.65,67.55,0.0,0,73.12,3,1,1,0,0,0,0,0,0,0,0,1,1,0,0,0,0,1,0,0,0,0,0,0,0,0,0,0,1,1,0,0
22,3,37.965695,-121.260051,34138,8,72,2.73,59,81.0,5750.0,0.0,0,196.56,3,1,1,0,1,1,1,0,0,0,0,0,1,1,1,1,0,0,1,1,1,1,0,1,1,1,0,1,0,1,0,0
42,3,37.902422,-121.440029,49657,6,21,31.55,23,75.9,1549.75,0.0,0,662.5500000000001,4,1,0,0,1,1,1,0,0,0,0,0,1,1,1,1,0,0,1,0,0,0,1,1,1,1,1,0,1,0,0,0
42,1,38.002125,-121.324979,49965,1,71,19.49,0,24.7,1810.55,0.0,0,1383.79,4,0,0,0,1,1,1,0,0,0,0,0,1,1,0,0,0,1,0,0,0,0,0,0,0,0,0,1,0,0,0,0
41,0,38.049457,-121.21653,6951,5,64,11.85,2,85.0,5484.4,0.0,0,758.4,4,0,0,0,1,0,1,0,1,0,0,0,1,1,1,1,0,0,1,0,1,1,1,1,1,1,0,1,1,1,0,0
48,0,37.946282,-121.139499,23789,0,16,24.79,0,19.75,294.9,0.0,0,396.64,5,1,0,0,0,0,0,0,0,0,0,0,1,0,0,0,0,1,0,0,0,0,0,0,0,0,0,0,0,1,0,0
33,0,38.029729,-121.387999,19109,0,4,6.36,0,23.9,97.5,0.0,0,25.44,4,0,0,0,0,0,0,0,0,0,0,1,1,1,0,0,0,1,0,0,0,0,0,0,0,0,1,0,0,0,0,0
44,0,38.32153,-120.236358,5159,0,1,27.08,0,19.95,19.95,0.0,0,27.08,4,1,0,0,0,0,0,0,0,0,0,1,1,0,0,0,0,1,0,0,0,0,0,0,0,0,0,0,0,1,0,0
32,0,38.208336,-120.339938,115,0,18,0.0,8,25.15,476.8,0.0,0,0.0,3,1,0,0,0,0,0,0,0,0,0,0,0,0,1,1,0,0,0,0,0,0,0,0,0,1,0,0,0,1,0,0
47,0,38.183918,-120.898817,27,0,2,21.3,7,54.15,101.65,0.0,10,42.6,5,0,0,0,0,0,0,0,0,0,0,1,1,1,1,1,0,0,0,1,0,0,0,0,0,0,0,0,0,1,0,0
20,0,38.233879,-120.861666,75,3,19,8.3,48,59.8,1130.85,0.0,0,157.70000000000002,3,0,1,0,1,0,1,0,0,0,0,0,1,0,1,1,0,0,0,1,0,0,0,1,1,1,0,0,1,1,0,0
50,0,38.227285,-121.02789,722,0,40,33.66,20,83.85,3532.25,0.0,0,1346.4,4,0,0,0,0,0,0,0,1,0,0,0,1,1,1,0,1,0,0,0,0,0,0,1,1,1,0,0,0,0,0,0
25,0,37.956963,-120.863055,596,0,21,3.26,51,75.3,1570.7,0.0,0,68.46,3,1,1,0,0,0,0,0,0,0,0,0,1,1,1,0,1,0,0,0,0,0,0,0,0,1,0,0,0,1,0,0
41,0,37.873283,-121.292034,5094,0,8,30.8,27,66.65,520.95,0.0,0,246.4,4,1,0,0,0,0,0,0,0,0,0,1,1,0,1,1,0,0,0,1,0,1,1,0,0,1,0,0,1,0,0,0
38,1,38.358464,-120.579304,21,3,72,32.23,19,109.5,7854.9,0.0,0,2320.56,3,0,0,0,1,1,1,0,0,0,0,0,1,0,1,0,1,0,1,1,1,1,1,1,1,1,0,1,1,1,0,0
49,0,38.184914,-120.364085,335,0,48,21.39,3,73.85,3581.4,0.0,60,1026.72,4,0,0,0,0,0,0,0,1,0,0,0,1,1,1,1,0,0,0,1,1,1,1,0,0,0,1,0,1,0,0,0
54,0,38.047746,-121.030499,3148,0,69,17.74,0,19.3,1447.9,0.0,0,1224.06,5,1,0,0,0,0,0,0,0,0,0,0,1,0,0,0,0,1,0,0,0,0,0,0,0,0,0,1,1,0,0,0
60,0,38.166791,-121.14207,3205,0,72,36.49,27,118.2,8547.15,0.0,0,2627.28,3,1,0,0,0,0,0,0,0,0,0,0,1,1,1,0,1,0,1,1,1,1,1,1,1,1,0,1,1,0,0,0
64,0,38.123544,-121.159078,45755,0,14,24.04,12,51.45,727.85,0.0,0,336.56,3,0,0,0,0,0,0,0,0,0,0,0,1,0,1,0,0,0,0,1,0,0,0,0,0,1,1,0,0,1,0,0
58,0,38.128087,-121.4078,22073,0,6,10.88,8,59.45,357.6,0.0,0,65.28,4,1,0,0,0,0,0,0,0,0,0,0,1,0,1,0,0,0,0,1,0,0,1,0,0,1,0,0,0,0,0,0
48,3,38.304194,-120.592431,2718,6,8,17.2,0,19.5,159.35,0.0,0,137.6,4,0,0,0,1,1,1,0,0,0,0,0,1,0,0,0,0,1,0,0,0,0,0,0,0,0,0,1,0,0,0,0
21,0,38.264262,-120.515133,1692,0,17,42.42,0,19.55,280.85,0.0,0,721.14,3,0,1,0,0,0,0,0,0,0,0,0,1,0,0,0,0,1,0,0,0,0,0,0,0,0,1,0,0,1,0,0
50,0,38.147852,-120.440124,4353,0,65,2.72,16,93.55,6069.25,0.0,30,176.8,3,1,0,0,0,0,0,0,1,0,0,0,1,1,1,0,1,0,1,0,0,1,0,1,1,0,1,0,0,0,0,0
54,1,38.196497,-120.61689,3930,6,57,18.85,24,59.3,3274.35,0.0,0,1074.45,3,0,0,0,1,1,1,0,1,0,0,0,1,0,1,0,0,0,1,0,1,1,0,0,0,1,1,0,1,1,0,0
54,0,38.156971,-120.849231,11266,9,56,37.76,21,109.8,6109.65,0.0,0,2114.56,4,0,0,0,1,0,1,0,1,0,0,0,1,1,1,0,1,0,1,1,1,0,1,1,1,1,1,0,0,0,0,0
50,0,38.192608,-120.957842,304,7,14,4.45,16,78.1,1122.4,0.0,0,62.3,4,0,0,0,1,0,1,0,0,0,0,0,1,0,1,0,1,0,0,0,0,0,0,1,1,1,0,0,1,0,0,0
47,0,38.41935,-120.469545,2198,1,52,0.0,26,39.9,2020.9,0.0,0,0.0,3,1,0,0,1,0,1,0,0,0,0,0,0,0,1,1,0,0,1,0,0,0,0,1,1,1,0,0,1,0,0,0
56,0,38.392686,-120.415951,435,0,58,29.47,16,64.9,3795.45,0.0,0,1709.26,4,0,0,0,0,0,0,0,0,0,0,0,1,0,1,1,0,0,1,1,1,1,0,0,0,1,0,1,1,1,0,0
61,0,37.321233,-120.656354,27808,0,67,0.0,11,53.4,3579.15,0.0,0,0.0,5,0,0,0,0,0,0,0,0,0,0,0,0,0,1,1,0,0,0,0,1,1,1,1,1,1,0,0,1,1,0,0
22,0,37.4695,-120.672724,809,0,2,0.0,48,24.9,49.7,0.0,10,0.0,3,1,1,0,0,0,0,0,0,0,0,0,0,0,1,1,0,0,0,0,0,0,0,0,0,0,0,0,1,1,0,0
25,1,37.394411,-120.127262,986,0,71,25.45,59,114.0,8175.9,0.0,0,1806.95,4,1,1,0,1,1,0,0,0,0,0,0,1,1,1,0,1,0,1,1,1,1,1,1,1,1,0,1,1,0,0,0
42,1,37.553469,-120.952825,32881,7,46,27.65,0,20.25,890.35,0.0,0,1271.9,3,0,0,0,1,1,1,0,0,0,0,0,1,0,0,0,0,1,0,0,0,0,0,0,0,0,0,1,0,0,0,0
36,3,37.420273,-120.66527,55,0,3,18.43,0,20.2,50.6,0.0,0,55.29,3,1,0,0,0,1,0,0,0,0,0,0,1,0,0,0,0,1,0,0,0,0,0,0,0,0,0,0,0,0,0,0
60,0,37.435664,-121.049056,1508,0,3,2.69,0,19.95,58.0,0.0,0,8.07,3,0,0,0,0,0,0,0,0,0,0,0,1,0,0,0,0,1,0,0,0,0,0,0,0,0,0,0,0,1,0,0
40,2,37.127386,-120.506422,808,9,50,26.98,0,20.35,938.95,0.0,0,1349.0,5,1,0,0,1,1,1,0,0,0,0,0,1,0,0,0,0,1,0,0,0,0,0,0,0,0,1,0,1,1,0,0
29,2,37.818543,-121.006907,11474,2,67,0.0,51,54.2,3623.95,0.0,0,0.0,3,0,1,0,1,1,1,0,0,0,0,0,0,0,1,0,0,0,1,1,1,1,1,0,0,1,0,1,0,1,0,0
46,0,37.605926,-120.69955,1055,0,69,13.91,7,66.9,4577.9,0.0,0,959.79,3,0,0,0,0,0,0,1,0,0,0,0,1,1,1,0,0,0,1,1,0,1,0,0,0,1,0,1,1,1,0,0
50,0,37.394536,-120.890747,7177,0,1,0.0,18,25.85,25.85,0.0,0,0.0,3,0,0,0,0,0,0,0,0,0,0,0,0,0,1,1,0,0,0,0,0,0,0,0,0,1,1,0,0,1,0,0
40,0,37.479926,-120.230424,128,0,32,47.3,24,91.05,2871.5,0.0,0,1513.6,4,1,0,0,0,0,0,0,0,0,0,0,1,0,1,0,1,0,0,0,0,0,1,1,1,1,0,0,0,0,0,0
45,2,37.555631,-120.911653,2130,9,60,32.12,0,20.95,1270.55,0.0,0,1927.2,5,1,0,0,1,1,1,0,0,0,0,0,1,0,0,0,0,1,0,0,0,0,0,0,0,0,0,1,1,0,0,0
40,1,37.666587,-120.411517,1749,4,72,44.03,14,109.2,7711.45,0.0,0,3170.16,4,0,0,0,1,1,1,1,0,0,0,0,1,1,1,0,1,0,0,1,1,1,1,1,1,1,0,1,1,0,0,0
55,0,38.109125,-120.078597,683,0,2,7.8,0,19.65,31.2,0.0,0,15.6,5,1,0,0,0,0,0,0,0,0,0,0,1,0,0,0,0,1,0,0,0,0,0,0,0,0,0,0,1,0,0,0
44,3,37.830267,-121.201018,36738,0,2,31.01,0,20.5,38.25,0.0,0,62.02,3,0,0,0,0,1,0,0,0,0,0,0,1,0,0,0,0,1,0,0,0,0,0,0,0,0,1,0,0,0,0,0
29,0,37.750822,-121.238423,19867,0,36,44.7,59,89.65,3348.1,0.0,0,1609.2,3,0,1,0,0,0,0,0,0,0,0,0,1,1,1,1,0,0,1,0,1,1,1,1,1,1,1,0,1,1,0,0
48,0,37.526791,-119.99437,10226,0,7,1.67,23,74.35,533.6,0.0,0,11.69,4,1,0,0,0,0,0,0,0,0,0,0,1,0,1,0,1,0,1,0,0,0,0,0,0,1,0,0,0,1,0,0
30,0,37.581496,-119.972762,433,1,19,45.37,52,89.1,1620.8,0.0,0,862.03,5,0,0,0,1,0,1,0,0,0,0,0,1,1,1,0,1,0,0,1,0,0,0,1,1,1,0,0,1,0,0,0
57,1,37.621458,-121.012295,47536,3,47,38.25,20,90.05,4137.2,0.0,0,1797.75,4,1,0,0,1,1,1,0,0,0,0,0,1,0,1,0,1,0,1,0,1,0,0,1,1,1,0,0,0,0,0,0
49,0,37.716186,-121.025836,26055,0,1,2.85,0,19.4,19.4,0.0,0,2.85,3,0,0,0,0,0,0,0,0,0,0,0,1,0,0,0,0,1,0,0,0,0,0,0,0,0,0,0,0,1,0,0
29,3,37.410236,-121.320337,15536,6,32,36.65,69,90.8,3023.85,0.0,0,1172.8,3,1,1,0,1,1,1,0,0,0,0,0,1,0,1,0,1,0,1,1,0,0,0,1,1,1,1,0,1,0,0,0
62,3,37.521708,-120.426843,1158,3,61,34.54,58,99.9,6241.35,0.0,0,2106.94,5,1,0,0,1,1,1,0,0,0,0,0,1,1,1,0,1,0,0,0,1,0,1,1,1,1,1,0,1,0,0,0
64,2,37.982716,-120.343732,25340,1,72,28.63,19,88.7,6501.35,0.0,0,2061.36,4,1,0,0,1,1,1,1,0,0,0,0,1,1,1,1,0,0,1,1,1,1,1,1,1,1,0,1,0,1,0,0
25,1,37.990574,-120.261821,1519,1,44,0.0,69,54.3,2317.1,0.0,10,0.0,5,1,1,0,1,1,1,0,0,0,0,0,0,0,1,1,0,0,0,0,1,1,1,1,1,0,1,0,1,0,0,0
40,0,37.316807,-120.855753,1960,0,41,6.6,3,55.7,2237.55,0.0,0,270.6,4,1,0,0,0,0,0,0,0,0,0,0,1,1,1,0,0,0,0,0,1,0,0,0,0,1,0,0,1,0,0,0
27,0,37.680968,-121.446049,69801,0,50,23.28,51,103.95,5231.3,0.0,0,1164.0,3,1,1,0,1,0,0,0,0,0,0,0,1,1,1,0,1,0,1,0,1,0,1,1,1,1,1,0,1,0,0,0
30,3,37.474396,-120.875917,40545,1,8,2.87,0,20.15,165.5,0.0,0,22.96,4,1,0,0,1,1,1,0,0,0,0,1,1,0,0,0,0,1,0,0,0,0,0,0,0,0,0,1,0,1,0,0
61,0,37.529656,-120.854357,24708,0,18,22.97,0,20.05,358.5,0.0,0,413.46,3,1,0,0,0,0,0,0,0,0,0,0,1,0,0,0,0,1,0,0,0,0,0,0,0,0,0,0,0,1,0,0
21,1,38.107441,-120.230625,4848,1,72,27.1,59,91.95,6614.9,0.0,0,1951.2,4,1,1,0,1,1,1,1,0,0,0,0,1,1,1,0,0,0,1,1,1,1,1,1,1,1,0,1,1,1,0,0
29,2,37.421299,-120.599587,11463,0,13,11.99,27,104.15,1299.1,2.76,0,155.87,3,0,1,0,0,1,0,0,0,0,1,0,1,1,1,0,1,0,0,1,1,0,1,1,1,1,1,0,1,1,0,0
50,2,33.141265,-116.967221,48690,1,68,15.94,29,83.65,5733.4,46.99,0,1083.92,4,0,0,0,1,1,1,1,0,0,0,0,1,1,1,0,1,0,0,1,0,1,0,0,0,1,1,0,1,0,0,0
27,0,38.488431,-122.752839,40270,0,69,5.71,73,110.05,7430.75,23.16,0,393.99,3,1,1,0,0,0,0,1,0,0,0,0,1,1,1,0,1,0,1,1,1,0,1,1,1,1,0,1,1,1,0,0
31,3,38.439696,-122.668817,22250,1,25,23.69,0,25.5,630.6,44.42,0,592.25,3,1,0,0,1,1,1,0,0,0,0,0,1,1,0,0,0,1,0,0,0,0,0,0,0,0,0,1,0,1,0,0
19,2,38.468893,-122.580539,25718,1,59,9.51,0,19.5,1222.65,0.0,0,561.09,4,0,1,0,1,1,1,0,0,0,0,0,1,0,0,0,0,1,0,0,0,0,0,0,0,0,0,1,0,1,0,0
19,3,39.025867,-123.381544,1374,1,69,23.02,48,105.1,7234.8,0.0,110,1588.38,3,0,1,0,1,1,1,1,0,0,0,0,1,1,1,0,1,0,1,1,1,1,1,0,0,0,1,0,1,1,0,0
37,0,39.710591,-123.682799,176,0,13,0.0,16,25.15,331.85,48.59,0,0.0,5,1,0,0,0,0,0,0,0,0,1,0,0,0,1,0,0,0,0,0,0,0,0,0,0,1,0,0,1,0,0,0
27,0,38.578807,-123.19338,1575,1,52,8.94,85,95.65,5088.4,11.8,0,464.88,3,1,1,0,1,0,1,0,0,0,0,0,1,1,1,0,1,0,0,1,0,1,0,1,1,1,0,0,1,1,0,0
53,0,39.07116,-122.598542,3684,1,61,43.48,20,80.8,4860.85,17.17,0,2652.28,4,1,0,0,1,0,1,0,0,0,0,0,1,1,1,1,0,0,1,1,1,1,0,1,1,1,0,1,1,0,0,0
19,0,38.801936,-122.938935,9210,0,29,0.0,59,24.85,788.05,0.0,0,0.0,5,1,1,0,0,0,0,0,0,0,0,0,0,0,1,1,0,0,0,0,0,0,0,0,0,1,1,0,1,1,0,0
37,1,38.838088,-122.73203,1591,0,25,39.9,27,54.75,1266.35,15.76,0,997.5,5,0,0,0,0,1,0,0,0,1,0,0,1,0,1,1,0,0,0,1,0,1,0,0,0,1,1,0,1,1,0,0
52,0,39.83307,-123.178765,2296,0,15,0.0,14,50.75,688.2,32.55,0,0.0,5,1,0,0,0,0,0,0,0,0,1,0,0,0,1,1,0,0,0,0,1,0,1,1,1,1,1,0,0,0,0,0
48,3,39.756049,-123.358701,91,1,19,31.85,0,20.15,387.7,2.97,0,605.15,3,0,0,0,1,1,1,0,0,0,1,0,1,0,0,0,0,1,0,0,0,0,0,0,0,0,0,1,0,1,0,0
28,0,38.445603,-123.063756,187,0,44,47.53,0,20.05,845.25,15.31,0,2091.32,3,1,1,0,0,0,0,0,0,0,0,0,1,0,0,0,0,1,0,0,0,0,0,0,0,0,0,1,0,1,0,0
44,3,39.108252,-123.645121,383,1,58,40.57,25,71.6,4230.25,45.54,0,2353.06,4,1,0,0,1,1,1,0,0,0,0,0,1,1,1,1,0,0,1,1,1,1,0,0,0,1,0,1,0,1,0,0
27,3,38.499302,-122.92444,6216,1,62,39.67,41,81.45,4983.05,14.15,0,2459.54,3,1,1,0,1,1,1,0,0,0,0,0,1,0,1,0,1,0,1,1,0,0,0,0,0,1,1,0,1,1,0,0
52,2,39.455555,-123.683979,14417,1,70,0.0,19,58.4,4113.15,32.53,0,0.0,5,0,0,0,1,1,1,1,0,0,0,0,0,0,1,0,0,0,0,1,1,1,1,1,1,1,1,0,1,0,0,0
49,2,38.731771,-123.064272,2349,2,10,0.0,24,53.7,521.0,22.97,0,0.0,3,1,0,0,1,1,1,0,0,0,1,0,0,0,1,0,0,0,1,1,1,1,0,1,1,1,0,1,0,1,0,0
64,0,38.368744,-122.522642,4101,0,26,37.7,0,19.6,471.85,21.25,0,980.2,4,1,0,0,0,0,0,0,0,1,0,0,1,0,0,0,0,1,0,0,0,0,0,0,0,0,1,0,1,0,0,0
55,0,39.045246,-122.743181,175,0,66,48.78,8,89.4,5976.9,36.02,40,3219.48,3,1,0,0,0,0,0,1,0,0,0,0,1,1,1,0,1,0,0,1,0,0,0,1,1,0,0,0,0,1,0,0
36,3,38.848082,-123.50608,1916,6,51,9.5,51,84.2,4299.75,39.68,0,484.5,5,1,0,0,1,1,1,0,0,0,0,0,1,1,1,0,1,0,0,1,0,1,0,0,0,1,1,0,0,0,0,0
31,1,38.52576,-123.013347,4913,9,72,7.16,24,106.1,7548.6,23.39,0,515.52,3,1,0,0,1,1,1,1,0,0,0,0,1,1,1,0,1,0,1,1,1,1,1,0,0,1,0,1,1,1,0,0
56,0,38.618347,-122.908422,17979,0,65,4.9,0,25.75,1654.75,41.74,0,318.5,5,1,0,0,0,0,0,0,0,0,0,0,1,1,0,0,0,1,0,0,0,0,0,0,0,0,0,1,0,1,0,0
31,1,38.505995,-123.187019,438,0,70,26.62,19,64.95,4551.5,20.87,0,1863.4,4,1,0,0,0,1,0,0,0,0,0,0,1,1,1,0,0,0,1,1,0,1,0,0,0,1,1,0,0,0,0,0
39,0,38.93496,-122.792243,9902,10,72,31.15,16,85.45,6227.5,0.0,0,2242.8,4,1,0,0,1,0,1,0,0,0,0,0,1,1,1,0,0,0,0,1,1,1,1,1,1,1,0,1,1,1,0,0
61,3,38.419525,-122.521585,1653,3,1,16.02,0,20.05,20.05,0.0,0,16.02,5,0,0,0,1,1,1,0,0,0,0,0,1,0,0,0,0,1,0,0,0,0,0,0,0,0,0,0,0,1,0,0
27,0,39.245911,-123.77214,882,0,3,38.41,0,20.7,57.5,0.0,0,115.23,4,1,1,0,0,0,0,0,0,0,0,1,1,0,0,0,0,1,0,0,0,0,0,0,0,0,0,0,0,1,0,0
39,0,38.925545,-122.549083,2644,0,58,48.78,0,25.3,1474.35,0.0,0,2829.24,5,1,0,0,0,0,0,0,0,0,0,0,1,1,0,0,0,1,0,0,0,0,0,0,0,0,0,1,1,1,0,0
21,0,38.471049,-123.015549,1537,7,72,34.95,48,99.4,7285.7,0.0,0,2516.4,5,1,1,0,1,0,1,0,0,0,0,0,1,1,1,0,1,0,0,1,0,0,1,1,1,1,0,1,1,0,0,0
35,2,38.415003,-122.998726,1880,1,72,17.89,19,107.45,7658.3,0.0,0,1288.08,4,0,0,0,1,1,1,0,0,0,0,0,1,1,1,0,1,0,1,1,1,1,0,1,1,1,0,1,0,1,0,0
36,1,39.094102,-123.500853,1113,4,72,12.84,22,83.6,5959.3,0.0,0,924.48,3,0,0,0,1,1,1,0,0,0,0,0,1,1,1,1,0,0,1,1,1,0,1,1,1,1,0,1,1,1,0,0
34,0,39.408634,-123.045516,1884,7,59,20.27,13,80.1,4693.2,0.0,0,1195.93,5,0,0,0,1,0,1,0,0,0,0,0,1,1,1,1,0,0,0,1,0,1,1,1,1,1,1,0,1,0,0,0
47,0,39.298065,-123.25211,5995,0,54,18.74,16,65.3,3512.9,0.0,0,1011.96,3,1,0,0,0,0,0,0,0,0,0,0,1,0,1,1,0,0,1,1,0,0,1,0,0,1,0,1,1,0,0,0
34,0,38.522328,-122.97932,298,0,60,7.1,10,89.55,5231.2,0.0,0,426.0,5,1,0,0,0,0,0,0,0,0,0,0,1,1,1,0,1,0,0,0,1,0,1,0,0,1,0,1,1,0,0,0
19,0,38.398815,-122.861923,31266,5,60,0.0,69,60.8,3603.45,0.0,0,0.0,5,0,1,0,1,0,1,0,0,0,0,0,0,0,1,1,0,0,0,1,1,1,1,1,1,1,0,1,0,1,0,0
39,0,38.25485,-122.461799,34314,0,3,6.97,14,74.5,217.45,0.0,0,20.91,3,1,0,0,0,0,0,0,0,0,0,0,1,1,1,0,1,0,0,0,0,0,0,0,0,1,0,0,0,0,0,0
52,0,39.134075,-123.23422,30988,6,69,45.35,19,99.15,6875.35,0.0,0,3129.15,3,0,0,0,1,0,1,0,0,0,0,0,1,1,1,0,1,0,1,0,0,0,1,1,1,1,0,1,0,0,0,0
29,5,39.220368,-122.907693,2344,9,1,25.1,0,19.25,19.25,0.0,0,25.1,4,0,1,0,1,1,1,0,0,0,0,1,1,0,0,0,0,1,0,0,0,0,0,0,0,0,0,0,0,0,0,0
44,3,39.724433,-123.767578,309,10,50,0.0,23,39.45,2021.35,0.0,0,0.0,3,1,0,0,1,1,1,0,0,0,0,0,0,0,1,1,0,0,1,0,0,0,1,0,0,1,0,0,1,1,0,0
58,0,39.492046,-123.375818,13472,0,56,0.0,23,44.85,2564.95,0.0,0,0.0,5,0,0,0,0,0,0,0,0,0,0,0,0,0,1,1,0,0,0,0,0,0,1,1,1,1,0,0,1,1,0,0
59,0,38.527297,-122.810044,23701,6,60,32.5,13,97.2,5611.75,0.0,0,1950.0,4,0,0,0,1,0,1,0,0,0,0,0,1,0,1,0,1,0,1,0,0,1,1,1,1,1,0,1,1,0,0,0
55,0,40.796621,-124.15428,23224,4,3,41.36,0,19.9,45.75,0.0,0,124.08,5,0,0,0,1,0,1,0,0,0,0,1,1,0,0,0,0,1,0,0,0,0,0,0,0,0,0,0,1,1,0,0
39,3,40.737431,-124.108897,23570,7,60,27.2,21,76.95,4543.95,0.0,0,1632.0,4,1,0,0,1,1,1,0,0,0,0,0,1,0,1,1,0,0,0,1,0,1,1,1,1,1,0,1,0,0,0,0
58,0,40.166028,-123.584144,261,0,13,0.0,13,35.4,450.4,0.0,100,0.0,3,0,0,0,0,0,0,0,0,0,1,0,0,0,1,0,0,0,0,0,1,1,0,0,0,0,0,1,0,1,0,0
45,2,40.309088,-123.668201,199,2,62,1.87,0,20.45,1297.35,0.0,0,115.94,4,1,0,0,1,1,1,0,0,0,0,0,1,0,0,0,0,1,0,0,0,0,0,0,0,0,0,1,0,0,0,0
58,0,40.965011,-124.015255,15921,0,45,1.57,30,96.75,4442.75,0.0,0,70.65,4,0,0,0,0,0,0,0,0,0,0,0,1,1,1,0,1,0,1,1,0,0,0,1,1,1,1,0,0,0,0,0
37,0,40.839958,-124.003757,19596,0,25,0.0,29,54.2,1423.15,0.0,0,0.0,3,0,0,0,0,0,0,0,0,1,0,0,0,0,1,0,0,0,0,0,1,1,1,1,1,1,1,0,0,0,0,0
30,0,40.825486,-124.049485,1689,0,44,48.95,59,100.1,4378.35,0.0,0,2153.8,3,1,0,0,0,0,0,0,1,0,0,0,1,0,1,0,1,0,0,0,1,1,1,1,1,1,0,1,0,0,0,0
34,0,40.94338,-123.831799,1584,0,2,39.5,26,45.25,74.2,0.0,0,79.0,3,0,0,0,0,0,0,0,0,0,0,1,1,0,1,0,0,0,0,0,0,0,0,0,0,1,0,0,1,1,0,0
50,0,40.497283,-123.93037,1072,0,22,10.25,0,20.85,450.65,0.0,0,225.5,5,0,0,0,0,0,0,0,0,0,1,0,1,0,0,0,0,1,0,0,0,0,0,0,0,0,1,0,0,0,0,0
59,0,33.362575,-117.299644,42239,0,35,0.0,12,33.45,1175.85,0.0,30,0.0,5,0,0,0,0,0,0,0,0,1,0,0,0,0,1,0,0,0,0,0,1,1,0,0,0,0,0,0,1,1,0,0
40,1,40.4785,-124.301372,2965,5,29,34.44,0,20.2,558.8,0.0,0,998.76,3,0,0,0,1,1,1,0,0,1,0,0,1,0,0,0,0,1,0,0,0,0,0,0,0,0,0,1,0,1,0,0
20,2,40.584991,-124.121504,12241,0,54,4.16,59,61.0,3283.05,0.0,0,224.64,4,1,1,0,0,1,0,0,1,0,0,0,1,0,1,0,0,0,0,1,1,1,0,0,0,1,1,0,1,0,0,0
45,0,41.867908,-123.794144,532,0,57,36.08,26,86.9,4939.25,0.0,0,2056.56,5,1,0,0,0,0,0,0,1,0,0,0,1,1,1,0,1,0,0,0,0,0,1,0,0,1,1,0,1,0,0,0
55,0,40.342928,-124.063329,82,0,62,41.13,12,69.4,4237.5,0.0,0,2550.06,3,1,0,0,0,0,0,0,1,0,0,0,1,1,1,0,0,0,1,1,1,1,0,0,0,1,0,1,0,0,0,0
44,3,41.163637,-123.704841,3041,10,15,46.64,0,20.35,335.95,0.0,0,699.6,3,0,0,0,1,1,1,0,0,0,1,0,1,0,0,0,0,1,0,0,0,0,0,0,0,0,1,0,0,1,0,0
50,0,41.572813,-124.035011,1215,9,70,5.46,30,104.3,7188.5,0.0,30,382.2,4,0,0,0,1,0,1,0,0,0,0,0,1,1,1,0,1,0,0,0,1,1,1,1,1,0,0,1,1,0,0,0
33,2,40.664483,-123.865325,264,6,21,38.95,17,44.95,926.25,0.0,0,817.95,5,0,0,0,1,1,1,0,0,0,1,0,1,0,1,0,0,0,0,0,0,0,0,0,0,1,0,0,1,0,0,0
61,3,40.7666,-123.80458,155,0,23,25.85,53,49.45,1119.35,0.0,0,594.5500000000001,3,0,0,0,0,1,0,0,0,0,1,0,1,0,1,0,0,0,0,0,0,1,0,0,0,1,1,0,1,0,0,0
24,0,40.665952,-124.240051,1447,0,6,12.17,0,20.6,116.6,0.0,0,73.02,3,1,1,0,0,0,0,0,0,0,0,1,1,0,0,0,0,1,0,0,0,0,0,0,0,0,1,0,0,1,0,0
53,3,40.390301,-123.412327,265,0,4,29.09,0,19.55,68.8,0.0,0,116.36,4,1,0,0,1,1,0,0,0,0,0,1,1,0,0,0,0,1,0,0,0,0,0,0,0,0,0,1,0,1,0,0
46,0,40.267158,-123.805913,644,0,23,18.12,23,93.5,2341.55,0.0,0,416.7600000000001,3,0,0,0,0,0,0,0,0,0,1,0,1,1,1,0,1,0,0,0,0,0,1,1,1,1,0,0,1,0,0,0
22,0,41.336354,-124.044354,494,0,26,0.0,82,54.55,1362.85,0.0,0,0.0,4,1,1,0,0,0,0,0,0,1,0,0,0,0,1,0,0,0,1,0,0,1,1,1,1,1,1,0,0,1,0,0
24,2,41.269521,-123.546958,574,0,8,15.66,0,20.05,163.6,0.0,0,125.28,4,0,1,0,0,1,0,0,0,0,0,1,1,0,0,0,0,1,0,0,0,0,0,0,0,0,0,0,0,1,0,0
20,0,40.184094,-123.745487,163,0,2,28.61,85,79.45,145.15,0.0,0,57.22,4,1,1,0,0,0,0,0,0,0,0,1,1,1,1,0,1,0,0,1,0,0,0,0,0,1,0,0,1,0,0,0
26,0,40.89866,-123.539754,660,0,59,1.94,73,79.85,4786.1,0.0,0,114.46,3,0,1,0,0,0,0,0,1,0,0,0,1,1,1,1,0,0,1,1,1,1,0,1,1,1,1,0,0,1,0,0
62,3,40.809636,-124.189977,395,9,39,17.29,75,100.0,3835.55,0.0,0,674.31,3,1,0,0,1,1,1,0,0,1,0,0,1,1,1,0,1,0,0,0,1,0,1,1,1,1,1,0,0,0,0,0
45,2,40.440636,-124.098739,1125,0,21,27.6,0,19.6,397.0,0.0,0,579.6,3,1,0,0,0,1,0,0,0,0,1,0,1,0,0,0,0,1,0,0,0,0,0,0,0,0,0,1,0,1,0,0
60,2,41.444606,-123.471895,202,6,48,18.64,0,20.2,1027.25,0.0,0,894.72,5,0,0,0,1,1,1,0,1,0,0,0,1,0,0,0,0,1,0,0,0,0,0,0,0,0,0,1,0,0,0,0
63,1,41.162295,-124.027381,2369,1,64,6.83,19,113.35,7222.75,0.0,20,437.12,3,0,0,0,1,1,1,0,1,0,0,0,1,1,1,0,1,0,1,1,1,1,1,1,1,0,1,0,0,0,0,0
43,1,40.310119,-123.909449,270,1,46,5.52,16,80.0,3769.7,0.0,0,253.92,5,1,0,0,1,1,1,0,1,0,0,0,1,1,1,0,1,0,0,1,0,0,0,0,0,1,0,0,1,0,0,0
32,0,40.949012,-123.655847,1666,0,52,38.71,21,80.95,4233.95,0.0,0,2012.92,5,0,0,0,0,0,0,0,1,0,0,0,1,1,1,1,0,0,0,0,1,1,1,1,1,1,0,1,1,0,0,0
54,1,39.873371,-123.741474,321,4,67,17.43,0,24.9,1680.25,0.0,0,1167.81,5,0,0,0,1,1,1,0,0,0,0,0,1,1,0,0,0,1,0,0,0,0,0,0,0,0,0,1,1,1,0,0
32,0,40.170357,-123.417298,259,7,71,29.78,22,109.25,7707.7,0.0,0,2114.38,3,0,0,0,1,0,1,0,0,0,0,0,1,1,1,0,1,0,0,1,1,1,1,1,1,1,0,1,0,0,0,0
22,0,38.912881,-121.082766,24944,0,71,2.88,48,116.3,8309.55,0.0,0,204.48,4,1,1,0,0,0,0,0,0,0,0,0,1,1,1,0,1,0,1,1,1,1,1,1,1,1,1,0,1,0,0,0
35,0,38.592745,-121.540036,12756,0,32,15.53,0,19.9,601.55,0.0,0,496.96,3,0,0,0,0,0,0,0,0,1,0,0,1,0,0,0,0,1,0,0,0,0,0,0,0,0,0,0,0,0,0,0
32,0,38.809804,-122.241383,382,0,2,44.77,9,70.35,139.25,0.0,0,89.54,5,0,0,0,0,0,0,0,0,0,0,0,1,0,1,0,1,0,0,0,0,0,0,0,0,1,0,0,0,0,0,0
48,0,38.681651,-122.130569,262,3,71,11.18,0,25.6,1888.25,0.0,0,793.78,5,0,0,0,1,0,1,0,0,0,0,0,1,1,0,0,0,1,0,0,0,0,0,0,0,0,0,1,0,1,0,0
29,0,38.626128,-121.328011,58830,0,60,0.0,73,44.45,2773.9,0.0,0,0.0,4,0,1,0,0,0,0,0,1,0,0,0,0,0,1,1,0,0,1,0,1,0,0,1,1,1,1,0,1,0,0,0
45,0,38.311609,-121.554034,699,0,6,27.69,9,73.85,401.3,0.0,0,166.14,4,0,0,0,0,0,0,0,0,0,0,0,1,1,1,0,1,0,0,0,0,0,0,0,0,1,0,0,1,1,0,0
56,3,38.508735,-121.678813,67411,1,48,4.45,57,70.1,3238.4,0.0,30,213.6,4,0,0,0,1,1,1,0,1,0,0,0,1,0,1,1,0,0,1,1,1,0,0,1,1,0,0,1,1,1,0,0
19,3,38.544002,-121.685559,648,8,63,24.5,0,25.25,1573.05,0.0,0,1543.5,5,1,1,0,1,1,1,0,1,0,0,0,1,1,0,0,0,1,0,0,0,0,0,0,0,0,0,1,0,1,0,0
19,2,38.392821,-121.799917,18529,0,12,19.38,0,21.05,235.8,0.0,0,232.56,3,1,1,0,0,1,0,0,0,0,1,0,1,0,0,0,0,1,0,0,0,0,0,0,0,0,0,0,0,1,0,0
56,1,38.63153,-120.842609,4097,4,30,36.74,18,64.5,1985.15,0.0,0,1102.2,5,0,0,0,1,1,1,0,0,1,0,0,1,0,1,0,0,0,0,0,1,1,1,0,0,1,1,0,1,0,0,0
41,0,38.734997,-121.463719,6197,0,40,16.73,14,105.95,4335.2,0.0,0,669.2,5,0,0,0,0,0,0,0,1,0,0,0,1,1,1,0,1,0,0,0,1,1,1,1,1,1,1,0,1,1,0,0
39,1,38.834469,-122.127193,2756,10,9,8.1,20,75.85,647.5,0.0,0,72.89999999999999,5,0,0,0,1,1,1,0,0,0,0,0,1,0,1,0,1,0,0,0,0,1,0,0,0,1,0,0,1,0,0,0
38,0,38.513484,-120.704613,850,0,62,0.0,30,43.6,2748.7,0.0,0,0.0,4,0,0,0,0,0,0,0,1,0,0,0,0,0,1,0,0,0,0,1,1,0,0,1,1,1,0,1,1,1,0,0
50,0,38.672638,-121.147403,51855,0,28,13.69,12,91.25,2483.65,0.0,0,383.32,5,1,0,0,0,0,0,0,0,1,0,0,1,0,1,0,1,0,0,1,0,1,1,0,0,1,1,0,1,0,0,0
64,0,39.031876,-120.811141,5714,0,70,29.53,7,89.75,6367.2,0.0,110,2067.1,4,0,0,0,0,0,0,0,0,0,0,0,1,1,1,0,0,0,1,1,1,1,1,1,1,0,0,1,0,1,0,0
20,0,38.274451,-121.259201,24194,0,46,5.86,82,104.4,4904.2,0.0,0,269.56,4,0,1,0,0,0,0,0,1,0,0,0,1,0,1,0,1,0,0,1,1,1,1,1,1,1,0,1,1,0,0,0
33,0,38.852544,-120.837669,2536,2,23,22.17,15,90.15,2044.95,0.0,0,509.91,4,0,0,0,1,0,1,0,0,0,1,0,1,1,1,0,1,0,0,0,1,0,0,1,1,1,0,0,0,1,0,0
27,1,38.9386,-120.785514,2723,7,47,0.0,47,40.3,1794.8,0.0,0,0.0,3,1,1,0,1,1,1,0,1,0,0,0,0,0,1,1,0,0,1,0,1,1,0,0,0,1,1,0,0,0,0,0
41,2,38.921333,-120.897718,1140,3,68,31.4,19,105.25,7173.15,0.0,0,2135.2,3,1,0,0,1,1,1,0,0,0,0,0,1,0,1,0,1,0,1,1,1,0,1,1,1,1,0,1,1,0,0,0
28,1,38.830739,-122.196202,228,0,67,12.54,59,104.0,7039.05,0.0,0,840.18,3,0,1,0,0,1,0,0,0,0,0,0,1,1,1,0,1,0,0,1,0,1,1,1,1,1,0,1,1,0,0,0
52,0,38.313447,-121.123886,1745,0,14,37.01,29,69.65,921.4,0.0,0,518.14,3,0,0,0,0,0,0,0,0,0,1,0,1,0,1,1,0,0,0,0,0,1,1,1,1,1,0,0,1,0,0,0
59,2,38.375325,-121.507935,213,4,57,49.95,22,74.3,4018.35,0.0,70,2847.15,5,1,0,0,1,1,1,0,1,0,0,0,1,1,1,0,1,0,0,0,0,0,0,0,0,0,0,0,1,0,0,0
34,1,38.33788,-120.954202,9752,6,55,41.18,18,100.9,5448.6,0.0,0,2264.9,4,0,0,0,1,1,1,0,1,0,0,0,1,1,1,0,1,0,1,0,0,0,1,1,1,1,1,0,0,1,0,0
25,0,38.154823,-121.601358,2010,0,1,42.96,0,20.25,20.25,0.0,0,42.96,5,1,1,0,0,0,0,0,0,0,0,0,1,0,0,0,0,1,0,0,0,0,0,0,0,0,0,0,1,1,0,0
61,0,38.875508,-121.765866,1793,0,23,8.5,6,96.9,2085.45,0.0,0,195.5,4,1,0,0,0,0,0,0,0,0,1,0,1,1,1,0,1,0,0,0,1,1,1,0,0,1,0,0,1,1,0,0
61,0,38.922812,-121.312005,15286,2,47,48.69,21,104.1,5135.15,0.0,0,2288.43,5,1,0,0,1,0,1,0,1,0,0,0,1,1,1,0,1,0,0,1,1,0,1,1,1,1,0,0,1,0,0,0
38,0,38.809175,-121.171375,11191,0,38,22.23,0,20.1,730.1,0.0,0,844.74,3,1,0,0,0,0,0,0,0,0,0,0,1,0,0,0,0,1,0,0,0,0,0,0,0,0,1,0,0,1,0,0
54,0,38.883224,-121.15918,6096,9,15,24.17,10,68.6,1108.6,0.0,90,362.55,4,1,0,0,1,0,1,0,0,0,1,0,1,0,1,0,1,0,0,0,0,0,0,0,0,0,0,0,1,0,0,0
49,0,38.788898,-121.608624,751,0,26,37.51,30,69.05,1815.65,0.0,0,975.26,3,0,0,0,0,0,0,0,0,0,0,0,1,0,1,0,1,0,0,0,0,0,0,0,0,1,0,0,1,1,0,0
62,2,38.671295,-121.388251,32202,5,35,15.41,0,19.7,730.4,0.0,0,539.35,4,0,0,0,1,1,1,0,0,0,0,0,1,0,0,0,0,1,0,0,0,0,0,0,0,0,0,1,0,1,0,0
23,1,38.736685,-121.251984,25173,0,3,37.85,0,20.05,75.45,0.0,0,113.55,4,1,1,0,0,1,0,0,0,0,0,0,1,0,0,0,0,1,0,0,0,0,0,0,0,0,0,0,1,1,0,0
52,0,38.859093,-121.182872,2048,9,42,41.16,11,94.4,4014.6,0.0,0,1728.7199999999998,3,1,0,0,1,0,1,0,0,0,0,0,1,1,1,0,1,0,1,0,1,0,0,1,1,1,0,0,1,0,0,0
34,0,38.803731,-121.043799,1173,9,10,21.85,9,54.95,568.85,0.0,0,218.5,3,1,0,0,1,0,1,0,0,0,1,0,1,0,1,1,0,0,1,0,0,1,0,0,0,1,0,0,1,1,0,0
19,0,38.400264,-120.641274,4354,0,61,10.21,69,93.7,5860.7,0.0,0,622.8100000000001,3,0,1,0,1,0,0,0,0,0,0,0,1,0,1,0,1,0,1,1,0,1,0,1,1,1,1,0,0,0,0,0
43,0,38.546999,-120.271114,5501,0,68,48.82,17,110.25,7279.35,0.0,30,3319.76,4,0,0,0,0,0,0,0,0,0,0,0,1,1,1,0,1,0,1,1,0,1,1,1,1,0,0,1,0,1,0,0
37,0,38.733714,-120.795213,34146,0,10,46.33,26,98.9,1064.95,0.0,0,463.3,3,1,0,0,0,0,0,0,0,0,1,0,1,0,1,0,1,0,1,0,1,0,1,1,1,1,1,0,1,0,0,0
35,3,38.489273,-120.891614,2220,3,72,12.96,56,80.45,5886.85,0.0,0,933.12,3,0,0,0,1,1,1,0,0,0,0,0,1,0,1,1,0,0,1,0,1,1,1,1,1,1,0,1,1,0,0,0
43,3,38.602723,-121.279913,49729,9,55,13.45,53,79.4,4238.45,0.0,0,739.75,4,1,0,0,1,1,1,0,0,0,0,0,1,0,1,0,1,0,0,1,0,1,0,0,0,1,0,0,0,0,0,0
42,0,38.688764,-121.457596,14010,0,7,8.29,21,62.8,418.3,0.0,0,58.03,4,0,0,0,0,0,0,0,0,0,0,0,1,0,1,1,0,0,0,0,1,1,0,1,1,1,0,0,0,0,0,0
50,0,38.954144,-121.482536,947,0,2,41.08,25,74.9,136.05,0.0,0,82.16,4,0,0,0,0,0,0,0,0,0,0,0,1,1,1,0,1,0,0,0,0,0,0,0,0,1,0,0,1,1,0,0
28,0,38.545775,-120.743325,364,0,9,13.05,73,74.85,708.2,0.0,0,117.45,3,0,1,0,0,0,0,0,0,0,0,0,1,0,1,0,1,0,1,0,0,0,0,0,0,1,0,0,1,0,0,0
54,1,38.7904,-121.236973,21510,0,27,2.65,0,25.85,788.55,0.0,0,71.55,5,1,0,0,0,1,0,0,0,0,0,0,1,1,0,0,0,1,0,0,0,0,0,0,0,0,0,1,1,1,0,0
57,0,38.984756,-121.345074,1219,9,64,23.29,25,68.3,4378.8,0.0,0,1490.56,5,0,0,0,1,0,1,0,0,0,0,0,1,0,1,1,0,0,0,1,1,1,0,1,1,1,0,1,1,1,0,0
23,0,38.598936,-120.963092,24738,0,70,0.0,26,48.4,3442.8,0.0,0,0.0,3,1,1,0,0,0,0,0,0,0,0,0,0,0,1,1,0,0,1,0,1,1,0,1,1,1,0,1,0,0,0,0
19,0,38.157794,-121.520223,1472,0,24,26.64,0,25.15,553.0,0.0,0,639.36,5,0,1,0,0,0,0,0,0,0,0,0,1,1,0,0,0,1,0,0,0,0,0,0,0,0,0,1,0,1,0,0
62,2,38.333133,-121.920151,63157,8,4,3.57,0,19.5,96.85,0.0,0,14.28,4,1,0,0,1,1,1,0,0,0,0,0,1,0,0,0,0,1,0,0,0,0,0,0,0,0,0,1,0,1,0,0
46,1,38.419088,-122.024568,32564,2,44,26.25,25,92.95,4122.9,0.0,0,1155.0,5,1,0,0,1,1,1,0,0,0,0,0,1,0,1,0,1,0,0,0,1,0,1,1,1,1,0,0,1,0,0,0
64,3,38.481902,-120.603668,1273,9,72,6.9,0,20.7,1482.3,0.0,0,496.8,5,0,0,0,1,1,1,0,0,0,0,0,1,0,0,0,0,1,0,0,0,0,0,0,0,0,0,1,1,1,0,0
58,0,38.627951,-121.593287,19050,0,66,21.23,0,19.35,1240.8,0.0,0,1401.18,3,1,0,0,0,0,0,0,0,0,0,0,1,0,0,0,0,1,0,0,0,0,0,0,0,0,0,1,0,0,0,0
42,3,39.218096,-120.79153,751,0,1,30.63,0,19.55,19.55,0.0,0,30.63,4,1,0,0,0,1,0,0,0,0,0,0,1,0,0,0,0,1,0,0,0,0,0,0,0,0,0,0,0,1,0,0
59,3,38.983388,-120.988814,1526,4,38,31.45,76,74.05,2802.3,0.0,0,1195.1,3,1,0,0,1,1,1,0,0,0,0,0,1,0,1,1,0,0,1,1,1,1,1,0,0,1,1,0,0,0,0,0
36,3,38.748316,-120.675512,4829,0,23,0.0,26,40.1,857.75,0.0,0,0.0,4,1,0,0,0,1,0,0,0,0,0,0,0,0,1,1,0,0,1,0,1,1,0,0,0,1,0,1,0,1,0,0
23,0,39.084645,-120.894014,8525,4,10,14.04,0,20.1,184.4,0.0,0,140.39999999999998,5,0,1,0,1,0,1,0,0,0,0,0,1,0,0,0,0,1,0,0,0,0,0,0,0,0,1,0,0,1,0,0
25,2,39.23754,-120.720196,185,4,72,21.21,27,83.55,6093.3,0.0,90,1527.12,3,1,1,0,1,1,1,0,0,0,0,0,1,1,1,1,0,0,1,0,1,1,1,1,1,0,0,1,1,1,0,0
20,0,39.170376,-120.838404,407,7,35,20.79,69,56.85,1861.1,0.0,0,727.65,4,0,1,0,1,0,1,0,0,0,0,0,1,0,1,1,0,0,0,1,0,1,0,0,0,1,0,0,0,0,0,0
52,2,38.851842,-120.076204,69,4,58,43.52,0,19.55,1079.65,0.0,0,2524.1600000000003,4,0,0,0,1,1,1,0,0,0,0,0,1,0,0,0,0,1,0,0,0,0,0,0,0,0,0,1,0,1,0,0
37,3,39.003358,-121.022539,3747,7,70,3.67,28,106.15,7475.1,0.0,0,256.9,4,1,0,0,1,1,1,0,0,0,0,0,1,0,1,0,1,0,0,1,1,1,1,1,1,1,1,0,1,0,0,0
56,3,38.733908,-120.453416,8577,2,38,13.67,30,78.95,2862.55,0.0,0,519.46,5,1,0,0,1,1,1,0,0,0,0,0,1,1,1,0,0,0,0,1,1,0,1,1,1,1,1,0,0,1,0,0
39,3,39.279068,-120.414275,88,2,60,0.0,51,49.75,3069.45,0.0,0,0.0,3,0,0,0,1,1,1,0,0,0,0,0,0,0,1,0,0,0,0,1,0,0,1,1,1,1,0,0,1,0,0,0
34,0,38.805481,-120.13287,25,0,26,37.59,8,92.4,2349.8,0.0,0,977.34,3,1,0,0,0,0,0,0,0,0,0,0,1,1,1,0,1,0,1,1,0,0,1,0,0,1,0,0,1,1,0,0
60,0,39.00978,-120.978273,31,0,8,17.52,28,58.2,469.25,0.0,30,140.16,4,0,0,0,0,0,0,0,0,0,0,0,1,0,1,1,0,0,1,1,0,1,0,0,0,0,1,0,0,0,0,0
50,0,38.684437,-121.055634,22028,0,55,8.93,26,73.1,4144.9,0.0,0,491.15,4,0,0,0,0,0,0,0,0,0,0,0,1,1,1,0,1,0,0,0,0,0,0,0,0,1,0,0,1,0,0,0
40,0,38.823278,-121.281856,15494,0,72,12.63,23,59.75,4265.0,0.0,0,909.36,3,0,0,0,0,0,0,0,0,0,0,0,1,1,1,1,0,0,1,1,0,0,0,0,0,1,0,1,0,0,0,0
61,3,38.584505,-121.491956,16599,9,54,23.02,21,59.8,3246.45,0.0,0,1243.08,5,0,0,0,1,1,1,0,0,0,0,0,1,1,1,0,0,0,0,1,1,0,0,0,0,1,0,1,1,0,0,0
26,1,38.608405,-121.449942,25355,7,72,21.29,52,116.6,8337.45,26.7,0,1532.88,3,1,1,0,1,1,1,0,0,0,0,0,1,1,1,0,1,0,1,1,1,1,1,1,1,1,0,1,1,0,0,0
54,0,38.574856,-121.46504,16164,0,52,20.8,30,109.3,5731.4,3.85,60,1081.6,4,1,0,0,0,0,0,0,0,0,0,0,1,1,1,0,1,0,1,0,1,1,1,1,1,0,0,1,1,0,0,0
56,0,38.556306,-121.495817,21313,0,39,0.0,6,50.65,1905.4,3.51,0,0.0,4,0,0,0,0,0,0,0,0,0,0,0,0,0,1,1,0,0,0,0,1,0,1,1,1,1,0,0,1,1,0,0
28,0,38.567594,-121.437507,15975,0,15,6.56,52,56.15,931.9,35.23,0,98.4,4,0,1,0,0,0,0,0,0,0,0,0,1,0,1,1,0,0,0,0,0,0,1,0,0,1,1,0,0,1,0,0
39,1,38.625096,-121.383658,35426,10,43,14.97,0,19.2,776.25,9.48,0,643.71,4,1,0,0,1,1,1,0,0,0,0,0,1,0,0,0,0,1,0,0,0,0,0,0,0,0,1,0,1,1,0,0
51,2,38.517295,-121.439819,30580,1,72,41.55,25,108.3,7679.65,36.13,50,2991.6,4,0,0,0,1,1,1,0,0,0,0,0,1,0,1,0,1,0,1,1,1,1,1,1,1,0,0,1,1,0,0,0
43,1,38.542532,-121.378826,38818,9,40,27.95,0,25.25,1006.9,44.51,0,1118.0,5,1,0,0,1,1,1,0,0,0,0,0,1,1,0,0,0,1,0,0,0,0,0,0,0,0,0,1,0,1,0,0
55,0,38.549185,-121.328386,19611,7,58,0.0,29,45.35,2540.1,4.08,0,0.0,3,0,0,0,1,0,1,0,0,0,0,0,0,0,1,1,0,0,1,1,0,0,1,0,0,1,1,0,1,0,0,0
44,0,38.486938,-121.395805,54880,0,67,0.0,17,43.9,3097.2,34.45,0,0.0,4,1,0,0,0,0,0,0,0,0,0,0,0,0,1,0,0,0,1,0,0,1,1,0,0,1,0,1,0,0,0,0
47,0,38.490508,-121.284171,592,1,31,3.12,6,79.3,2484.0,0.0,0,96.72,5,1,0,0,1,0,1,0,0,0,0,0,1,1,1,1,0,0,0,0,1,1,1,1,1,1,1,0,1,1,0,0
64,0,38.445939,-121.496855,9063,4,32,43.11,18,79.25,2619.15,16.96,0,1379.52,5,1,0,0,1,0,1,0,0,0,0,0,1,1,1,0,1,0,0,0,0,1,0,0,0,1,1,0,1,0,0,0
23,0,38.619049,-121.517552,31422,0,21,17.35,71,71.05,1524.85,16.91,140,364.35,4,0,1,0,0,0,0,0,0,0,0,0,1,0,1,1,0,0,1,1,0,1,1,0,0,0,0,1,0,1,0,0
42,0,38.646209,-121.52446,8403,0,52,47.9,3,53.75,2790.65,43.12,0,2490.8,3,1,0,0,0,0,0,0,0,0,0,0,1,0,1,1,0,0,1,0,1,0,0,0,0,1,1,0,0,0,0,0
42,3,38.685069,-121.543709,854,8,72,47.6,0,24.25,1784.5,49.76,0,3427.2000000000003,4,0,0,0,1,1,1,0,0,0,0,0,1,1,0,0,0,1,0,0,0,0,0,0,0,0,0,1,0,1,0,0
48,2,38.646096,-121.442433,34894,9,52,0.0,19,44.25,2276.1,23.5,0,0.0,3,1,0,0,1,1,1,0,0,0,0,0,0,0,1,1,0,0,1,0,1,0,0,1,1,1,1,0,0,0,0,0
62,0,38.660442,-121.346321,20993,0,41,12.42,12,50.05,2029.05,0.0,0,509.22,5,0,0,0,0,0,0,0,0,0,0,0,1,0,1,0,0,0,0,0,0,1,0,0,0,1,1,0,0,0,0,0
46,0,38.687367,-121.34848,31373,0,41,36.76,0,20.15,802.35,29.95,0,1507.16,3,1,0,0,0,0,0,0,0,0,0,0,1,0,0,0,0,1,0,0,0,0,0,0,0,0,0,1,0,1,0,0
39,1,38.585826,-121.376263,23362,6,67,36.21,24,69.35,4653.25,9.99,0,2426.07,3,1,0,0,1,1,1,0,0,0,0,0,1,1,1,1,0,0,1,1,1,1,0,0,0,1,1,0,1,1,0,0
40,3,39.19514,-121.503883,38091,10,16,12.82,0,19.35,275.9,33.24,0,205.12,5,0,0,0,1,1,1,0,0,0,0,0,1,0,0,0,0,1,0,0,0,0,0,0,0,0,0,0,0,1,0,0
35,0,39.125311,-121.392283,5654,0,17,27.66,0,19.15,343.45,28.63,0,470.22,3,1,0,0,0,0,0,0,0,0,0,0,1,0,0,0,0,1,0,0,0,0,0,0,0,0,0,1,0,1,0,0
27,0,39.467828,-120.841386,118,4,35,25.32,30,61.0,2130.45,10.7,0,886.2,3,1,1,0,1,0,1,0,0,0,0,0,1,0,1,1,0,0,1,1,1,0,0,0,0,1,0,0,0,1,0,0
52,2,38.982373,-122.047751,4796,10,58,25.86,0,20.5,1191.4,36.92,0,1499.88,4,0,0,0,1,1,1,0,0,0,0,0,1,0,0,0,0,1,0,0,0,0,0,0,0,0,0,1,0,1,0,0
35,2,39.657228,-121.37778,1279,1,52,0.0,17,50.2,2554.0,27.01,0,0.0,4,1,0,0,1,1,1,0,0,0,0,0,0,0,1,1,0,0,0,1,1,1,1,0,0,1,0,1,0,1,0,0
60,0,39.457388,-121.818201,3169,0,70,47.72,28,79.6,5589.45,42.34,0,3340.4,3,0,0,0,0,0,0,0,0,0,0,0,1,0,1,1,0,0,1,0,1,1,1,1,1,1,0,1,0,0,0,0
20,1,39.292334,-121.320597,1477,1,19,31.58,0,24.9,467.7,0.0,0,600.02,3,0,1,0,1,1,1,0,0,0,0,0,1,1,0,0,0,1,0,0,0,0,0,0,0,0,0,1,1,0,0,0
33,3,39.449794,-121.936372,303,1,35,26.09,56,106.9,3756.45,34.47,150,913.15,3,0,0,0,1,1,1,0,0,0,0,0,1,0,1,0,1,0,1,0,1,1,1,1,1,0,0,0,1,0,0,0
33,0,39.432127,-121.099287,632,0,32,41.53,28,101.35,3334.9,0.0,0,1328.96,5,0,0,0,0,0,0,0,0,0,0,0,1,1,1,0,1,0,0,0,1,0,1,1,1,1,0,0,1,0,0,0
25,3,40.171312,-121.120605,86,1,17,20.23,69,55.35,920.5,0.0,0,343.91,4,0,1,0,1,1,1,0,0,0,0,0,1,0,1,1,0,0,1,0,0,1,0,0,0,1,0,0,1,1,0,0
44,3,39.461768,-121.195825,262,1,67,46.9,28,50.55,3431.75,0.0,0,3142.3,5,0,0,0,1,1,1,1,0,0,0,0,1,0,1,0,0,0,0,1,0,0,0,0,0,1,1,0,0,1,0,0
56,0,39.745712,-121.84333,35808,0,9,43.83,0,19.5,150.35,0.0,0,394.47,4,0,0,0,0,0,0,0,0,0,0,0,1,0,0,0,0,1,0,0,0,0,0,0,0,0,0,0,0,0,0,0
43,0,39.562239,-121.14836,282,0,4,31.57,18,90.65,367.95,0.0,0,126.28,3,1,0,0,0,0,0,0,0,0,0,1,1,1,1,0,1,0,1,0,0,0,1,0,0,1,0,0,0,0,0,0
62,0,40.080342,-120.957805,178,0,60,35.13,3,79.0,4801.1,0.0,0,2107.8,3,1,0,0,0,0,0,0,0,0,0,0,1,0,1,1,0,0,1,0,1,1,1,1,1,1,1,0,0,1,0,0
35,0,39.578792,-120.780786,404,0,1,17.94,0,19.55,19.55,0.0,0,17.94,4,1,0,0,0,0,0,0,0,0,0,1,1,0,0,0,0,1,0,0,0,0,0,0,0,0,0,0,0,1,0,0
36,3,38.931425,-121.946081,19,1,27,2.4,0,19.9,550.1,0.0,0,64.8,5,0,0,0,1,1,1,0,0,0,0,0,1,0,0,0,0,1,0,0,0,0,0,0,0,0,0,1,0,1,0,0
20,0,39.53222,-122.594879,587,0,15,13.8,59,87.75,1242.2,0.0,0,207.0,3,1,1,0,0,0,0,0,0,0,0,0,1,1,1,0,1,0,1,0,0,0,1,0,0,1,0,0,1,0,0,0
32,0,40.077028,-121.494168,1351,0,41,7.83,19,81.3,3190.65,0.0,0,321.03000000000003,4,0,0,0,0,0,0,0,0,0,0,0,1,1,1,0,1,0,1,0,0,0,0,0,0,1,0,0,1,1,0,0
21,0,39.597975,-122.032248,1454,1,59,0.0,53,44.3,2666.75,0.0,20,0.0,4,1,1,0,1,0,1,0,1,0,0,0,0,0,1,1,0,0,0,0,0,0,1,1,1,0,0,0,1,0,0,0
45,2,39.564113,-120.868836,76,0,50,36.11,20,70.35,3533.6,0.0,0,1805.5,3,0,0,0,0,1,0,0,1,0,0,0,1,0,1,0,1,0,0,0,0,0,0,0,0,1,0,1,0,1,0,0
20,2,39.194539,-120.988066,23990,1,17,0.0,52,44.45,792.15,0.0,0,0.0,3,1,1,0,1,1,1,0,0,0,0,0,0,0,1,1,0,0,1,0,1,0,1,0,0,1,1,0,0,1,0,0
48,3,39.203817,-121.19584,9752,1,6,34.7,51,49.15,295.65,0.0,0,208.2,3,1,0,0,1,1,1,0,0,0,0,1,1,0,1,1,0,0,1,0,0,0,0,0,0,1,0,0,1,0,0,0
44,0,39.099204,-121.137962,17922,1,49,14.21,23,85.3,4297.95,0.0,0,696.2900000000001,4,1,0,0,1,0,1,0,1,0,0,0,1,0,1,0,1,0,0,1,0,0,1,0,0,1,0,0,1,1,0,0
30,0,39.732767,-122.042298,1931,1,59,20.5,53,69.1,4096.9,0.0,0,1209.5,3,1,0,0,1,0,1,0,1,0,0,0,1,1,1,0,0,0,1,0,0,1,0,1,1,1,1,0,1,1,0,0
45,2,39.933852,-121.584371,11168,1,59,2.47,0,20.6,1286.0,0.0,0,145.73000000000002,5,0,0,0,1,1,1,0,1,0,0,0,1,0,0,0,0,1,0,0,0,0,0,0,0,0,0,1,0,1,0,0
63,0,39.281194,-122.226568,1146,0,18,4.38,20,74.15,1387.0,0.0,0,78.84,5,1,0,0,0,0,0,0,0,0,0,0,1,1,1,0,1,0,0,0,0,0,0,0,0,1,0,0,0,1,0,0
22,0,39.937017,-121.058043,301,0,10,17.98,26,75.05,786.3,0.0,0,179.8,4,1,1,0,0,0,0,0,0,0,0,0,1,1,1,0,1,0,0,0,0,0,0,0,0,1,0,0,0,0,0,0
57,0,39.068071,-121.832638,776,1,14,44.95,19,44.6,641.25,0.0,0,629.3000000000001,3,1,0,0,1,0,1,0,0,0,1,0,1,0,1,1,0,0,0,0,0,0,0,0,0,1,1,0,0,0,0,0
47,0,39.333737,-120.858667,17269,0,35,17.2,0,21.45,705.45,0.0,0,602.0,3,1,0,0,0,0,0,0,0,0,0,0,1,0,0,0,0,1,0,0,0,0,0,0,0,0,0,1,0,0,0,0
48,2,39.423046,-120.984472,565,1,8,6.78,24,43.45,345.5,0.0,0,54.24,3,1,0,0,1,1,1,0,0,0,0,1,1,0,1,1,0,0,0,0,0,0,0,0,0,1,1,0,1,1,0,0
56,3,39.082568,-121.55325,6439,1,18,28.06,0,20.05,345.9,0.0,0,505.08,5,1,0,0,1,1,1,0,0,0,1,0,1,0,0,0,0,1,0,0,0,0,0,0,0,0,1,0,0,0,0,0
35,3,39.342587,-121.249833,1519,1,60,48.04,76,94.15,5811.8,0.0,0,2882.4,4,0,0,0,1,1,1,0,1,0,0,0,1,1,1,0,1,0,1,1,0,0,1,0,0,1,1,0,0,0,0,0
61,0,39.624561,-121.552866,17782,0,6,7.35,0,19.55,124.45,0.0,0,44.1,5,0,0,0,0,0,0,0,0,0,0,1,1,0,0,0,0,1,0,0,0,0,0,0,0,0,0,1,0,1,0,0
49,3,39.473896,-121.415927,28382,0,19,8.02,57,75.9,1375.6,0.0,0,152.38,4,0,0,0,0,1,0,0,0,0,1,0,1,1,1,1,0,0,1,1,0,1,1,0,0,1,0,0,1,1,0,0
35,2,39.435756,-121.552071,1254,1,53,37.57,15,64.15,3491.55,0.0,0,1991.21,3,1,0,0,1,1,1,0,1,0,0,0,1,1,1,1,0,0,1,1,0,1,0,0,0,1,1,0,0,0,0,0
34,0,39.424957,-122.039307,495,1,60,30.23,14,110.8,6640.7,9.79,0,1813.8,5,0,0,0,1,0,1,0,1,0,0,0,1,1,1,0,1,0,0,1,1,1,1,1,1,1,0,1,1,1,0,0
40,1,39.903272,-121.843567,26971,0,13,25.33,27,53.45,718.1,26.37,0,329.29,5,0,0,0,0,1,0,0,0,0,1,0,1,0,1,0,0,0,0,0,1,1,0,0,0,0,0,0,0,1,0,0
47,2,39.495768,-121.747472,74,1,5,1.38,16,69.95,320.4,0.0,0,6.9,3,0,0,0,1,1,1,0,0,0,0,0,1,0,1,0,1,0,0,0,0,0,0,0,0,1,0,0,0,1,0,0
60,1,39.176595,-121.291692,963,1,13,44.05,19,97.0,1334.45,0.0,0,572.65,3,1,0,0,1,1,1,0,0,0,1,0,1,0,1,0,1,0,0,0,1,0,1,1,1,1,0,0,0,0,0,0
42,0,39.904002,-121.527823,28,0,37,44.52,6,90.6,3358.65,8.96,0,1647.24,4,1,0,0,0,0,0,0,0,0,0,0,1,1,1,1,0,0,1,1,1,1,1,1,1,1,1,0,1,0,0,0
40,0,39.288127,-122.415841,844,0,64,48.41,22,73.55,4764.0,21.9,0,3098.24,3,1,0,0,1,0,0,0,1,0,0,0,1,0,1,0,1,0,1,0,0,0,0,0,0,1,0,0,1,1,0,0
55,0,39.172777,-121.805845,3193,1,61,25.14,13,94.35,5703.0,29.88,0,1533.54,5,0,0,0,1,0,1,0,1,0,0,0,1,1,1,0,1,0,0,1,0,1,0,1,1,1,0,1,1,0,0,0
29,0,39.34128,-120.786867,145,0,26,6.38,0,19.4,525.55,4.25,0,165.88,4,1,1,0,0,0,0,0,0,0,0,0,1,0,0,0,0,1,0,0,0,0,0,0,0,0,1,0,0,1,0,0
32,0,39.493991,-122.286363,8812,4,24,27.38,0,19.75,483.15,16.56,0,657.12,3,1,0,0,1,0,1,0,0,0,0,0,1,0,0,0,0,1,0,0,0,0,0,0,0,0,0,1,0,1,0,0
29,0,39.02741,-121.614982,34967,5,17,0.0,27,54.6,934.8,47.73,0,0.0,4,1,1,0,1,0,1,0,0,0,1,0,0,0,1,1,0,0,0,0,1,1,1,1,1,1,1,0,0,0,0,0
24,2,39.075694,-121.70606,27786,0,26,0.0,27,29.8,786.5,10.28,0,0.0,3,0,1,0,0,1,0,0,0,0,0,0,0,0,1,1,0,0,0,0,1,0,0,0,0,1,0,0,1,1,0,0
33,0,40.677649,-122.29467,41476,0,52,5.42,22,103.05,5364.8,46.67,0,281.84,4,1,0,0,0,0,0,0,1,0,0,0,1,1,1,0,1,0,0,1,1,0,1,1,1,1,0,0,1,0,0,0
22,0,40.448632,-122.306657,21418,0,1,29.19,0,20.3,20.3,0.0,0,29.19,5,1,1,0,0,0,0,0,0,0,0,0,1,0,0,0,0,1,0,0,0,0,0,0,0,0,0,0,0,1,0,0
34,0,40.722733,-122.109666,899,0,21,0.0,4,35.1,770.4,0.0,0,0.0,4,0,0,0,0,0,0,0,0,0,1,0,0,0,1,1,0,0,1,0,0,1,0,0,0,1,0,1,0,1,0,0
23,0,41.083464,-121.107929,595,2,67,25.46,73,105.7,6816.95,0.0,0,1705.8200000000002,4,0,1,0,1,0,1,1,0,0,0,0,1,1,1,0,1,0,0,1,1,0,1,1,1,1,1,0,1,0,0,0
36,3,40.775272,-123.287414,269,10,44,43.7,75,56.25,2419.55,14.78,40,1922.8,3,0,0,0,1,1,1,0,1,0,0,0,1,0,1,1,0,0,1,0,0,1,0,0,0,0,0,0,0,0,0,0
19,3,41.096569,-121.879082,265,1,70,0.0,47,60.35,4138.7,49.23,0,0.0,3,1,1,0,1,1,1,1,0,0,0,0,0,0,1,0,0,0,0,1,1,1,1,1,1,1,1,0,0,0,0,0
45,2,41.388397,-122.794636,290,1,56,22.74,13,59.8,3457.45,35.01,0,1273.4399999999998,3,1,0,0,1,1,1,0,1,0,0,0,1,0,1,1,0,0,1,1,1,0,0,0,0,1,0,1,1,0,0,0
32,1,40.243494,-121.154733,2664,10,46,49.26,18,99.65,4630.2,9.35,0,2265.96,3,0,0,0,1,1,1,0,1,0,0,0,1,1,1,0,1,0,1,0,1,1,0,1,1,1,0,1,0,1,0,0
37,1,39.913777,-122.289984,13840,6,63,25.32,11,50.65,3221.25,37.04,0,1595.16,3,0,0,0,1,1,1,0,1,0,0,0,1,0,1,1,0,0,1,0,0,0,0,0,0,1,0,1,1,0,0,0
23,0,40.336392,-122.448533,12348,0,11,28.76,27,60.9,688.5,49.24,0,316.36,3,1,1,0,0,0,0,0,0,0,1,0,1,0,1,1,0,0,0,1,1,1,0,0,0,1,0,0,1,0,0,0
22,2,41.949216,-122.050062,1162,6,15,24.36,59,59.65,867.1,32.65,0,365.4,4,1,1,0,1,1,1,0,0,0,1,0,1,1,1,1,0,0,0,0,1,1,0,0,0,1,0,0,1,0,0,0
33,0,40.586588,-122.903677,960,8,72,0.0,12,64.7,4746.05,0.0,140,0.0,3,1,0,0,1,0,1,1,0,0,0,0,0,0,1,1,0,0,1,1,1,1,1,1,1,0,0,1,1,0,0,0
23,2,41.017282,-121.468945,1902,3,6,30.17,48,54.85,355.1,39.15,0,181.02,3,0,1,0,1,1,1,0,0,0,0,0,1,0,1,1,0,0,0,0,0,0,1,0,0,1,0,0,0,0,0,0
62,2,41.232128,-123.194748,170,4,63,48.62,28,91.35,5764.7,18.78,0,3063.06,4,1,0,0,1,1,1,0,1,0,0,0,1,1,1,0,1,0,0,1,0,0,0,1,1,1,1,0,1,0,0,0
33,1,40.740138,-122.587476,373,2,18,39.56,0,25.1,428.45,14.57,0,712.08,4,0,0,0,1,1,1,0,0,0,1,0,1,1,0,0,0,1,0,0,0,0,0,0,0,0,0,1,0,1,0,0
34,0,41.411315,-122.697236,392,9,43,0.0,21,34.0,1505.35,49.22,0,0.0,3,0,0,0,1,0,1,0,1,0,0,0,0,0,1,0,0,0,1,0,0,1,0,0,0,1,0,0,0,0,0,0
60,0,40.03194,-122.176023,3357,0,15,0.0,25,45.9,693.45,16.27,0,0.0,3,0,0,0,0,0,0,0,0,0,1,0,0,0,1,1,0,0,1,1,1,1,0,0,0,1,1,0,0,1,0,0
57,3,41.599978,-122.539381,616,1,55,40.94,0,20.5,1177.95,5.83,0,2251.7,5,1,0,0,1,1,1,0,1,0,0,0,1,0,0,0,0,1,0,0,0,0,0,0,0,0,0,1,0,1,0,0
38,1,33.362575,-117.299644,42239,2,70,31.78,0,20.35,1458.1,35.44,0,2224.6,5,1,0,0,1,1,1,1,0,0,0,0,1,0,0,0,0,1,0,0,0,0,0,0,0,0,0,1,0,1,0,0
33,0,40.524535,-122.647172,911,0,25,1.22,10,65.8,1679.65,29.29,0,30.5,5,0,0,0,0,0,0,0,0,0,0,0,1,0,1,1,0,0,0,1,0,1,0,1,1,1,0,0,1,0,0,0
45,0,41.280478,-121.160249,386,0,1,0.0,29,24.4,24.4,0.0,0,0.0,3,1,0,0,0,0,0,0,0,0,0,0,0,0,1,1,0,0,0,0,0,0,0,0,0,1,0,0,0,1,0,0
35,0,41.251322,-122.105209,1586,7,26,23.31,20,73.05,1959.5,47.59,50,606.06,5,0,0,0,1,0,1,0,0,0,0,0,1,0,1,1,0,0,0,1,0,1,1,1,1,0,0,0,1,0,0,0
55,0,41.769709,-121.92063,816,0,34,45.56,7,64.35,2053.05,46.39,0,1549.04,3,0,0,0,0,0,0,0,0,0,0,0,1,0,1,1,0,0,1,1,0,0,0,1,1,1,1,0,0,0,0,0
29,1,40.426679,-121.850421,598,0,19,35.45,0,20.5,398.55,24.07,0,673.5500000000001,4,0,1,0,0,1,0,0,0,0,1,0,1,0,0,0,0,1,0,0,0,0,0,0,0,0,0,1,0,1,0,0
22,3,40.531257,-122.148139,830,5,62,32.92,71,54.75,3425.35,8.5,0,2041.04,4,0,1,0,1,1,1,0,1,0,0,0,1,0,1,1,0,0,1,0,1,0,0,0,0,1,1,0,0,1,0,0
60,0,40.877552,-121.885884,431,0,24,33.97,22,51.15,1275.7,0.0,0,815.28,3,1,0,0,0,0,0,0,0,0,0,0,1,0,1,1,0,0,1,0,0,0,0,0,0,1,0,0,1,0,0,0
20,1,41.082472,-121.195215,240,6,31,25.04,71,54.35,1647.0,0.0,0,776.24,3,1,1,0,1,1,1,0,0,0,0,0,1,0,1,1,0,0,0,0,1,1,0,0,0,1,0,0,0,1,0,0
20,0,40.582399,-122.195512,4931,5,63,20.51,51,96.0,6109.75,0.0,30,1292.13,3,0,1,0,1,0,1,0,1,0,0,0,1,0,1,0,1,0,0,1,0,0,1,1,1,0,1,0,1,0,0,0
46,3,40.343213,-121.815412,433,8,61,0.0,26,61.45,3751.15,0.0,0,0.0,3,0,0,0,1,1,1,0,1,0,0,0,0,0,1,1,0,0,0,1,1,1,1,1,1,1,0,1,1,0,0,0
32,0,40.186772,-122.388361,26438,0,18,1.42,0,19.65,411.25,0.0,0,25.56,3,1,0,0,0,0,0,0,0,0,1,0,1,0,0,0,0,1,0,0,0,0,0,0,0,0,1,0,0,1,0,0
38,3,40.923558,-122.059933,459,0,6,30.01,0,19.0,105.5,0.0,0,180.06,5,0,0,0,1,1,0,0,0,0,0,0,1,0,0,0,0,1,0,0,0,0,0,0,0,0,1,0,0,1,0,0
44,0,41.737962,-123.07557,88,0,33,16.57,30,100.0,3320.6,0.0,0,546.8100000000001,5,0,0,0,0,0,0,0,0,0,0,0,1,1,1,0,1,0,0,1,0,0,1,1,1,1,0,0,1,0,0,0
62,0,40.617614,-122.512861,528,3,56,7.0,18,98.7,5669.5,0.0,0,392.0,4,0,0,0,1,0,1,0,1,0,0,0,1,0,1,0,1,0,0,0,1,1,1,1,1,1,0,0,1,0,0,0
50,3,40.497441,-121.827524,4231,0,23,1.2,0,19.8,465.45,0.0,0,27.6,3,1,0,0,0,1,0,0,0,0,1,0,1,0,0,0,0,1,0,0,0,0,0,0,0,0,1,0,0,1,0,0
54,0,40.021787,-122.127576,405,0,9,1.85,22,73.8,704.3,0.0,50,16.650000000000002,3,1,0,0,0,0,0,0,0,0,0,0,1,0,1,0,1,0,0,0,1,0,0,0,0,0,0,0,1,0,0,0
26,0,40.759401,-122.939337,3749,0,5,22.16,0,20.05,95.55,0.0,0,110.8,4,1,1,0,0,0,0,0,0,0,0,0,1,0,0,0,0,1,0,0,0,0,0,0,0,0,0,0,0,1,0,0
40,0,41.465121,-122.380947,5896,6,61,27.66,29,106.2,6375.2,0.0,0,1687.26,4,1,0,0,1,0,1,0,0,0,0,0,1,1,1,0,1,0,1,1,0,0,1,1,1,1,0,0,1,0,0,0
21,2,40.637105,-121.906949,843,5,70,40.77,71,116.55,8152.3,0.0,0,2853.9,3,1,1,0,1,1,1,1,0,0,0,0,1,1,1,0,1,0,1,1,1,1,1,1,1,1,0,1,1,1,0,0
53,0,41.764869,-122.671316,9538,0,15,10.12,15,99.7,1566.75,0.0,0,151.79999999999998,3,1,0,0,0,0,0,0,0,0,1,0,1,1,1,0,1,0,1,0,0,0,1,1,1,1,0,0,1,0,0,0
27,1,41.468877,-120.54229,5096,8,8,11.57,0,19.7,130.25,0.0,0,92.56,4,1,1,0,1,1,1,0,0,0,0,0,1,0,0,0,0,1,0,0,0,0,0,0,0,0,0,1,0,1,0,0
19,2,39.783747,-120.661032,1839,10,8,13.21,0,19.5,162.15,0.0,0,105.68,5,0,1,0,1,1,1,0,0,0,0,0,1,0,0,0,0,1,0,0,0,0,0,0,0,0,0,1,0,1,0,0
53,0,41.505916,-120.152505,857,0,4,0.0,2,29.15,110.05,0.0,10,0.0,4,0,0,0,0,0,0,0,0,0,0,0,0,0,1,1,0,0,1,0,0,0,0,0,0,0,0,0,1,1,0,0
31,0,39.872961,-120.198876,650,0,34,43.17,8,55.0,1885.15,0.0,0,1467.78,4,0,0,0,0,0,0,0,0,1,0,0,1,0,1,1,0,0,1,1,0,0,0,0,0,1,1,0,0,1,0,0
38,0,39.745805,-120.580882,88,1,68,11.83,21,90.8,6302.85,0.0,0,804.44,4,1,0,0,1,0,1,1,0,0,0,0,1,1,1,1,0,0,1,1,1,1,1,1,1,1,0,1,1,1,0,0
52,2,38.42528,-119.475741,1332,10,45,0.0,19,51.0,2264.5,0.0,0,0.0,4,0,0,0,1,1,1,0,0,0,0,0,0,0,1,0,0,0,0,1,1,1,0,1,1,1,1,0,0,0,0,0
33,0,40.012675,-120.101857,1177,0,22,32.75,24,59.05,1253.5,0.0,0,720.5,4,0,0,0,0,0,0,0,0,0,1,0,1,1,1,1,0,0,1,0,0,1,0,0,0,1,0,0,1,1,0,0
39,0,41.280341,-120.150381,132,0,2,12.68,0,20.3,41.2,0.0,0,25.36,5,0,0,0,0,0,0,0,0,0,0,0,1,0,0,0,0,1,0,0,0,0,0,0,0,0,0,0,0,1,0,0
50,0,41.932207,-120.135941,231,4,70,38.58,25,72.95,5265.55,0.0,60,2700.6,4,1,0,0,1,0,1,1,0,0,0,0,1,1,1,1,0,0,0,1,1,1,1,0,0,0,0,1,0,0,0,0
23,1,40.198234,-120.18089,946,0,10,14.24,26,73.55,693.3,0.0,0,142.4,3,0,1,0,0,1,0,0,0,0,1,0,1,1,1,0,0,0,1,0,1,1,0,1,1,1,1,0,0,1,0,0
55,0,40.294034,-120.512622,3093,0,72,29.03,27,84.3,5997.1,0.0,0,2090.16,4,1,0,0,0,0,0,1,0,0,0,0,1,1,1,1,0,0,1,0,1,1,1,1,1,1,0,1,0,1,0,0
23,1,33.362575,-117.299644,42239,10,49,9.07,82,78.0,3824.2,0.0,0,444.43,5,0,1,0,1,1,1,0,0,0,0,0,1,0,1,1,0,0,0,1,1,0,1,1,1,1,1,0,0,1,0,0
57,0,40.507272,-120.338228,385,0,71,2.93,10,106.75,7283.25,0.0,0,208.03,3,0,0,0,0,0,0,1,0,0,0,0,1,1,1,0,1,0,1,1,1,0,1,1,1,1,0,1,1,1,0,0
50,0,39.637471,-120.226338,1822,0,22,35.4,0,19.25,412.55,0.0,0,778.8,3,0,0,0,0,0,0,0,0,0,0,0,1,0,0,0,0,1,0,0,0,0,0,0,0,0,1,0,1,1,0,0
37,3,41.042003,-120.506086,85,10,50,10.13,0,20.55,1070.25,0.0,0,506.50000000000006,4,0,0,0,1,1,1,0,0,0,0,0,1,0,0,0,0,1,0,0,0,0,0,0,0,0,0,1,0,1,0,0
51,2,38.735789,-119.85798,957,5,43,35.2,0,20.0,817.95,0.0,0,1513.6,5,0,0,0,1,1,1,0,0,0,0,0,1,0,0,0,0,1,0,0,0,0,0,0,0,0,1,0,0,1,0,0
21,1,40.181279,-120.392967,481,5,45,37.57,0,24.65,1171.3,0.0,0,1690.65,3,0,1,0,1,1,1,0,0,0,0,0,1,1,0,0,0,1,0,0,0,0,0,0,0,0,0,1,1,1,0,0
61,3,40.845738,-120.322219,61,0,23,7.11,0,23.85,625.65,0.0,0,163.53,5,0,0,0,1,1,0,0,0,0,0,0,1,1,0,0,0,1,0,0,0,0,0,0,0,0,0,1,0,1,0,0
41,0,39.672813,-120.456699,322,8,68,17.12,0,25.8,1911.5,0.0,0,1164.16,4,0,0,0,1,0,1,1,0,0,0,0,1,1,0,0,0,1,0,0,0,0,0,0,0,0,0,1,0,1,0,0
47,0,40.346634,-120.386422,408,0,26,3.26,6,59.45,1507.0,0.0,0,84.75999999999999,4,1,0,0,0,0,0,0,0,1,0,0,1,0,1,1,0,0,0,0,0,1,1,0,0,1,1,0,0,1,0,0
27,0,41.027281,-120.669427,72,0,14,9.19,0,20.05,299.3,0.0,0,128.66,5,1,1,0,0,0,0,0,0,0,0,0,1,0,0,0,0,1,0,0,0,0,0,0,0,0,0,0,1,0,0,0
34,0,38.636052,-119.489162,116,2,71,28.21,19,82.55,5832.65,0.0,0,2002.91,3,1,0,0,1,0,1,1,0,0,0,0,1,0,1,1,0,0,1,0,1,1,1,1,1,1,0,1,1,0,0,0
25,0,41.813521,-121.492666,2595,0,64,5.49,69,81.25,5567.55,0.0,40,351.36,3,1,1,0,0,0,0,0,0,0,0,0,1,1,1,1,0,0,1,1,1,1,1,0,0,0,1,0,0,0,0,0
61,0,40.271535,-121.018087,4158,0,57,6.45,3,74.3,4166.35,0.0,0,367.65,4,0,0,0,0,0,0,0,0,0,0,0,1,0,1,1,0,0,1,1,1,1,1,0,0,1,0,1,1,1,0,0
51,2,39.246654,-120.029273,4806,4,40,29.42,23,96.35,3915.4,0.0,0,1176.8000000000002,5,0,0,0,1,1,1,0,0,0,0,0,1,1,1,0,1,0,0,1,1,0,1,0,0,1,0,0,1,1,0,0
48,0,39.178337,-120.162806,4002,3,14,22.14,11,66.6,979.5,0.0,0,309.96000000000004,3,1,0,0,1,0,1,0,0,0,0,0,1,1,1,1,0,0,0,0,0,1,1,0,0,1,0,0,1,1,0,0
33,1,39.191797,-120.212401,942,2,2,30.87,19,44.5,90.05,0.0,0,61.74,5,1,0,0,1,1,1,0,0,0,0,0,1,0,1,1,0,0,0,0,0,0,0,0,0,1,0,0,1,0,0,0
56,0,33.964131,-118.272783,58198,0,5,12.35,13,80.1,398.55,0.0,0,61.75,3,1,0,0,0,0,0,0,0,0,0,0,1,0,1,0,1,0,0,0,0,0,1,0,0,1,0,0,1,1,0,0
26,2,34.076259,-118.310715,67852,5,29,36.7,69,69.05,1958.45,0.0,40,1064.3000000000002,4,1,1,0,1,1,1,0,0,1,0,0,1,1,1,1,0,0,1,0,0,1,1,0,0,0,1,0,0,0,0,0
42,0,34.048013,-118.293953,62784,0,3,14.79,0,20.4,63.15,0.0,0,44.37,4,0,0,0,0,0,0,0,0,0,0,1,1,0,0,0,0,1,0,0,0,0,0,0,0,0,0,0,0,1,0,0
53,1,34.027337,-118.28515,45025,8,71,14.86,0,19.7,1301.1,0.0,0,1055.06,5,1,0,0,1,1,1,1,0,0,0,0,1,0,0,0,0,1,0,0,0,0,0,0,0,0,0,1,0,1,0,0
34,2,34.008293,-118.346766,30852,0,9,27.64,29,50.1,484.05,0.0,0,248.76,4,1,0,0,0,1,0,0,0,0,0,1,1,0,1,0,0,0,0,1,0,0,0,0,0,1,0,0,1,0,0,0
30,0,34.00709,-118.258681,101215,0,48,45.51,27,83.45,3887.85,0.0,0,2184.48,4,0,0,0,0,0,0,0,0,0,0,0,1,1,1,1,0,0,1,1,1,0,1,1,1,1,1,0,1,1,0,0
19,0,34.065875,-118.238728,30596,0,26,49.87,48,86.65,2208.75,0.0,0,1296.62,3,1,1,0,0,0,0,0,0,1,0,0,1,1,1,0,1,0,1,1,0,0,0,0,0,1,0,0,1,1,0,0
63,0,34.044639,-118.240413,9732,0,9,34.79,0,20.15,238.15,0.0,0,313.11,4,0,0,0,0,0,0,0,0,0,0,1,1,0,0,0,0,1,0,0,0,0,0,0,0,0,0,0,0,0,0,0
46,3,34.039224,-118.266293,15140,9,46,12.68,0,19.4,958.15,0.0,0,583.28,4,0,0,0,1,1,1,0,0,0,0,0,1,0,0,0,0,1,0,0,0,0,0,0,0,0,0,1,0,1,0,0
48,1,34.028735,-118.317236,47143,3,64,0.0,19,60.05,3845.45,0.0,0,0.0,4,1,0,0,1,1,1,0,0,0,0,0,0,0,1,1,0,0,1,0,1,1,1,1,1,1,0,1,1,0,0,0
29,0,34.029043,-118.239504,3012,6,59,31.43,0,20.35,1267.0,0.0,0,1854.37,5,0,1,0,1,0,1,0,0,0,0,0,1,0,0,0,0,1,0,0,0,0,0,0,0,0,1,0,0,1,0,0
20,0,34.02381,-118.156582,68701,0,7,36.49,42,94.05,633.45,0.0,0,255.43,3,0,1,0,0,0,0,0,0,0,0,1,1,0,1,0,1,0,0,1,0,0,1,1,1,1,1,0,1,1,0,0
49,0,34.046174,-118.446333,41175,7,25,11.6,10,55.55,1405.3,0.0,0,290.0,5,1,0,0,1,0,1,0,0,1,0,0,1,1,1,1,0,0,0,0,1,0,0,0,0,1,0,0,0,1,0,0
56,0,34.089953,-118.294824,41713,9,24,35.8,0,20.1,533.9,0.0,0,859.1999999999999,3,1,0,0,1,0,1,0,0,1,0,0,1,0,0,0,0,1,0,0,0,0,0,0,0,0,1,0,0,1,0,0
42,1,34.085807,-118.206617,38415,5,10,26.37,26,70.3,676.15,0.0,0,263.7,4,0,0,0,1,1,1,0,0,0,0,0,1,1,1,0,0,0,1,1,0,0,1,0,0,1,1,0,0,0,0,0
36,0,34.078821,-118.177576,46960,7,69,14.18,16,53.65,3804.4,0.0,0,978.42,3,1,0,0,1,0,1,1,0,0,0,0,1,0,1,1,0,0,1,1,0,0,0,0,0,1,1,0,1,1,0,0
37,0,34.050198,-118.210946,49431,0,57,38.73,0,20.75,1118.8,0.0,0,2207.61,3,1,0,0,0,0,0,0,0,0,0,0,1,0,0,0,0,1,0,0,0,0,0,0,0,0,0,1,0,1,0,0
38,1,34.030578,-118.399613,58218,2,50,36.21,22,103.4,5236.4,0.0,0,1810.5,5,1,0,0,1,1,1,0,0,0,0,0,1,0,1,0,1,0,0,1,1,1,1,1,1,1,1,0,1,0,0,0
42,1,34.051809,-118.383843,27799,2,28,0.0,19,50.8,1386.8,0.0,0,0.0,4,1,0,0,1,1,1,0,0,1,0,0,0,0,1,1,0,0,1,0,1,1,1,0,0,1,1,0,0,1,0,0
28,0,34.002642,-118.287596,56709,0,25,7.55,71,79.0,1902.0,0.0,0,188.75,4,1,1,0,0,0,0,0,0,1,0,0,1,0,1,1,0,0,1,1,0,1,1,1,1,1,0,0,1,1,0,0
46,0,34.110845,-118.259595,29310,1,61,21.96,2,96.5,5673.7,0.0,0,1339.56,5,1,0,0,1,0,1,0,0,0,0,0,1,1,1,0,1,0,0,0,0,0,1,1,1,1,1,0,1,0,0,0
60,0,33.994524,-118.149953,9805,0,2,35.5,0,20.1,39.8,0.0,0,71.0,5,0,0,0,0,0,0,0,0,0,0,0,1,0,0,0,0,1,0,0,0,0,0,0,0,0,0,0,0,1,0,0
38,3,34.137412,-118.207607,27866,3,51,37.63,0,19.4,997.75,0.0,0,1919.13,4,1,0,0,1,1,1,0,0,0,0,0,1,0,0,0,0,1,0,0,0,0,0,0,0,0,1,0,0,1,0,0
21,3,34.11572,-118.192754,64672,10,71,48.76,71,77.55,5574.35,0.0,0,3461.96,3,0,1,0,1,1,1,1,0,0,0,0,1,0,1,0,0,0,1,0,1,0,1,1,1,1,0,1,0,1,0,0
31,2,33.988543,-118.334081,44764,10,20,14.79,0,20.05,406.05,0.0,0,295.79999999999995,3,0,0,0,1,1,1,0,0,0,0,0,1,0,0,0,0,1,0,0,0,0,0,0,0,0,0,0,0,1,0,0
54,2,33.952714,-118.292061,87383,8,6,23.73,0,19.85,138.85,0.0,0,142.38,5,1,0,0,1,1,1,0,0,0,0,1,1,0,0,0,0,1,0,0,0,0,0,0,0,0,0,0,0,1,0,0
64,0,33.954017,-118.402447,39334,0,6,43.18,0,20.2,123.65,0.0,0,259.08,5,0,0,0,0,0,0,0,0,0,0,1,1,0,0,0,0,1,0,0,0,0,0,0,0,0,0,0,0,1,0,0
48,0,34.108455,-118.362081,49839,0,29,13.74,2,67.45,1801.1,0.0,0,398.46,3,0,0,0,0,0,0,0,0,1,0,0,1,1,1,1,0,0,1,1,0,1,0,0,0,1,0,0,0,1,0,0
33,0,33.958149,-118.308441,47107,0,36,8.5,0,18.55,689.0,0.0,0,306.0,3,1,0,0,0,0,0,0,0,1,0,0,1,0,0,0,0,1,0,0,0,0,0,0,0,0,0,1,1,1,0,0
35,0,34.072945,-118.37267,21739,0,28,0.0,14,29.75,790.7,0.0,0,0.0,5,0,0,0,0,0,0,0,0,1,0,0,0,0,1,1,0,0,0,0,1,0,0,0,0,1,0,0,1,1,0,0
64,0,33.987945,-118.370442,8115,0,63,26.74,0,24.2,1618.2,0.0,0,1684.62,3,0,0,0,0,0,0,0,1,0,0,0,1,1,0,0,0,1,0,0,0,0,0,0,0,0,0,1,0,1,0,0
39,1,34.061918,-118.277939,44004,0,48,11.86,0,23.55,1173.35,0.0,0,569.28,3,1,0,0,1,1,0,0,1,0,0,0,1,1,0,0,0,1,0,0,0,0,0,0,0,0,0,1,0,1,0,0
48,0,34.001617,-118.222274,3642,5,49,49.58,0,20.45,900.9,0.0,0,2429.42,3,0,0,0,1,0,1,0,1,0,0,0,1,0,0,0,0,1,0,0,0,0,0,0,0,0,1,0,0,0,0,0
42,0,33.92128,-118.274186,24511,5,72,13.59,5,92.3,6719.9,0.0,0,978.48,4,1,0,0,1,0,1,1,0,0,0,0,1,1,1,1,0,0,1,1,1,1,1,1,1,0,0,1,0,1,0,0
49,3,34.044271,-118.185237,55668,9,72,0.0,53,53.65,3784.0,0.0,0,0.0,3,0,0,0,1,1,1,0,0,0,0,0,0,0,1,1,0,0,0,1,0,1,1,1,1,1,0,1,0,1,0,0
57,0,34.037251,-118.423573,24505,0,47,0.0,3,39.65,1798.65,0.0,0,0.0,4,0,0,0,0,0,0,0,1,0,0,0,0,0,1,1,0,0,1,1,0,1,0,0,0,1,1,0,0,1,0,0
41,0,34.108833,-118.229715,47534,0,1,36.33,4,54.65,54.65,0.0,0,36.33,3,0,0,0,0,0,0,0,0,0,0,0,1,0,1,1,0,0,0,0,0,0,1,0,0,1,0,0,1,0,0,0
52,0,34.002028,-118.430656,55204,0,36,28.41,4,104.8,3886.45,0.0,0,1022.76,3,0,0,0,0,0,0,0,0,1,0,0,1,1,1,0,1,0,0,1,1,0,1,1,1,1,1,0,1,0,0,0
44,3,34.057496,-118.413959,2527,5,43,0.0,53,29.3,1224.05,0.0,0,0.0,3,1,0,0,1,1,1,0,1,0,0,0,0,0,1,0,0,0,0,1,0,0,0,0,0,1,0,0,0,1,0,0
22,0,34.052917,-118.255178,21,0,38,23.95,27,103.65,3988.5,0.0,140,910.1,5,0,1,0,0,0,0,0,0,1,0,0,1,1,1,0,1,0,0,0,1,1,1,1,1,0,0,0,1,0,0,0
25,3,33.970343,-118.171368,105285,6,10,5.59,59,73.35,733.5,0.0,0,55.9,4,0,1,0,1,1,1,0,0,0,0,1,1,1,1,1,0,0,0,1,1,1,1,0,0,1,0,1,0,1,0,0
32,0,34.099891,-118.414338,21397,10,59,45.75,11,100.05,6034.85,0.0,0,2699.25,3,0,0,0,1,0,1,0,1,0,0,0,1,0,1,0,1,0,0,1,0,1,1,1,1,1,0,1,1,1,0,0
42,0,34.063947,-118.383001,8321,0,27,39.77,0,20.35,531.6,0.0,0,1073.7900000000002,3,1,0,0,0,0,0,0,0,1,0,0,1,0,0,0,0,1,0,0,0,0,0,0,0,0,0,1,0,1,0,0
54,0,33.88151,-118.234451,47305,0,7,1.41,0,23.5,173.0,0.0,0,9.87,4,1,0,0,0,0,0,0,0,0,0,1,1,1,0,0,0,1,0,0,0,0,0,0,0,0,0,0,0,1,0,0
55,0,33.885811,-118.206459,51387,0,36,29.27,9,70.7,2511.95,0.0,60,1053.72,3,0,0,0,0,0,0,0,0,1,0,0,1,1,1,1,0,0,0,1,0,1,0,1,1,0,1,0,1,1,0,0
19,2,33.912246,-118.236773,29825,10,41,1.6,59,94.3,3893.6,0.0,0,65.60000000000001,4,0,1,0,1,1,1,0,1,0,0,0,1,1,1,0,1,0,1,1,0,0,1,0,0,1,0,0,1,0,0,0
33,0,33.993991,-118.39704,31963,0,13,0.0,28,29.15,357.15,0.0,0,0.0,4,0,0,0,0,0,0,0,0,0,0,0,0,0,1,1,0,0,0,1,0,0,0,0,0,1,0,0,0,0,0,0
62,2,34.019323,-118.391902,15195,0,19,36.16,0,20.85,467.5,0.0,0,687.04,4,1,0,0,0,1,0,0,0,0,0,0,1,0,0,0,0,1,0,0,0,0,0,0,0,0,0,1,0,1,0,0
61,0,33.956228,-118.120993,24908,1,60,0.0,2,37.7,2288.7,0.0,0,0.0,4,0,0,0,1,0,1,0,1,0,0,0,0,0,1,0,0,0,1,1,0,1,0,0,0,1,0,1,0,0,0,0
47,0,33.917145,-118.401554,16041,9,69,3.08,20,92.45,6460.55,0.0,0,212.52,3,1,0,0,1,0,1,0,0,0,0,0,1,1,1,0,1,0,0,1,0,1,1,0,0,1,0,1,1,1,0,0
63,0,33.890853,-118.297967,47758,0,43,0.0,11,44.15,1931.3,0.0,0,0.0,4,1,0,0,0,0,0,0,1,0,0,0,0,0,1,1,0,0,0,0,1,1,0,1,1,1,1,0,0,0,0,0
54,1,33.876482,-118.284077,9960,0,11,0.0,17,36.05,402.6,0.0,100,0.0,4,0,0,0,0,1,0,0,0,0,0,0,0,0,1,1,0,0,1,0,0,1,0,0,0,0,1,0,1,1,0,0
42,0,33.90139,-118.315697,26442,6,45,6.49,22,50.25,2221.55,0.0,0,292.05,4,0,0,0,1,0,1,0,1,0,0,0,1,0,1,1,0,0,0,0,1,0,0,0,0,1,0,0,1,1,0,0
53,0,33.914775,-118.348083,93315,6,72,22.95,17,109.75,7758.9,0.0,0,1652.4,3,1,0,0,1,0,1,0,0,0,0,0,1,1,1,0,1,0,0,1,1,1,1,1,1,1,0,1,1,1,0,0
48,3,33.97803,-118.217141,78114,3,12,19.28,0,20.3,224.5,0.0,0,231.36,5,0,0,0,1,1,1,0,0,0,0,0,1,0,0,0,0,1,0,0,0,0,0,0,0,0,0,1,0,0,0,0
20,3,33.88856,-118.351813,33300,3,67,20.41,52,112.35,7388.45,0.0,0,1367.47,4,0,1,0,1,1,1,0,0,0,0,0,1,1,1,0,1,0,0,1,1,1,1,1,1,1,1,0,1,1,0,0
23,0,33.923573,-118.200669,69850,8,37,13.13,58,94.3,3460.95,0.0,0,485.81,3,1,1,0,1,0,1,0,0,1,0,0,1,1,1,0,1,0,0,0,1,1,1,0,0,1,0,1,0,1,0,0
19,0,34.037037,-118.705803,11,0,39,0.0,73,41.15,1700.9,0.0,0,0.0,4,0,1,0,0,0,0,0,0,1,0,0,0,0,1,1,0,0,1,1,0,1,0,0,0,1,1,0,0,0,0,0
47,0,34.074572,-118.831181,19630,0,41,31.08,12,74.65,3090.65,0.0,100,1274.28,4,0,0,0,0,0,0,0,1,0,0,0,1,1,1,1,0,0,1,0,1,1,0,1,1,0,0,0,1,0,0,0
20,0,33.889632,-118.39737,33758,0,25,0.0,59,48.25,1293.8,0.0,0,0.0,5,0,1,0,0,0,0,0,0,1,0,0,0,0,1,0,0,0,0,0,1,0,1,1,1,1,0,0,1,0,0,0
32,1,33.988572,-118.186565,28094,0,8,37.28,14,76.15,645.8,0.0,0,298.24,4,1,0,0,1,1,0,0,0,0,0,1,1,1,1,1,0,0,1,1,0,1,0,1,1,1,0,1,1,1,0,0
63,3,34.079449,-118.548306,22548,9,71,45.81,52,71.1,5224.95,0.0,0,3252.51,4,0,0,0,1,1,1,0,0,0,0,0,1,1,1,1,0,0,1,1,1,1,0,0,0,1,0,1,0,1,0,0
40,0,33.788208,-118.404955,24979,0,5,39.13,20,96.55,500.1,0.0,0,195.65,3,1,0,0,0,0,0,0,0,0,0,0,1,1,1,0,1,0,0,1,1,0,0,1,1,1,0,0,0,0,0,0
59,0,33.753146,-118.367459,41263,0,30,6.74,18,79.3,2427.1,0.0,0,202.2,3,0,0,0,0,0,0,0,0,1,0,0,1,1,1,1,0,0,1,0,1,0,1,1,1,1,1,0,1,1,0,0
30,0,33.830453,-118.384565,34191,0,40,32.27,69,89.6,3488.15,0.0,0,1290.8000000000002,4,1,0,0,0,0,0,0,1,0,0,0,1,0,1,0,1,0,0,1,0,1,0,1,1,1,1,0,1,1,0,0
44,0,33.873395,-118.37019,37322,0,54,10.83,0,20.5,1035.7,0.0,0,584.82,5,0,0,0,0,0,0,0,1,0,0,0,1,0,0,0,0,1,0,0,0,0,0,0,0,0,0,1,1,1,0,0
22,0,33.944624,-118.192615,96267,10,72,15.09,85,106.3,7565.35,0.0,0,1086.48,5,1,1,0,1,0,1,0,0,0,0,0,1,1,1,0,1,0,0,1,1,0,1,1,1,1,0,1,1,0,0,0
39,2,34.115192,-118.61017,5451,8,28,7.73,13,100.35,2799.0,0.0,0,216.44,3,1,0,0,1,1,1,0,0,0,0,0,1,0,1,0,1,0,0,1,1,0,1,1,1,1,1,0,0,0,0,0
45,3,33.991782,-118.479229,31021,1,18,28.04,28,85.6,1601.5,0.0,0,504.72,4,1,0,0,1,1,1,0,0,0,0,0,1,0,1,0,1,0,0,0,0,1,0,1,1,1,0,0,1,0,0,0
63,1,33.947305,-118.439841,11264,1,59,35.23,19,106.15,6256.2,0.0,0,2078.57,5,0,0,0,1,1,1,0,1,0,0,0,1,1,1,0,1,0,0,1,1,0,1,1,1,1,1,0,1,0,0,0
29,2,33.956445,-118.358634,37527,3,22,27.91,27,51.1,1232.9,0.0,0,614.02,5,1,1,0,1,1,1,0,0,0,0,0,1,0,1,0,0,0,0,0,0,1,0,0,0,1,0,0,1,0,0,0
55,0,33.975332,-118.355252,30779,0,1,2.38,0,19.9,19.9,0.0,0,2.38,4,0,0,0,0,0,0,0,0,0,0,0,1,0,0,0,0,1,0,0,0,0,0,0,0,0,0,0,0,1,0,0
44,0,33.958134,-118.330905,13779,7,50,26.06,18,99.4,5059.75,0.0,0,1303.0,4,1,0,0,1,0,1,0,1,0,0,0,1,1,1,0,1,0,0,0,0,1,1,1,1,1,1,0,0,0,0,0
19,1,34.015481,-118.493231,5221,6,48,44.66,27,69.7,3023.65,0.0,0,2143.68,3,0,1,0,1,1,1,0,1,0,0,0,1,0,1,1,0,0,1,0,1,1,1,0,0,1,1,0,0,0,0,0
52,3,34.035849,-118.503508,11509,7,49,27.38,57,98.35,4889.2,0.0,0,1341.62,5,0,0,0,1,1,1,0,1,0,0,0,1,1,1,0,1,0,0,1,0,0,1,1,1,1,0,0,1,0,0,0
64,2,34.031529,-118.491156,23559,6,28,3.18,12,85.45,2289.9,0.0,0,89.04,3,1,0,0,1,1,1,0,0,0,0,0,1,0,1,0,1,0,0,0,1,0,1,0,0,1,0,0,0,0,0,0
29,0,34.005439,-118.477507,26099,0,13,44.43,41,100.75,1313.25,0.0,120,577.59,3,1,1,0,0,0,0,0,0,0,1,0,1,1,1,0,1,0,0,0,0,1,1,1,1,0,0,0,0,0,0,0
60,0,33.833699,-118.314387,40705,0,11,10.95,29,89.2,990.3,0.0,0,120.45,4,0,0,0,0,0,0,0,0,0,1,0,1,1,1,0,1,0,0,0,1,0,1,0,0,1,0,0,1,0,0,0
62,0,33.807882,-118.347957,34873,1,72,40.04,0,25.75,1864.2,0.0,0,2882.88,5,1,0,0,1,0,1,0,0,0,0,0,1,1,0,0,0,1,0,0,0,0,0,0,0,0,0,1,0,1,0,0
63,3,34.007353,-118.033683,32050,4,70,38.83,24,84.1,5979.7,0.0,0,2718.1,4,1,0,0,1,1,1,0,0,0,0,0,1,1,1,1,0,0,0,1,1,1,1,1,1,1,0,1,1,0,0,0
47,1,33.972119,-118.020188,26265,9,49,16.6,14,79.3,3902.45,0.0,0,813.4000000000001,5,0,0,0,1,1,1,0,1,0,0,0,1,1,1,1,0,0,0,1,0,1,1,1,1,1,0,1,0,0,0,0
61,0,33.929704,-118.01208,37887,0,46,30.25,0,20.05,902.0,0.0,0,1391.5,5,1,0,0,0,0,0,0,1,0,0,0,1,0,0,0,0,1,0,0,0,0,0,0,0,0,0,1,0,0,0,0
57,0,33.976678,-118.065875,32148,1,37,45.19,0,19.5,805.2,0.0,0,1672.03,4,0,0,0,1,0,1,0,0,0,0,0,1,0,0,0,0,1,0,0,0,0,0,0,0,0,0,0,0,0,0,0
63,0,33.850504,-118.039892,15505,10,72,40.59,25,115.15,8349.7,0.0,0,2922.4800000000005,4,0,0,0,1,0,1,0,0,0,0,0,1,1,1,0,1,0,1,1,1,1,1,1,1,1,0,1,0,0,0,0
45,1,33.818477,-118.038307,47344,4,68,34.13,25,72.95,4953.25,0.0,0,2320.84,4,1,0,0,1,1,1,0,0,0,0,0,1,0,1,1,0,0,0,0,1,1,1,1,1,1,0,1,1,0,0,0
48,3,33.940619,-117.9513,67354,1,15,17.28,0,19.65,332.65,0.0,0,259.20000000000005,5,1,0,0,1,1,1,0,0,0,1,0,1,0,0,0,0,1,0,0,0,0,0,0,0,0,1,0,0,1,0,0
51,0,33.902045,-118.008961,47568,0,24,10.64,0,19.55,470.2,0.0,0,255.36,5,0,0,0,0,0,0,0,0,0,0,0,1,0,0,0,0,1,0,0,0,0,0,0,0,0,0,1,1,0,0,0
21,0,34.015217,-118.109962,62425,0,24,18.07,52,89.55,2259.35,0.0,0,433.68,4,0,1,0,0,0,0,0,0,0,0,0,1,1,1,0,1,0,0,0,0,1,0,1,1,1,0,0,1,0,0,0
59,0,33.905963,-118.08263,103214,0,27,18.51,9,50.35,1411.35,0.0,150,499.77,3,1,0,0,0,0,0,0,0,0,0,0,1,0,1,1,0,0,1,0,0,0,0,0,0,0,0,0,0,1,0,0
24,2,33.933565,-118.062611,16271,5,71,48.08,51,87.25,6328.7,0.0,0,3413.68,4,0,1,0,1,1,1,0,0,0,0,0,1,0,1,0,0,0,1,1,1,1,1,1,1,1,0,1,0,1,0,0
48,2,33.801869,-117.995068,29694,6,67,8.82,0,20.8,1411.9,0.0,0,590.94,4,1,0,0,1,1,1,0,0,0,0,0,1,0,0,0,0,1,0,0,0,0,0,0,0,0,0,1,1,1,0,0
64,0,33.867593,-118.080637,16398,8,63,10.67,23,109.25,6841.4,0.0,0,672.21,4,0,0,0,1,0,1,0,0,0,0,0,1,1,1,0,1,0,0,1,1,1,1,1,1,1,0,1,1,0,0,0
50,0,33.8681,-118.067402,51556,0,1,31.97,0,20.35,20.35,0.0,0,31.97,5,1,0,0,0,0,0,0,0,0,0,0,1,0,0,0,0,1,0,0,0,0,0,0,0,0,0,0,0,1,0,0
51,0,33.391181,-118.421305,3699,0,4,17.7,22,55.9,238.5,0.0,0,70.8,3,1,0,0,0,0,0,0,0,0,0,0,1,0,1,1,0,0,0,0,0,0,0,1,1,1,0,0,1,0,0,0
61,2,33.840524,-118.148403,30173,5,52,16.53,12,79.2,4016.3,0.0,0,859.5600000000001,4,1,0,0,1,1,1,0,0,0,0,0,1,0,1,1,0,0,1,1,1,0,1,1,1,1,0,1,0,0,0,0
35,0,33.847755,-118.112532,27563,0,10,3.01,0,24.0,226.55,0.0,0,30.1,5,1,0,0,0,0,0,0,0,0,1,0,1,1,0,0,0,1,0,0,0,0,0,0,0,0,0,0,1,0,0,0
56,0,33.841027,-118.078097,20890,0,68,11.22,7,101.35,7110.75,0.0,0,762.96,4,1,0,0,0,0,0,0,0,0,0,0,1,1,1,0,1,0,1,1,1,0,1,0,0,1,1,0,0,0,0,0
58,0,33.79499,-118.065591,21343,4,52,0.0,8,35.45,1958.95,0.0,0,0.0,4,0,0,0,1,0,1,0,0,0,0,0,0,0,1,1,0,0,1,0,1,0,0,0,0,1,1,0,0,1,0,0
40,0,33.736387,-118.284363,58639,0,70,43.46,21,79.4,5528.9,0.0,0,3042.2000000000003,4,1,0,0,1,0,0,0,0,0,0,0,1,1,1,1,0,0,1,1,1,1,1,0,0,1,1,0,0,0,0,0
47,0,33.744119,-118.31448,21279,0,43,0.0,4,35.2,1463.7,0.0,0,0.0,3,1,0,0,0,0,0,0,0,0,0,0,0,0,1,0,0,0,1,0,1,0,0,0,0,1,1,0,1,1,0,0
31,0,33.75462,-118.071128,24180,0,52,21.98,0,19.65,1025.05,0.0,0,1142.96,4,1,0,0,0,0,0,0,0,0,0,0,1,0,0,0,0,1,0,0,0,0,0,0,0,0,0,1,0,1,0,0
58,0,33.719221,-118.073596,1107,0,12,0.0,7,49.85,552.1,0.0,0,0.0,3,0,0,0,0,0,0,0,0,0,1,0,0,0,1,1,0,0,1,0,1,1,0,1,1,1,0,1,0,1,0,0
25,1,33.728273,-118.085304,174,7,56,7.31,76,68.75,3815.4,0.0,110,409.36,3,0,1,0,1,1,1,0,0,0,0,0,1,1,1,1,0,0,1,1,0,0,0,1,1,0,1,0,0,0,0,0
56,1,33.782068,-118.262263,53323,0,10,29.95,19,61.9,619.0,0.0,0,299.5,4,1,0,0,0,1,0,0,0,0,0,0,1,1,1,1,0,0,1,1,0,1,0,0,0,1,0,1,1,0,0,0
53,0,33.822295,-118.26411,55486,0,42,9.46,14,79.9,3313.4,23.47,0,397.3200000000001,4,1,0,0,0,0,0,0,0,0,0,0,1,1,1,0,1,0,0,0,1,0,0,0,0,1,0,0,0,0,0,0
43,0,33.760458,-118.129725,31352,0,27,2.59,0,19.4,460.25,29.59,0,69.92999999999999,4,1,0,0,0,0,0,0,0,0,0,0,1,0,0,0,0,1,0,0,0,0,0,0,0,0,0,0,1,1,0,0
36,0,33.802664,-118.179971,49647,0,1,7.76,0,19.9,19.9,0.0,0,7.76,3,1,0,0,0,0,0,0,0,0,0,0,1,0,0,0,0,1,0,0,0,0,0,0,0,0,0,0,1,1,0,0
55,1,33.781086,-118.199049,63136,5,69,20.98,0,25.6,1673.4,28.09,0,1447.62,4,0,0,0,1,1,1,0,0,0,0,0,1,1,0,0,0,1,0,0,0,0,0,0,0,0,0,1,1,0,0,0
38,2,33.771612,-118.143866,19034,6,14,26.99,0,19.75,309.35,6.49,0,377.86,3,1,0,0,1,1,1,0,0,0,1,0,1,0,0,0,0,1,0,0,0,0,0,0,0,0,1,0,0,1,0,0
31,0,33.797638,-118.11662,38902,6,57,15.48,15,55.7,3171.6,34.59,0,882.36,3,1,0,0,1,0,1,0,0,0,0,0,1,0,1,0,0,0,1,0,0,1,0,0,0,1,0,0,0,0,0,0
58,1,33.778436,-118.118648,425,9,72,33.37,16,117.5,8670.1,47.55,0,2402.64,4,0,0,0,1,1,1,0,0,0,0,0,1,1,1,0,1,0,1,1,1,1,1,1,1,1,0,1,0,1,0,0
63,0,34.196837,-118.142236,36243,0,48,32.04,0,19.85,916.0,0.0,0,1537.92,5,1,0,0,0,0,0,0,0,0,0,0,1,0,0,0,0,1,0,0,0,0,0,0,0,0,0,1,0,1,0,0
35,3,34.137319,-118.029837,30028,9,4,41.93,53,78.9,299.75,37.01,0,167.72,4,0,0,0,1,1,1,0,0,0,0,0,1,0,1,0,1,0,0,0,0,0,1,0,0,1,0,0,1,1,0,0
31,1,34.128284,-118.047732,30933,10,31,9.56,0,20.65,702.05,43.76,0,296.36,4,1,0,0,1,1,1,0,0,0,0,0,1,0,0,0,0,1,0,0,0,0,0,0,0,0,0,0,1,0,0,0
28,0,34.1528,-118.000482,41067,0,1,42.42,0,19.65,19.65,0.0,0,42.42,3,0,1,0,0,0,0,0,0,0,0,0,1,0,0,0,0,1,0,0,0,0,0,0,0,0,0,0,0,1,0,0
22,0,34.110444,-118.156957,23984,5,3,0.0,41,29.9,92.25,0.0,0,0.0,3,1,1,0,1,0,1,0,0,0,0,0,0,0,1,1,0,0,0,0,0,1,0,0,0,1,0,0,1,0,0,0
56,2,34.282704,-118.312929,18752,0,72,15.21,0,19.75,1567.0,25.98,0,1095.12,4,0,0,0,0,1,0,0,0,0,0,0,1,0,0,0,0,1,0,0,0,0,0,0,0,0,0,1,1,1,0,0
57,1,34.296574,-118.244839,26753,0,29,0.0,21,45.0,1242.45,12.26,0,0.0,4,1,0,0,0,1,0,0,0,0,0,0,0,0,1,1,0,0,1,1,1,1,0,0,0,1,0,0,1,1,0,0
25,3,34.146635,-118.139225,16812,0,13,6.18,59,44.8,559.2,37.49,90,80.34,3,1,1,0,1,1,0,0,0,0,0,0,1,0,1,0,0,0,0,0,0,0,0,0,0,0,0,0,0,0,0,0
64,0,34.165383,-118.123752,38460,0,11,2.95,21,51.1,531.15,0.0,0,32.45,4,0,0,0,0,0,0,0,0,0,0,0,1,0,1,1,0,0,0,1,0,0,0,0,0,1,0,0,0,0,0,0
59,1,34.13946,-118.166649,10253,0,21,0.0,11,53.15,1183.2,19.13,0,0.0,4,0,0,0,0,1,0,0,0,0,0,0,0,0,1,1,0,0,1,1,1,1,1,0,0,1,0,1,0,1,0,0
62,0,34.139402,-118.128658,23742,0,19,11.86,0,24.7,465.85,1.65,0,225.34,5,0,0,0,0,0,0,0,0,0,0,0,1,1,0,0,0,1,0,0,0,0,0,0,0,0,0,0,0,0,0,0
24,3,34.17051,-118.289463,23981,8,35,48.3,73,109.95,3782.4,31.9,0,1690.5,3,1,1,0,1,1,1,0,0,0,0,0,1,1,1,0,1,0,0,1,1,1,1,1,1,1,0,0,1,0,0,0
55,3,34.167926,-118.267539,21990,0,25,3.07,0,20.8,460.2,21.81,0,76.75,5,1,0,0,0,1,0,0,0,0,0,0,1,0,0,0,0,1,0,0,0,0,0,0,0,0,0,0,0,1,0,0
53,0,34.136306,-118.26036,17015,0,67,16.72,0,25.6,1790.35,46.06,0,1120.24,3,0,0,0,0,0,0,0,0,0,0,0,1,1,0,0,0,1,0,0,0,0,0,0,0,0,0,1,1,0,0,0
56,2,34.182378,-118.262922,9864,4,72,27.88,30,108.4,7767.25,0.0,30,2007.36,4,1,0,0,1,1,1,0,0,0,0,0,1,1,1,0,1,0,1,1,1,0,1,1,1,0,0,1,1,1,0,0
57,0,34.195386,-118.238508,16910,0,43,3.18,0,19.55,876.15,15.17,0,136.74,5,1,0,0,0,0,0,0,0,0,0,0,1,0,0,0,0,1,0,0,0,0,0,0,0,0,0,1,0,1,0,0
51,2,34.239636,-118.245259,29110,5,55,20.1,19,85.1,4600.95,14.3,0,1105.5,3,0,0,0,1,1,1,0,0,0,0,0,1,1,1,0,1,0,1,1,0,0,0,0,0,1,0,0,1,0,0,0
26,0,34.130861,-118.68346,23661,0,27,34.98,26,69.05,1793.25,22.72,0,944.46,5,1,1,0,0,0,0,0,0,0,0,0,1,0,1,0,1,0,0,0,0,0,0,0,0,1,0,0,1,1,0,0
40,0,34.19829,-118.602203,23519,0,13,26.13,28,70.15,886.7,8.53,0,339.69,4,0,0,0,0,0,0,0,0,0,0,0,1,0,1,0,1,0,0,0,0,0,0,0,0,1,0,0,1,1,0,0
63,0,34.224377,-118.632656,49242,0,70,23.15,17,111.15,7737.55,46.26,0,1620.5,4,0,0,0,0,0,0,0,0,0,0,0,1,1,1,0,1,0,1,1,1,0,1,1,1,1,0,1,1,1,0,0
24,3,34.199787,-118.68493,23637,1,19,36.92,52,89.35,1686.85,0.0,0,701.48,4,0,1,0,1,1,1,0,0,0,0,0,1,1,1,0,1,0,0,0,0,1,0,1,1,1,1,0,1,0,0,0
50,0,34.294142,-118.603883,35325,0,20,24.73,25,89.1,1879.25,15.43,30,494.6,3,0,0,0,0,0,0,0,0,0,0,0,1,1,1,0,1,0,1,0,0,0,1,0,0,0,0,0,1,0,0,0
59,1,34.150354,-118.518292,27614,11,43,42.22,25,91.25,4013.8,25.49,0,1815.46,3,1,0,0,1,1,1,0,0,0,0,0,1,1,1,0,1,0,1,0,1,1,0,0,0,1,1,0,1,1,0,0
33,1,34.172071,-118.946262,37779,1,5,15.01,19,90.35,434.5,17.33,0,75.05,4,1,0,0,1,1,1,0,0,0,0,0,1,0,1,0,1,0,1,0,1,0,0,1,1,1,0,0,1,1,0,0
39,0,34.238208,-118.55029,25751,1,40,31.37,0,19.1,780.1,45.6,0,1254.8,3,0,0,0,1,0,1,0,0,0,0,0,1,0,0,0,0,1,0,0,0,0,0,0,0,0,0,1,0,1,0,0
54,3,34.236683,-118.517588,32307,1,6,41.36,0,20.4,107.6,0.0,0,248.16,5,1,0,0,1,1,1,0,0,0,0,0,1,0,0,0,0,1,0,0,0,0,0,0,0,0,0,1,1,1,0,0
38,0,34.281911,-118.556218,28067,0,39,37.94,19,100.45,3801.7,0.0,0,1479.66,4,1,0,0,0,0,0,0,0,0,0,0,1,0,1,0,1,0,1,0,1,0,1,1,1,1,0,1,1,0,0,0
62,2,34.266389,-118.459744,17112,1,72,28.37,18,69.85,5102.35,25.24,0,2042.64,3,1,0,0,1,1,1,0,0,0,0,0,1,1,1,1,0,0,1,1,1,1,0,0,0,1,0,1,0,0,0,0
36,0,34.422519,-118.420717,59259,1,72,36.03,0,25.85,1872.2,5.73,0,2594.16,5,1,0,0,1,0,1,0,0,0,0,0,1,1,0,0,0,1,0,0,0,0,0,0,0,0,0,1,0,1,0,0
36,0,34.231053,-118.338307,46639,0,3,37.0,22,71.1,213.35,2.62,0,111.0,4,0,0,0,0,0,0,0,0,0,0,0,1,0,1,1,0,0,1,1,0,1,0,1,1,1,0,1,0,1,0,0
45,0,34.43987,-118.644609,24977,1,59,20.78,26,93.35,5386.5,36.07,0,1226.02,3,0,0,0,1,0,1,0,0,0,0,0,1,1,1,0,1,0,0,0,1,1,1,0,0,1,0,0,0,0,0,0
24,0,34.130992,-118.894673,18735,0,4,22.07,41,50.55,235.65,0.0,0,88.28,4,0,1,0,0,0,0,0,0,0,0,0,1,0,1,1,0,0,1,0,0,0,0,0,0,1,0,0,1,0,0,0
20,0,34.153733,-118.593408,25988,0,27,25.51,69,81.3,2272.8,29.93,130,688.7700000000001,5,1,1,0,0,0,0,0,0,0,0,0,1,1,1,0,1,0,0,0,1,0,0,0,0,0,0,0,1,0,0,0
49,0,34.178068,-118.615714,36123,0,4,27.04,0,20.7,83.75,0.0,0,108.16,4,1,0,0,0,0,0,0,0,0,0,0,1,0,0,0,0,1,0,0,0,0,0,0,0,0,0,0,1,1,0,0
59,3,34.19225,-118.776874,14814,1,60,39.76,76,79.05,4663.4,0.0,0,2385.6,4,1,0,0,1,1,1,0,0,0,0,0,1,0,1,1,0,0,1,1,0,1,1,1,1,1,0,0,1,1,0,0
26,1,34.364153,-118.615583,9937,1,8,42.67,0,19.05,201.7,0.0,0,341.36,3,0,1,0,1,1,1,0,0,0,0,0,1,0,0,0,0,1,0,0,0,0,0,0,0,0,0,1,0,1,0,0
54,3,34.506627,-118.699048,22177,1,8,13.43,0,19.6,125.0,0.0,0,107.44,5,1,0,0,1,1,1,0,0,0,0,1,1,0,0,0,0,1,0,0,0,0,0,0,0,0,0,1,0,1,0,0
64,0,34.178483,-118.431791,40376,0,35,42.8,0,20.2,684.4,0.0,0,1498.0,3,1,0,0,0,0,0,0,0,0,0,0,1,0,0,0,0,1,0,0,0,0,0,0,0,0,0,1,1,1,0,0
48,3,34.147149,-118.463365,22085,1,53,43.71,0,20.9,1146.05,0.0,0,2316.63,5,0,0,0,1,1,1,0,0,0,0,0,1,0,0,0,0,1,0,0,0,0,0,0,0,0,0,1,0,1,0,0
49,0,34.195685,-118.490752,50047,0,15,0.0,23,38.8,603.0,0.0,0,0.0,4,0,0,0,0,0,0,0,0,0,0,0,0,0,1,1,0,0,0,1,0,0,0,1,1,1,0,1,1,1,0,0
44,0,34.17847,-118.459472,23646,1,67,37.6,23,88.4,5798.3,0.0,0,2519.2000000000003,5,1,0,0,1,0,1,0,0,0,0,0,1,1,1,0,1,0,0,1,0,0,1,0,0,1,1,0,1,0,0,0
37,1,34.213049,-118.317651,25882,0,1,8.66,0,19.3,19.3,0.0,0,8.66,3,1,0,0,0,1,0,0,0,0,0,1,1,0,0,0,0,1,0,0,0,0,0,0,0,0,0,0,1,1,0,0
27,0,34.174215,-118.345928,29245,0,5,30.92,41,55.75,266.95,0.0,0,154.60000000000002,4,1,1,0,0,0,0,0,0,0,0,1,1,0,1,0,0,0,1,0,0,1,0,0,1,1,0,0,1,1,0,0
42,0,34.169706,-118.323548,18539,0,13,16.35,0,19.95,257.0,0.0,0,212.55,3,1,0,0,0,0,0,0,0,0,0,0,1,0,0,0,0,1,0,0,0,0,0,0,0,0,1,0,1,1,0,0
39,0,34.15136,-118.364786,16996,0,29,12.92,24,89.65,2623.65,0.0,10,374.68,4,1,0,0,0,0,0,0,0,0,0,0,1,0,1,0,1,0,0,1,0,1,1,0,0,0,0,0,0,1,0,0
33,4,34.187599,-118.387125,45358,1,18,18.47,30,55.95,1082.8,0.0,0,332.46,4,0,0,0,1,1,1,0,0,0,0,0,1,0,1,1,0,0,0,0,0,0,1,0,0,1,0,0,0,1,0,0
61,0,34.165783,-118.399795,27453,1,2,27.41,23,69.0,147.8,0.0,0,54.82,4,0,0,0,1,0,1,0,0,0,0,1,1,0,1,0,0,0,0,0,1,0,1,1,1,1,0,0,0,1,0,0
19,1,34.132275,-117.611478,39064,1,30,10.24,48,83.55,2570.2,0.0,0,307.2,3,1,1,0,1,1,1,0,0,0,0,0,1,1,1,0,1,0,0,1,0,1,0,0,1,1,0,0,1,0,0,0
37,2,34.174493,-117.87068,57775,0,66,32.12,17,65.7,4378.9,0.0,0,2119.92,3,1,0,0,0,1,0,0,0,0,0,0,1,1,1,1,0,0,1,1,0,1,0,0,0,1,0,1,0,0,0,0
32,2,34.098275,-117.967399,76890,1,38,25.84,19,94.9,3616.25,0.0,0,981.92,3,1,0,0,1,1,1,0,0,0,0,0,1,1,1,0,1,0,0,0,1,1,1,0,0,0,0,1,1,0,0,0
41,3,33.942895,-117.725644,66754,1,44,37.68,24,61.9,2924.05,0.0,0,1657.92,4,1,0,0,1,1,1,0,0,0,0,0,1,0,1,1,0,0,0,1,1,1,0,0,0,1,0,0,1,1,0,0
46,0,34.127621,-117.717863,34716,0,2,17.03,0,20.0,32.7,0.0,0,34.06,5,1,0,0,0,0,0,0,0,0,0,1,1,0,0,0,0,1,0,0,0,0,0,0,0,0,0,0,0,1,0,0
55,0,34.097345,-117.906736,33817,0,42,39.32,20,67.7,2882.25,0.0,0,1651.44,4,0,0,0,0,0,0,0,0,0,0,0,1,0,1,0,0,0,1,1,0,1,0,1,1,1,1,0,1,1,0,0
56,2,34.084747,-117.886844,17554,1,58,29.5,0,25.15,1509.9,0.0,0,1711.0,4,0,0,0,1,1,1,0,0,0,0,0,1,1,0,0,0,1,0,0,0,0,0,0,0,0,0,1,0,1,0,0
38,1,34.08111,-117.853935,25068,1,58,47.69,24,92.85,5305.05,0.0,0,2766.02,5,1,0,0,1,1,1,0,0,0,0,0,1,0,1,0,1,0,0,1,0,0,1,1,1,1,0,0,1,0,0,0
55,0,34.079934,-118.046695,30211,0,71,49.52,19,111.3,7985.9,0.0,0,3515.92,3,0,0,0,0,0,0,1,0,0,0,0,1,1,1,0,1,0,1,1,1,1,1,1,1,1,0,1,0,1,0,0
35,0,34.133809,-117.523724,12937,1,48,44.72,13,60.6,2985.25,0.0,100,2146.56,4,0,0,0,1,0,1,0,1,0,0,0,1,1,1,1,0,0,1,0,0,1,0,0,0,0,1,0,1,0,0,0
23,0,34.14649,-117.849815,24973,1,8,23.68,41,65.5,564.35,0.0,0,189.44,3,0,1,0,1,0,1,0,0,0,0,1,1,0,1,1,0,0,1,0,0,1,0,1,1,1,0,1,0,1,0,0
32,0,33.998471,-117.973758,53686,0,67,15.32,0,19.95,1311.75,0.0,0,1026.44,5,1,0,0,0,0,0,1,0,0,0,0,1,0,0,0,0,1,0,0,0,0,0,0,0,0,0,1,0,0,0,0
39,0,34.144703,-117.770299,35530,0,49,23.82,18,74.6,3720.35,0.0,0,1167.18,5,1,0,0,0,0,0,0,1,0,0,0,1,1,1,0,1,0,0,0,0,0,0,0,0,1,0,0,1,0,0,0
60,0,33.999992,-117.535395,18980,0,52,29.23,30,94.6,5025.8,0.0,0,1519.96,3,0,0,0,1,0,0,0,1,0,0,0,1,1,1,0,1,0,0,1,1,0,1,0,0,1,0,0,0,0,0,0
20,0,34.050322,-118.147037,33280,7,63,34.51,46,81.15,5224.5,0.0,0,2174.13,4,0,1,0,1,0,1,0,1,0,0,0,1,0,1,0,1,0,1,0,1,0,0,0,1,1,1,0,1,1,0,0
50,1,34.049172,-118.115022,26933,4,68,47.91,23,89.05,6185.8,0.0,0,3257.88,3,0,0,0,1,1,1,1,0,0,0,0,1,1,1,1,0,0,1,1,1,1,1,1,1,1,0,1,1,0,0,0
51,0,34.231318,-117.662032,47,4,31,1.2,15,49.2,1498.55,0.0,100,37.2,5,0,0,0,1,0,1,0,0,0,0,0,1,0,1,1,0,0,0,0,0,1,0,0,0,0,0,0,1,1,0,0
41,0,34.035602,-117.591528,56280,8,64,19.98,0,19.45,1208.6,0.0,0,1278.72,3,0,0,0,1,0,1,0,1,0,0,0,1,0,0,0,0,1,0,0,0,0,0,0,0,0,0,1,0,1,0,0
37,0,34.057256,-117.667677,54254,5,62,44.95,5,104.3,6613.65,0.0,0,2786.9,4,0,0,0,1,0,1,0,1,0,0,0,1,0,1,0,1,0,1,0,1,1,1,1,1,1,1,0,1,0,0,0
40,0,33.992416,-117.807874,46532,7,21,14.81,25,86.05,1818.9,0.0,0,311.01,3,0,0,0,1,0,1,0,0,0,0,0,1,0,1,0,1,0,0,0,0,1,1,0,0,1,0,0,1,0,0,0
64,3,34.042286,-117.756106,69974,1,72,39.3,0,25.2,1787.35,0.0,0,2829.6,3,0,0,0,1,1,1,1,0,0,0,0,1,1,0,0,0,1,0,0,0,0,0,0,0,0,0,1,0,0,0,0
57,1,34.083086,-117.737997,46626,3,32,0.0,14,35.15,1051.05,0.0,0,0.0,4,0,0,0,1,1,1,0,0,0,0,0,0,0,1,0,0,0,1,1,0,0,0,0,0,1,0,0,1,0,0,0
47,3,34.065108,-118.082791,61623,0,34,32.94,21,105.35,3688.6,0.0,110,1119.96,4,0,0,0,0,1,0,0,0,0,0,0,1,0,1,0,1,0,1,1,1,0,1,1,1,0,0,0,1,0,0,0
38,3,34.101608,-118.055848,32718,5,35,18.86,0,24.3,821.6,0.0,0,660.1,4,0,0,0,1,1,1,0,0,0,0,0,1,1,0,0,0,1,0,0,0,0,0,0,0,0,0,1,0,0,0,0
57,1,34.141146,-117.655583,23331,5,3,23.72,17,80.7,239.45,0.0,0,71.16,4,0,0,0,1,1,1,0,0,0,0,1,1,0,1,0,1,0,0,0,0,0,1,0,0,1,0,0,1,0,0,0
24,0,34.105493,-117.660934,48827,0,3,25.1,59,89.85,244.45,0.0,0,75.30000000000001,5,1,1,0,0,0,0,0,0,0,0,0,1,0,1,0,1,0,0,0,1,1,1,0,1,1,0,0,1,1,0,0
37,0,34.018354,-117.85492,45118,0,53,4.82,24,61.1,3357.9,0.0,0,255.46,5,1,0,0,0,0,0,0,1,0,0,0,1,0,1,1,0,0,0,0,1,0,0,1,1,1,1,0,1,0,0,0
40,0,34.066964,-117.937007,44099,2,4,0.0,13,29.05,129.6,0.0,0,0.0,3,0,0,0,1,0,1,0,0,0,0,1,0,0,1,1,0,0,1,0,0,0,0,0,0,1,0,0,1,0,0,0
53,2,34.061634,-117.893169,30458,2,48,36.18,29,99.7,4977.2,0.0,0,1736.64,3,0,0,0,1,1,1,0,1,0,0,0,1,0,1,0,1,0,1,0,1,0,1,1,1,1,1,0,1,0,0,0
41,1,34.074736,-118.145959,30635,0,54,0.0,19,46.0,2424.05,0.0,90,0.0,4,1,0,0,1,1,0,0,1,0,0,0,0,0,1,1,0,0,0,0,1,1,0,1,1,0,0,1,0,1,0,0
49,0,32.67117,-117.00232,17389,0,62,48.72,2,80.4,4981.15,0.0,0,3020.64,5,1,0,0,0,0,0,0,1,0,0,0,1,0,1,1,0,0,0,1,1,1,1,1,1,1,0,0,1,0,0,0
36,3,32.677097,-116.304991,1509,10,22,9.05,57,100.05,2090.25,0.0,0,199.1,4,1,0,0,1,1,1,0,0,0,0,0,1,0,1,0,1,0,0,1,1,0,1,1,1,1,1,0,1,1,0,0
37,0,32.607964,-117.059459,71126,0,30,22.64,18,68.95,2038.7,0.0,0,679.2,5,0,0,0,0,0,0,0,0,1,0,0,1,1,1,1,0,0,0,1,1,0,1,0,0,1,1,0,1,1,0,0
50,0,32.688506,-116.938632,2606,6,35,45.97,13,69.0,2441.7,0.0,0,1608.95,3,1,0,0,1,0,1,0,0,1,0,0,1,1,1,1,0,0,0,1,0,1,1,0,0,1,1,0,1,0,0,0
61,1,32.912664,-116.635387,1587,0,30,0.0,17,44.5,1307.8,0.0,0,0.0,4,1,0,0,0,1,0,0,0,1,0,0,0,0,1,1,0,0,0,0,0,0,1,1,1,1,0,0,1,0,0,0
36,3,32.622999,-116.687855,727,3,25,2.82,0,18.7,383.65,0.0,0,70.5,4,0,0,0,1,1,1,0,0,1,0,0,1,0,0,0,0,1,0,0,0,0,0,0,0,0,0,1,1,1,0,0
21,0,32.649787,-116.2237,699,6,1,16.06,59,53.55,53.55,0.0,0,16.06,4,0,1,0,1,0,1,0,0,0,0,1,1,0,1,1,0,0,1,1,0,0,0,0,1,1,0,0,1,1,0,0
36,2,32.695681,-116.798386,8759,0,70,26.67,17,114.6,7882.5,0.0,0,1866.9,4,1,0,0,0,1,0,1,0,0,0,0,1,1,1,0,1,0,1,1,1,1,1,1,1,1,0,1,1,0,0,0
32,3,32.759327,-116.99726,44652,9,57,26.67,0,20.1,1087.7,0.0,0,1520.19,5,0,0,0,1,1,1,0,1,0,0,0,1,0,0,0,0,1,0,0,0,0,0,0,0,0,0,1,1,0,0,0
35,0,32.782501,-117.01611,24005,0,9,11.5,14,85.5,791.7,0.0,0,103.5,5,1,0,0,0,0,0,0,0,0,0,1,1,1,1,0,1,0,0,0,0,0,1,0,0,1,0,0,1,0,0,0
45,1,32.733564,-117.033713,24961,5,69,46.45,26,108.75,7493.05,0.0,100,3205.05,4,0,0,0,1,1,1,1,0,0,0,0,1,1,1,0,1,0,0,1,1,1,1,1,1,0,1,0,1,0,0,0
57,0,32.67102,-117.095235,62355,7,72,2.56,24,97.85,6841.3,0.0,0,184.32,4,0,0,0,1,0,1,1,0,0,0,0,1,1,1,0,1,0,0,0,1,0,1,1,1,1,0,1,1,0,0,0
48,2,32.800671,-116.483363,1604,0,44,14.37,0,19.55,819.95,0.0,0,632.28,3,1,0,0,0,1,0,0,1,0,0,0,1,0,0,0,0,1,0,0,0,0,0,0,0,0,0,1,0,0,0,0
24,0,32.619465,-116.593605,905,8,72,16.15,52,84.05,6052.25,0.0,0,1162.8,4,0,1,0,1,0,1,1,0,0,0,0,1,1,1,0,1,0,1,1,0,0,0,0,1,1,0,1,1,0,0,0
44,0,32.730264,-116.950963,7863,0,54,35.32,15,89.4,4869.5,0.0,0,1907.28,5,1,0,0,0,0,0,0,1,0,0,0,1,1,1,0,1,0,0,0,1,0,0,1,1,1,0,0,0,1,0,0
48,1,32.587557,-116.636816,91,0,27,32.28,0,19.7,509.3,0.0,0,871.5600000000001,3,1,0,0,0,1,0,0,0,1,0,0,1,0,0,0,0,1,0,0,0,0,0,0,0,0,0,1,0,1,0,0
36,0,33.290907,-117.202895,3849,0,54,7.64,3,79.85,4308.25,0.0,0,412.56,4,1,0,0,0,0,0,0,1,0,0,0,1,1,1,0,1,0,0,1,0,0,0,0,0,1,0,0,1,0,0,0
41,0,33.200369,-116.192313,2863,0,3,34.8,5,74.45,221.1,0.0,70,104.4,5,1,0,0,0,0,0,0,0,0,0,0,1,0,1,0,1,0,0,1,0,0,0,0,0,0,0,0,0,1,0,0
41,0,33.015866,-117.272254,10375,3,53,37.14,4,74.1,3833.95,0.0,0,1968.42,4,0,0,0,1,0,1,0,1,0,0,0,1,1,1,0,0,0,1,1,1,0,0,1,1,1,1,0,0,0,0,0
36,0,33.098018,-117.258203,43161,5,15,14.27,0,18.8,294.95,0.0,0,214.05,4,1,0,0,1,0,1,0,0,0,0,0,1,0,0,0,0,1,0,0,0,0,0,0,0,0,1,0,0,1,0,0
42,2,32.785165,-116.862648,40995,7,5,17.37,15,64.4,316.9,0.0,0,86.85000000000001,3,1,0,0,1,1,1,0,0,0,0,0,1,1,1,1,0,0,1,1,0,1,0,0,0,1,0,0,0,1,0,0
20,1,32.79697,-116.969082,55277,1,48,38.3,85,55.8,2651.2,0.0,0,1838.4,4,1,1,0,1,1,1,0,1,0,0,0,1,0,1,1,0,0,0,1,1,0,0,0,1,1,1,0,1,1,0,0
41,3,32.832706,-116.873258,61872,0,25,12.87,0,20.05,471.7,0.0,0,321.75,5,0,0,0,0,1,0,0,0,1,0,0,1,0,0,0,0,1,0,0,0,0,0,0,0,0,0,0,0,1,0,0
54,0,33.081478,-117.033814,49281,0,58,32.67,14,99.15,5720.95,0.0,0,1894.86,3,1,0,0,0,0,0,0,1,0,0,0,1,0,1,0,1,0,1,1,0,0,1,1,1,1,1,0,0,0,0,0
23,0,33.21846,-117.116916,43436,0,10,30.3,73,56.75,503.25,0.0,30,303.0,5,1,1,0,0,0,0,0,0,0,0,0,1,0,1,1,0,0,0,0,0,0,0,1,1,0,0,0,1,0,0,0
27,0,33.362575,-117.299644,42239,1,71,3.86,85,104.15,7365.3,0.0,0,274.06,4,1,1,0,1,0,1,1,0,0,0,0,1,1,1,0,1,0,0,1,0,1,1,1,1,1,0,1,1,1,0,0
33,2,33.079834,-117.134275,17944,1,65,45.21,19,110.8,7245.9,0.0,0,2938.65,3,0,0,0,1,1,1,0,1,0,0,0,1,1,1,0,1,0,0,1,1,1,1,1,1,1,0,1,1,1,0,0
62,0,32.853743,-117.25034,42617,0,28,0.0,2,35.75,961.4,0.0,0,0.0,4,0,0,0,0,0,0,0,0,1,0,0,0,0,1,1,0,0,0,0,1,1,0,0,0,1,0,0,1,0,1,0
46,1,32.909873,-116.906774,42277,1,67,14.83,24,69.9,4615.9,0.0,0,993.61,3,0,0,0,1,1,1,1,0,0,0,0,1,1,1,1,0,0,0,0,1,1,0,1,1,1,0,1,1,0,0,0
60,0,33.351059,-117.420557,98239,0,35,49.61,26,89.2,3251.3,0.0,0,1736.35,4,1,0,0,0,0,0,0,0,1,0,0,1,0,1,0,1,0,1,0,0,1,0,1,1,1,1,0,1,0,0,0
28,3,33.194742,-117.29032,52895,1,72,0.0,59,55.65,3880.05,0.0,0,0.0,4,0,1,0,1,1,1,1,0,0,0,0,0,0,1,0,0,0,1,1,1,1,0,1,1,1,0,1,0,1,0,0
25,1,33.254497,-117.285879,46893,1,61,0.0,59,50.7,3088.75,0.0,20,0.0,4,0,1,0,1,1,1,0,1,0,0,0,0,0,1,1,0,0,1,1,0,1,0,1,1,0,1,0,1,0,0,0
49,0,33.313828,-116.940501,2615,0,3,16.32,0,19.1,53.05,0.0,0,48.96,3,1,0,0,0,0,0,0,0,0,0,0,1,0,0,0,0,1,0,0,0,0,0,0,0,0,0,0,1,1,0,0
26,2,33.044541,-116.833922,33104,0,48,0.0,48,45.55,2108.35,0.0,0,0.0,3,0,1,0,0,1,0,0,1,0,0,0,0,0,1,1,0,0,0,1,1,0,0,1,1,1,0,0,0,1,0,0
36,1,33.215251,-116.53633,339,10,68,34.62,18,101.05,6770.5,0.0,0,2354.16,4,1,0,0,1,1,1,1,0,0,0,0,1,1,1,0,1,0,0,1,0,0,1,1,1,1,1,0,1,1,0,0
32,0,33.012751,-117.200617,7615,0,47,2.45,13,103.7,4730.6,0.0,0,115.15,4,0,0,0,0,0,0,0,1,0,0,0,1,0,1,0,1,0,1,0,1,1,1,1,1,1,1,0,1,0,0,0
48,3,33.162624,-117.170863,52664,2,32,0.0,53,36.25,1151.05,0.0,0,0.0,5,1,0,0,1,1,1,0,0,1,0,0,0,0,1,1,0,0,0,0,1,1,0,0,0,1,1,0,1,0,1,0
54,3,33.174725,-116.743329,1143,3,5,47.06,52,49.4,232.55,0.0,10,235.3,4,0,0,0,1,1,1,0,0,0,0,0,1,0,1,0,0,0,1,0,0,0,0,0,0,0,0,0,1,0,1,0
19,0,32.847336,-116.997605,53510,0,49,6.26,0,19.9,1022.6,0.0,0,306.74,3,1,1,0,0,0,0,0,1,0,0,0,1,0,0,0,0,1,0,0,0,0,0,0,0,0,0,1,1,1,0,0
53,0,33.25283,-116.986079,14575,0,15,16.13,0,19.8,309.4,0.0,0,241.95,5,1,0,0,0,0,0,0,0,0,0,0,1,0,0,0,0,1,0,0,0,0,0,0,0,0,0,0,1,0,1,0
50,0,33.17494,-117.242761,62036,0,12,31.22,12,45.05,523.1,0.0,0,374.64,4,0,0,0,0,0,0,0,0,0,0,0,1,0,1,1,0,0,0,0,0,0,0,0,0,1,0,0,1,0,0,0
25,0,33.323705,-116.626907,1205,0,9,46.34,59,86.25,770.5,0.0,0,417.06000000000006,5,1,1,0,0,0,0,0,0,0,0,0,1,0,1,0,1,0,0,0,0,1,1,0,0,1,0,0,0,0,0,0
45,1,32.99356,-117.207121,1072,7,13,5.58,0,19.75,246.7,0.0,0,72.54,3,0,0,0,1,1,1,0,0,0,0,0,1,0,0,0,0,1,0,0,0,0,0,0,0,0,0,1,1,0,0,0
63,0,32.72523,-117.171346,27505,0,38,30.09,18,89.1,3342.0,0.0,90,1143.42,4,0,0,0,0,0,0,0,0,1,0,0,1,0,1,0,1,0,0,0,0,0,1,1,1,0,1,0,1,0,1,0
32,3,32.741859,-117.090353,73006,8,9,23.42,30,102.6,897.75,0.0,0,210.78000000000003,5,1,0,0,1,1,1,0,0,0,0,1,1,1,1,0,1,0,0,1,1,0,1,1,1,1,0,0,1,1,0,0
51,0,32.71346,-117.236378,18525,1,49,0.0,21,56.3,2780.6,0.0,0,0.0,5,0,0,0,1,0,1,0,1,0,0,0,0,0,1,1,0,0,0,1,0,1,1,1,1,1,1,0,1,1,0,0
40,3,32.774046,-117.142454,11650,0,50,0.0,76,43.05,2208.05,0.0,0,0.0,3,1,0,0,0,1,0,0,1,0,0,0,0,0,1,1,0,0,1,1,0,0,1,0,0,1,1,0,1,0,0,0
34,0,32.825086,-117.199424,51213,1,51,47.72,23,98.85,4947.55,0.0,130,2433.72,5,0,0,0,1,0,1,0,1,0,0,0,1,1,1,0,1,0,0,0,1,0,1,1,1,0,1,0,1,0,0,0
23,3,32.68674,-117.186612,24093,0,24,46.54,85,64.35,1558.65,0.0,0,1116.96,4,0,1,0,1,1,0,0,0,1,0,0,1,1,1,1,0,0,1,1,1,0,0,0,0,1,0,1,0,0,0,0
22,0,32.802959,-117.027095,21866,1,62,6.41,59,72.0,4284.2,0.0,0,397.42,4,0,1,0,1,0,1,0,1,0,0,0,1,0,1,0,0,0,1,1,1,0,1,0,0,1,0,1,1,1,0,0
21,0,32.807867,-117.060993,25569,0,24,3.72,59,49.7,1218.25,0.0,0,89.28,3,1,1,0,0,0,0,0,0,1,0,0,1,0,1,0,0,0,0,1,0,0,0,0,0,1,0,0,1,0,1,0
50,2,32.898613,-117.202937,4258,6,70,4.11,16,80.7,5617.95,0.0,0,287.70000000000005,4,0,0,0,1,1,1,1,0,0,0,0,1,1,1,0,0,0,1,1,1,1,1,0,0,1,0,1,0,0,0,0
64,2,32.85723,-117.209774,34902,0,1,0.0,17,24.2,24.2,0.0,0,0.0,5,1,0,0,0,1,0,0,0,0,0,1,0,0,1,0,0,0,0,0,0,0,0,0,0,1,0,0,0,0,1,0
36,0,32.827238,-117.089287,30206,0,8,37.37,16,65.45,554.45,0.0,0,298.96,5,0,0,0,0,0,0,0,0,0,0,1,1,0,1,0,0,0,0,1,0,1,1,0,0,1,0,0,1,0,0,0
61,3,32.886925,-117.152162,74232,8,72,17.21,53,74.35,5237.4,0.0,50,1239.12,4,0,0,0,1,1,1,1,0,0,0,0,1,0,1,0,0,0,1,1,1,1,0,1,1,0,0,1,1,0,0,0
23,0,33.017518,-117.118456,20046,0,23,19.96,76,83.2,2032.3,23.79,0,459.08,3,0,1,0,0,0,0,0,0,0,0,0,1,0,1,0,1,0,0,1,1,1,0,0,0,1,0,0,0,0,0,0
20,3,33.000269,-117.072093,42733,0,31,0.0,51,25.0,789.2,22.4,0,0.0,4,1,1,0,0,1,0,0,0,1,0,0,0,0,1,0,0,0,0,0,0,0,0,0,0,1,0,0,0,1,0,0
23,2,32.961064,-117.134917,47224,7,37,0.0,52,40.2,1525.35,0.0,0,0.0,4,1,1,0,1,1,1,0,0,1,0,0,0,0,1,0,0,0,1,0,1,1,0,0,0,1,1,0,1,0,0,0
60,1,32.677716,-117.047666,36351,6,23,27.49,21,69.5,1652.1,16.89,0,632.27,4,0,0,0,1,1,1,0,0,0,0,0,1,1,1,0,0,0,0,1,0,1,1,0,0,1,0,0,1,1,0,0
21,3,32.578103,-117.012975,68776,7,20,15.29,59,76.0,1588.75,7.3,70,305.79999999999995,4,0,1,0,1,1,1,0,0,0,0,0,1,1,1,0,0,0,1,0,0,0,1,1,1,0,1,0,0,0,0,0
24,0,32.555828,-117.040073,28488,3,36,41.33,41,93.6,3366.05,16.56,0,1487.88,4,1,1,0,1,0,1,0,0,1,0,0,1,0,1,0,1,0,1,0,0,0,1,1,1,1,0,0,1,0,0,0
22,1,33.752938,-116.230055,2743,1,71,28.34,59,100.55,7113.75,16.99,0,2012.14,5,1,1,0,1,1,1,1,0,0,0,0,1,1,1,0,1,0,0,1,0,0,1,1,1,1,1,0,0,0,0,0
59,1,33.762759,-116.324817,19702,9,43,28.03,0,24.45,993.15,41.33,0,1205.29,4,0,0,0,1,1,1,0,1,0,0,0,1,1,0,0,0,1,0,0,0,0,0,0,0,0,1,0,1,0,0,0
55,2,33.936298,-116.849577,25859,0,57,9.36,20,89.55,5012.35,30.45,0,533.52,4,1,0,0,0,1,0,0,1,0,0,0,1,1,1,0,0,0,1,1,1,1,1,1,1,1,0,1,0,0,1,0
26,0,33.674583,-114.71612,24659,0,27,39.67,59,76.1,2093.4,30.14,0,1071.09,3,0,1,0,1,0,0,0,0,1,0,0,1,0,1,0,1,0,0,1,0,0,0,0,0,1,0,0,1,0,0,0
22,0,33.03933,-115.191857,23394,0,13,44.99,27,80.5,1011.8,24.99,0,584.87,4,0,1,0,0,0,0,0,0,0,0,0,1,0,1,0,1,0,0,0,0,0,0,1,1,1,0,0,1,0,0,0
28,0,32.690654,-115.431225,27804,0,67,23.12,0,20.55,1343.4,30.53,0,1549.04,5,0,1,0,0,0,0,0,0,0,0,0,1,0,0,0,0,1,0,0,0,0,0,0,0,0,1,0,0,0,0,0
61,0,33.829583,-116.474131,43141,8,64,49.26,18,105.4,6794.75,32.24,0,3152.64,3,0,0,0,1,0,1,0,1,0,0,0,1,1,1,0,1,0,0,1,0,1,1,1,1,1,0,1,1,0,0,0
25,0,33.680031,-116.171678,23170,0,26,0.0,47,35.75,1022.5,0.0,0,0.0,5,1,1,0,0,0,0,0,0,1,0,0,0,0,1,0,0,0,0,0,1,1,0,0,0,1,0,0,0,0,0,0
47,0,33.889605,-115.257009,964,0,38,6.71,11,95.1,3691.2,0.0,0,254.98,3,1,0,0,0,0,0,0,0,1,0,0,1,1,1,0,1,0,0,1,1,0,0,1,1,1,0,0,1,1,0,0
60,0,33.948558,-116.516976,22796,3,23,36.14,0,19.3,486.2,0.0,0,831.22,5,1,0,0,1,0,1,0,0,0,0,0,1,0,0,0,0,1,0,0,0,0,0,0,0,0,1,0,0,1,0,0
46,0,34.167236,-116.281511,8141,1,62,4.7,28,84.95,5150.55,4.68,0,291.40000000000003,4,0,0,0,1,0,1,0,1,0,0,0,1,1,1,0,0,0,1,1,0,1,1,1,1,1,0,1,1,0,0,0
54,0,33.695532,-116.310571,23971,0,40,2.83,22,93.4,3756.4,4.18,0,113.2,3,0,0,0,0,0,0,0,1,0,0,0,1,1,1,0,1,0,0,1,1,0,1,0,0,1,0,0,1,0,0,0
35,0,33.543835,-115.993906,8768,0,41,41.85,16,89.2,3645.75,2.21,0,1715.85,5,1,0,0,0,0,0,0,1,0,0,0,1,1,1,0,1,0,0,1,0,0,1,0,0,1,0,0,1,0,0,0
37,0,33.345825,-115.596574,2753,0,1,44.98,27,49.95,49.95,0.0,0,44.98,3,0,0,0,0,0,0,0,0,0,0,0,1,0,1,1,0,0,0,1,0,0,0,0,0,1,0,0,0,0,0,0
25,0,33.906496,-116.569499,732,0,51,19.23,0,20.65,1020.75,19.32,0,980.73,3,0,1,0,0,0,0,0,1,0,0,0,1,0,0,0,0,1,0,0,0,0,0,0,0,0,0,1,0,0,0,0
30,0,33.694501,-116.412711,29340,0,39,1.57,0,20.15,826.0,25.92,0,61.23,3,0,0,0,0,0,0,0,0,1,0,0,1,0,0,0,0,1,0,0,0,0,0,0,0,0,0,1,0,0,1,0
39,1,33.839989,-116.659215,24924,2,12,25.33,0,19.2,239.0,45.46,0,303.96,3,1,0,0,1,1,1,0,0,0,0,0,1,0,0,0,0,1,0,0,0,0,0,0,0,0,0,0,1,0,0,0
45,0,33.3249,-114.758334,291,0,72,33.93,18,104.95,7544.3,25.42,0,2442.96,5,1,0,0,0,0,0,0,0,0,0,0,1,1,1,0,1,0,0,1,1,0,1,1,1,1,1,0,1,0,0,0
53,0,34.201108,-116.593456,354,2,44,21.39,10,84.8,3626.35,43.96,0,941.16,4,1,0,0,1,0,1,0,1,0,0,0,1,1,1,0,1,0,1,0,1,0,0,0,0,1,0,0,1,1,0,0
51,0,33.763678,-116.429928,12465,0,18,7.42,12,95.05,1679.4,38.65,0,133.56,4,0,0,0,0,0,0,0,0,0,0,0,1,1,1,0,1,0,0,0,1,1,0,1,1,1,0,0,1,0,0,0
64,0,33.53604,-116.119222,17018,0,13,40.99,21,73.35,931.55,49.02,0,532.87,4,1,0,0,0,0,0,0,0,0,0,0,1,0,1,1,0,0,0,1,0,1,1,1,1,1,0,0,0,0,1,0
23,0,33.28156,-115.955541,799,2,68,8.62,53,64.1,4326.25,19.12,0,586.16,5,0,1,0,1,0,1,0,0,0,0,0,1,0,1,1,0,0,0,1,0,1,1,0,0,1,0,1,0,0,0,0
57,0,33.141265,-116.967221,48690,0,2,6.85,0,20.05,39.25,0.0,0,13.7,3,0,0,0,0,0,0,0,0,0,0,1,1,0,0,0,0,1,0,0,0,0,0,0,0,0,0,0,1,0,1,0
63,0,33.03679,-115.60503,2388,0,38,35.04,2,69.5,2625.25,20.19,0,1331.52,3,1,0,0,0,0,0,0,0,0,0,0,1,0,1,0,1,0,0,0,0,0,0,0,0,1,0,0,1,1,0,0
57,0,32.852947,-114.850784,3663,0,19,29.55,13,78.7,1495.1,26.84,0,561.45,3,1,0,0,0,0,0,0,0,0,0,0,1,0,1,0,1,0,0,0,0,0,1,0,0,1,0,0,1,0,0,0
62,0,34.159534,-116.425984,20486,0,12,0.0,24,60.65,743.3,40.41,0,0.0,3,0,0,0,0,0,0,0,0,0,0,0,0,0,1,0,0,0,0,1,1,1,1,1,1,1,1,0,0,0,0,0
30,0,34.341737,-116.539416,2182,0,72,22.77,0,21.15,1419.4,19.31,0,1639.44,5,0,0,0,0,0,0,0,0,0,0,0,1,0,0,0,0,1,0,0,0,0,0,0,0,0,0,1,1,0,0,0
38,2,34.667815,-117.536183,18980,1,24,36.05,24,84.8,1990.5,48.23,0,865.1999999999999,3,1,0,0,1,1,1,0,0,1,0,0,1,1,1,0,0,0,1,0,1,1,1,1,1,1,1,0,1,0,1,0
30,2,34.559882,-115.637164,42,4,72,29.66,59,103.2,7362.9,45.38,0,2135.52,4,0,0,0,1,1,1,0,0,0,0,0,1,1,1,0,1,0,0,1,1,0,1,1,1,1,1,0,1,1,0,0
32,2,34.1678,-116.86433,301,1,11,0.0,17,29.6,346.45,27.24,0,0.0,4,0,0,0,1,1,1,0,0,0,0,0,0,0,1,1,0,0,1,0,0,0,0,0,0,1,0,0,1,0,0,0
44,0,34.424926,-117.184503,28819,0,66,30.96,11,105.65,6844.5,0.0,0,2043.36,4,1,0,0,0,0,0,0,0,0,0,0,1,0,1,0,1,0,1,0,1,1,1,1,1,1,0,1,1,0,0,0
